"first_index","second_index","first_sample_id","first_split","first_class","first_source","first_image_path","second_sample_id","second_split","second_class","second_source","second_image_path","hamming_distance","pixel_correlation","mask_iou","transform","strong","full_pixel_correlation","full_image_mae","full_image_rmse","full_image_psnr","full_image_mismatch_pixels","full_mask_iou","full_mask_mismatch_pixels","likely_duplicate"
"4","947","Glioma__enh_1004","train","Glioma","","Glioma/enh_1004.png","Glioma__enh_553","test","Glioma","","Glioma/enh_553.png","11","0.999918","0.652174","flip_h","False","0.999743709","0.532387","0.948716","48.588077","104618","0.631506849","538","False"
"26","961","Glioma__enh_1026","train","Glioma","","Glioma/enh_1026.png","Glioma__enh_567","test","Glioma","","Glioma/enh_567.png","11","0.999881","0.770492","flip_h","False","0.999680026","0.522655","0.903677","49.010543","107371","0.78484577","1681","False"
"31","962","Glioma__enh_1031","train","Glioma","","Glioma/enh_1031.png","Glioma__enh_568","test","Glioma","","Glioma/enh_568.png","10","0.99992","0.795918","flip_h","False","0.999762644","0.478325","0.895665","49.087893","94113","0.807540984","1761","False"
"49","964","Glioma__enh_1049","train","Glioma","","Glioma/enh_1049.png","Glioma__enh_570","test","Glioma","","Glioma/enh_570.png","8","0.999885","0.444444","flip_h","True","0.999643593","0.539192","0.941864","48.651039","107253","0.513480089","1967","False"
"53","965","Glioma__enh_1053","val","Glioma","","Glioma/enh_1053.png","Glioma__enh_571","test","Glioma","","Glioma/enh_571.png","9","0.99989","0.521277","flip_h","False","0.999674757","0.514324","0.906774","48.980823","103738","0.541271989","2712","False"
"56","966","Glioma__enh_1056","train","Glioma","","Glioma/enh_1056.png","Glioma__enh_572","test","Glioma","","Glioma/enh_572.png","12","0.999882","0.896552","flip_h","False","0.9996851","0.466488","0.84916","49.551010","96512","0.942425936","103","True"
"60","967","Glioma__enh_1060","train","Glioma","","Glioma/enh_1060.png","Glioma__enh_573","test","Glioma","","Glioma/enh_573.png","11","0.99988","0.956897","flip_h","False","0.999688907","0.536861","0.890649","49.136676","114153","0.957294181","637","True"
"70","1223","Glioma__enh_1070","val","Glioma","","Glioma/enh_1070.png","Glioma__enh_829","train","Glioma","","Glioma/enh_829.png","10","0.999887","0.742857","flip_h","False","0.999633459","0.539429","0.94837","48.591244","106658","0.769631236","531","False"
"88","955","Glioma__enh_1088","train","Glioma","","Glioma/enh_1088.png","Glioma__enh_561","test","Glioma","","Glioma/enh_561.png","9","0.999906","1","flip_h","False","0.999728911","0.540451","0.935773","48.707392","108666","0.812888199","241","False"
"91","956","Glioma__enh_1091","train","Glioma","","Glioma/enh_1091.png","Glioma__enh_562","test","Glioma","","Glioma/enh_562.png","5","0.999891","0.21978","flip_h","True","0.999698082","0.501354","0.897679","49.068380","101119","0.220608575","4508","False"
"96","957","Glioma__enh_1096","train","Glioma","","Glioma/enh_1096.png","Glioma__enh_563","test","Glioma","","Glioma/enh_563.png","11","0.99986","0.945313","flip_h","False","0.999651827","0.507366","0.886368","49.178522","104769","0.925235906","618","True"
"100","958","Glioma__enh_1100","train","Glioma","","Glioma/enh_1100.png","Glioma__enh_564","test","Glioma","","Glioma/enh_564.png","10","0.999871","1","flip_h","False","0.999701834","0.523994","0.885315","49.188845","111339","0.980543319","106","True"
"107","959","Glioma__enh_1107","val","Glioma","","Glioma/enh_1107.png","Glioma__enh_565","test","Glioma","","Glioma/enh_565.png","7","0.999885","0.518519","flip_h","True","0.999723194","0.532032","0.891483","49.128539","112916","0.535529972","2340","False"
"136","1184","Glioma__enh_1136","val","Glioma","","Glioma/enh_1136.png","Glioma__enh_790","train","Glioma","","Glioma/enh_790.png","9","0.99987","0.915058","flip_h","False","0.999633285","0.52734","0.916815","48.885171","106527","0.937796099","1011","True"
"184","467","Glioma__enh_1184","train","Glioma","","Glioma/enh_1184.png","Glioma__enh_1467","val","Glioma","","Glioma/enh_1467.png","9","0.999877","0.095238","flip_h","False","0.999606866","0.632915","1.017102","47.983514","125571","0.086803371","7259","False"
"188","499","Glioma__enh_1188","val","Glioma","","Glioma/enh_1188.png","Glioma__enh_1499","train","Glioma","","Glioma/enh_1499.png","8","0.999907","0.921053","flip_h","True","0.999730559","0.623013","0.989764","48.220168","127254","0.941163793","273","True"
"189","504","Glioma__enh_1189","train","Glioma","","Glioma/enh_1189.png","Glioma__enh_1504","val","Glioma","","Glioma/enh_1504.png","10","0.999896","0.467532","flip_h","False","0.999694453","0.613262","0.992251","48.198373","123818","0.468155418","5311","False"
"193","1070","Glioma__enh_1193","train","Glioma","","Glioma/enh_1193.png","Glioma__enh_676","test","Glioma","","Glioma/enh_676.png","9","0.999918","0.777778","flip_h","False","0.999735516","0.623138","1.016564","47.988113","123340","0.828696925","117","False"
"195","550","Glioma__enh_1195","train","Glioma","","Glioma/enh_1195.png","Glioma__enh_1550","val","Glioma","","Glioma/enh_1550.png","8","0.999887","0.756757","flip_h","True","0.999650277","0.610909","0.988767","48.228920","122400","0.730438521","1254","False"
"199","1058","Glioma__enh_1199","train","Glioma","","Glioma/enh_1199.png","Glioma__enh_664","test","Glioma","","Glioma/enh_664.png","6","0.999866","0.6875","flip_h","True","0.9995816","0.647949","1.028472","47.886955","128326","0.680486769","2258","False"
"204","383","Glioma__enh_1204","train","Glioma","","Glioma/enh_1204.png","Glioma__enh_1383","val","Glioma","","Glioma/enh_1383.png","7","0.999882","0.875","flip_h","True","0.99964394","0.619617","0.988665","48.229818","126042","0.896943574","263","False"
"205","385","Glioma__enh_1205","val","Glioma","","Glioma/enh_1205.png","Glioma__enh_1385","train","Glioma","","Glioma/enh_1385.png","8","0.999943","0.935484","flip_h","True","0.999792981","0.679668","1.073876","47.511721","131258","0.933824592","916","True"
"210","567","Glioma__enh_1210","train","Glioma","","Glioma/enh_1210.png","Glioma__enh_1567","val","Glioma","","Glioma/enh_1567.png","12","0.99993","0.841463","flip_h","False","0.999770788","0.67149","1.043047","47.764723","134992","0.901351624","489","True"
"211","320","Glioma__enh_1211","train","Glioma","","Glioma/enh_1211.png","Glioma__enh_1320","val","Glioma","","Glioma/enh_1320.png","4","0.999891","0.836364","flip_h","True","0.999628708","0.669365","1.056563","47.652896","130845","0.917832168","282","True"
"212","325","Glioma__enh_1212","val","Glioma","","Glioma/enh_1212.png","Glioma__enh_1325","train","Glioma","","Glioma/enh_1325.png","7","0.999889","0.829268","flip_h","True","0.999656957","0.656189","1.035204","47.830283","130656","0.860126084","355","False"
"214","1057","Glioma__enh_1214","val","Glioma","","Glioma/enh_1214.png","Glioma__enh_663","test","Glioma","","Glioma/enh_663.png","11","0.99987","0.957447","flip_h","False","0.999643531","0.629456","0.982913","48.280503","131482","0.924694708","222","True"
"218","1081","Glioma__enh_1218","train","Glioma","","Glioma/enh_1218.png","Glioma__enh_687","test","Glioma","","Glioma/enh_687.png","6","0.999931","0.916667","flip_h","True","0.999770418","0.647892","1.029256","47.880335","129299","0.932896521","297","True"
"219","1082","Glioma__enh_1219","train","Glioma","","Glioma/enh_1219.png","Glioma__enh_688","test","Glioma","","Glioma/enh_688.png","7","0.99991","0.774194","flip_h","True","0.999723228","0.667946","1.028961","47.882822","136065","0.819799585","1043","False"
"224","252","Glioma__enh_1224","val","Glioma","","Glioma/enh_1224.png","Glioma__enh_1252","train","Glioma","","Glioma/enh_1252.png","9","0.99986","0.739394","flip_h","False","0.999593702","0.626629","0.992693","48.194505","127738","0.739310605","2768","False"
"226","275","Glioma__enh_1226","train","Glioma","","Glioma/enh_1226.png","Glioma__enh_1275","val","Glioma","","Glioma/enh_1275.png","11","0.999927","0.388889","flip_h","False","0.999776999","0.579689","0.951467","48.562933","118357","0.34212766","773","False"
"227","281","Glioma__enh_1227","val","Glioma","","Glioma/enh_1227.png","Glioma__enh_1281","train","Glioma","","Glioma/enh_1281.png","6","0.999928","0.884615","flip_h","True","0.999759207","0.639042","1.025406","47.912891","126079","0.912990196","142","True"
"237","1029","Glioma__enh_1237","train","Glioma","","Glioma/enh_1237.png","Glioma__enh_635","test","Glioma","","Glioma/enh_635.png","4","0.999917","0.542857","flip_h","True","0.999722538","0.669079","1.056301","47.655048","130929","0.609118852","763","False"
"241","1030","Glioma__enh_1241","val","Glioma","","Glioma/enh_1241.png","Glioma__enh_636","test","Glioma","","Glioma/enh_636.png","4","0.999918","0.8","flip_h","True","0.999719814","0.665188","1.05123","47.696853","130451","0.8465063","268","False"
"244","1031","Glioma__enh_1244","train","Glioma","","Glioma/enh_1244.png","Glioma__enh_637","test","Glioma","","Glioma/enh_637.png","6","0.999891","0.891892","flip_h","True","0.999637361","0.645039","1.031437","47.861951","126094","0.91700448","389","True"
"247","1032","Glioma__enh_1247","train","Glioma","","Glioma/enh_1247.png","Glioma__enh_638","test","Glioma","","Glioma/enh_638.png","12","0.999915","0.931034","flip_h","False","0.999723641","0.645977","1.029375","47.879334","128155","0.949319819","380","True"
"251","1033","Glioma__enh_1251","train","Glioma","","Glioma/enh_1251.png","Glioma__enh_639","test","Glioma","","Glioma/enh_639.png","6","0.999886","0.822222","flip_h","True","0.999657412","0.642799","1.008308","48.058937","130498","0.838020648","910","False"
"264","1035","Glioma__enh_1264","train","Glioma","","Glioma/enh_1264.png","Glioma__enh_641","test","Glioma","","Glioma/enh_641.png","5","0.999874","0.676136","flip_h","True","0.999598809","0.663185","1.036059","47.823116","132712","0.700254176","3302","False"
"273","1036","Glioma__enh_1273","train","Glioma","","Glioma/enh_1273.png","Glioma__enh_642","test","Glioma","","Glioma/enh_642.png","8","0.999895","0.905028","flip_h","True","0.999643629","0.653957","1.039872","47.791208","129103","0.900210822","1136","True"
"279","1037","Glioma__enh_1279","train","Glioma","","Glioma/enh_1279.png","Glioma__enh_643","test","Glioma","","Glioma/enh_643.png","9","0.9999","0.890625","flip_h","False","0.999694583","0.638035","1.002722","48.107194","129827","0.924272324","307","True"
"283","1038","Glioma__enh_1283","train","Glioma","","Glioma/enh_1283.png","Glioma__enh_644","test","Glioma","","Glioma/enh_644.png","4","0.999915","0.921569","flip_h","True","0.999722199","0.6684","1.04221","47.771703","133046","0.953167217","156","True"
"287","1039","Glioma__enh_1287","val","Glioma","","Glioma/enh_1287.png","Glioma__enh_645","test","Glioma","","Glioma/enh_645.png","12","0.999929","0.923077","flip_h","False","0.999801448","0.61689","0.979001","48.315142","127111","0.959173127","237","True"
"295","1040","Glioma__enh_1295","train","Glioma","","Glioma/enh_1295.png","Glioma__enh_646","test","Glioma","","Glioma/enh_646.png","7","0.999902","0.8","flip_h","True","0.999661242","0.665882","1.061191","47.614936","128817","0.864983535","123","False"
"313","1041","Glioma__enh_1313","train","Glioma","","Glioma/enh_1313.png","Glioma__enh_647","test","Glioma","","Glioma/enh_647.png","4","0.999922","0.516129","flip_h","True","0.999745322","0.632286","1.025664","47.910701","124386","0.524150566","2857","False"
"321","1016","Glioma__enh_1321","train","Glioma","","Glioma/enh_1321.png","Glioma__enh_622","test","Glioma","","Glioma/enh_622.png","1","0.999931","1","flip_h","True","0.999744637","0.680023","1.083029","47.438006","129943","0.958597764","137","True"
"324","1017","Glioma__enh_1324","train","Glioma","","Glioma/enh_1324.png","Glioma__enh_623","test","Glioma","","Glioma/enh_623.png","8","0.999896","0.590164","flip_h","True","0.999681889","0.647499","1.025117","47.915334","129274","0.622933613","1437","False"
"327","1018","Glioma__enh_1327","train","Glioma","","Glioma/enh_1327.png","Glioma__enh_624","test","Glioma","","Glioma/enh_624.png","7","0.999928","0.43617","flip_h","True","0.999757611","0.670959","1.057516","47.645067","131840","0.428782895","3473","False"
"341","1020","Glioma__enh_1341","train","Glioma","","Glioma/enh_1341.png","Glioma__enh_626","test","Glioma","","Glioma/enh_626.png","9","0.9999","0.906977","flip_h","False","0.999719944","0.606514","0.970167","48.393878","125819","0.912634876","251","True"
"349","1021","Glioma__enh_1349","train","Glioma","","Glioma/enh_1349.png","Glioma__enh_627","test","Glioma","","Glioma/enh_627.png","4","0.999935","0.921429","flip_h","True","0.999787772","0.643005","1.02747","47.895421","128254","0.944620971","488","True"
"576","1023","Glioma__enh_1576","train","Glioma","","Glioma/enh_1576.png","Glioma__enh_629","test","Glioma","","Glioma/enh_629.png","11","0.999934","0.818182","flip_h","False","0.999782351","0.679981","1.048661","47.718103","136133","0.752515091","369","False"
"579","1024","Glioma__enh_1579","train","Glioma","","Glioma/enh_1579.png","Glioma__enh_630","test","Glioma","","Glioma/enh_630.png","7","0.999933","0.933333","flip_h","True","0.999796293","0.65876","1.018929","47.967928","134349","0.914059814","250","True"
"589","1026","Glioma__enh_1589","train","Glioma","","Glioma/enh_1589.png","Glioma__enh_632","test","Glioma","","Glioma/enh_632.png","11","0.999936","0.884244","flip_h","False","0.999787116","0.675785","1.051621","47.693616","134420","0.892401553","2134","False"
"609","882","Glioma__enh_1609","val","Glioma","","Glioma/enh_1609.png","Glioma__enh_1882","train","Glioma","","Glioma/enh_1882.png","10","0.999924","0.927711","flip_h","False","0.999736333","0.776825","1.11335","47.198171","156589","0.935211808","338","True"
"613","1171","Glioma__enh_1613","train","Glioma","","Glioma/enh_1613.png","Glioma__enh_777","test","Glioma","","Glioma/enh_777.png","8","0.999909","0.831776","flip_h","True","0.99970287","0.79649","1.127569","47.087941","159909","0.819653508","1270","False"
"614","1176","Glioma__enh_1614","train","Glioma","","Glioma/enh_1614.png","Glioma__enh_782","test","Glioma","","Glioma/enh_782.png","8","0.999919","0.9375","flip_h","True","0.999709142","0.8144","1.153145","46.893128","160786","0.908955962","184","True"
"615","1177","Glioma__enh_1615","val","Glioma","","Glioma/enh_1615.png","Glioma__enh_783","test","Glioma","","Glioma/enh_783.png","9","0.999909","0.9","flip_h","False","0.999683992","0.836006","1.179833","46.694393","163368","0.884398977","226","False"
"616","1178","Glioma__enh_1616","train","Glioma","","Glioma/enh_1616.png","Glioma__enh_784","test","Glioma","","Glioma/enh_784.png","7","0.999937","0.916667","flip_h","True","0.999781131","0.786755","1.125924","47.100625","157089","0.914024191","263","True"
"619","1182","Glioma__enh_1619","val","Glioma","","Glioma/enh_1619.png","Glioma__enh_788","test","Glioma","","Glioma/enh_788.png","9","0.999931","0.776316","flip_h","False","0.999757714","0.805923","1.146143","46.946025","159738","0.797386315","1907","False"
"931","1276","Glioma__enh_537","test","Glioma","","Glioma/enh_537.png","Glioma__enh_882","val","Glioma","","Glioma/enh_882.png","9","0.999921","0","flip_h","False","0.999701594","0.590008","1.024017","47.924661","111772","0","6349","False"
"939","1345","Glioma__enh_545","test","Glioma","","Glioma/enh_545.png","Glioma__enh_951","val","Glioma","","Glioma/enh_951.png","11","0.999893","0.367021","flip_h","False","0.999689923","0.552219","0.945633","48.616349","110789","0.362535494","7633","False"
"944","1374","Glioma__enh_550","test","Glioma","","Glioma/enh_550.png","Glioma__enh_980","train","Glioma","","Glioma/enh_980.png","6","0.999907","0.928571","flip_h","True","0.999724626","0.593178","0.981394","48.293933","119472","0.927743626","717","True"
"945","1380","Glioma__enh_551","test","Glioma","","Glioma/enh_551.png","Glioma__enh_986","train","Glioma","","Glioma/enh_986.png","6","0.999905","0.821429","flip_h","True","0.999723101","0.504478","0.898637","49.059117","102093","0.80112202","709","False"
"946","1384","Glioma__enh_552","test","Glioma","","Glioma/enh_552.png","Glioma__enh_990","train","Glioma","","Glioma/enh_990.png","9","0.999909","0.584615","flip_h","False","0.999756933","0.462269","0.845879","49.584639","95610","0.559183673","1836","False"
"952","1264","Glioma__enh_558","test","Glioma","","Glioma/enh_558.png","Glioma__enh_870","train","Glioma","","Glioma/enh_870.png","9","0.999899","0.60241","flip_h","False","0.999683939","0.58255","0.990926","48.209982","113880","0.620845921","2008","False"
"953","1269","Glioma__enh_559","test","Glioma","","Glioma/enh_559.png","Glioma__enh_875","train","Glioma","","Glioma/enh_875.png","5","0.999872","0.8","flip_h","True","0.999671819","0.531906","0.900372","49.042368","111012","0.8141542","646","False"
"954","1273","Glioma__enh_560","test","Glioma","","Glioma/enh_560.png","Glioma__enh_879","train","Glioma","","Glioma/enh_879.png","11","0.999885","0.934066","flip_h","False","0.999675755","0.506321","0.910783","48.942509","101310","0.924898512","444","True"
"996","1210","Glioma__enh_602","test","Glioma","","Glioma/enh_602.png","Glioma__enh_816","train","Glioma","","Glioma/enh_816.png","4","0.999919","0.779412","flip_h","True","0.999764853","0.577774","0.966195","48.429508","116634","0.790140845","1788","False"
"997","1218","Glioma__enh_603","test","Glioma","","Glioma/enh_603.png","Glioma__enh_824","train","Glioma","","Glioma/enh_824.png","9","0.999889","0.066667","flip_h","False","0.999693984","0.544876","0.929794","48.763067","111484","0.09006764","2556","False"
"1002","1183","Glioma__enh_608","test","Glioma","","Glioma/enh_608.png","Glioma__enh_789","train","Glioma","","Glioma/enh_789.png","11","0.999942","0.868327","flip_h","False","0.999800298","0.608307","1.017614","47.979144","118016","0.872672872","2298","False"
"1005","1185","Glioma__enh_611","test","Glioma","","Glioma/enh_611.png","Glioma__enh_791","val","Glioma","","Glioma/enh_791.png","8","0.999912","0.888889","flip_h","True","0.999725803","0.513763","0.924127","48.816166","101798","0.887997209","321","False"
"1006","1186","Glioma__enh_612","test","Glioma","","Glioma/enh_612.png","Glioma__enh_792","train","Glioma","","Glioma/enh_792.png","12","0.999836","0.75","flip_h","False","0.999621958","0.518703","0.873859","49.301974","110827","0.814572247","453","False"
"1007","1187","Glioma__enh_613","test","Glioma","","Glioma/enh_613.png","Glioma__enh_793","val","Glioma","","Glioma/enh_793.png","10","0.999915","0.576271","flip_h","False","0.999738633","0.568981","0.969217","48.402388","113661","0.590034274","1555","False"
"1008","1188","Glioma__enh_614","test","Glioma","","Glioma/enh_614.png","Glioma__enh_794","train","Glioma","","Glioma/enh_794.png","10","0.999926","0.901639","flip_h","False","0.999776625","0.52277","0.917235","48.881191","106234","0.886909373","438","False"
"1196","1256","Glioma__enh_802","train","Glioma","","Glioma/enh_802.png","Glioma__enh_862","val","Glioma","","Glioma/enh_862.png","5","0.999906","0.653846","flip_h","True","0.999717704","0.521351","0.924649","48.811261","103975","0.64590929","2428","False"
"1203","1350","Glioma__enh_809","val","Glioma","","Glioma/enh_809.png","Glioma__enh_956","train","Glioma","","Glioma/enh_956.png","10","0.999917","0.724138","flip_h","False","0.999763927","0.527279","0.902874","49.018259","108973","0.790619765","375","False"
"1394","2178","Meningioma__enh_1000","test","Meningioma","","Meningioma/enh_1000.png","Meningioma__enh_1876","train","Meningioma","","Meningioma/enh_1876.png","7","0.999877","0.901961","flip_h","True","0.999595025","0.802589","1.143284","46.967721","160211","0.908656808","593","True"
"1397","2190","Meningioma__enh_1003","test","Meningioma","","Meningioma/enh_1003.png","Meningioma__enh_1888","train","Meningioma","","Meningioma/enh_1888.png","12","0.999874","0.888889","flip_h","False","0.999628896","0.776981","1.101284","47.292819","158806","0.755952381","164","False"
"1398","2197","Meningioma__enh_1004","test","Meningioma","","Meningioma/enh_1004.png","Meningioma__enh_1895","val","Meningioma","","Meningioma/enh_1895.png","9","0.999944","0.744186","flip_h","False","0.999824881","0.732819","1.053736","47.676169","153247","0.697598253","831","False"
"1400","1690","Meningioma__enh_1006","val","Meningioma","","Meningioma/enh_1006.png","Meningioma__enh_1354","train","Meningioma","","Meningioma/enh_1354.png","9","0.999919","0.878049","flip_h","False","0.999708189","0.626171","1.046698","47.734374","119733","0.869815668","339","False"
"1403","1613","Meningioma__enh_1009","train","Meningioma","","Meningioma/enh_1009.png","Meningioma__enh_1277","val","Meningioma","","Meningioma/enh_1277.png","5","0.999944","0.916667","flip_h","True","0.999803004","0.584858","1.004151","48.094820","112943","0.889917695","428","False"
"1404","1646","Meningioma__enh_1010","train","Meningioma","","Meningioma/enh_1010.png","Meningioma__enh_1310","val","Meningioma","","Meningioma/enh_1310.png","7","0.999935","0.742268","flip_h","True","0.999783288","0.5695","0.970255","48.393086","113014","0.745691738","1579","False"
"1405","1710","Meningioma__enh_1011","train","Meningioma","","Meningioma/enh_1011.png","Meningioma__enh_1374","val","Meningioma","","Meningioma/enh_1374.png","10","0.999926","0.924528","flip_h","False","0.999792351","0.577351","0.955653","48.524798","118026","0.877844311","408","False"
"1411","1612","Meningioma__enh_1017","val","Meningioma","","Meningioma/enh_1017.png","Meningioma__enh_1276","train","Meningioma","","Meningioma/enh_1276.png","9","0.99993","0.684211","flip_h","False","0.999778581","0.573086","0.979525","48.310495","112841","0.70670148","674","False"
"1415","1622","Meningioma__enh_1021","val","Meningioma","","Meningioma/enh_1021.png","Meningioma__enh_1286","train","Meningioma","","Meningioma/enh_1286.png","11","0.999928","0.828125","flip_h","False","0.999804375","0.535271","0.900973","49.036568","112314","0.888438134","440","False"
"1447","1731","Meningioma__enh_1053","train","Meningioma","","Meningioma/enh_1053.png","Meningioma__enh_1395","val","Meningioma","","Meningioma/enh_1395.png","11","0.999924","0.973684","flip_h","False","0.999817346","0.530804","0.880283","49.238355","114513","0.908288565","239","True"
"1452","2680","Meningioma__enh_1058","train","Meningioma","","Meningioma/enh_1058.png","Meningioma__enh_832","test","Meningioma","","Meningioma/enh_832.png","12","0.999909","0.942857","flip_h","False","0.999742741","0.579777","0.957707","48.506154","118655","0.946159582","361","True"
"1465","1755","Meningioma__enh_1071","val","Meningioma","","Meningioma/enh_1071.png","Meningioma__enh_1419","train","Meningioma","","Meningioma/enh_1419.png","8","0.99995","0.820513","flip_h","True","0.999834499","0.596889","1.004953","48.087892","118308","0.918849292","189","True"
"1466","2686","Meningioma__enh_1072","train","Meningioma","","Meningioma/enh_1072.png","Meningioma__enh_838","test","Meningioma","","Meningioma/enh_838.png","12","0.999936","0.920635","flip_h","False","0.999808578","0.606346","0.991841","48.201959","123204","0.924928067","287","True"
"1470","1595","Meningioma__enh_1076","val","Meningioma","","Meningioma/enh_1076.png","Meningioma__enh_1259","train","Meningioma","","Meningioma/enh_1259.png","9","0.999946","0.974093","flip_h","False","0.99982926","0.595139","0.974647","48.353861","120756","0.969083755","385","True"
"1475","2652","Meningioma__enh_1081","train","Meningioma","","Meningioma/enh_1081.png","Meningioma__enh_804","test","Meningioma","","Meningioma/enh_804.png","8","0.999928","0.972973","flip_h","True","0.9997298","0.625969","1.051322","47.696088","118960","0.926680244","180","True"
"1480","2654","Meningioma__enh_1086","train","Meningioma","","Meningioma/enh_1086.png","Meningioma__enh_806","test","Meningioma","","Meningioma/enh_806.png","10","0.999931","0.933775","flip_h","False","0.999807485","0.552414","0.926416","48.794686","114195","0.948833789","487","True"
"1488","2675","Meningioma__enh_1094","train","Meningioma","","Meningioma/enh_1094.png","Meningioma__enh_827","test","Meningioma","","Meningioma/enh_827.png","12","0.999944","0.959459","flip_h","False","0.999822271","0.564095","0.961497","48.471844","112768","0.91273162","438","True"
"1489","1681","Meningioma__enh_1095","train","Meningioma","","Meningioma/enh_1095.png","Meningioma__enh_1345","val","Meningioma","","Meningioma/enh_1345.png","10","0.999945","0.94","flip_h","False","0.999829392","0.563068","0.962126","48.466167","112341","0.944554455","364","True"
"1490","1682","Meningioma__enh_1096","val","Meningioma","","Meningioma/enh_1096.png","Meningioma__enh_1346","train","Meningioma","","Meningioma/enh_1346.png","5","0.99994","0.934426","flip_h","True","0.999809739","0.553921","0.956547","48.516679","110466","0.941388038","440","True"
"1491","2676","Meningioma__enh_1097","val","Meningioma","","Meningioma/enh_1097.png","Meningioma__enh_828","test","Meningioma","","Meningioma/enh_828.png","10","0.99994","0.814815","flip_h","False","0.999821493","0.547794","0.937364","48.692641","111334","0.863286385","728","False"
"1493","1685","Meningioma__enh_1099","train","Meningioma","","Meningioma/enh_1099.png","Meningioma__enh_1349","val","Meningioma","","Meningioma/enh_1349.png","10","0.999933","0.88","flip_h","False","0.999739364","0.637264","1.06953","47.546945","120151","0.88960412","343","False"
"1494","2677","Meningioma__enh_1100","train","Meningioma","","Meningioma/enh_1100.png","Meningioma__enh_829","test","Meningioma","","Meningioma/enh_829.png","10","0.999917","0.93617","flip_h","False","0.999706203","0.644608","1.058003","47.641069","123415","0.918116684","240","True"
"1495","1687","Meningioma__enh_1101","val","Meningioma","","Meningioma/enh_1101.png","Meningioma__enh_1351","train","Meningioma","","Meningioma/enh_1351.png","10","0.999926","0.826087","flip_h","False","0.999741565","0.617451","1.032221","47.855354","118518","0.783903676","341","False"
"1502","2670","Meningioma__enh_1154","train","Meningioma","","Meningioma/enh_1154.png","Meningioma__enh_822","test","Meningioma","","Meningioma/enh_822.png","9","0.999931","0.642857","flip_h","False","0.999720774","0.652775","1.086438","47.410705","121499","0.671067961","847","False"
"1503","2673","Meningioma__enh_1156","train","Meningioma","","Meningioma/enh_1156.png","Meningioma__enh_825","test","Meningioma","","Meningioma/enh_825.png","11","0.999933","0.64","flip_h","False","0.999733369","0.647781","1.087531","47.401970","120523","0.702489757","944","False"
"1509","2681","Meningioma__enh_1162","val","Meningioma","","Meningioma/enh_1162.png","Meningioma__enh_833","test","Meningioma","","Meningioma/enh_833.png","10","0.999905","0.895833","flip_h","False","0.999694053","0.598366","1.004119","48.095100","117213","0.951510892","138","True"
"1512","1600","Meningioma__enh_1166","train","Meningioma","","Meningioma/enh_1166.png","Meningioma__enh_1264","val","Meningioma","","Meningioma/enh_1264.png","11","0.999898","0.906667","flip_h","False","0.999724503","0.515781","0.91815","48.872536","104387","0.870714581","626","False"
"1513","2655","Meningioma__enh_1167","val","Meningioma","","Meningioma/enh_1167.png","Meningioma__enh_807","test","Meningioma","","Meningioma/enh_807.png","10","0.999884","0.89899","flip_h","False","0.999700002","0.499207","0.890115","49.141880","102424","0.89452496","655","False"
"1515","2656","Meningioma__enh_1169","train","Meningioma","","Meningioma/enh_1169.png","Meningioma__enh_808","test","Meningioma","","Meningioma/enh_808.png","7","0.99994","0.827586","flip_h","True","0.999802691","0.546814","0.958342","48.500396","107339","0.858757062","500","False"
"1519","2657","Meningioma__enh_1173","train","Meningioma","","Meningioma/enh_1173.png","Meningioma__enh_809","test","Meningioma","","Meningioma/enh_809.png","11","0.999933","0.90625","flip_h","False","0.999779247","0.605091","1.002889","48.105744","119992","0.908691406","187","True"
"1521","1628","Meningioma__enh_1176","train","Meningioma","","Meningioma/enh_1176.png","Meningioma__enh_1292","val","Meningioma","","Meningioma/enh_1292.png","6","0.999925","0.916667","flip_h","True","0.999756907","0.587311","0.987922","48.236349","116324","0.946829811","239","True"
"1522","1630","Meningioma__enh_1177","train","Meningioma","","Meningioma/enh_1177.png","Meningioma__enh_1294","val","Meningioma","","Meningioma/enh_1294.png","4","0.999927","0.901408","flip_h","True","0.999769814","0.58382","0.980451","48.302284","116083","0.944648599","241","True"
"1523","2659","Meningioma__enh_1178","train","Meningioma","","Meningioma/enh_1178.png","Meningioma__enh_811","test","Meningioma","","Meningioma/enh_811.png","11","0.999945","0.833333","flip_h","False","0.999841777","0.56916","0.954001","48.539826","115281","0.838178634","462","False"
"1525","2660","Meningioma__enh_1180","train","Meningioma","","Meningioma/enh_1180.png","Meningioma__enh_812","test","Meningioma","","Meningioma/enh_812.png","12","0.999922","0.933333","flip_h","False","0.999715513","0.792244","1.161234","46.832407","152680","0.876410256","241","False"
"1527","1636","Meningioma__enh_1182","val","Meningioma","","Meningioma/enh_1182.png","Meningioma__enh_1300","train","Meningioma","","Meningioma/enh_1300.png","12","0.999915","0.9","flip_h","False","0.999716087","0.786129","1.141362","46.982334","153674","0.945020421","175","True"
"1528","1637","Meningioma__enh_1183","train","Meningioma","","Meningioma/enh_1183.png","Meningioma__enh_1301","val","Meningioma","","Meningioma/enh_1301.png","10","0.999908","0.943396","flip_h","False","0.99967621","0.790733","1.149988","46.916940","153741","0.9553204","152","True"
"1530","2662","Meningioma__enh_1185","train","Meningioma","","Meningioma/enh_1185.png","Meningioma__enh_814","test","Meningioma","","Meningioma/enh_814.png","12","0.999884","0.809524","flip_h","False","0.9996025","0.77813","1.133277","47.044081","152028","0.904391761","246","True"
"1533","1641","Meningioma__enh_1189","train","Meningioma","","Meningioma/enh_1189.png","Meningioma__enh_1305","val","Meningioma","","Meningioma/enh_1305.png","5","0.99994","0.825","flip_h","True","0.999778128","0.63253","1.05245","47.686775","121045","0.863763484","341","False"
"1534","2663","Meningioma__enh_1190","train","Meningioma","","Meningioma/enh_1190.png","Meningioma__enh_815","test","Meningioma","","Meningioma/enh_815.png","6","0.999935","0.929412","flip_h","True","0.999830112","0.575001","0.924868","48.809208","121235","0.946232558","289","True"
"1538","2664","Meningioma__enh_1194","train","Meningioma","","Meningioma/enh_1194.png","Meningioma__enh_816","test","Meningioma","","Meningioma/enh_816.png","10","0.99993","0.833333","flip_h","False","0.999794325","0.582676","0.974132","48.358450","117731","0.826017131","325","False"
"1539","2665","Meningioma__enh_1195","train","Meningioma","","Meningioma/enh_1195.png","Meningioma__enh_817","test","Meningioma","","Meningioma/enh_817.png","9","0.999934","0.94186","flip_h","False","0.999801687","0.588791","0.984828","48.263593","117834","0.941572625","321","True"
"1540","1648","Meningioma__enh_1196","val","Meningioma","","Meningioma/enh_1196.png","Meningioma__enh_1312","train","Meningioma","","Meningioma/enh_1312.png","12","0.999933","0.928571","flip_h","False","0.999813532","0.582653","0.965545","48.435351","118307","0.955932757","270","True"
"1543","2666","Meningioma__enh_1199","train","Meningioma","","Meningioma/enh_1199.png","Meningioma__enh_818","test","Meningioma","","Meningioma/enh_818.png","12","0.999957","0.853659","flip_h","False","0.999865852","0.581562","0.963671","48.452230","118468","0.928316832","181","True"
"1546","1654","Meningioma__enh_1202","val","Meningioma","","Meningioma/enh_1202.png","Meningioma__enh_1318","train","Meningioma","","Meningioma/enh_1318.png","12","0.999936","0.8125","flip_h","False","0.999805434","0.581623","0.974249","48.357402","117272","0.912512716","86","True"
"1550","2668","Meningioma__enh_1206","train","Meningioma","","Meningioma/enh_1206.png","Meningioma__enh_820","test","Meningioma","","Meningioma/enh_820.png","9","0.999923","0.864865","flip_h","False","0.999727861","0.633305","1.043888","47.757724","120796","0.906189762","438","True"
"1554","2669","Meningioma__enh_1211","train","Meningioma","","Meningioma/enh_1211.png","Meningioma__enh_821","test","Meningioma","","Meningioma/enh_821.png","11","0.999943","0.892308","flip_h","False","0.99978643","0.631268","1.033576","47.843956","121928","0.910510659","361","True"
"1556","1663","Meningioma__enh_1213","val","Meningioma","","Meningioma/enh_1213.png","Meningioma__enh_1327","train","Meningioma","","Meningioma/enh_1327.png","11","0.999928","0.984127","flip_h","False","0.999795781","0.593884","0.968567","48.408211","122103","0.949331989","201","True"
"1560","2671","Meningioma__enh_1217","train","Meningioma","","Meningioma/enh_1217.png","Meningioma__enh_823","test","Meningioma","","Meningioma/enh_823.png","12","0.999951","0.8125","flip_h","False","0.999854054","0.566181","0.943359","48.637260","116474","0.884538153","115","False"
"1563","1669","Meningioma__enh_1221","train","Meningioma","","Meningioma/enh_1221.png","Meningioma__enh_1333","val","Meningioma","","Meningioma/enh_1333.png","8","0.999929","0.972527","flip_h","True","0.999806904","0.555988","0.927755","48.782138","114754","0.970237065","344","True"
"1564","2672","Meningioma__enh_1222","train","Meningioma","","Meningioma/enh_1222.png","Meningioma__enh_824","test","Meningioma","","Meningioma/enh_824.png","12","0.999935","0.951807","flip_h","False","0.999819526","0.581081","0.947668","48.597677","120690","0.954922671","478","True"
"1569","1675","Meningioma__enh_1227","train","Meningioma","","Meningioma/enh_1227.png","Meningioma__enh_1339","val","Meningioma","","Meningioma/enh_1339.png","9","0.999931","0.917949","flip_h","False","0.999811076","0.583996","0.956052","48.521172","120788","0.908641975","1147","True"
"1594","2645","Meningioma__enh_1258","train","Meningioma","","Meningioma/enh_1258.png","Meningioma__enh_795","test","Meningioma","","Meningioma/enh_795.png","12","0.999903","0.907895","flip_h","False","0.999734046","0.560177","0.924654","48.811222","117230","0.92578986","707","True"
"1610","2626","Meningioma__enh_1274","val","Meningioma","","Meningioma/enh_1274.png","Meningioma__enh_776","test","Meningioma","","Meningioma/enh_776.png","9","0.999944","0.75","flip_h","False","0.999815612","0.623764","1.019123","47.966269","123772","0.710640347","601","False"
"1618","2627","Meningioma__enh_1282","train","Meningioma","","Meningioma/enh_1282.png","Meningioma__enh_777","test","Meningioma","","Meningioma/enh_777.png","8","0.999915","0.965517","flip_h","True","0.999784368","0.525818","0.888489","49.157758","111361","0.939512962","231","True"
"1647","2648","Meningioma__enh_1311","train","Meningioma","","Meningioma/enh_1311.png","Meningioma__enh_799","test","Meningioma","","Meningioma/enh_799.png","7","0.999923","0.912162","flip_h","True","0.999785978","0.519512","0.912051","48.930423","105904","0.917375585","777","True"
"1653","2629","Meningioma__enh_1317","train","Meningioma","","Meningioma/enh_1317.png","Meningioma__enh_779","test","Meningioma","","Meningioma/enh_779.png","7","0.999929","0.872727","flip_h","True","0.999782119","0.538692","0.945327","48.619166","107537","0.90183513","337","True"
"1691","2623","Meningioma__enh_1355","val","Meningioma","","Meningioma/enh_1355.png","Meningioma__enh_773","test","Meningioma","","Meningioma/enh_773.png","10","0.999943","0.774194","flip_h","False","0.99979484","0.617973","1.048193","47.721976","117026","0.743970315","552","False"
"1696","2631","Meningioma__enh_1360","val","Meningioma","","Meningioma/enh_1360.png","Meningioma__enh_781","test","Meningioma","","Meningioma/enh_781.png","12","0.999908","0.9","flip_h","False","0.999747694","0.529221","0.913303","48.918509","108661","0.931075937","344","True"
"1698","2624","Meningioma__enh_1362","val","Meningioma","","Meningioma/enh_1362.png","Meningioma__enh_774","test","Meningioma","","Meningioma/enh_774.png","6","0.999914","0.849057","flip_h","True","0.999738638","0.57394","0.965439","48.436310","115148","0.889362999","363","False"
"1701","2632","Meningioma__enh_1365","train","Meningioma","","Meningioma/enh_1365.png","Meningioma__enh_782","test","Meningioma","","Meningioma/enh_782.png","9","0.999923","0.880597","flip_h","False","0.999760204","0.576019","0.978903","48.316006","113960","0.908286039","404","True"
"1725","2637","Meningioma__enh_1389","train","Meningioma","","Meningioma/enh_1389.png","Meningioma__enh_787","test","Meningioma","","Meningioma/enh_787.png","11","0.999932","0.953846","flip_h","False","0.999823388","0.4907","0.861344","49.427275","103209","0.951820819","598","True"
"1737","2640","Meningioma__enh_1401","train","Meningioma","","Meningioma/enh_1401.png","Meningioma__enh_790","test","Meningioma","","Meningioma/enh_790.png","12","0.9999","0.975309","flip_h","False","0.999713002","0.552925","0.931913","48.743297","113093","0.94351145","296","True"
"1741","2641","Meningioma__enh_1405","train","Meningioma","","Meningioma/enh_1405.png","Meningioma__enh_791","test","Meningioma","","Meningioma/enh_791.png","10","0.999928","0.976331","flip_h","False","0.99982476","0.528057","0.88938","49.149058","111876","0.959832407","441","True"
"1742","2625","Meningioma__enh_1406","val","Meningioma","","Meningioma/enh_1406.png","Meningioma__enh_775","test","Meningioma","","Meningioma/enh_775.png","10","0.999946","0.930769","flip_h","False","0.999842565","0.551006","0.929665","48.764275","113531","0.931735657","564","True"
"1756","2644","Meningioma__enh_1420","train","Meningioma","","Meningioma/enh_1420.png","Meningioma__enh_794","test","Meningioma","","Meningioma/enh_794.png","7","0.99993","0.9125","flip_h","True","0.99980228","0.575958","0.951803","48.559859","118367","0.957643814","215","True"
"1757","1965","Meningioma__enh_1421","train","Meningioma","","Meningioma/enh_1421.png","Meningioma__enh_1647","val","Meningioma","","Meningioma/enh_1647.png","10","0.999942","0.574468","flip_h","False","0.999821362","0.639854","1.003397","48.101348","130807","0.5840809","2550","False"
"1758","1966","Meningioma__enh_1422","train","Meningioma","","Meningioma/enh_1422.png","Meningioma__enh_1648","val","Meningioma","","Meningioma/enh_1648.png","11","0.999945","0.827869","flip_h","False","0.999830162","0.632721","1.002572","48.108496","128624","0.833526012","1296","False"
"1760","2702","Meningioma__enh_1424","train","Meningioma","","Meningioma/enh_1424.png","Meningioma__enh_868","test","Meningioma","","Meningioma/enh_868.png","9","0.999941","0.969697","flip_h","False","0.999808805","0.662792","1.027282","47.897006","134440","0.946990741","458","True"
"1762","1969","Meningioma__enh_1426","train","Meningioma","","Meningioma/enh_1426.png","Meningioma__enh_1651","val","Meningioma","","Meningioma/enh_1651.png","8","0.999932","0.284091","flip_h","True","0.999775897","0.671803","1.04774","47.725733","133901","0.283348666","3895","False"
"1764","1971","Meningioma__enh_1428","val","Meningioma","","Meningioma/enh_1428.png","Meningioma__enh_1653","train","Meningioma","","Meningioma/enh_1653.png","9","0.999913","0.9","flip_h","False","0.999696816","0.703186","1.081375","47.451275","137325","0.856471816","275","False"
"1769","2705","Meningioma__enh_1433","train","Meningioma","","Meningioma/enh_1433.png","Meningioma__enh_871","test","Meningioma","","Meningioma/enh_871.png","10","0.999927","0.970874","flip_h","False","0.99978352","0.67215","1.029569","47.877692","137783","0.96460177","236","True"
"1772","2707","Meningioma__enh_1436","train","Meningioma","","Meningioma/enh_1436.png","Meningioma__enh_873","test","Meningioma","","Meningioma/enh_873.png","4","0.999926","0.939759","flip_h","True","0.999760825","0.684544","1.058426","47.637592","136089","0.946988891","272","True"
"1781","2709","Meningioma__enh_1445","val","Meningioma","","Meningioma/enh_1445.png","Meningioma__enh_875","test","Meningioma","","Meningioma/enh_875.png","10","0.999917","0.942029","flip_h","False","0.999750694","0.666656","1.021856","47.943011","137054","0.94516129","238","True"
"1784","2710","Meningioma__enh_1448","train","Meningioma","","Meningioma/enh_1448.png","Meningioma__enh_876","test","Meningioma","","Meningioma/enh_876.png","5","0.999939","0.793103","flip_h","True","0.999766676","0.798508","1.167243","46.787575","153431","0.804118268","371","False"
"1790","2712","Meningioma__enh_1454","train","Meningioma","","Meningioma/enh_1454.png","Meningioma__enh_878","test","Meningioma","","Meningioma/enh_878.png","11","0.999892","0.869565","flip_h","False","0.999601204","0.843113","1.188163","46.633282","163724","0.925311203","108","True"
"1794","2713","Meningioma__enh_1458","train","Meningioma","","Meningioma/enh_1458.png","Meningioma__enh_879","test","Meningioma","","Meningioma/enh_879.png","12","0.99988","0.90566","flip_h","False","0.999561332","0.847515","1.188991","46.627231","164722","0.885168869","391","False"
"1797","2714","Meningioma__enh_1461","train","Meningioma","","Meningioma/enh_1461.png","Meningioma__enh_880","test","Meningioma","","Meningioma/enh_880.png","7","0.999936","0.75","flip_h","True","0.999759384","0.723354","1.119257","47.152211","138589","0.851851852","336","False"
"1799","2003","Meningioma__enh_1463","val","Meningioma","","Meningioma/enh_1463.png","Meningioma__enh_1685","train","Meningioma","","Meningioma/enh_1685.png","9","0.999938","0.885714","flip_h","False","0.999770537","0.7155","1.107048","47.247474","137135","0.856963087","341","False"
"1801","2715","Meningioma__enh_1465","train","Meningioma","","Meningioma/enh_1465.png","Meningioma__enh_881","test","Meningioma","","Meningioma/enh_881.png","3","0.99993","0.893939","flip_h","True","0.999751877","0.726994","1.111936","47.209212","140454","0.962059621","154","True"
"1804","2716","Meningioma__enh_1468","train","Meningioma","","Meningioma/enh_1468.png","Meningioma__enh_882","test","Meningioma","","Meningioma/enh_882.png","8","0.999957","0.871795","flip_h","True","0.999859188","0.682289","1.040534","47.785681","138707","0.894916702","246","False"
"1807","2717","Meningioma__enh_1471","train","Meningioma","","Meningioma/enh_1471.png","Meningioma__enh_883","test","Meningioma","","Meningioma/enh_883.png","6","0.99995","0.944444","flip_h","True","0.999831371","0.669941","1.041184","47.780252","133697","0.937586926","359","True"
"1808","2010","Meningioma__enh_1472","val","Meningioma","","Meningioma/enh_1472.png","Meningioma__enh_1692","train","Meningioma","","Meningioma/enh_1692.png","7","0.999951","0.943662","flip_h","True","0.999832508","0.668488","1.039642","47.793124","133236","0.947988442","234","True"
"1810","2718","Meningioma__enh_1474","val","Meningioma","","Meningioma/enh_1474.png","Meningioma__enh_884","test","Meningioma","","Meningioma/enh_884.png","9","0.999928","0.922222","flip_h","False","0.999775526","0.694717","1.045869","47.741259","141932","0.918082095","463","True"
"1812","2015","Meningioma__enh_1476","val","Meningioma","","Meningioma/enh_1476.png","Meningioma__enh_1697","train","Meningioma","","Meningioma/enh_1697.png","10","0.999936","0.911765","flip_h","False","0.999805374","0.673031","1.02587","47.908953","137854","0.93868142","266","True"
"1816","2719","Meningioma__enh_1480","train","Meningioma","","Meningioma/enh_1480.png","Meningioma__enh_885","test","Meningioma","","Meningioma/enh_885.png","10","0.999916","0.733333","flip_h","False","0.999730707","0.671524","1.056599","47.652599","132770","0.862569832","123","False"
"1817","2019","Meningioma__enh_1481","train","Meningioma","","Meningioma/enh_1481.png","Meningioma__enh_1701","val","Meningioma","","Meningioma/enh_1701.png","7","0.999893","0.888889","flip_h","True","0.999678126","0.668903","1.036245","47.821558","134346","0.880658436","145","False"
"1818","2021","Meningioma__enh_1482","train","Meningioma","","Meningioma/enh_1482.png","Meningioma__enh_1703","val","Meningioma","","Meningioma/enh_1703.png","9","0.99995","0.925","flip_h","False","0.999819502","0.709785","1.083715","47.432501","139685","0.914783253","230","True"
"1819","2720","Meningioma__enh_1483","train","Meningioma","","Meningioma/enh_1483.png","Meningioma__enh_886","test","Meningioma","","Meningioma/enh_886.png","7","0.99995","0.931034","flip_h","True","0.999819042","0.718384","1.094395","47.347321","140788","0.93388874","246","True"
"1821","2721","Meningioma__enh_1485","train","Meningioma","","Meningioma/enh_1485.png","Meningioma__enh_887","test","Meningioma","","Meningioma/enh_887.png","9","0.999948","0.891304","flip_h","False","0.999800696","0.699577","1.090061","47.381790","135073","0.91538192","483","True"
"1822","2024","Meningioma__enh_1486","val","Meningioma","","Meningioma/enh_1486.png","Meningioma__enh_1706","train","Meningioma","","Meningioma/enh_1706.png","10","0.999955","0.919643","flip_h","False","0.999818191","0.725979","1.118704","47.156498","138477","0.933812139","470","True"
"1825","2747","Meningioma__enh_1507","train","Meningioma","","Meningioma/enh_1507.png","Meningioma__enh_913","test","Meningioma","","Meningioma/enh_913.png","11","0.999939","0.98","flip_h","False","0.999809013","0.651531","1.01483","48.002935","133308","0.970230041","286","True"
"1827","2727","Meningioma__enh_1509","train","Meningioma","","Meningioma/enh_1509.png","Meningioma__enh_893","test","Meningioma","","Meningioma/enh_893.png","8","0.999901","0.933333","flip_h","True","0.999666","0.700302","1.073704","47.513115","138558","0.925916161","281","True"
"1829","2046","Meningioma__enh_1511","train","Meningioma","","Meningioma/enh_1511.png","Meningioma__enh_1728","val","Meningioma","","Meningioma/enh_1728.png","10","0.999905","0.906977","flip_h","False","0.999693596","0.688889","1.06578","47.577452","137092","0.899015676","277","False"
"1834","2728","Meningioma__enh_1516","train","Meningioma","","Meningioma/enh_1516.png","Meningioma__enh_894","test","Meningioma","","Meningioma/enh_894.png","9","0.999929","0.888889","flip_h","False","0.999764322","0.659393","1.029095","47.881695","132496","0.828318584","485","False"
"1836","2052","Meningioma__enh_1518","train","Meningioma","","Meningioma/enh_1518.png","Meningioma__enh_1734","val","Meningioma","","Meningioma/enh_1734.png","7","0.999934","0.757576","flip_h","True","0.999772386","0.7131","1.082266","47.444126","141244","0.75574977","531","False"
"1838","2729","Meningioma__enh_1520","train","Meningioma","","Meningioma/enh_1520.png","Meningioma__enh_895","test","Meningioma","","Meningioma/enh_895.png","8","0.999932","0.880342","flip_h","True","0.999768376","0.677864","1.06098","47.616658","133614","0.921157274","575","True"
"1839","2054","Meningioma__enh_1521","train","Meningioma","","Meningioma/enh_1521.png","Meningioma__enh_1736","val","Meningioma","","Meningioma/enh_1736.png","9","0.999936","0.931624","flip_h","False","0.999792794","0.674706","1.045004","47.748444","135039","0.956427015","320","True"
"1841","2730","Meningioma__enh_1523","train","Meningioma","","Meningioma/enh_1523.png","Meningioma__enh_896","test","Meningioma","","Meningioma/enh_896.png","12","0.999942","0.961538","flip_h","False","0.999827845","0.658016","1.006678","48.072990","136214","0.925634825","492","True"
"1842","2056","Meningioma__enh_1524","train","Meningioma","","Meningioma/enh_1524.png","Meningioma__enh_1738","val","Meningioma","","Meningioma/enh_1738.png","12","0.999943","0.892857","flip_h","False","0.999839324","0.601566","0.955713","48.524254","125674","0.902720835","522","True"
"1843","2057","Meningioma__enh_1525","train","Meningioma","","Meningioma/enh_1525.png","Meningioma__enh_1739","val","Meningioma","","Meningioma/enh_1739.png","12","0.999941","0.8","flip_h","False","0.999804826","0.672318","1.042698","47.767632","134935","0.839810924","305","False"
"1845","2731","Meningioma__enh_1527","train","Meningioma","","Meningioma/enh_1527.png","Meningioma__enh_897","test","Meningioma","","Meningioma/enh_897.png","11","0.999945","0.875","flip_h","False","0.999835833","0.629807","0.982707","48.282321","130914","0.91460974","128","True"
"1848","2060","Meningioma__enh_1530","train","Meningioma","","Meningioma/enh_1530.png","Meningioma__enh_1742","val","Meningioma","","Meningioma/enh_1742.png","11","0.999932","0.927536","flip_h","False","0.999783392","0.658398","1.021391","47.946963","134009","0.943056493","253","True"
"1850","2732","Meningioma__enh_1532","val","Meningioma","","Meningioma/enh_1532.png","Meningioma__enh_898","test","Meningioma","","Meningioma/enh_898.png","6","0.999915","0.920635","flip_h","True","0.999754855","0.669838","1.017543","47.979752","138515","0.927580894","282","True"
"1851","2062","Meningioma__enh_1533","train","Meningioma","","Meningioma/enh_1533.png","Meningioma__enh_1744","val","Meningioma","","Meningioma/enh_1744.png","8","0.99993","0.564516","flip_h","True","0.999774784","0.68198","1.045531","47.744062","137769","0.580876889","1692","False"
"1853","2733","Meningioma__enh_1535","train","Meningioma","","Meningioma/enh_1535.png","Meningioma__enh_899","test","Meningioma","","Meningioma/enh_899.png","7","0.999911","0.835821","flip_h","True","0.999741531","0.624058","0.984668","48.265011","128335","0.805136664","827","False"
"1857","2112","Meningioma__enh_1539","train","Meningioma","","Meningioma/enh_1539.png","Meningioma__enh_1794","val","Meningioma","","Meningioma/enh_1794.png","6","0.999934","0.958904","flip_h","True","0.999792794","0.672165","1.037586","47.810325","135660","0.966695316","155","True"
"1858","2734","Meningioma__enh_1540","train","Meningioma","","Meningioma/enh_1540.png","Meningioma__enh_900","test","Meningioma","","Meningioma/enh_900.png","8","0.99994","0.415385","flip_h","True","0.999766627","0.789494","1.162743","46.821131","151782","0.393903592","2565","False"
"1861","2069","Meningioma__enh_1543","val","Meningioma","","Meningioma/enh_1543.png","Meningioma__enh_1751","train","Meningioma","","Meningioma/enh_1751.png","8","0.999922","0.790698","flip_h","True","0.999698951","0.818043","1.180142","46.692120","156915","0.847971781","431","False"
"1863","2736","Meningioma__enh_1545","val","Meningioma","","Meningioma/enh_1545.png","Meningioma__enh_902","test","Meningioma","","Meningioma/enh_902.png","8","0.999949","0.965517","flip_h","True","0.999811981","0.7234","1.111874","47.209694","139573","0.92244898","152","True"
"1865","2748","Meningioma__enh_1547","train","Meningioma","","Meningioma/enh_1547.png","Meningioma__enh_914","test","Meningioma","","Meningioma/enh_914.png","11","0.999939","0.907895","flip_h","False","0.99982162","0.610603","0.969836","48.396836","126085","0.948101266","246","True"
"1867","2737","Meningioma__enh_1549","train","Meningioma","","Meningioma/enh_1549.png","Meningioma__enh_903","test","Meningioma","","Meningioma/enh_903.png","10","0.999923","0.925373","flip_h","False","0.999764573","0.677341","1.04055","47.785543","136782","0.927379341","322","True"
"1875","2113","Meningioma__enh_1557","val","Meningioma","","Meningioma/enh_1557.png","Meningioma__enh_1795","train","Meningioma","","Meningioma/enh_1795.png","7","0.999943","0.862069","flip_h","True","0.999831912","0.598724","0.960878","48.477439","123761","0.896608768","375","False"
"1879","2084","Meningioma__enh_1561","train","Meningioma","","Meningioma/enh_1561.png","Meningioma__enh_1766","val","Meningioma","","Meningioma/enh_1766.png","11","0.999927","0.880952","flip_h","False","0.999806339","0.570496","0.920115","48.853964","121046","0.935509241","164","True"
"1881","2739","Meningioma__enh_1563","val","Meningioma","","Meningioma/enh_1563.png","Meningioma__enh_905","test","Meningioma","","Meningioma/enh_905.png","11","0.999947","0.809524","flip_h","False","0.999829769","0.678944","1.04026","47.787962","137456","0.790830946","292","False"
"1882","2087","Meningioma__enh_1564","val","Meningioma","","Meningioma/enh_1564.png","Meningioma__enh_1769","train","Meningioma","","Meningioma/enh_1769.png","10","0.999935","0.734513","flip_h","False","0.999789403","0.658863","1.027784","47.892769","133170","0.756241234","1738","False"
"1884","2740","Meningioma__enh_1566","train","Meningioma","","Meningioma/enh_1566.png","Meningioma__enh_906","test","Meningioma","","Meningioma/enh_906.png","10","0.999933","0.932099","flip_h","False","0.999778152","0.674309","1.046091","47.739412","134335","0.953001077","480","True"
"1885","2114","Meningioma__enh_1567","val","Meningioma","","Meningioma/enh_1567.png","Meningioma__enh_1796","train","Meningioma","","Meningioma/enh_1796.png","7","0.999927","0.854545","flip_h","True","0.99975703","0.719322","1.088138","47.397126","141500","0.871875","451","False"
"1889","2741","Meningioma__enh_1571","val","Meningioma","","Meningioma/enh_1571.png","Meningioma__enh_907","test","Meningioma","","Meningioma/enh_907.png","5","0.999913","0.9375","flip_h","True","0.999726506","0.694309","1.063105","47.599282","138789","0.931837699","635","True"
"1892","2742","Meningioma__enh_1574","train","Meningioma","","Meningioma/enh_1574.png","Meningioma__enh_908","test","Meningioma","","Meningioma/enh_908.png","12","0.999944","0.953488","flip_h","False","0.999828272","0.665726","1.026404","47.904438","135297","0.909184373","265","True"
"1893","2094","Meningioma__enh_1575","val","Meningioma","","Meningioma/enh_1575.png","Meningioma__enh_1776","train","Meningioma","","Meningioma/enh_1776.png","11","0.999936","0.938462","flip_h","False","0.999792108","0.663429","1.038754","47.800549","132902","0.911862004","373","True"
"1895","2096","Meningioma__enh_1577","val","Meningioma","","Meningioma/enh_1577.png","Meningioma__enh_1778","train","Meningioma","","Meningioma/enh_1778.png","9","0.999924","0.953846","flip_h","False","0.999761628","0.675591","1.032592","47.852229","137523","0.94992778","416","True"
"1897","2743","Meningioma__enh_1579","val","Meningioma","","Meningioma/enh_1579.png","Meningioma__enh_909","test","Meningioma","","Meningioma/enh_909.png","8","0.999926","0.953947","flip_h","True","0.999759653","0.688141","1.061534","47.612127","137889","0.955929404","427","True"
"1901","2744","Meningioma__enh_1583","train","Meningioma","","Meningioma/enh_1583.png","Meningioma__enh_910","test","Meningioma","","Meningioma/enh_910.png","11","0.999933","0.955752","flip_h","False","0.999812448","0.627712","0.977447","48.328940","131112","0.938931298","448","True"
"1902","2100","Meningioma__enh_1584","train","Meningioma","","Meningioma/enh_1584.png","Meningioma__enh_1782","val","Meningioma","","Meningioma/enh_1782.png","10","0.99991","0.875","flip_h","False","0.999731869","0.632156","1.006847","48.071535","128140","0.899307741","160","False"
"1904","2745","Meningioma__enh_1586","val","Meningioma","","Meningioma/enh_1586.png","Meningioma__enh_911","test","Meningioma","","Meningioma/enh_911.png","7","0.99991","0.904762","flip_h","True","0.999750316","0.664436","1.011726","48.029543","138342","0.908284024","124","True"
"1906","2117","Meningioma__enh_1588","val","Meningioma","","Meningioma/enh_1588.png","Meningioma__enh_1799","train","Meningioma","","Meningioma/enh_1799.png","8","0.999929","0.942029","flip_h","True","0.999775979","0.66367","1.025837","47.909237","134550","0.96003696","173","True"
"1911","2120","Meningioma__enh_1593","val","Meningioma","","Meningioma/enh_1593.png","Meningioma__enh_1802","train","Meningioma","","Meningioma/enh_1802.png","9","0.999927","0.75","flip_h","False","0.999732846","0.713711","1.105691","47.258126","138046","0.714640199","575","False"
"1913","2750","Meningioma__enh_1595","train","Meningioma","","Meningioma/enh_1595.png","Meningioma__enh_916","test","Meningioma","","Meningioma/enh_916.png","10","0.999929","0.319149","flip_h","False","0.999742097","0.726131","1.108417","47.236741","141018","0.324720893","2117","False"
"1919","2126","Meningioma__enh_1601","train","Meningioma","","Meningioma/enh_1601.png","Meningioma__enh_1808","val","Meningioma","","Meningioma/enh_1808.png","11","0.999919","0.961538","flip_h","False","0.999732541","0.687336","1.053553","47.677676","137652","0.923110915","522","True"
"1920","2752","Meningioma__enh_1602","train","Meningioma","","Meningioma/enh_1602.png","Meningioma__enh_918","test","Meningioma","","Meningioma/enh_918.png","8","0.999911","0.933775","flip_h","True","0.999702322","0.693058","1.060342","47.621886","137969","0.943611404","534","True"
"1922","2128","Meningioma__enh_1604","val","Meningioma","","Meningioma/enh_1604.png","Meningioma__enh_1810","train","Meningioma","","Meningioma/enh_1810.png","5","0.999927","0.963415","flip_h","True","0.999749365","0.705017","1.076305","47.492098","139780","0.953573097","497","True"
"1924","2753","Meningioma__enh_1606","val","Meningioma","","Meningioma/enh_1606.png","Meningioma__enh_919","test","Meningioma","","Meningioma/enh_919.png","8","0.999914","0.943396","flip_h","True","0.999743332","0.663551","1.015617","47.996200","136318","0.940084143","413","True"
"1927","2754","Meningioma__enh_1609","train","Meningioma","","Meningioma/enh_1609.png","Meningioma__enh_920","test","Meningioma","","Meningioma/enh_920.png","9","0.999927","0.878788","flip_h","False","0.999765454","0.683239","1.039901","47.790963","138256","0.940114068","126","True"
"1929","2746","Meningioma__enh_1611","train","Meningioma","","Meningioma/enh_1611.png","Meningioma__enh_912","test","Meningioma","","Meningioma/enh_912.png","9","0.999938","0.893048","flip_h","False","0.999767559","0.809208","1.167346","46.786809","156919","0.892689746","1305","False"
"1931","2134","Meningioma__enh_1613","train","Meningioma","","Meningioma/enh_1613.png","Meningioma__enh_1816","val","Meningioma","","Meningioma/enh_1816.png","10","0.999905","0.98","flip_h","False","0.999650444","0.720745","1.103892","47.272269","139628","0.938588722","208","True"
"1934","2136","Meningioma__enh_1616","train","Meningioma","","Meningioma/enh_1616.png","Meningioma__enh_1818","val","Meningioma","","Meningioma/enh_1818.png","8","0.999939","0.9","flip_h","True","0.999825209","0.619865","0.961616","48.470769","130663","0.890432099","71","False"
"1935","2137","Meningioma__enh_1617","train","Meningioma","","Meningioma/enh_1617.png","Meningioma__enh_1819","val","Meningioma","","Meningioma/enh_1819.png","9","0.999932","0.943925","flip_h","False","0.999775312","0.68808","1.062927","47.600734","136909","0.9286128","493","True"
"1936","2756","Meningioma__enh_1618","train","Meningioma","","Meningioma/enh_1618.png","Meningioma__enh_922","test","Meningioma","","Meningioma/enh_922.png","11","0.999936","0.932331","flip_h","False","0.99979476","0.671993","1.044016","47.756660","134257","0.908822487","772","True"
"1937","2138","Meningioma__enh_1619","train","Meningioma","","Meningioma/enh_1619.png","Meningioma__enh_1820","val","Meningioma","","Meningioma/enh_1820.png","12","0.999932","0.861635","flip_h","False","0.999796836","0.667244","1.023631","47.927932","136779","0.869504396","1306","False"
"1947","2723","Meningioma__enh_1629","train","Meningioma","","Meningioma/enh_1629.png","Meningioma__enh_889","test","Meningioma","","Meningioma/enh_889.png","11","0.999951","1","flip_h","False","0.999855247","0.610413","0.973961","48.359969","125703","0.849206349","171","False"
"1949","2724","Meningioma__enh_1631","train","Meningioma","","Meningioma/enh_1631.png","Meningioma__enh_890","test","Meningioma","","Meningioma/enh_890.png","8","0.999938","0.945055","flip_h","True","0.999791838","0.681286","1.050925","47.699372","135845","0.960075718","464","True"
"1958","2725","Meningioma__enh_1640","train","Meningioma","","Meningioma/enh_1640.png","Meningioma__enh_891","test","Meningioma","","Meningioma/enh_891.png","9","0.999922","0.843478","flip_h","False","0.999748159","0.667503","1.043002","47.765104","133072","0.873604911","906","False"
"1959","2040","Meningioma__enh_1641","train","Meningioma","","Meningioma/enh_1641.png","Meningioma__enh_1722","val","Meningioma","","Meningioma/enh_1722.png","6","0.999928","0.859375","flip_h","True","0.999774031","0.661484","1.027934","47.891499","133869","0.911993769","339","True"
"1961","2726","Meningioma__enh_1643","val","Meningioma","","Meningioma/enh_1643.png","Meningioma__enh_892","test","Meningioma","","Meningioma/enh_892.png","6","0.999941","0.942857","flip_h","True","0.999820151","0.634613","0.997288","48.154393","130457","0.963497071","243","True"
"2147","2398","Meningioma__enh_1845","val","Meningioma","","Meningioma/enh_1845.png","Meningioma__enh_2096","train","Meningioma","","Meningioma/enh_2096.png","8","0.999924","0.884058","flip_h","True","0.999754157","0.740471","1.078026","47.478220","151227","0.91923827","704","True"
"2163","2411","Meningioma__enh_1861","train","Meningioma","","Meningioma/enh_1861.png","Meningioma__enh_2109","val","Meningioma","","Meningioma/enh_2109.png","9","0.999907","0.871795","flip_h","False","0.999681405","0.831406","1.179419","46.697441","162892","0.865733114","326","False"
"2165","2766","Meningioma__enh_1863","train","Meningioma","","Meningioma/enh_1863.png","Meningioma__enh_945","test","Meningioma","","Meningioma/enh_945.png","12","0.999896","0.695652","flip_h","False","0.999645244","0.831909","1.17137","46.756919","164310","0.675989086","475","False"
"2167","2414","Meningioma__enh_1865","train","Meningioma","","Meningioma/enh_1865.png","Meningioma__enh_2112","val","Meningioma","","Meningioma/enh_2112.png","8","0.999915","0.91954","flip_h","True","0.999713862","0.81398","1.171439","46.756412","159188","0.939767913","327","True"
"2169","2767","Meningioma__enh_1867","train","Meningioma","","Meningioma/enh_1867.png","Meningioma__enh_946","test","Meningioma","","Meningioma/enh_946.png","6","0.999898","0.858974","flip_h","True","0.999671466","0.804577","1.150155","46.915675","159942","0.934047469","314","True"
"2171","2417","Meningioma__enh_1869","val","Meningioma","","Meningioma/enh_1869.png","Meningioma__enh_2115","train","Meningioma","","Meningioma/enh_2115.png","12","0.999901","0.848485","flip_h","False","0.999699001","0.758545","1.092103","47.365535","154335","0.933591857","137","True"
"2174","2820","Meningioma__enh_1872","train","Meningioma","","Meningioma/enh_1872.png","Meningioma__enh_999","test","Meningioma","","Meningioma/enh_999.png","10","0.999943","0.987179","flip_h","False","0.999792279","0.782074","1.132678","47.048676","155393","0.968681209","313","True"
"2177","2578","Meningioma__enh_1875","val","Meningioma","","Meningioma/enh_1875.png","Meningioma__enh_2276","train","Meningioma","","Meningioma/enh_2276.png","12","0.999899","0.954839","flip_h","False","0.999663399","0.789597","1.12823","47.082849","158573","0.950061025","491","True"
"2206","2768","Meningioma__enh_1904","train","Meningioma","","Meningioma/enh_1904.png","Meningioma__enh_947","test","Meningioma","","Meningioma/enh_947.png","10","0.999937","0.888889","flip_h","False","0.999775264","0.786102","1.140304","46.990391","155057","0.860450563","223","False"
"2211","2769","Meningioma__enh_1909","train","Meningioma","","Meningioma/enh_1909.png","Meningioma__enh_948","test","Meningioma","","Meningioma/enh_948.png","11","0.999918","0.892857","flip_h","False","0.999722881","0.820602","1.162636","46.821927","162836","0.879088785","207","False"
"2214","2770","Meningioma__enh_1912","train","Meningioma","","Meningioma/enh_1912.png","Meningioma__enh_949","test","Meningioma","","Meningioma/enh_949.png","11","0.999947","0.909091","flip_h","False","0.999824233","0.773739","1.095553","47.338133","160090","0.918858002","108","True"
"2219","2772","Meningioma__enh_1917","train","Meningioma","","Meningioma/enh_1917.png","Meningioma__enh_951","test","Meningioma","","Meningioma/enh_951.png","11","0.999922","0.941176","flip_h","False","0.999746897","0.76083","1.094777","47.344293","154764","0.924647253","251","True"
"2221","2429","Meningioma__enh_1919","train","Meningioma","","Meningioma/enh_1919.png","Meningioma__enh_2127","val","Meningioma","","Meningioma/enh_2127.png","12","0.999919","0.918367","flip_h","False","0.999734968","0.818733","1.145191","46.953245","164936","0.926620599","223","True"
"2223","2431","Meningioma__enh_1921","train","Meningioma","","Meningioma/enh_1921.png","Meningioma__enh_2129","val","Meningioma","","Meningioma/enh_2129.png","11","0.999905","0.928571","flip_h","False","0.999699097","0.777603","1.111052","47.216118","157585","0.931034483","58","True"
"2226","2773","Meningioma__enh_1924","train","Meningioma","","Meningioma/enh_1924.png","Meningioma__enh_952","test","Meningioma","","Meningioma/enh_952.png","11","0.999897","0.914894","flip_h","False","0.999665017","0.809845","1.143678","46.964731","161410","0.910181582","277","True"
"2228","2436","Meningioma__enh_1926","val","Meningioma","","Meningioma/enh_1926.png","Meningioma__enh_2134","train","Meningioma","","Meningioma/enh_2134.png","12","0.999755","0.769231","flip_h","False","0.999321617","0.74036","1.067949","47.559796","152200","0.847126437","133","False"
"2231","2774","Meningioma__enh_1929","train","Meningioma","","Meningioma/enh_1929.png","Meningioma__enh_953","test","Meningioma","","Meningioma/enh_953.png","10","0.999754","0.80303","flip_h","False","0.99927285","0.818737","1.165633","46.799568","159970","0.791929382","825","False"
"2232","2438","Meningioma__enh_1930","val","Meningioma","","Meningioma/enh_1930.png","Meningioma__enh_2136","train","Meningioma","","Meningioma/enh_2136.png","8","0.999716","0.907895","flip_h","True","0.999160749","0.807774","1.141653","46.980122","160518","0.901701323","468","True"
"2235","2441","Meningioma__enh_1933","train","Meningioma","","Meningioma/enh_1933.png","Meningioma__enh_2139","val","Meningioma","","Meningioma/enh_2139.png","4","0.999891","0.926829","flip_h","True","0.999630134","0.811619","1.161203","46.832640","159776","0.897360704","280","False"
"2237","2775","Meningioma__enh_1935","train","Meningioma","","Meningioma/enh_1935.png","Meningioma__enh_954","test","Meningioma","","Meningioma/enh_954.png","8","0.999908","0.932203","flip_h","True","0.999687292","0.798111","1.146885","46.940404","158343","0.950733753","188","True"
"2240","2512","Meningioma__enh_1938","val","Meningioma","","Meningioma/enh_1938.png","Meningioma__enh_2210","train","Meningioma","","Meningioma/enh_2210.png","6","0.999903","0.916667","flip_h","True","0.999687403","0.802322","1.142336","46.974926","160199","0.907032181","78","True"
"2245","2448","Meningioma__enh_1943","train","Meningioma","","Meningioma/enh_1943.png","Meningioma__enh_2146","val","Meningioma","","Meningioma/enh_2146.png","11","0.99995","0.974138","flip_h","False","0.999828965","0.755421","1.083604","47.433390","155099","0.968917471","232","True"
"2256","2780","Meningioma__enh_1954","train","Meningioma","","Meningioma/enh_1954.png","Meningioma__enh_959","test","Meningioma","","Meningioma/enh_959.png","8","0.999934","0.956522","flip_h","True","0.999769816","0.798767","1.138962","47.000622","159212","0.94657349","237","True"
"2258","2457","Meningioma__enh_1956","val","Meningioma","","Meningioma/enh_1956.png","Meningioma__enh_2155","train","Meningioma","","Meningioma/enh_2155.png","5","0.999915","0.934959","flip_h","True","0.999678368","0.856197","1.211481","46.464473","163870","0.925373134","585","True"
"2259","2458","Meningioma__enh_1957","train","Meningioma","","Meningioma/enh_1957.png","Meningioma__enh_2156","val","Meningioma","","Meningioma/enh_2156.png","4","0.999927","0.944954","flip_h","True","0.999712685","0.857849","1.22196","46.389662","163487","0.967942238","222","True"
"2260","2781","Meningioma__enh_1958","train","Meningioma","","Meningioma/enh_1958.png","Meningioma__enh_960","test","Meningioma","","Meningioma/enh_960.png","8","0.999934","1","flip_h","True","0.999746385","0.854771","1.205037","46.510796","165157","0.961971601","233","True"
"2266","2782","Meningioma__enh_1964","train","Meningioma","","Meningioma/enh_1964.png","Meningioma__enh_961","test","Meningioma","","Meningioma/enh_961.png","9","0.999936","0.910448","flip_h","False","0.99977886","0.779236","1.1275","47.088475","155284","0.933605966","276","True"
"2272","2784","Meningioma__enh_1970","train","Meningioma","","Meningioma/enh_1970.png","Meningioma__enh_963","test","Meningioma","","Meningioma/enh_963.png","7","0.999908","0.966102","flip_h","True","0.999702123","0.778931","1.105872","47.256703","158744","0.962979056","426","True"
"2274","2799","Meningioma__enh_1972","train","Meningioma","","Meningioma/enh_1972.png","Meningioma__enh_978","test","Meningioma","","Meningioma/enh_978.png","7","0.999927","0.867925","flip_h","True","0.999735015","0.820625","1.162456","46.823276","162158","0.88448176","399","False"
"2275","2468","Meningioma__enh_1973","train","Meningioma","","Meningioma/enh_1973.png","Meningioma__enh_2166","val","Meningioma","","Meningioma/enh_2166.png","11","0.999917","0.936585","flip_h","False","0.999713001","0.825069","1.160391","46.838714","164202","0.938462735","791","True"
"2279","2785","Meningioma__enh_1977","train","Meningioma","","Meningioma/enh_1977.png","Meningioma__enh_964","test","Meningioma","","Meningioma/enh_964.png","11","0.99993","0.873563","flip_h","False","0.999758337","0.799015","1.145995","46.947148","158956","0.89896608","557","False"
"2283","2786","Meningioma__enh_1981","train","Meningioma","","Meningioma/enh_1981.png","Meningioma__enh_965","test","Meningioma","","Meningioma/enh_965.png","12","0.999934","0.836066","flip_h","False","0.999783349","0.794193","1.116304","47.175150","162611","0.872797927","491","False"
"2288","2478","Meningioma__enh_1986","val","Meningioma","","Meningioma/enh_1986.png","Meningioma__enh_2176","train","Meningioma","","Meningioma/enh_2176.png","10","0.99993","0.956522","flip_h","False","0.999740969","0.815834","1.161559","46.829975","160607","0.909153476","264","True"
"2290","2480","Meningioma__enh_1988","val","Meningioma","","Meningioma/enh_1988.png","Meningioma__enh_2178","train","Meningioma","","Meningioma/enh_2178.png","6","0.99989","0.875","flip_h","True","0.99962266","0.823837","1.168145","46.780868","161832","0.903333333","377","True"
"2291","2788","Meningioma__enh_1989","val","Meningioma","","Meningioma/enh_1989.png","Meningioma__enh_967","test","Meningioma","","Meningioma/enh_967.png","11","0.999899","0.842105","flip_h","False","0.999663906","0.790787","1.135013","47.030789","157993","0.857019811","332","False"
"2295","2789","Meningioma__enh_1993","val","Meningioma","","Meningioma/enh_1993.png","Meningioma__enh_968","test","Meningioma","","Meningioma/enh_968.png","11","0.999915","0.75","flip_h","False","0.999729974","0.794369","1.123013","47.123109","161643","0.89787234","192","False"
"2296","2800","Meningioma__enh_1994","train","Meningioma","","Meningioma/enh_1994.png","Meningioma__enh_979","test","Meningioma","","Meningioma/enh_979.png","5","0.999892","0.962963","flip_h","True","0.999644468","0.829033","1.172389","46.749367","162710","0.953869615","242","True"
"2307","2492","Meningioma__enh_2005","train","Meningioma","","Meningioma/enh_2005.png","Meningioma__enh_2190","val","Meningioma","","Meningioma/enh_2190.png","8","0.999926","0.8","flip_h","True","0.999753219","0.785885","1.126455","47.096523","157302","0.837017995","317","False"
"2313","2794","Meningioma__enh_2011","train","Meningioma","","Meningioma/enh_2011.png","Meningioma__enh_973","test","Meningioma","","Meningioma/enh_973.png","7","0.999915","0.891892","flip_h","True","0.999722685","0.795708","1.139203","46.998783","158658","0.879396985","576","False"
"2315","2517","Meningioma__enh_2013","train","Meningioma","","Meningioma/enh_2013.png","Meningioma__enh_2215","val","Meningioma","","Meningioma/enh_2215.png","11","0.999932","0.8","flip_h","False","0.999780448","0.744419","1.075225","47.500816","153120","0.853177796","365","False"
"2318","2519","Meningioma__enh_2016","train","Meningioma","","Meningioma/enh_2016.png","Meningioma__enh_2217","val","Meningioma","","Meningioma/enh_2217.png","11","0.99992","0.885714","flip_h","False","0.999751582","0.753048","1.088508","47.394174","153641","0.917234664","170","True"
"2321","2521","Meningioma__enh_2019","val","Meningioma","","Meningioma/enh_2019.png","Meningioma__enh_2219","train","Meningioma","","Meningioma/enh_2219.png","10","0.999908","0.89404","flip_h","False","0.999700259","0.794926","1.133535","47.042108","159388","0.897230769","1002","False"
"2322","2802","Meningioma__enh_2020","train","Meningioma","","Meningioma/enh_2020.png","Meningioma__enh_981","test","Meningioma","","Meningioma/enh_981.png","10","0.999901","0.957672","flip_h","False","0.999692828","0.770645","1.102428","47.283800","156377","0.952725479","575","True"
"2325","2803","Meningioma__enh_2023","train","Meningioma","","Meningioma/enh_2023.png","Meningioma__enh_982","test","Meningioma","","Meningioma/enh_982.png","11","0.999943","0.972527","flip_h","False","0.999810149","0.785549","1.106912","47.248542","161299","0.962597928","444","True"
"2331","2501","Meningioma__enh_2029","train","Meningioma","","Meningioma/enh_2029.png","Meningioma__enh_2199","val","Meningioma","","Meningioma/enh_2199.png","10","0.99994","0.95122","flip_h","False","0.999800415","0.774715","1.099273","47.308694","158899","0.94943927","266","True"
"2336","2805","Meningioma__enh_2034","train","Meningioma","","Meningioma/enh_2034.png","Meningioma__enh_984","test","Meningioma","","Meningioma/enh_984.png","10","0.999923","0.915254","flip_h","False","0.9997365","0.774776","1.116144","47.176400","155228","0.939591078","455","True"
"2342","2502","Meningioma__enh_2040","train","Meningioma","","Meningioma/enh_2040.png","Meningioma__enh_2200","val","Meningioma","","Meningioma/enh_2200.png","12","0.999941","0.932584","flip_h","False","0.999795644","0.795227","1.131664","47.056457","159841","0.96525838","199","True"
"2344","2807","Meningioma__enh_2042","train","Meningioma","","Meningioma/enh_2042.png","Meningioma__enh_986","test","Meningioma","","Meningioma/enh_986.png","10","0.999894","0.833333","flip_h","False","0.999683871","0.729961","1.069979","47.543297","149317","0.861248455","898","False"
"2347","2540","Meningioma__enh_2045","train","Meningioma","","Meningioma/enh_2045.png","Meningioma__enh_2238","val","Meningioma","","Meningioma/enh_2238.png","10","0.999905","0.973684","flip_h","False","0.99970601","0.784592","1.120042","47.146119","159360","0.930809931","170","True"
"2348","2808","Meningioma__enh_2046","train","Meningioma","","Meningioma/enh_2046.png","Meningioma__enh_987","test","Meningioma","","Meningioma/enh_987.png","7","0.999923","0.730769","flip_h","True","0.99975464","0.801075","1.135999","47.023247","161088","0.821451104","283","False"
"2353","2795","Meningioma__enh_2051","val","Meningioma","","Meningioma/enh_2051.png","Meningioma__enh_974","test","Meningioma","","Meningioma/enh_974.png","10","0.999933","0.974359","flip_h","False","0.999773141","0.780098","1.123768","47.117267","156369","0.958870968","204","True"
"2356","2546","Meningioma__enh_2054","val","Meningioma","","Meningioma/enh_2054.png","Meningioma__enh_2244","train","Meningioma","","Meningioma/enh_2244.png","9","0.999932","0.918919","flip_h","False","0.999784555","0.778065","1.0961","47.333800","159877","0.877525773","297","False"
"2359","2811","Meningioma__enh_2057","train","Meningioma","","Meningioma/enh_2057.png","Meningioma__enh_990","test","Meningioma","","Meningioma/enh_990.png","8","0.999922","0.88764","flip_h","True","0.999758011","0.796555","1.127642","47.087381","160482","0.88725142","635","False"
"2360","2549","Meningioma__enh_2058","train","Meningioma","","Meningioma/enh_2058.png","Meningioma__enh_2247","val","Meningioma","","Meningioma/enh_2247.png","12","0.999919","0.75","flip_h","False","0.999739862","0.796692","1.12772","47.086781","160351","0.748415623","1707","False"
"2371","2814","Meningioma__enh_2069","val","Meningioma","","Meningioma/enh_2069.png","Meningioma__enh_993","test","Meningioma","","Meningioma/enh_993.png","12","0.999944","0.940476","flip_h","False","0.999799052","0.816505","1.145711","46.949306","163702","0.912210846","463","True"
"2392","2573","Meningioma__enh_2090","val","Meningioma","","Meningioma/enh_2090.png","Meningioma__enh_2271","train","Meningioma","","Meningioma/enh_2271.png","12","0.999947","0.932584","flip_h","False","0.99982104","0.79084","1.119773","47.148206","160735","0.965742251","189","True"
"2394","2574","Meningioma__enh_2092","val","Meningioma","","Meningioma/enh_2092.png","Meningioma__enh_2272","train","Meningioma","","Meningioma/enh_2272.png","11","0.999894","0.893617","flip_h","False","0.999683483","0.744709","1.078905","47.471140","152240","0.839829676","489","False"
"2821","3104","Pituitary tumor__enh_1000","test","Pituitary tumor","","Pituitary tumor/enh_1000.png","Pituitary tumor__enh_1283","train","Pituitary tumor","","Pituitary tumor/enh_1283.png","8","0.999907","0.882353","flip_h","True","0.999638543","0.824615","1.196569","46.572047","156126","0.926059513","82","True"
"2825","3113","Pituitary tumor__enh_1004","test","Pituitary tumor","","Pituitary tumor/enh_1004.png","Pituitary tumor__enh_1292","val","Pituitary tumor","","Pituitary tumor/enh_1292.png","6","0.999938","0.870968","flip_h","True","0.999776215","0.639473","1.052109","47.689588","122618","0.917355372","160","True"
"2828","3121","Pituitary tumor__enh_1007","test","Pituitary tumor","","Pituitary tumor/enh_1007.png","Pituitary tumor__enh_1300","val","Pituitary tumor","","Pituitary tumor/enh_1300.png","10","0.999912","0.777778","flip_h","False","0.99969081","0.800552","1.158797","46.850653","155107","0.722789116","163","False"
"2829","3124","Pituitary tumor__enh_1008","test","Pituitary tumor","","Pituitary tumor/enh_1008.png","Pituitary tumor__enh_1303","train","Pituitary tumor","","Pituitary tumor/enh_1303.png","8","0.999928","0.92","flip_h","True","0.999759591","0.617516","1.027849","47.892220","119801","0.867203219","198","False"
"2830","3127","Pituitary tumor__enh_1009","test","Pituitary tumor","","Pituitary tumor/enh_1009.png","Pituitary tumor__enh_1306","val","Pituitary tumor","","Pituitary tumor/enh_1306.png","11","0.999882","0.758621","flip_h","False","0.999601911","0.788631","1.147628","46.934778","153475","0.85955362","258","False"
"2834","3134","Pituitary tumor__enh_1013","test","Pituitary tumor","","Pituitary tumor/enh_1013.png","Pituitary tumor__enh_1313","train","Pituitary tumor","","Pituitary tumor/enh_1313.png","11","0.999928","0.615385","flip_h","False","0.999734428","0.666565","1.088485","47.394356","125754","0.886430678","77","False"
"2835","3065","Pituitary tumor__enh_1014","test","Pituitary tumor","","Pituitary tumor/enh_1014.png","Pituitary tumor__enh_1244","train","Pituitary tumor","","Pituitary tumor/enh_1244.png","4","0.999907","0.754717","flip_h","True","0.999604465","0.691032","1.132624","47.049089","125966","0.769606347","755","False"
"2843","3149","Pituitary tumor__enh_1022","test","Pituitary tumor","","Pituitary tumor/enh_1022.png","Pituitary tumor__enh_1328","train","Pituitary tumor","","Pituitary tumor/enh_1328.png","9","0.999917","0.833333","flip_h","False","0.999694838","0.63113","1.054877","47.666764","119388","0.88372093","85","False"
"2844","3152","Pituitary tumor__enh_1023","test","Pituitary tumor","","Pituitary tumor/enh_1023.png","Pituitary tumor__enh_1331","train","Pituitary tumor","","Pituitary tumor/enh_1331.png","8","0.999931","0.555556","flip_h","True","0.99976998","0.581032","0.986021","48.253084","114843","0.559126743","727","False"
"2850","3165","Pituitary tumor__enh_1029","test","Pituitary tumor","","Pituitary tumor/enh_1029.png","Pituitary tumor__enh_1344","val","Pituitary tumor","","Pituitary tumor/enh_1344.png","5","0.999935","0.75","flip_h","True","0.999746084","0.638706","1.060169","47.623301","121191","0.770970095","628","False"
"2851","3167","Pituitary tumor__enh_1030","test","Pituitary tumor","","Pituitary tumor/enh_1030.png","Pituitary tumor__enh_1346","train","Pituitary tumor","","Pituitary tumor/enh_1346.png","12","0.999914","0.866667","flip_h","False","0.999712005","0.635895","1.040204","47.788436","123028","0.794253939","222","False"
"2858","3188","Pituitary tumor__enh_1037","test","Pituitary tumor","","Pituitary tumor/enh_1037.png","Pituitary tumor__enh_1367","train","Pituitary tumor","","Pituitary tumor/enh_1367.png","9","0.999944","0.7","flip_h","False","0.999814341","0.627373","1.023676","47.927553","123341","0.709098959","1314","False"
"2860","3193","Pituitary tumor__enh_1039","test","Pituitary tumor","","Pituitary tumor/enh_1039.png","Pituitary tumor__enh_1372","train","Pituitary tumor","","Pituitary tumor/enh_1372.png","10","0.999933","0.893617","flip_h","False","0.999748043","0.805702","1.172666","46.747319","154852","0.963054187","105","True"
"2861","3195","Pituitary tumor__enh_1040","test","Pituitary tumor","","Pituitary tumor/enh_1040.png","Pituitary tumor__enh_1374","train","Pituitary tumor","","Pituitary tumor/enh_1374.png","3","0.999938","0.96875","flip_h","True","0.999759276","0.646275","1.078852","47.471567","120723","0.9361167","127","True"
"2862","3198","Pituitary tumor__enh_1041","test","Pituitary tumor","","Pituitary tumor/enh_1041.png","Pituitary tumor__enh_1377","train","Pituitary tumor","","Pituitary tumor/enh_1377.png","8","0.999906","0.875","flip_h","True","0.999678066","0.635925","1.034942","47.832479","124193","0.913612565","132","True"
"2865","3788","Pituitary tumor__enh_1044","test","Pituitary tumor","","Pituitary tumor/enh_1044.png","Pituitary tumor__enh_1967","val","Pituitary tumor","","Pituitary tumor/enh_1967.png","7","0.999895","0.794118","flip_h","True","0.999597087","0.872311","1.22541","46.365177","166073","0.837242248","1034","False"
"2866","3791","Pituitary tumor__enh_1045","test","Pituitary tumor","","Pituitary tumor/enh_1045.png","Pituitary tumor__enh_1970","train","Pituitary tumor","","Pituitary tumor/enh_1970.png","2","0.999908","0.785714","flip_h","True","0.99955336","0.896614","1.297986","45.865401","160618","0.809695603","844","False"
"2867","3798","Pituitary tumor__enh_1046","test","Pituitary tumor","","Pituitary tumor/enh_1046.png","Pituitary tumor__enh_1977","val","Pituitary tumor","","Pituitary tumor/enh_1977.png","10","0.999882","0.7","flip_h","False","0.999547266","0.885624","1.225463","46.364802","169415","0.755154639","285","False"
"2868","3801","Pituitary tumor__enh_1047","test","Pituitary tumor","","Pituitary tumor/enh_1047.png","Pituitary tumor__enh_1980","train","Pituitary tumor","","Pituitary tumor/enh_1980.png","10","0.999729","0.842105","flip_h","False","0.998996225","0.829674","1.176278","46.720608","161081","0.843384338","174","False"
"2873","3617","Pituitary tumor__enh_1052","test","Pituitary tumor","","Pituitary tumor/enh_1052.png","Pituitary tumor__enh_1796","train","Pituitary tumor","","Pituitary tumor/enh_1796.png","3","0.999922","0.882353","flip_h","True","0.999674318","0.864174","1.246406","46.217613","159454","0.878490334","396","False"
"2874","3620","Pituitary tumor__enh_1053","test","Pituitary tumor","","Pituitary tumor/enh_1053.png","Pituitary tumor__enh_1799","train","Pituitary tumor","","Pituitary tumor/enh_1799.png","3","0.999919","0.230769","flip_h","True","0.999665759","0.843449","1.224229","46.373548","157585","0.272490222","558","False"
"2875","3624","Pituitary tumor__enh_1054","test","Pituitary tumor","","Pituitary tumor/enh_1054.png","Pituitary tumor__enh_1803","train","Pituitary tumor","","Pituitary tumor/enh_1803.png","5","0.999921","0.8","flip_h","True","0.999677708","0.852913","1.231875","46.319468","159211","0.796321839","443","False"
"2876","3628","Pituitary tumor__enh_1055","test","Pituitary tumor","","Pituitary tumor/enh_1055.png","Pituitary tumor__enh_1807","train","Pituitary tumor","","Pituitary tumor/enh_1807.png","6","0.999903","0.75","flip_h","True","0.999590655","0.857449","1.239167","46.268210","159035","0.730708661","1026","False"
"2877","3633","Pituitary tumor__enh_1056","test","Pituitary tumor","","Pituitary tumor/enh_1056.png","Pituitary tumor__enh_1812","train","Pituitary tumor","","Pituitary tumor/enh_1812.png","9","0.999917","0.838235","flip_h","False","0.999676075","0.87495","1.218204","46.416405","167790","0.85120038","626","False"
"2878","3637","Pituitary tumor__enh_1057","test","Pituitary tumor","","Pituitary tumor/enh_1057.png","Pituitary tumor__enh_1816","train","Pituitary tumor","","Pituitary tumor/enh_1816.png","7","0.999875","0.756757","flip_h","True","0.999546683","0.873875","1.193954","46.591053","172044","0.728476821","615","False"
"2879","3641","Pituitary tumor__enh_1058","test","Pituitary tumor","","Pituitary tumor/enh_1058.png","Pituitary tumor__enh_1820","val","Pituitary tumor","","Pituitary tumor/enh_1820.png","10","0.99988","0.41791","flip_h","False","0.999569322","0.854099","1.190578","46.615644","166478","0.433507615","2492","False"
"2881","3648","Pituitary tumor__enh_1060","test","Pituitary tumor","","Pituitary tumor/enh_1060.png","Pituitary tumor__enh_1827","train","Pituitary tumor","","Pituitary tumor/enh_1827.png","11","0.999907","0.902439","flip_h","False","0.999646328","0.710495","1.124417","47.112258","133018","0.916600477","210","True"
"2882","3652","Pituitary tumor__enh_1061","test","Pituitary tumor","","Pituitary tumor/enh_1061.png","Pituitary tumor__enh_1831","train","Pituitary tumor","","Pituitary tumor/enh_1831.png","3","0.999899","0.882353","flip_h","True","0.999618468","0.700508","1.100045","47.302597","133665","0.927059883","162","True"
"2884","3575","Pituitary tumor__enh_1063","test","Pituitary tumor","","Pituitary tumor/enh_1063.png","Pituitary tumor__enh_1754","train","Pituitary tumor","","Pituitary tumor/enh_1754.png","6","0.999919","0.837209","flip_h","True","0.999679446","0.847935","1.224619","46.370786","158926","0.874277457","348","False"
"2885","3610","Pituitary tumor__enh_1064","test","Pituitary tumor","","Pituitary tumor/enh_1064.png","Pituitary tumor__enh_1789","train","Pituitary tumor","","Pituitary tumor/enh_1789.png","7","0.999921","0.769231","flip_h","True","0.999690834","0.837559","1.219499","46.407172","156569","0.774725275","738","False"
"2886","3653","Pituitary tumor__enh_1065","test","Pituitary tumor","","Pituitary tumor/enh_1065.png","Pituitary tumor__enh_1832","val","Pituitary tumor","","Pituitary tumor/enh_1832.png","9","0.999882","0.75","flip_h","False","0.999542458","0.820435","1.198687","46.556685","155208","0.8775","196","False"
"2887","3661","Pituitary tumor__enh_1066","test","Pituitary tumor","","Pituitary tumor/enh_1066.png","Pituitary tumor__enh_1840","train","Pituitary tumor","","Pituitary tumor/enh_1840.png","8","0.99991","0.611111","flip_h","True","0.999656915","0.870945","1.215756","46.433878","167227","0.657886949","1156","False"
"2888","3665","Pituitary tumor__enh_1067","test","Pituitary tumor","","Pituitary tumor/enh_1067.png","Pituitary tumor__enh_1844","train","Pituitary tumor","","Pituitary tumor/enh_1844.png","9","0.999916","0.911111","flip_h","False","0.999707593","0.754963","1.11546","47.181723","149182","0.908038147","270","True"
"2889","3669","Pituitary tumor__enh_1068","test","Pituitary tumor","","Pituitary tumor/enh_1068.png","Pituitary tumor__enh_1848","train","Pituitary tumor","","Pituitary tumor/enh_1848.png","10","0.999909","0.909091","flip_h","False","0.999642853","0.81958","1.201815","46.534053","154556","0.908673176","318","True"
"2890","3673","Pituitary tumor__enh_1069","test","Pituitary tumor","","Pituitary tumor/enh_1069.png","Pituitary tumor__enh_1852","train","Pituitary tumor","","Pituitary tumor/enh_1852.png","5","0.999912","0.522222","flip_h","True","0.999650639","0.831524","1.205173","46.509815","157422","0.592766727","2252","False"
"2892","3517","Pituitary tumor__enh_1071","test","Pituitary tumor","","Pituitary tumor/enh_1071.png","Pituitary tumor__enh_1696","train","Pituitary tumor","","Pituitary tumor/enh_1696.png","9","0.999865","0.94382","flip_h","False","0.999505378","0.828621","1.184093","46.663086","159623","0.943236074","321","True"
"2893","3556","Pituitary tumor__enh_1072","test","Pituitary tumor","","Pituitary tumor/enh_1072.png","Pituitary tumor__enh_1735","train","Pituitary tumor","","Pituitary tumor/enh_1735.png","9","0.999854","0.961538","flip_h","False","0.999473831","0.873554","1.221028","46.396291","166953","0.918341709","130","True"
"2895","3676","Pituitary tumor__enh_1074","test","Pituitary tumor","","Pituitary tumor/enh_1074.png","Pituitary tumor__enh_1855","train","Pituitary tumor","","Pituitary tumor/enh_1855.png","7","0.999844","0.793333","flip_h","True","0.999444031","0.849083","1.196722","46.570936","163523","0.795931274","1936","False"
"2896","3679","Pituitary tumor__enh_1075","test","Pituitary tumor","","Pituitary tumor/enh_1075.png","Pituitary tumor__enh_1858","train","Pituitary tumor","","Pituitary tumor/enh_1858.png","2","0.999935","0.983607","flip_h","True","0.999649891","0.933914","1.343381","45.566820","164434","0.933349433","276","True"
"2897","3571","Pituitary tumor__enh_1076","test","Pituitary tumor","","Pituitary tumor/enh_1076.png","Pituitary tumor__enh_1750","train","Pituitary tumor","","Pituitary tumor/enh_1750.png","12","0.999928","0.953125","flip_h","False","0.999705847","0.890244","1.249444","46.196465","167245","0.914542021","362","True"
"2899","3681","Pituitary tumor__enh_1078","test","Pituitary tumor","","Pituitary tumor/enh_1078.png","Pituitary tumor__enh_1860","train","Pituitary tumor","","Pituitary tumor/enh_1860.png","3","0.999802","0.8","flip_h","True","0.99932663","0.828491","1.16496","46.804583","162820","0.8363047","303","False"
"2900","3684","Pituitary tumor__enh_1079","test","Pituitary tumor","","Pituitary tumor/enh_1079.png","Pituitary tumor__enh_1863","train","Pituitary tumor","","Pituitary tumor/enh_1863.png","10","0.999693","0.78125","flip_h","False","0.998898564","0.864616","1.192258","46.603401","168990","0.870341207","247","False"
"2903","3692","Pituitary tumor__enh_1082","test","Pituitary tumor","","Pituitary tumor/enh_1082.png","Pituitary tumor__enh_1871","train","Pituitary tumor","","Pituitary tumor/enh_1871.png","7","0.999889","0.9","flip_h","True","0.999573656","0.869587","1.217593","46.420761","166190","0.87823186","146","False"
"2904","3693","Pituitary tumor__enh_1083","test","Pituitary tumor","","Pituitary tumor/enh_1083.png","Pituitary tumor__enh_1872","train","Pituitary tumor","","Pituitary tumor/enh_1872.png","11","0.999911","0.794118","flip_h","False","0.999651338","0.857967","1.206347","46.501360","164807","0.814143246","410","False"
"2905","3698","Pituitary tumor__enh_1084","test","Pituitary tumor","","Pituitary tumor/enh_1084.png","Pituitary tumor__enh_1877","train","Pituitary tumor","","Pituitary tumor/enh_1877.png","3","0.99993","0.706897","flip_h","True","0.999720827","0.874676","1.228084","46.346243","166170","0.758001123","862","False"
"2906","3702","Pituitary tumor__enh_1085","test","Pituitary tumor","","Pituitary tumor/enh_1085.png","Pituitary tumor__enh_1881","train","Pituitary tumor","","Pituitary tumor/enh_1881.png","7","0.999895","0.893333","flip_h","True","0.999607546","0.819969","1.194942","46.583865","155430","0.919758233","385","True"
"2907","3580","Pituitary tumor__enh_1086","test","Pituitary tumor","","Pituitary tumor/enh_1086.png","Pituitary tumor__enh_1759","val","Pituitary tumor","","Pituitary tumor/enh_1759.png","5","0.999911","0.953704","flip_h","True","0.999665156","0.816727","1.186082","46.648506","155893","0.917057903","583","True"
"2908","3706","Pituitary tumor__enh_1087","test","Pituitary tumor","","Pituitary tumor/enh_1087.png","Pituitary tumor__enh_1885","train","Pituitary tumor","","Pituitary tumor/enh_1885.png","3","0.999868","0","flip_h","True","0.99949679","0.824257","1.19742","46.565872","156161","0","5393","False"
"2909","3710","Pituitary tumor__enh_1088","test","Pituitary tumor","","Pituitary tumor/enh_1088.png","Pituitary tumor__enh_1889","train","Pituitary tumor","","Pituitary tumor/enh_1889.png","9","0.999935","0.574257","flip_h","False","0.999738503","0.837898","1.216187","46.430797","157374","0.600163132","2451","False"
"2910","3713","Pituitary tumor__enh_1089","test","Pituitary tumor","","Pituitary tumor/enh_1089.png","Pituitary tumor__enh_1892","train","Pituitary tumor","","Pituitary tumor/enh_1892.png","9","0.9999","0.756757","flip_h","False","0.999620607","0.87611","1.217765","46.419532","168189","0.831730769","385","False"
"2911","3716","Pituitary tumor__enh_1090","test","Pituitary tumor","","Pituitary tumor/enh_1090.png","Pituitary tumor__enh_1895","train","Pituitary tumor","","Pituitary tumor/enh_1895.png","11","0.999911","0.930233","flip_h","False","0.999666996","0.805016","1.169712","46.769228","154821","0.946153846","147","True"
"2913","3498","Pituitary tumor__enh_1092","test","Pituitary tumor","","Pituitary tumor/enh_1092.png","Pituitary tumor__enh_1677","train","Pituitary tumor","","Pituitary tumor/enh_1677.png","12","0.999899","0.9125","flip_h","False","0.999621804","0.845413","1.188422","46.631393","164085","0.914473684","442","True"
"2917","3510","Pituitary tumor__enh_1096","test","Pituitary tumor","","Pituitary tumor/enh_1096.png","Pituitary tumor__enh_1689","train","Pituitary tumor","","Pituitary tumor/enh_1689.png","6","0.99994","0.954774","flip_h","True","0.999758825","0.816101","1.187519","46.637990","155586","0.959170854","520","True"
"2919","3584","Pituitary tumor__enh_1098","test","Pituitary tumor","","Pituitary tumor/enh_1098.png","Pituitary tumor__enh_1763","val","Pituitary tumor","","Pituitary tumor/enh_1763.png","7","0.999898","0.759259","flip_h","True","0.999620634","0.810585","1.185024","46.656262","154291","0.717889908","984","False"
"2923","3527","Pituitary tumor__enh_1102","test","Pituitary tumor","","Pituitary tumor/enh_1102.png","Pituitary tumor__enh_1706","val","Pituitary tumor","","Pituitary tumor/enh_1706.png","3","0.999893","1","flip_h","True","0.999581282","0.852516","1.245634","46.222991","157143","0.915970516","171","True"
"2924","3530","Pituitary tumor__enh_1103","test","Pituitary tumor","","Pituitary tumor/enh_1103.png","Pituitary tumor__enh_1709","val","Pituitary tumor","","Pituitary tumor/enh_1709.png","10","0.999904","0.769231","flip_h","False","0.999628614","0.82288","1.19061","46.615411","157259","0.569284065","373","False"
"2925","3532","Pituitary tumor__enh_1104","test","Pituitary tumor","","Pituitary tumor/enh_1104.png","Pituitary tumor__enh_1711","train","Pituitary tumor","","Pituitary tumor/enh_1711.png","8","0.999876","0.882353","flip_h","True","0.999509747","0.887234","1.236479","46.287067","168260","0.911290323","110","True"
"2927","3539","Pituitary tumor__enh_1106","test","Pituitary tumor","","Pituitary tumor/enh_1106.png","Pituitary tumor__enh_1718","train","Pituitary tumor","","Pituitary tumor/enh_1718.png","4","0.999922","0.912281","flip_h","True","0.999674254","0.838329","1.223506","46.378680","156209","0.93739658","227","True"
"2930","3544","Pituitary tumor__enh_1109","test","Pituitary tumor","","Pituitary tumor/enh_1109.png","Pituitary tumor__enh_1723","train","Pituitary tumor","","Pituitary tumor/enh_1723.png","6","0.999905","0.846154","flip_h","True","0.999623273","0.819977","1.191957","46.605593","155305","0.879851301","808","False"
"2931","3549","Pituitary tumor__enh_1110","test","Pituitary tumor","","Pituitary tumor/enh_1110.png","Pituitary tumor__enh_1728","train","Pituitary tumor","","Pituitary tumor/enh_1728.png","1","0.999895","0.828571","flip_h","True","0.999571847","0.830734","1.209749","46.476896","156203","0.808999521","399","False"
"2932","3553","Pituitary tumor__enh_1111","test","Pituitary tumor","","Pituitary tumor/enh_1111.png","Pituitary tumor__enh_1732","val","Pituitary tumor","","Pituitary tumor/enh_1732.png","12","0.999897","0.893333","flip_h","False","0.99957609","0.833244","1.204459","46.514962","157504","0.860942408","664","False"
"2934","3559","Pituitary tumor__enh_1113","test","Pituitary tumor","","Pituitary tumor/enh_1113.png","Pituitary tumor__enh_1738","train","Pituitary tumor","","Pituitary tumor/enh_1738.png","10","0.999891","0.928571","flip_h","False","0.99958162","0.879398","1.224111","46.374389","168147","0.882837693","327","False"
"2937","3461","Pituitary tumor__enh_1116","test","Pituitary tumor","","Pituitary tumor/enh_1116.png","Pituitary tumor__enh_1640","train","Pituitary tumor","","Pituitary tumor/enh_1640.png","9","0.999907","0.648148","flip_h","False","0.999620413","0.835411","1.213779","46.448013","156696","0.6424972","1277","False"
"2938","3463","Pituitary tumor__enh_1117","test","Pituitary tumor","","Pituitary tumor/enh_1117.png","Pituitary tumor__enh_1642","train","Pituitary tumor","","Pituitary tumor/enh_1642.png","12","0.99994","0.944444","flip_h","False","0.999760282","0.814484","1.185565","46.652299","155355","0.923639318","94","True"
"2939","3467","Pituitary tumor__enh_1118","test","Pituitary tumor","","Pituitary tumor/enh_1118.png","Pituitary tumor__enh_1646","train","Pituitary tumor","","Pituitary tumor/enh_1646.png","6","0.999925","0.481481","flip_h","True","0.999729072","0.768063","1.129391","47.073917","150251","0.498729352","789","False"
"2940","3471","Pituitary tumor__enh_1119","test","Pituitary tumor","","Pituitary tumor/enh_1119.png","Pituitary tumor__enh_1650","train","Pituitary tumor","","Pituitary tumor/enh_1650.png","9","0.99994","0.943262","flip_h","False","0.999771522","0.796555","1.172903","46.745560","152257","0.955275874","398","True"
"2941","3591","Pituitary tumor__enh_1120","test","Pituitary tumor","","Pituitary tumor/enh_1120.png","Pituitary tumor__enh_1770","train","Pituitary tumor","","Pituitary tumor/enh_1770.png","12","0.999923","0.588235","flip_h","False","0.999689498","0.868309","1.217479","46.421577","166059","0.624309392","1156","False"
"2942","3474","Pituitary tumor__enh_1121","test","Pituitary tumor","","Pituitary tumor/enh_1121.png","Pituitary tumor__enh_1653","train","Pituitary tumor","","Pituitary tumor/enh_1653.png","11","0.999883","0.895833","flip_h","False","0.999572659","0.835785","1.173251","46.742984","163539","0.91883221","253","True"
"2944","3488","Pituitary tumor__enh_1123","test","Pituitary tumor","","Pituitary tumor/enh_1123.png","Pituitary tumor__enh_1667","train","Pituitary tumor","","Pituitary tumor/enh_1667.png","11","0.999922","0.917808","flip_h","False","0.999688666","0.830574","1.207723","46.491456","156721","0.935215583","296","True"
"2945","3594","Pituitary tumor__enh_1124","test","Pituitary tumor","","Pituitary tumor/enh_1124.png","Pituitary tumor__enh_1773","train","Pituitary tumor","","Pituitary tumor/enh_1773.png","7","0.999895","0.8","flip_h","True","0.999598386","0.837311","1.184","46.663771","161898","0.764264264","471","False"
"2947","3601","Pituitary tumor__enh_1126","test","Pituitary tumor","","Pituitary tumor/enh_1126.png","Pituitary tumor__enh_1780","train","Pituitary tumor","","Pituitary tumor/enh_1780.png","3","0.99993","0.75","flip_h","True","0.999824706","1.012215","1.202123","46.531828","216633","0.834269663","236","False"
"2949","3606","Pituitary tumor__enh_1128","test","Pituitary tumor","","Pituitary tumor/enh_1128.png","Pituitary tumor__enh_1785","train","Pituitary tumor","","Pituitary tumor/enh_1785.png","5","0.999908","0.851351","flip_h","True","0.999640019","0.818371","1.192931","46.598497","155234","0.84168252","749","False"
"2950","3608","Pituitary tumor__enh_1129","test","Pituitary tumor","","Pituitary tumor/enh_1129.png","Pituitary tumor__enh_1787","train","Pituitary tumor","","Pituitary tumor/enh_1787.png","5","0.999903","0.830189","flip_h","True","0.99962697","0.872524","1.221419","46.393513","166744","0.846016647","518","False"
"2951","4294","Pituitary tumor__enh_1130","test","Pituitary tumor","","Pituitary tumor/enh_1130.png","Pituitary tumor__enh_2473","train","Pituitary tumor","","Pituitary tumor/enh_2473.png","1","0.99991","0.727273","flip_h","True","0.999704955","0.820404","1.1529","46.894973","162690","0.846846847","204","False"
"2952","4297","Pituitary tumor__enh_1131","test","Pituitary tumor","","Pituitary tumor/enh_1131.png","Pituitary tumor__enh_2476","val","Pituitary tumor","","Pituitary tumor/enh_2476.png","5","0.99988","1","flip_h","True","0.999633236","0.803757","1.120304","47.144085","162880","0.91345617","155","True"
"2953","4299","Pituitary tumor__enh_1132","test","Pituitary tumor","","Pituitary tumor/enh_1132.png","Pituitary tumor__enh_2478","train","Pituitary tumor","","Pituitary tumor/enh_2478.png","5","0.999896","0.933333","flip_h","True","0.999675475","0.811752","1.143908","46.962983","161844","0.935230618","132","True"
"2957","4220","Pituitary tumor__enh_1136","test","Pituitary tumor","","Pituitary tumor/enh_1136.png","Pituitary tumor__enh_2399","train","Pituitary tumor","","Pituitary tumor/enh_2399.png","5","0.999844","0.866667","flip_h","True","0.999478696","0.863407","1.214927","46.439800","165179","0.863378099","529","False"
"2958","4224","Pituitary tumor__enh_1137","test","Pituitary tumor","","Pituitary tumor/enh_1137.png","Pituitary tumor__enh_2403","train","Pituitary tumor","","Pituitary tumor/enh_2403.png","3","0.999869","0.890244","flip_h","True","0.999546258","0.886494","1.234256","46.302699","169069","0.951427439","245","True"
"2959","4142","Pituitary tumor__enh_1138","test","Pituitary tumor","","Pituitary tumor/enh_1138.png","Pituitary tumor__enh_2321","train","Pituitary tumor","","Pituitary tumor/enh_2321.png","8","0.999868","0.894737","flip_h","True","0.999528415","0.897335","1.252407","46.175894","168842","0.909017713","226","True"
"2961","4147","Pituitary tumor__enh_1140","test","Pituitary tumor","","Pituitary tumor/enh_1140.png","Pituitary tumor__enh_2326","train","Pituitary tumor","","Pituitary tumor/enh_2326.png","8","0.999908","0.928571","flip_h","True","0.999691257","0.817871","1.152923","46.894798","162212","0.964964592","188","True"
"2963","4154","Pituitary tumor__enh_1142","test","Pituitary tumor","","Pituitary tumor/enh_1142.png","Pituitary tumor__enh_2333","train","Pituitary tumor","","Pituitary tumor/enh_2333.png","6","0.999858","0.885714","flip_h","True","0.99951453","0.872055","1.216403","46.429251","168045","0.888484297","245","False"
"2965","4158","Pituitary tumor__enh_1144","test","Pituitary tumor","","Pituitary tumor/enh_1144.png","Pituitary tumor__enh_2337","train","Pituitary tumor","","Pituitary tumor/enh_2337.png","7","0.999893","0.526316","flip_h","True","0.999615296","0.866081","1.21782","46.419141","165157","0.530541012","538","False"
"2966","4162","Pituitary tumor__enh_1145","test","Pituitary tumor","","Pituitary tumor/enh_1145.png","Pituitary tumor__enh_2341","val","Pituitary tumor","","Pituitary tumor/enh_2341.png","7","0.999815","1","flip_h","True","0.999426278","0.932468","1.307423","45.802482","168901","0.885714286","128","False"
"2967","4166","Pituitary tumor__enh_1146","test","Pituitary tumor","","Pituitary tumor/enh_1146.png","Pituitary tumor__enh_2345","train","Pituitary tumor","","Pituitary tumor/enh_2345.png","5","0.999907","0.807018","flip_h","True","0.999712418","0.824921","1.14861","46.927350","164684","0.768315261","876","False"
"2968","4170","Pituitary tumor__enh_1147","test","Pituitary tumor","","Pituitary tumor/enh_1147.png","Pituitary tumor__enh_2349","train","Pituitary tumor","","Pituitary tumor/enh_2349.png","7","0.999914","0.595745","flip_h","True","0.999725863","0.79652","1.13494","47.031342","158961","0.595647596","1152","False"
"2970","4176","Pituitary tumor__enh_1149","test","Pituitary tumor","","Pituitary tumor/enh_1149.png","Pituitary tumor__enh_2355","val","Pituitary tumor","","Pituitary tumor/enh_2355.png","6","0.999792","0.911111","flip_h","True","0.999362252","0.862148","1.208442","46.486291","165841","0.913402062","252","True"
"2971","4179","Pituitary tumor__enh_1150","test","Pituitary tumor","","Pituitary tumor/enh_1150.png","Pituitary tumor__enh_2358","val","Pituitary tumor","","Pituitary tumor/enh_2358.png","5","0.999867","0.894737","flip_h","True","0.99956539","0.807487","1.133355","47.043488","161752","0.833081571","221","False"
"2972","4183","Pituitary tumor__enh_1151","test","Pituitary tumor","","Pituitary tumor/enh_1151.png","Pituitary tumor__enh_2362","train","Pituitary tumor","","Pituitary tumor/enh_2362.png","4","0.99991","0.9","flip_h","True","0.999695716","0.818424","1.146128","46.946139","163360","0.884678748","70","False"
"2975","4187","Pituitary tumor__enh_1154","test","Pituitary tumor","","Pituitary tumor/enh_1154.png","Pituitary tumor__enh_2366","train","Pituitary tumor","","Pituitary tumor/enh_2366.png","6","0.99987","1","flip_h","True","0.999543696","0.87648","1.21951","46.407094","168819","0.926132837","119","True"
"2976","4191","Pituitary tumor__enh_1155","test","Pituitary tumor","","Pituitary tumor/enh_1155.png","Pituitary tumor__enh_2370","val","Pituitary tumor","","Pituitary tumor/enh_2370.png","7","0.999867","0.724138","flip_h","True","0.99953985","0.895695","1.240889","46.256143","171104","0.655605832","685","False"
"2977","4195","Pituitary tumor__enh_1156","test","Pituitary tumor","","Pituitary tumor/enh_1156.png","Pituitary tumor__enh_2374","train","Pituitary tumor","","Pituitary tumor/enh_2374.png","6","0.999902","0.83871","flip_h","True","0.999632905","0.871391","1.22172","46.391371","166812","0.803229062","390","False"
"2978","4199","Pituitary tumor__enh_1157","test","Pituitary tumor","","Pituitary tumor/enh_1157.png","Pituitary tumor__enh_2378","train","Pituitary tumor","","Pituitary tumor/enh_2378.png","10","0.99989","0.888889","flip_h","False","0.999625319","0.826229","1.168189","46.780540","162146","0.880592593","403","False"
"2979","4203","Pituitary tumor__enh_1158","test","Pituitary tumor","","Pituitary tumor/enh_1158.png","Pituitary tumor__enh_2382","train","Pituitary tumor","","Pituitary tumor/enh_2382.png","5","0.999863","0.928571","flip_h","True","0.999517864","0.88028","1.231148","46.324602","167822","0.877906977","231","False"
"2980","4205","Pituitary tumor__enh_1159","test","Pituitary tumor","","Pituitary tumor/enh_1159.png","Pituitary tumor__enh_2384","train","Pituitary tumor","","Pituitary tumor/enh_2384.png","4","0.99991","0.875","flip_h","True","0.999680326","0.848137","1.186546","46.645115","165702","0.855932203","221","False"
"2982","4209","Pituitary tumor__enh_1161","test","Pituitary tumor","","Pituitary tumor/enh_1161.png","Pituitary tumor__enh_2388","train","Pituitary tumor","","Pituitary tumor/enh_2388.png","8","0.999897","1","flip_h","True","0.999683874","0.807709","1.138409","47.004838","161525","0.930781759","85","True"
"2987","4068","Pituitary tumor__enh_1166","test","Pituitary tumor","","Pituitary tumor/enh_1166.png","Pituitary tumor__enh_2247","train","Pituitary tumor","","Pituitary tumor/enh_2247.png","5","0.99986","0.945946","flip_h","True","0.999529051","0.869114","1.213582","46.449419","166767","0.915027208","203","True"
"2988","4072","Pituitary tumor__enh_1167","test","Pituitary tumor","","Pituitary tumor/enh_1167.png","Pituitary tumor__enh_2251","train","Pituitary tumor","","Pituitary tumor/enh_2251.png","5","0.999888","0.5","flip_h","True","0.999601021","0.841167","1.188709","46.629294","163489","0.554768846","1069","False"
"2989","4076","Pituitary tumor__enh_1168","test","Pituitary tumor","","Pituitary tumor/enh_1168.png","Pituitary tumor__enh_2255","train","Pituitary tumor","","Pituitary tumor/enh_2255.png","1","0.999876","0.891892","flip_h","True","0.999580798","0.83625","1.177904","46.708603","163387","0.940346084","131","True"
"2990","4080","Pituitary tumor__enh_1169","test","Pituitary tumor","","Pituitary tumor/enh_1169.png","Pituitary tumor__enh_2259","train","Pituitary tumor","","Pituitary tumor/enh_2259.png","8","0.999939","0.785714","flip_h","True","0.999779388","0.843555","1.166899","46.790141","167522","0.871410737","103","False"
"2991","4084","Pituitary tumor__enh_1170","test","Pituitary tumor","","Pituitary tumor/enh_1170.png","Pituitary tumor__enh_2263","train","Pituitary tumor","","Pituitary tumor/enh_2263.png","9","0.999868","0.923077","flip_h","False","0.999529908","0.888714","1.240972","46.255562","168288","0.79825518","185","False"
"2992","4088","Pituitary tumor__enh_1171","test","Pituitary tumor","","Pituitary tumor/enh_1171.png","Pituitary tumor__enh_2267","train","Pituitary tumor","","Pituitary tumor/enh_2267.png","12","0.999904","0.714286","flip_h","False","0.999643107","0.888981","1.233802","46.305897","170015","0.787810384","188","False"
"2993","4092","Pituitary tumor__enh_1172","test","Pituitary tumor","","Pituitary tumor/enh_1172.png","Pituitary tumor__enh_2271","train","Pituitary tumor","","Pituitary tumor/enh_2271.png","9","0.999814","0.6875","flip_h","False","0.999365562","0.833649","1.18261","46.673970","162686","0.763374486","230","False"
"2994","4096","Pituitary tumor__enh_1173","test","Pituitary tumor","","Pituitary tumor/enh_1173.png","Pituitary tumor__enh_2275","train","Pituitary tumor","","Pituitary tumor/enh_2275.png","6","0.999866","0.956522","flip_h","True","0.999503976","0.868793","1.23039","46.329950","164661","0.912374582","131","True"
"2995","4100","Pituitary tumor__enh_1174","test","Pituitary tumor","","Pituitary tumor/enh_1174.png","Pituitary tumor__enh_2279","val","Pituitary tumor","","Pituitary tumor/enh_2279.png","3","0.999842","0.84","flip_h","True","0.999471704","0.871323","1.213081","46.453008","167935","0.892466194","167","False"
"2996","4102","Pituitary tumor__enh_1175","test","Pituitary tumor","","Pituitary tumor/enh_1175.png","Pituitary tumor__enh_2281","train","Pituitary tumor","","Pituitary tumor/enh_2281.png","4","0.999915","0.619048","flip_h","True","0.999656613","0.887058","1.244355","46.231916","167933","0.602316602","515","False"
"2997","4106","Pituitary tumor__enh_1176","test","Pituitary tumor","","Pituitary tumor/enh_1176.png","Pituitary tumor__enh_2285","train","Pituitary tumor","","Pituitary tumor/enh_2285.png","4","0.999895","0.924528","flip_h","True","0.999606715","0.905132","1.254203","46.163448","170805","0.891380315","373","False"
"2998","4110","Pituitary tumor__enh_1177","test","Pituitary tumor","","Pituitary tumor/enh_1177.png","Pituitary tumor__enh_2289","train","Pituitary tumor","","Pituitary tumor/enh_2289.png","4","0.999839","0.593407","flip_h","True","0.999529304","0.800053","1.131696","47.056211","160377","0.593232044","2356","False"
"2999","4114","Pituitary tumor__enh_1178","test","Pituitary tumor","","Pituitary tumor/enh_1178.png","Pituitary tumor__enh_2293","train","Pituitary tumor","","Pituitary tumor/enh_2293.png","5","0.999877","0.888889","flip_h","True","0.999629169","0.824493","1.160781","46.835799","162635","0.920451258","275","True"
"3001","4121","Pituitary tumor__enh_1180","test","Pituitary tumor","","Pituitary tumor/enh_1180.png","Pituitary tumor__enh_2300","train","Pituitary tumor","","Pituitary tumor/enh_2300.png","9","0.999901","0.965517","flip_h","False","0.999693681","0.799938","1.126611","47.095322","161337","0.945732052","96","True"
"3002","4125","Pituitary tumor__enh_1181","test","Pituitary tumor","","Pituitary tumor/enh_1181.png","Pituitary tumor__enh_2304","train","Pituitary tumor","","Pituitary tumor/enh_2304.png","3","0.999867","0.857143","flip_h","True","0.999536999","0.882423","1.236268","46.288551","167641","0.918994413","116","True"
"3003","4128","Pituitary tumor__enh_1182","test","Pituitary tumor","","Pituitary tumor/enh_1182.png","Pituitary tumor__enh_2307","train","Pituitary tumor","","Pituitary tumor/enh_2307.png","10","0.999915","0.941176","flip_h","False","0.999718035","0.825245","1.164474","46.808210","162627","0.936413541","139","True"
"3004","4132","Pituitary tumor__enh_1183","test","Pituitary tumor","","Pituitary tumor/enh_1183.png","Pituitary tumor__enh_2311","train","Pituitary tumor","","Pituitary tumor/enh_2311.png","5","0.99989","0.630769","flip_h","True","0.999605702","0.864471","1.22557","46.364041","163774","0.59587233","1684","False"
"3005","4136","Pituitary tumor__enh_1184","test","Pituitary tumor","","Pituitary tumor/enh_1184.png","Pituitary tumor__enh_2315","train","Pituitary tumor","","Pituitary tumor/enh_2315.png","6","0.999906","0.8","flip_h","True","0.999676255","0.875488","1.218218","46.416305","168584","0.859515111","423","False"
"3006","4138","Pituitary tumor__enh_1185","test","Pituitary tumor","","Pituitary tumor/enh_1185.png","Pituitary tumor__enh_2317","train","Pituitary tumor","","Pituitary tumor/enh_2317.png","4","0.999894","0.58209","flip_h","True","0.999593616","0.879627","1.231533","46.321881","167244","0.673145295","1379","False"
"3007","3971","Pituitary tumor__enh_1186","test","Pituitary tumor","","Pituitary tumor/enh_1186.png","Pituitary tumor__enh_2150","val","Pituitary tumor","","Pituitary tumor/enh_2150.png","12","0.999909","0.809524","flip_h","False","0.999716554","0.792961","1.116289","47.175270","160478","0.819940476","242","False"
"3009","3978","Pituitary tumor__enh_1188","test","Pituitary tumor","","Pituitary tumor/enh_1188.png","Pituitary tumor__enh_2157","train","Pituitary tumor","","Pituitary tumor/enh_2157.png","6","0.999918","0.945813","flip_h","True","0.999725485","0.80637","1.136392","47.020244","161264","0.956541769","566","True"
"3011","3985","Pituitary tumor__enh_1190","test","Pituitary tumor","","Pituitary tumor/enh_1190.png","Pituitary tumor__enh_2164","train","Pituitary tumor","","Pituitary tumor/enh_2164.png","4","0.999861","0.959459","flip_h","True","0.999502033","0.898472","1.247157","46.212380","170211","0.936695724","305","True"
"3012","3989","Pituitary tumor__enh_1191","test","Pituitary tumor","","Pituitary tumor/enh_1191.png","Pituitary tumor__enh_2168","train","Pituitary tumor","","Pituitary tumor/enh_2168.png","11","0.999894","0.235294","flip_h","False","0.999622517","0.88448","1.231264","46.323782","168820","0.302262443","771","False"
"3013","3993","Pituitary tumor__enh_1192","test","Pituitary tumor","","Pituitary tumor/enh_1192.png","Pituitary tumor__enh_2172","train","Pituitary tumor","","Pituitary tumor/enh_2172.png","9","0.999887","0.961538","flip_h","False","0.999591188","0.868343","1.215153","46.438184","166061","0.923778851","142","True"
"3014","3997","Pituitary tumor__enh_1193","test","Pituitary tumor","","Pituitary tumor/enh_1193.png","Pituitary tumor__enh_2176","train","Pituitary tumor","","Pituitary tumor/enh_2176.png","7","0.999846","0.833333","flip_h","True","0.999562296","0.811024","1.137314","47.013194","162215","0.887149918","137","False"
"3015","4001","Pituitary tumor__enh_1194","test","Pituitary tumor","","Pituitary tumor/enh_1194.png","Pituitary tumor__enh_2180","val","Pituitary tumor","","Pituitary tumor/enh_2180.png","6","0.999864","0.916667","flip_h","True","0.999602288","0.791985","1.130163","47.067985","157448","0.835784314","134","False"
"3016","4005","Pituitary tumor__enh_1195","test","Pituitary tumor","","Pituitary tumor/enh_1195.png","Pituitary tumor__enh_2184","val","Pituitary tumor","","Pituitary tumor/enh_2184.png","7","0.99992","0.888889","flip_h","True","0.99973756","0.805702","1.133065","47.045707","162056","0.877408056","70","False"
"3017","4008","Pituitary tumor__enh_1196","test","Pituitary tumor","","Pituitary tumor/enh_1196.png","Pituitary tumor__enh_2187","train","Pituitary tumor","","Pituitary tumor/enh_2187.png","7","0.999881","1","flip_h","True","0.999530192","0.895859","1.255812","46.152309","168473","0.900826446","72","True"
"3018","4012","Pituitary tumor__enh_1197","test","Pituitary tumor","","Pituitary tumor/enh_1197.png","Pituitary tumor__enh_2191","val","Pituitary tumor","","Pituitary tumor/enh_2191.png","4","0.999879","0.625","flip_h","True","0.999533207","0.880096","1.231346","46.323203","167175","0.848543689","78","False"
"3019","4016","Pituitary tumor__enh_1198","test","Pituitary tumor","","Pituitary tumor/enh_1198.png","Pituitary tumor__enh_2195","train","Pituitary tumor","","Pituitary tumor/enh_2195.png","6","0.999892","0.909091","flip_h","True","0.999650812","0.798996","1.130595","47.064666","160117","0.916787265","345","True"
"3023","4025","Pituitary tumor__enh_1202","test","Pituitary tumor","","Pituitary tumor/enh_1202.png","Pituitary tumor__enh_2204","train","Pituitary tumor","","Pituitary tumor/enh_2204.png","9","0.999907","0.791667","flip_h","False","0.999663511","0.831753","1.180164","46.691954","161384","0.84807418","213","False"
"3024","4028","Pituitary tumor__enh_1203","test","Pituitary tumor","","Pituitary tumor/enh_1203.png","Pituitary tumor__enh_2207","train","Pituitary tumor","","Pituitary tumor/enh_2207.png","9","0.999935","0.7","flip_h","False","0.999773853","0.811501","1.14873","46.926446","160736","0.88028169","68","False"
"3025","4032","Pituitary tumor__enh_1204","test","Pituitary tumor","","Pituitary tumor/enh_1204.png","Pituitary tumor__enh_2211","val","Pituitary tumor","","Pituitary tumor/enh_2211.png","8","0.999913","0.928571","flip_h","True","0.999712033","0.812065","1.140715","46.987258","162929","0.918072289","68","True"
"3026","4036","Pituitary tumor__enh_1205","test","Pituitary tumor","","Pituitary tumor/enh_1205.png","Pituitary tumor__enh_2215","train","Pituitary tumor","","Pituitary tumor/enh_2215.png","5","0.99976","0.923077","flip_h","True","0.999220579","0.853371","1.194291","46.588602","165737","0.897029703","260","False"
"3027","4040","Pituitary tumor__enh_1206","test","Pituitary tumor","","Pituitary tumor/enh_1206.png","Pituitary tumor__enh_2219","val","Pituitary tumor","","Pituitary tumor/enh_2219.png","6","0.999854","0.714286","flip_h","True","0.999457859","0.904118","1.256494","46.147595","170122","0.825966851","126","False"
"3028","4042","Pituitary tumor__enh_1207","test","Pituitary tumor","","Pituitary tumor/enh_1207.png","Pituitary tumor__enh_2221","val","Pituitary tumor","","Pituitary tumor/enh_2221.png","6","0.999864","0.666667","flip_h","True","0.999511515","0.870438","1.219354","46.408208","166148","0.792763158","63","False"
"3029","4045","Pituitary tumor__enh_1208","test","Pituitary tumor","","Pituitary tumor/enh_1208.png","Pituitary tumor__enh_2224","train","Pituitary tumor","","Pituitary tumor/enh_2224.png","10","0.999924","0.941176","flip_h","False","0.999744783","0.819592","1.151312","46.906942","162617","0.915978774","285","True"
"3030","4048","Pituitary tumor__enh_1209","test","Pituitary tumor","","Pituitary tumor/enh_1209.png","Pituitary tumor__enh_2227","val","Pituitary tumor","","Pituitary tumor/enh_2227.png","11","0.999935","0.823529","flip_h","False","0.99978782","0.784843","1.121839","47.132195","157179","0.845106383","182","False"
"3031","4052","Pituitary tumor__enh_1210","test","Pituitary tumor","","Pituitary tumor/enh_1210.png","Pituitary tumor__enh_2231","train","Pituitary tumor","","Pituitary tumor/enh_2231.png","12","0.999931","0.944444","flip_h","False","0.999774576","0.802578","1.133662","47.041128","161171","0.897251586","243","False"
"3032","4056","Pituitary tumor__enh_1211","test","Pituitary tumor","","Pituitary tumor/enh_1211.png","Pituitary tumor__enh_2235","val","Pituitary tumor","","Pituitary tumor/enh_2235.png","8","0.999918","0.416667","flip_h","True","0.999738122","0.799431","1.120124","47.145485","162206","0.406643018","1840","False"
"3033","4060","Pituitary tumor__enh_1212","test","Pituitary tumor","","Pituitary tumor/enh_1212.png","Pituitary tumor__enh_2239","train","Pituitary tumor","","Pituitary tumor/enh_2239.png","10","0.999926","0.95","flip_h","False","0.999757037","0.81654","1.142728","46.971944","163627","0.94375581","363","True"
"3034","4064","Pituitary tumor__enh_1213","test","Pituitary tumor","","Pituitary tumor/enh_1213.png","Pituitary tumor__enh_2243","train","Pituitary tumor","","Pituitary tumor/enh_2243.png","3","0.99993","0.884058","flip_h","True","0.999766868","0.805813","1.135004","47.030854","161779","0.878478002","511","False"
"3035","3958","Pituitary tumor__enh_1214","test","Pituitary tumor","","Pituitary tumor/enh_1214.png","Pituitary tumor__enh_2137","val","Pituitary tumor","","Pituitary tumor/enh_2137.png","6","0.999876","0.954545","flip_h","True","0.999556435","0.88649","1.234872","46.298362","168969","0.937530384","257","True"
"3036","3962","Pituitary tumor__enh_1215","test","Pituitary tumor","","Pituitary tumor/enh_1215.png","Pituitary tumor__enh_2141","train","Pituitary tumor","","Pituitary tumor/enh_2141.png","4","0.999931","0.888889","flip_h","True","0.999752477","0.83849","1.179641","46.695809","163847","0.936175778","244","True"
"3037","4532","Pituitary tumor__enh_1216","train","Pituitary tumor","","Pituitary tumor/enh_1216.png","Pituitary tumor__enh_989","test","Pituitary tumor","","Pituitary tumor/enh_989.png","11","0.999943","0.882353","flip_h","False","0.999785003","0.652809","1.08374","47.432303","122613","0.874777975","141","False"
"3046","3313","Pituitary tumor__enh_1225","train","Pituitary tumor","","Pituitary tumor/enh_1225.png","Pituitary tumor__enh_1492","val","Pituitary tumor","","Pituitary tumor/enh_1492.png","9","0.999922","0.954545","flip_h","False","0.999720816","0.792702","1.167299","46.787161","151700","0.937138728","87","True"
"3047","3314","Pituitary tumor__enh_1226","train","Pituitary tumor","","Pituitary tumor/enh_1226.png","Pituitary tumor__enh_1493","val","Pituitary tumor","","Pituitary tumor/enh_1493.png","12","0.999919","0.95","flip_h","False","0.999717146","0.802429","1.167126","46.788450","154535","0.923622047","97","True"
"3050","4515","Pituitary tumor__enh_1229","train","Pituitary tumor","","Pituitary tumor/enh_1229.png","Pituitary tumor__enh_972","test","Pituitary tumor","","Pituitary tumor/enh_972.png","12","0.999891","0.947368","flip_h","False","0.99964218","0.771221","1.12907","47.076385","151215","0.867306155","166","False"
"3055","4516","Pituitary tumor__enh_1234","train","Pituitary tumor","","Pituitary tumor/enh_1234.png","Pituitary tumor__enh_973","test","Pituitary tumor","","Pituitary tumor/enh_973.png","7","0.999918","0.826087","flip_h","True","0.999721222","0.61261","1.012405","48.023720","120411","0.857579023","793","False"
"3056","3258","Pituitary tumor__enh_1235","train","Pituitary tumor","","Pituitary tumor/enh_1235.png","Pituitary tumor__enh_1437","val","Pituitary tumor","","Pituitary tumor/enh_1437.png","9","0.999894","0.873563","flip_h","False","0.999681638","0.59507","0.979324","48.312274","119379","0.873565312","694","False"
"3057","3259","Pituitary tumor__enh_1236","val","Pituitary tumor","","Pituitary tumor/enh_1236.png","Pituitary tumor__enh_1438","train","Pituitary tumor","","Pituitary tumor/enh_1438.png","8","0.9999","0.818182","flip_h","True","0.999698513","0.599392","0.981657","48.291611","120491","0.826724731","756","False"
"3058","4523","Pituitary tumor__enh_1237","val","Pituitary tumor","","Pituitary tumor/enh_1237.png","Pituitary tumor__enh_980","test","Pituitary tumor","","Pituitary tumor/enh_980.png","7","0.999902","0.931034","flip_h","True","0.999622813","0.823986","1.196309","46.573933","155756","0.910100476","170","True"
"3059","3322","Pituitary tumor__enh_1238","val","Pituitary tumor","","Pituitary tumor/enh_1238.png","Pituitary tumor__enh_1501","train","Pituitary tumor","","Pituitary tumor/enh_1501.png","9","0.999886","0.9","flip_h","False","0.999575547","0.820797","1.195534","46.579563","155085","0.936213161","158","True"
"3061","3358","Pituitary tumor__enh_1240","train","Pituitary tumor","","Pituitary tumor/enh_1240.png","Pituitary tumor__enh_1537","val","Pituitary tumor","","Pituitary tumor/enh_1537.png","7","0.999936","0.867925","flip_h","True","0.999702154","0.713284","1.171541","46.755652","127252","0.87703222","416","False"
"3067","4533","Pituitary tumor__enh_1246","train","Pituitary tumor","","Pituitary tumor/enh_1246.png","Pituitary tumor__enh_990","test","Pituitary tumor","","Pituitary tumor/enh_990.png","3","0.999935","0.770833","flip_h","True","0.999714339","0.690502","1.129914","47.069892","125924","0.819633943","542","False"
"3069","3315","Pituitary tumor__enh_1248","val","Pituitary tumor","","Pituitary tumor/enh_1248.png","Pituitary tumor__enh_1494","train","Pituitary tumor","","Pituitary tumor/enh_1494.png","10","0.999937","0.893617","flip_h","False","0.999767399","0.620144","1.055333","47.663014","117104","0.905755851","298","True"
"3070","4537","Pituitary tumor__enh_1249","train","Pituitary tumor","","Pituitary tumor/enh_1249.png","Pituitary tumor__enh_994","test","Pituitary tumor","","Pituitary tumor/enh_994.png","8","0.999926","0.965517","flip_h","True","0.999730349","0.577465","1.01832","47.973117","108701","0.937203166","238","True"
"3072","3317","Pituitary tumor__enh_1251","train","Pituitary tumor","","Pituitary tumor/enh_1251.png","Pituitary tumor__enh_1496","val","Pituitary tumor","","Pituitary tumor/enh_1496.png","8","0.99992","0.923077","flip_h","True","0.999728259","0.543747","0.965729","48.433698","105056","0.854462763","256","False"
"3074","4538","Pituitary tumor__enh_1253","train","Pituitary tumor","","Pituitary tumor/enh_1253.png","Pituitary tumor__enh_995","test","Pituitary tumor","","Pituitary tumor/enh_995.png","12","0.999925","0.826087","flip_h","False","0.999734366","0.771606","1.136527","47.019205","149717","0.751985339","406","False"
"3078","3457","Pituitary tumor__enh_1257","val","Pituitary tumor","","Pituitary tumor/enh_1257.png","Pituitary tumor__enh_1636","train","Pituitary tumor","","Pituitary tumor/enh_1636.png","9","0.999937","0.731707","flip_h","False","0.999780058","0.592384","1.003116","48.103784","115108","0.769094139","650","False"
"3083","3243","Pituitary tumor__enh_1262","train","Pituitary tumor","","Pituitary tumor/enh_1262.png","Pituitary tumor__enh_1422","val","Pituitary tumor","","Pituitary tumor/enh_1422.png","10","0.999937","1","flip_h","False","0.99977644","0.621925","1.035808","47.825216","119674","0.912273476","213","True"
"3084","4513","Pituitary tumor__enh_1263","train","Pituitary tumor","","Pituitary tumor/enh_1263.png","Pituitary tumor__enh_970","test","Pituitary tumor","","Pituitary tumor/enh_970.png","2","0.99994","0.8","flip_h","True","0.999794284","0.600117","0.998009","48.148117","117883","0.874380165","228","False"
"3086","3246","Pituitary tumor__enh_1265","val","Pituitary tumor","","Pituitary tumor/enh_1265.png","Pituitary tumor__enh_1425","train","Pituitary tumor","","Pituitary tumor/enh_1425.png","3","0.999936","0.25","flip_h","True","0.999725874","0.668991","1.097684","47.321257","123695","0.240955392","2161","False"
"3092","4539","Pituitary tumor__enh_1271","train","Pituitary tumor","","Pituitary tumor/enh_1271.png","Pituitary tumor__enh_996","test","Pituitary tumor","","Pituitary tumor/enh_996.png","8","0.99995","0.416667","flip_h","True","0.999813896","0.631012","1.050178","47.705542","120218","0.44239338","876","False"
"3093","3306","Pituitary tumor__enh_1272","val","Pituitary tumor","","Pituitary tumor/enh_1272.png","Pituitary tumor__enh_1485","train","Pituitary tumor","","Pituitary tumor/enh_1485.png","10","0.999934","0.732394","flip_h","False","0.999747261","0.818058","1.185232","46.654740","156507","0.715770847","1285","False"
"3101","4542","Pituitary tumor__enh_1280","train","Pituitary tumor","","Pituitary tumor/enh_1280.png","Pituitary tumor__enh_999","test","Pituitary tumor","","Pituitary tumor/enh_999.png","5","0.999885","0.490909","flip_h","True","0.999600135","0.613327","1.027812","47.892534","119394","0.532673861","1559","False"
"3108","3339","Pituitary tumor__enh_1287","train","Pituitary tumor","","Pituitary tumor/enh_1287.png","Pituitary tumor__enh_1518","val","Pituitary tumor","","Pituitary tumor/enh_1518.png","11","0.99992","0.857143","flip_h","False","0.999707201","0.797108","1.15899","46.849210","154692","0.840756799","404","False"
"3111","3342","Pituitary tumor__enh_1290","train","Pituitary tumor","","Pituitary tumor/enh_1290.png","Pituitary tumor__enh_1521","val","Pituitary tumor","","Pituitary tumor/enh_1521.png","9","0.999945","0.853333","flip_h","False","0.99979392","0.649055","1.078387","47.475312","121718","0.831065025","782","False"
"3116","3348","Pituitary tumor__enh_1295","val","Pituitary tumor","","Pituitary tumor/enh_1295.png","Pituitary tumor__enh_1527","train","Pituitary tumor","","Pituitary tumor/enh_1527.png","7","0.999944","0.843137","flip_h","True","0.999793863","0.616665","1.048959","47.715633","116371","0.899908731","329","False"
"3117","3349","Pituitary tumor__enh_1296","val","Pituitary tumor","","Pituitary tumor/enh_1296.png","Pituitary tumor__enh_1528","train","Pituitary tumor","","Pituitary tumor/enh_1528.png","11","0.999944","0.914894","flip_h","False","0.999786631","0.643505","1.070781","47.536790","121544","0.907494936","274","True"
"3122","3355","Pituitary tumor__enh_1301","val","Pituitary tumor","","Pituitary tumor/enh_1301.png","Pituitary tumor__enh_1534","train","Pituitary tumor","","Pituitary tumor/enh_1534.png","9","0.999923","0.875","flip_h","False","0.999747964","0.608906","1.009622","48.047627","119882","0.906930693","141","True"
"3132","3370","Pituitary tumor__enh_1311","val","Pituitary tumor","","Pituitary tumor/enh_1311.png","Pituitary tumor__enh_1549","train","Pituitary tumor","","Pituitary tumor/enh_1549.png","11","0.999928","0.857143","flip_h","False","0.999733444","0.807171","1.171362","46.756980","155877","0.900072939","137","True"
"3136","3376","Pituitary tumor__enh_1315","val","Pituitary tumor","","Pituitary tumor/enh_1315.png","Pituitary tumor__enh_1555","train","Pituitary tumor","","Pituitary tumor/enh_1555.png","6","0.999938","0.5","flip_h","True","0.999750923","0.661957","1.095694","47.337015","123016","0.508607199","314","False"
"3140","3381","Pituitary tumor__enh_1319","val","Pituitary tumor","","Pituitary tumor/enh_1319.png","Pituitary tumor__enh_1560","train","Pituitary tumor","","Pituitary tumor/enh_1560.png","3","0.999948","0.969388","flip_h","True","0.999818122","0.611206","1.01818","47.974316","118543","0.972477064","171","True"
"3147","3394","Pituitary tumor__enh_1326","val","Pituitary tumor","","Pituitary tumor/enh_1326.png","Pituitary tumor__enh_1573","train","Pituitary tumor","","Pituitary tumor/enh_1573.png","6","0.999933","0.452381","flip_h","True","0.99974871","0.634998","1.05834","47.638302","119837","0.466902655","1506","False"
"3153","3400","Pituitary tumor__enh_1332","val","Pituitary tumor","","Pituitary tumor/enh_1332.png","Pituitary tumor__enh_1579","train","Pituitary tumor","","Pituitary tumor/enh_1579.png","9","0.999921","0.736842","flip_h","False","0.999761848","0.62418","1.011977","48.027391","125185","0.816292602","221","False"
"3163","3414","Pituitary tumor__enh_1342","train","Pituitary tumor","","Pituitary tumor/enh_1342.png","Pituitary tumor__enh_1593","val","Pituitary tumor","","Pituitary tumor/enh_1593.png","4","0.99994","0.5","flip_h","True","0.999767681","0.646416","1.065103","47.582968","122404","0.475891512","2087","False"
"3166","3418","Pituitary tumor__enh_1345","train","Pituitary tumor","","Pituitary tumor/enh_1345.png","Pituitary tumor__enh_1597","val","Pituitary tumor","","Pituitary tumor/enh_1597.png","1","0.999926","0.84","flip_h","True","0.999710169","0.650772","1.07758","47.481813","122158","0.817912414","553","False"
"3168","3421","Pituitary tumor__enh_1347","val","Pituitary tumor","","Pituitary tumor/enh_1347.png","Pituitary tumor__enh_1600","train","Pituitary tumor","","Pituitary tumor/enh_1600.png","9","0.999914","0.787879","flip_h","False","0.999699132","0.649082","1.058152","47.639841","125036","0.872579919","283","False"
"3169","4534","Pituitary tumor__enh_1348","val","Pituitary tumor","","Pituitary tumor/enh_1348.png","Pituitary tumor__enh_991","test","Pituitary tumor","","Pituitary tumor/enh_991.png","11","0.999931","0.852941","flip_h","False","0.999737235","0.797077","1.166971","46.789606","153291","0.81047051","858","False"
"3171","3424","Pituitary tumor__enh_1350","train","Pituitary tumor","","Pituitary tumor/enh_1350.png","Pituitary tumor__enh_1603","val","Pituitary tumor","","Pituitary tumor/enh_1603.png","12","0.999901","0.634146","flip_h","False","0.999632995","0.819096","1.183682","46.666100","156669","0.621090909","1042","False"
"3172","3425","Pituitary tumor__enh_1351","train","Pituitary tumor","","Pituitary tumor/enh_1351.png","Pituitary tumor__enh_1604","val","Pituitary tumor","","Pituitary tumor/enh_1604.png","11","0.999884","0.902439","flip_h","False","0.999593095","0.809807","1.165078","46.803704","157195","0.896720694","274","False"
"3174","3427","Pituitary tumor__enh_1353","val","Pituitary tumor","","Pituitary tumor/enh_1353.png","Pituitary tumor__enh_1606","train","Pituitary tumor","","Pituitary tumor/enh_1606.png","8","0.999895","0.954545","flip_h","True","0.999624171","0.788467","1.150793","46.910856","153185","0.923179693","115","True"
"3175","3428","Pituitary tumor__enh_1354","val","Pituitary tumor","","Pituitary tumor/enh_1354.png","Pituitary tumor__enh_1607","train","Pituitary tumor","","Pituitary tumor/enh_1607.png","7","0.999899","0.869565","flip_h","True","0.999652522","0.782051","1.13804","47.007652","152910","0.889506602","159","False"
"3182","3435","Pituitary tumor__enh_1361","val","Pituitary tumor","","Pituitary tumor/enh_1361.png","Pituitary tumor__enh_1614","train","Pituitary tumor","","Pituitary tumor/enh_1614.png","10","0.999934","0.967742","flip_h","False","0.999748005","0.656891","1.07263","47.521803","124410","0.957932083","83","True"
"3183","3436","Pituitary tumor__enh_1362","val","Pituitary tumor","","Pituitary tumor/enh_1362.png","Pituitary tumor__enh_1615","train","Pituitary tumor","","Pituitary tumor/enh_1615.png","8","0.999947","0.393617","flip_h","True","0.999812112","0.628025","1.032993","47.848859","122402","0.400278212","3449","False"
"3191","3445","Pituitary tumor__enh_1370","val","Pituitary tumor","","Pituitary tumor/enh_1370.png","Pituitary tumor__enh_1624","train","Pituitary tumor","","Pituitary tumor/enh_1624.png","7","0.999938","0.807692","flip_h","True","0.999756611","0.81258","1.18103","46.685583","155489","0.761266748","784","False"
"3196","3451","Pituitary tumor__enh_1375","val","Pituitary tumor","","Pituitary tumor/enh_1375.png","Pituitary tumor__enh_1630","train","Pituitary tumor","","Pituitary tumor/enh_1630.png","7","0.999918","0.897436","flip_h","True","0.999709869","0.630573","1.049719","47.709344","120718","0.902818679","231","True"
"3200","3388","Pituitary tumor__enh_1379","train","Pituitary tumor","","Pituitary tumor/enh_1379.png","Pituitary tumor__enh_1567","val","Pituitary tumor","","Pituitary tumor/enh_1567.png","12","0.99988","0.886792","flip_h","False","0.99957018","0.793007","1.154864","46.880190","153393","0.897849462","342","False"
"3203","3255","Pituitary tumor__enh_1382","val","Pituitary tumor","","Pituitary tumor/enh_1382.png","Pituitary tumor__enh_1434","train","Pituitary tumor","","Pituitary tumor/enh_1434.png","5","0.999919","0.316667","flip_h","True","0.999679508","0.835957","1.206685","46.498924","158235","0.283856159","2808","False"
"3204","4517","Pituitary tumor__enh_1383","train","Pituitary tumor","","Pituitary tumor/enh_1383.png","Pituitary tumor__enh_974","test","Pituitary tumor","","Pituitary tumor/enh_974.png","7","0.999917","0.933333","flip_h","True","0.999700846","0.815239","1.179662","46.695655","156448","0.940250447","167","True"
"3205","3257","Pituitary tumor__enh_1384","train","Pituitary tumor","","Pituitary tumor/enh_1384.png","Pituitary tumor__enh_1436","val","Pituitary tumor","","Pituitary tumor/enh_1436.png","4","0.999914","0.877551","flip_h","True","0.999689914","0.785278","1.157025","46.863948","151390","0.93245366","215","True"
"3209","4519","Pituitary tumor__enh_1388","train","Pituitary tumor","","Pituitary tumor/enh_1388.png","Pituitary tumor__enh_976","test","Pituitary tumor","","Pituitary tumor/enh_976.png","9","0.999929","0.627907","flip_h","False","0.999734774","0.79953","1.172418","46.749150","152798","0.62614841","1058","False"
"3211","3265","Pituitary tumor__enh_1390","val","Pituitary tumor","","Pituitary tumor/enh_1390.png","Pituitary tumor__enh_1444","train","Pituitary tumor","","Pituitary tumor/enh_1444.png","9","0.999917","0.882353","flip_h","False","0.999696788","0.796593","1.162236","46.824919","153967","0.863232682","308","False"
"3212","4520","Pituitary tumor__enh_1391","train","Pituitary tumor","","Pituitary tumor/enh_1391.png","Pituitary tumor__enh_977","test","Pituitary tumor","","Pituitary tumor/enh_977.png","8","0.999913","0.863636","flip_h","True","0.999693184","0.78373","1.149128","46.923434","151477","0.91568915","115","True"
"3214","3269","Pituitary tumor__enh_1393","train","Pituitary tumor","","Pituitary tumor/enh_1393.png","Pituitary tumor__enh_1448","val","Pituitary tumor","","Pituitary tumor/enh_1448.png","7","0.999946","0.890244","flip_h","True","0.99979433","0.649399","1.076092","47.493815","122973","0.884499055","611","False"
"3216","3271","Pituitary tumor__enh_1395","val","Pituitary tumor","","Pituitary tumor/enh_1395.png","Pituitary tumor__enh_1450","train","Pituitary tumor","","Pituitary tumor/enh_1450.png","4","0.999894","0.96","flip_h","True","0.999675523","0.583267","0.979947","48.306750","116261","0.959367246","131","True"
"3226","3281","Pituitary tumor__enh_1405","train","Pituitary tumor","","Pituitary tumor/enh_1405.png","Pituitary tumor__enh_1460","val","Pituitary tumor","","Pituitary tumor/enh_1460.png","12","0.999917","0.727273","flip_h","False","0.999710076","0.771591","1.130385","47.066273","151563","0.773905997","837","False"
"3230","4527","Pituitary tumor__enh_1409","val","Pituitary tumor","","Pituitary tumor/enh_1409.png","Pituitary tumor__enh_984","test","Pituitary tumor","","Pituitary tumor/enh_984.png","5","0.999843","0.7","flip_h","True","0.999488017","0.957649","1.325126","45.685661","172863","0.85467128","168","False"
"3231","3287","Pituitary tumor__enh_1410","train","Pituitary tumor","","Pituitary tumor/enh_1410.png","Pituitary tumor__enh_1466","val","Pituitary tumor","","Pituitary tumor/enh_1466.png","4","0.999811","0.457143","flip_h","True","0.999404621","0.857388","1.233854","46.305527","158963","0.545816733","912","False"
"3233","4528","Pituitary tumor__enh_1412","train","Pituitary tumor","","Pituitary tumor/enh_1412.png","Pituitary tumor__enh_985","test","Pituitary tumor","","Pituitary tumor/enh_985.png","9","0.999939","0.457143","flip_h","False","0.999787116","0.624561","1.027999","47.890950","121584","0.445617256","1208","False"
"3236","4529","Pituitary tumor__enh_1415","val","Pituitary tumor","","Pituitary tumor/enh_1415.png","Pituitary tumor__enh_986","test","Pituitary tumor","","Pituitary tumor/enh_986.png","8","0.999915","0.869565","flip_h","True","0.99967672","0.809391","1.180252","46.691311","154966","0.915695682","123","True"
"3237","3293","Pituitary tumor__enh_1416","val","Pituitary tumor","","Pituitary tumor/enh_1416.png","Pituitary tumor__enh_1472","train","Pituitary tumor","","Pituitary tumor/enh_1472.png","7","0.999909","0.75","flip_h","True","0.999673875","0.814312","1.185396","46.653537","155181","0.823458283","146","False"
"3239","4530","Pituitary tumor__enh_1418","train","Pituitary tumor","","Pituitary tumor/enh_1418.png","Pituitary tumor__enh_987","test","Pituitary tumor","","Pituitary tumor/enh_987.png","11","0.999907","0.813953","flip_h","False","0.999640691","0.804916","1.183752","46.665592","152804","0.827960884","475","False"
"3245","4465","Pituitary tumor__enh_1424","train","Pituitary tumor","","Pituitary tumor/enh_1424.png","Pituitary tumor__enh_922","test","Pituitary tumor","","Pituitary tumor/enh_922.png","3","0.999943","0.827586","flip_h","True","0.999753411","0.681961","1.119517","47.150188","125188","0.780225989","389","False"
"3256","4502","Pituitary tumor__enh_1435","train","Pituitary tumor","","Pituitary tumor/enh_1435.png","Pituitary tumor__enh_959","test","Pituitary tumor","","Pituitary tumor/enh_959.png","6","0.999913","0.83871","flip_h","True","0.999691227","0.813156","1.177862","46.708913","156310","0.86244321","545","False"
"3266","4504","Pituitary tumor__enh_1445","train","Pituitary tumor","","Pituitary tumor/enh_1445.png","Pituitary tumor__enh_961","test","Pituitary tumor","","Pituitary tumor/enh_961.png","10","0.999912","0.892857","flip_h","False","0.999674724","0.790604","1.163223","46.817542","151751","0.84351145","287","False"
"3286","4510","Pituitary tumor__enh_1465","train","Pituitary tumor","","Pituitary tumor/enh_1465.png","Pituitary tumor__enh_967","test","Pituitary tumor","","Pituitary tumor/enh_967.png","2","0.999843","0.638889","flip_h","True","0.999523434","0.947453","1.306734","45.807059","173803","0.65202109","792","False"
"3289","4511","Pituitary tumor__enh_1468","train","Pituitary tumor","","Pituitary tumor/enh_1468.png","Pituitary tumor__enh_968","test","Pituitary tumor","","Pituitary tumor/enh_968.png","6","0.999932","0.875","flip_h","True","0.999753972","0.625645","1.032453","47.853395","121405","0.933467742","132","True"
"3292","4512","Pituitary tumor__enh_1471","train","Pituitary tumor","","Pituitary tumor/enh_1471.png","Pituitary tumor__enh_969","test","Pituitary tumor","","Pituitary tumor/enh_969.png","7","0.999887","0.8125","flip_h","True","0.999607338","0.789158","1.154085","46.886045","152561","0.819900498","362","False"
"3319","4466","Pituitary tumor__enh_1498","train","Pituitary tumor","","Pituitary tumor/enh_1498.png","Pituitary tumor__enh_923","test","Pituitary tumor","","Pituitary tumor/enh_923.png","2","0.999857","1","flip_h","True","0.99947424","0.647419","1.065886","47.576591","122043","0.950941244","86","True"
"3323","4467","Pituitary tumor__enh_1502","train","Pituitary tumor","","Pituitary tumor/enh_1502.png","Pituitary tumor__enh_924","test","Pituitary tumor","","Pituitary tumor/enh_924.png","5","0.999952","0.857143","flip_h","True","0.999814787","0.637924","1.059847","47.625940","121268","0.869109948","50","False"
"3344","4473","Pituitary tumor__enh_1523","train","Pituitary tumor","","Pituitary tumor/enh_1523.png","Pituitary tumor__enh_930","test","Pituitary tumor","","Pituitary tumor/enh_930.png","10","0.999936","0.92","flip_h","False","0.999783985","0.628922","1.033216","47.846981","122385","0.9029971","301","True"
"3354","4476","Pituitary tumor__enh_1533","train","Pituitary tumor","","Pituitary tumor/enh_1533.png","Pituitary tumor__enh_933","test","Pituitary tumor","","Pituitary tumor/enh_933.png","7","0.99993","0.472222","flip_h","True","0.999765827","0.627228","1.034854","47.833222","121919","0.537592351","1064","False"
"3364","4478","Pituitary tumor__enh_1543","train","Pituitary tumor","","Pituitary tumor/enh_1543.png","Pituitary tumor__enh_935","test","Pituitary tumor","","Pituitary tumor/enh_935.png","12","0.999897","1","flip_h","False","0.999649237","0.767452","1.125337","47.105149","150502","0.911312849","127","True"
"3373","4479","Pituitary tumor__enh_1552","train","Pituitary tumor","","Pituitary tumor/enh_1552.png","Pituitary tumor__enh_936","test","Pituitary tumor","","Pituitary tumor/enh_936.png","6","0.999932","0.35","flip_h","True","0.999743222","0.661201","1.084004","47.430188","124900","0.334377447","850","False"
"3385","4482","Pituitary tumor__enh_1564","train","Pituitary tumor","","Pituitary tumor/enh_1564.png","Pituitary tumor__enh_939","test","Pituitary tumor","","Pituitary tumor/enh_939.png","10","0.999891","0.743243","flip_h","False","0.999606695","0.80558","1.172799","46.746331","154664","0.743519494","1217","False"
"3393","4483","Pituitary tumor__enh_1572","train","Pituitary tumor","","Pituitary tumor/enh_1572.png","Pituitary tumor__enh_940","test","Pituitary tumor","","Pituitary tumor/enh_940.png","9","0.999912","0.875","flip_h","False","0.999682925","0.791985","1.155009","46.879097","153391","0.890374332","205","False"
"3396","4484","Pituitary tumor__enh_1575","train","Pituitary tumor","","Pituitary tumor/enh_1575.png","Pituitary tumor__enh_941","test","Pituitary tumor","","Pituitary tumor/enh_941.png","6","0.999937","0.789474","flip_h","True","0.999765182","0.63969","1.061241","47.614524","120867","0.899920572","126","False"
"3399","4485","Pituitary tumor__enh_1578","train","Pituitary tumor","","Pituitary tumor/enh_1578.png","Pituitary tumor__enh_942","test","Pituitary tumor","","Pituitary tumor/enh_942.png","7","0.999943","0.696429","flip_h","True","0.99980219","0.583317","0.983501","48.275310","115342","0.726301736","1025","False"
"3402","4486","Pituitary tumor__enh_1581","val","Pituitary tumor","","Pituitary tumor/enh_1581.png","Pituitary tumor__enh_943","test","Pituitary tumor","","Pituitary tumor/enh_943.png","7","0.999887","0.388889","flip_h","True","0.999572541","0.794823","1.163627","46.814531","152740","0.354746318","1577","False"
"3419","4490","Pituitary tumor__enh_1598","train","Pituitary tumor","","Pituitary tumor/enh_1598.png","Pituitary tumor__enh_947","test","Pituitary tumor","","Pituitary tumor/enh_947.png","4","0.999933","0.723404","flip_h","True","0.999725442","0.664295","1.094975","47.342718","123664","0.797378277","541","False"
"3423","4491","Pituitary tumor__enh_1602","val","Pituitary tumor","","Pituitary tumor/enh_1602.png","Pituitary tumor__enh_948","test","Pituitary tumor","","Pituitary tumor/enh_948.png","8","0.999942","0.647059","flip_h","True","0.999774475","0.661541","1.077355","47.483626","125217","0.809049774","211","False"
"3442","4497","Pituitary tumor__enh_1621","train","Pituitary tumor","","Pituitary tumor/enh_1621.png","Pituitary tumor__enh_954","test","Pituitary tumor","","Pituitary tumor/enh_954.png","8","0.999937","0.916667","flip_h","True","0.999798157","0.624859","1.016483","47.988802","124615","0.941409343","222","True"
"3446","4498","Pituitary tumor__enh_1625","train","Pituitary tumor","","Pituitary tumor/enh_1625.png","Pituitary tumor__enh_955","test","Pituitary tumor","","Pituitary tumor/enh_955.png","5","0.999928","0.786667","flip_h","True","0.999737521","0.779846","1.14583","46.948397","151141","0.768084647","1074","False"
"3450","4499","Pituitary tumor__enh_1629","train","Pituitary tumor","","Pituitary tumor/enh_1629.png","Pituitary tumor__enh_956","test","Pituitary tumor","","Pituitary tumor/enh_956.png","6","0.999895","0.92","flip_h","True","0.999643614","0.6129","1.022546","47.937144","118866","0.942857143","92","True"
"3460","3835","Pituitary tumor__enh_1639","val","Pituitary tumor","","Pituitary tumor/enh_1639.png","Pituitary tumor__enh_2014","train","Pituitary tumor","","Pituitary tumor/enh_2014.png","9","0.999925","0.974359","flip_h","False","0.999711966","0.82341","1.189083","46.626563","157160","0.890354182","291","False"
"3472","3924","Pituitary tumor__enh_1651","train","Pituitary tumor","","Pituitary tumor/enh_1651.png","Pituitary tumor__enh_2103","val","Pituitary tumor","","Pituitary tumor/enh_2103.png","9","0.999933","0.961538","flip_h","False","0.999744982","0.794189","1.161868","46.827667","153263","0.949690033","422","True"
"3485","3932","Pituitary tumor__enh_1664","train","Pituitary tumor","","Pituitary tumor/enh_1664.png","Pituitary tumor__enh_2111","val","Pituitary tumor","","Pituitary tumor/enh_2111.png","9","0.999905","0.978723","flip_h","False","0.999634835","0.799789","1.176067","46.722164","152504","0.920409511","241","True"
"3489","3934","Pituitary tumor__enh_1668","val","Pituitary tumor","","Pituitary tumor/enh_1668.png","Pituitary tumor__enh_2113","train","Pituitary tumor","","Pituitary tumor/enh_2113.png","3","0.999925","0.805556","flip_h","True","0.999688155","0.828117","1.210036","46.474836","155510","0.910451145","395","True"
"3496","3839","Pituitary tumor__enh_1675","val","Pituitary tumor","","Pituitary tumor/enh_1675.png","Pituitary tumor__enh_2018","train","Pituitary tumor","","Pituitary tumor/enh_2018.png","11","0.999908","0.898305","flip_h","False","0.999653533","0.859329","1.206819","46.497957","165408","0.882969914","424","False"
"3502","3846","Pituitary tumor__enh_1681","train","Pituitary tumor","","Pituitary tumor/enh_1681.png","Pituitary tumor__enh_2025","val","Pituitary tumor","","Pituitary tumor/enh_2025.png","6","0.999922","0.702703","flip_h","True","0.999691903","0.877979","1.215332","46.436905","169295","0.715999143","1326","False"
"3504","3848","Pituitary tumor__enh_1683","train","Pituitary tumor","","Pituitary tumor/enh_1683.png","Pituitary tumor__enh_2027","val","Pituitary tumor","","Pituitary tumor/enh_2027.png","10","0.999912","0.83871","flip_h","False","0.999621103","0.867947","1.255981","46.151143","159336","0.909090909","176","True"
"3505","3849","Pituitary tumor__enh_1684","val","Pituitary tumor","","Pituitary tumor/enh_1684.png","Pituitary tumor__enh_2028","train","Pituitary tumor","","Pituitary tumor/enh_2028.png","7","0.999904","0.848485","flip_h","True","0.999598784","0.855324","1.248106","46.205771","157779","0.891347099","221","False"
"3507","3851","Pituitary tumor__enh_1686","val","Pituitary tumor","","Pituitary tumor/enh_1686.png","Pituitary tumor__enh_2030","train","Pituitary tumor","","Pituitary tumor/enh_2030.png","8","0.999935","0.755725","flip_h","True","0.999747011","0.792736","1.169602","46.770039","151712","0.785485212","1806","False"
"3516","3861","Pituitary tumor__enh_1695","val","Pituitary tumor","","Pituitary tumor/enh_1695.png","Pituitary tumor__enh_2040","train","Pituitary tumor","","Pituitary tumor/enh_2040.png","7","0.999899","0.855556","flip_h","True","0.999608241","0.892944","1.239177","46.268134","169534","0.889474609","629","False"
"3529","3871","Pituitary tumor__enh_1708","train","Pituitary tumor","","Pituitary tumor/enh_1708.png","Pituitary tumor__enh_2050","val","Pituitary tumor","","Pituitary tumor/enh_2050.png","3","0.999885","0.4","flip_h","True","0.999552112","0.861614","1.247787","46.207994","158778","0.441554559","1868","False"
"3531","3877","Pituitary tumor__enh_1710","train","Pituitary tumor","","Pituitary tumor/enh_1710.png","Pituitary tumor__enh_2056","val","Pituitary tumor","","Pituitary tumor/enh_2056.png","5","0.999872","0.923077","flip_h","True","0.999501459","0.883305","1.23007","46.332205","168575","0.831155779","168","False"
"3533","3878","Pituitary tumor__enh_1712","train","Pituitary tumor","","Pituitary tumor/enh_1712.png","Pituitary tumor__enh_2057","val","Pituitary tumor","","Pituitary tumor/enh_2057.png","9","0.999877","0.625","flip_h","False","0.999503793","0.883564","1.235313","46.295266","167436","0.721380031","533","False"
"3540","3885","Pituitary tumor__enh_1719","train","Pituitary tumor","","Pituitary tumor/enh_1719.png","Pituitary tumor__enh_2064","val","Pituitary tumor","","Pituitary tumor/enh_2064.png","3","0.999923","0.983333","flip_h","True","0.999675968","0.84811","1.232388","46.315856","157483","0.933922997","254","True"
"3542","3889","Pituitary tumor__enh_1721","train","Pituitary tumor","","Pituitary tumor/enh_1721.png","Pituitary tumor__enh_2068","val","Pituitary tumor","","Pituitary tumor/enh_2068.png","6","0.999902","0.926829","flip_h","True","0.999632327","0.800018","1.164711","46.806439","153994","0.926391036","381","True"
"3543","3891","Pituitary tumor__enh_1722","val","Pituitary tumor","","Pituitary tumor/enh_1722.png","Pituitary tumor__enh_2070","train","Pituitary tumor","","Pituitary tumor/enh_2070.png","7","0.999932","0.887755","flip_h","True","0.999720289","0.84399","1.219255","46.408910","158269","0.895419603","653","False"
"3548","3894","Pituitary tumor__enh_1727","val","Pituitary tumor","","Pituitary tumor/enh_1727.png","Pituitary tumor__enh_2073","train","Pituitary tumor","","Pituitary tumor/enh_2073.png","6","0.999907","0.631206","flip_h","True","0.999626247","0.837509","1.209623","46.477802","157902","0.639640677","3129","False"
"3562","3907","Pituitary tumor__enh_1741","train","Pituitary tumor","","Pituitary tumor/enh_1741.png","Pituitary tumor__enh_2086","val","Pituitary tumor","","Pituitary tumor/enh_2086.png","9","0.999875","0.8","flip_h","False","0.999532287","0.866268","1.21104","46.467635","166455","0.898379971","69","False"
"3569","3812","Pituitary tumor__enh_1748","val","Pituitary tumor","","Pituitary tumor/enh_1748.png","Pituitary tumor__enh_1991","train","Pituitary tumor","","Pituitary tumor/enh_1991.png","7","0.999896","0.933333","flip_h","True","0.999590329","0.880043","1.227657","46.349264","167679","0.861755802","274","False"
"3578","3808","Pituitary tumor__enh_1757","val","Pituitary tumor","","Pituitary tumor/enh_1757.png","Pituitary tumor__enh_1987","train","Pituitary tumor","","Pituitary tumor/enh_1987.png","11","0.999913","0.39","flip_h","False","0.999649451","0.874992","1.225128","46.367175","166618","0.406603774","3774","False"
"3581","3844","Pituitary tumor__enh_1760","train","Pituitary tumor","","Pituitary tumor/enh_1760.png","Pituitary tumor__enh_2023","val","Pituitary tumor","","Pituitary tumor/enh_2023.png","5","0.99991","0.889831","flip_h","True","0.999664484","0.809898","1.177726","46.709916","155461","0.903444607","726","True"
"3582","3852","Pituitary tumor__enh_1761","val","Pituitary tumor","","Pituitary tumor/enh_1761.png","Pituitary tumor__enh_2031","train","Pituitary tumor","","Pituitary tumor/enh_2031.png","4","0.999912","0.969388","flip_h","True","0.999670078","0.807655","1.17851","46.704139","154068","0.956507937","274","True"
"3588","3757","Pituitary tumor__enh_1767","val","Pituitary tumor","","Pituitary tumor/enh_1767.png","Pituitary tumor__enh_1936","train","Pituitary tumor","","Pituitary tumor/enh_1936.png","6","0.999911","0.819672","flip_h","True","0.99963529","0.840912","1.224306","46.373007","157106","0.811818412","742","False"
"3597","3942","Pituitary tumor__enh_1776","train","Pituitary tumor","","Pituitary tumor/enh_1776.png","Pituitary tumor__enh_2121","val","Pituitary tumor","","Pituitary tumor/enh_2121.png","11","0.999837","0.894737","flip_h","False","0.999460442","0.930141","1.28179","45.974464","173064","0.852201258","188","False"
"3600","3944","Pituitary tumor__enh_1779","train","Pituitary tumor","","Pituitary tumor/enh_1779.png","Pituitary tumor__enh_2123","val","Pituitary tumor","","Pituitary tumor/enh_2123.png","7","0.999852","0.75","flip_h","True","0.999478696","1.015945","1.352398","45.508715","187016","0.827777778","248","False"
"3604","3949","Pituitary tumor__enh_1783","train","Pituitary tumor","","Pituitary tumor/enh_1783.png","Pituitary tumor__enh_2128","val","Pituitary tumor","","Pituitary tumor/enh_2128.png","11","0.999927","0.884615","flip_h","False","0.999697486","0.835274","1.226018","46.360866","155425","0.881941821","625","False"
"3607","3951","Pituitary tumor__enh_1786","val","Pituitary tumor","","Pituitary tumor/enh_1786.png","Pituitary tumor__enh_2130","train","Pituitary tumor","","Pituitary tumor/enh_2130.png","6","0.999926","0.875","flip_h","True","0.999687257","0.843605","1.228495","46.343333","157118","0.864833575","467","False"
"3611","3955","Pituitary tumor__enh_1790","val","Pituitary tumor","","Pituitary tumor/enh_1790.png","Pituitary tumor__enh_2134","train","Pituitary tumor","","Pituitary tumor/enh_2134.png","9","0.999852","0.553846","flip_h","False","0.999453512","0.839825","1.190152","46.618754","161744","0.594997705","1765","False"
"3615","3721","Pituitary tumor__enh_1794","train","Pituitary tumor","","Pituitary tumor/enh_1794.png","Pituitary tumor__enh_1900","val","Pituitary tumor","","Pituitary tumor/enh_1900.png","2","0.999916","0.697674","flip_h","True","0.999652922","0.832153","1.210414","46.472122","156294","0.656599553","921","False"
"3616","3722","Pituitary tumor__enh_1795","val","Pituitary tumor","","Pituitary tumor/enh_1795.png","Pituitary tumor__enh_1901","train","Pituitary tumor","","Pituitary tumor/enh_1901.png","4","0.99992","0.529412","flip_h","True","0.999658081","0.861492","1.241046","46.255045","160267","0.536363636","1530","False"
"3618","3723","Pituitary tumor__enh_1797","val","Pituitary tumor","","Pituitary tumor/enh_1797.png","Pituitary tumor__enh_1902","train","Pituitary tumor","","Pituitary tumor/enh_1902.png","3","0.999923","0.545455","flip_h","True","0.99966299","0.864956","1.247894","46.207249","159691","0.522633745","1740","False"
"3621","3726","Pituitary tumor__enh_1800","val","Pituitary tumor","","Pituitary tumor/enh_1800.png","Pituitary tumor__enh_1905","train","Pituitary tumor","","Pituitary tumor/enh_1905.png","7","0.999929","0.785714","flip_h","True","0.999692346","0.867523","1.255429","46.154957","159774","0.842105263","156","False"
"3622","3727","Pituitary tumor__enh_1801","val","Pituitary tumor","","Pituitary tumor/enh_1801.png","Pituitary tumor__enh_1906","train","Pituitary tumor","","Pituitary tumor/enh_1906.png","5","0.999925","0.529412","flip_h","True","0.999680084","0.856667","1.246262","46.218616","158037","0.504424779","2184","False"
"3623","3728","Pituitary tumor__enh_1802","train","Pituitary tumor","","Pituitary tumor/enh_1802.png","Pituitary tumor__enh_1907","val","Pituitary tumor","","Pituitary tumor/enh_1907.png","6","0.999922","0.358779","flip_h","True","0.999685508","0.850315","1.230325","46.330410","158647","0.351805206","5404","False"
"3630","3733","Pituitary tumor__enh_1809","val","Pituitary tumor","","Pituitary tumor/enh_1809.png","Pituitary tumor__enh_1912","train","Pituitary tumor","","Pituitary tumor/enh_1912.png","8","0.999875","0.675676","flip_h","True","0.999474297","0.860386","1.241025","46.255196","159430","0.748862602","552","False"
"3631","3760","Pituitary tumor__enh_1810","train","Pituitary tumor","","Pituitary tumor/enh_1810.png","Pituitary tumor__enh_1939","val","Pituitary tumor","","Pituitary tumor/enh_1939.png","7","0.999925","0.618182","flip_h","True","0.999698611","0.840889","1.220108","46.402840","157678","0.602786466","1397","False"
"3658","3763","Pituitary tumor__enh_1837","train","Pituitary tumor","","Pituitary tumor/enh_1837.png","Pituitary tumor__enh_1942","val","Pituitary tumor","","Pituitary tumor/enh_1942.png","6","0.999915","0.567901","flip_h","True","0.999671025","0.889408","1.235242","46.295766","169485","0.608548708","1969","False"
"3659","3764","Pituitary tumor__enh_1838","train","Pituitary tumor","","Pituitary tumor/enh_1838.png","Pituitary tumor__enh_1943","val","Pituitary tumor","","Pituitary tumor/enh_1943.png","11","0.999903","0.813559","flip_h","False","0.999622977","0.860924","1.207622","46.492183","165366","0.838085273","619","False"
"3664","3767","Pituitary tumor__enh_1843","train","Pituitary tumor","","Pituitary tumor/enh_1843.png","Pituitary tumor__enh_1946","val","Pituitary tumor","","Pituitary tumor/enh_1946.png","12","0.999895","0.775281","flip_h","False","0.999619244","0.858883","1.195336","46.581000","167148","0.791911511","1204","False"
"3667","3769","Pituitary tumor__enh_1846","train","Pituitary tumor","","Pituitary tumor/enh_1846.png","Pituitary tumor__enh_1948","val","Pituitary tumor","","Pituitary tumor/enh_1948.png","7","0.999921","0.794521","flip_h","True","0.999703813","0.79752","1.168333","46.779472","153984","0.825115887","830","False"
"3670","3771","Pituitary tumor__enh_1849","val","Pituitary tumor","","Pituitary tumor/enh_1849.png","Pituitary tumor__enh_1950","train","Pituitary tumor","","Pituitary tumor/enh_1950.png","9","0.999929","0.848101","flip_h","False","0.999697709","0.834549","1.221742","46.391215","156125","0.846612779","797","False"
"3671","3772","Pituitary tumor__enh_1850","train","Pituitary tumor","","Pituitary tumor/enh_1850.png","Pituitary tumor__enh_1951","val","Pituitary tumor","","Pituitary tumor/enh_1951.png","8","0.99992","0.917808","flip_h","True","0.999678239","0.838673","1.215096","46.438588","157869","0.901618399","462","True"
"3678","3790","Pituitary tumor__enh_1857","val","Pituitary tumor","","Pituitary tumor/enh_1857.png","Pituitary tumor__enh_1969","train","Pituitary tumor","","Pituitary tumor/enh_1969.png","2","0.999911","0.90411","flip_h","True","0.999571504","0.903496","1.301077","45.844741","162154","0.879783784","556","False"
"3682","3799","Pituitary tumor__enh_1861","val","Pituitary tumor","","Pituitary tumor/enh_1861.png","Pituitary tumor__enh_1978","train","Pituitary tumor","","Pituitary tumor/enh_1978.png","11","0.999902","0.508772","flip_h","False","0.999608055","0.911289","1.25558","46.153917","172142","0.501907837","1697","False"
"3688","3805","Pituitary tumor__enh_1867","train","Pituitary tumor","","Pituitary tumor/enh_1867.png","Pituitary tumor__enh_1984","val","Pituitary tumor","","Pituitary tumor/enh_1984.png","8","0.999904","0.923077","flip_h","True","0.999646649","0.866127","1.201494","46.536370","168413","0.852414542","272","False"
"3689","3806","Pituitary tumor__enh_1868","val","Pituitary tumor","","Pituitary tumor/enh_1868.png","Pituitary tumor__enh_1985","train","Pituitary tumor","","Pituitary tumor/enh_1985.png","3","0.999876","0.673913","flip_h","True","0.999536016","0.80785","1.184668","46.658870","153726","0.6922802","861","False"
"3694","3775","Pituitary tumor__enh_1873","train","Pituitary tumor","","Pituitary tumor/enh_1873.png","Pituitary tumor__enh_1954","val","Pituitary tumor","","Pituitary tumor/enh_1954.png","8","0.999893","0.741935","flip_h","True","0.999578901","0.911972","1.254019","46.164723","172768","0.732244686","1033","False"
"3695","3816","Pituitary tumor__enh_1874","val","Pituitary tumor","","Pituitary tumor/enh_1874.png","Pituitary tumor__enh_1995","train","Pituitary tumor","","Pituitary tumor/enh_1995.png","7","0.999915","0.796296","flip_h","True","0.999671276","0.87627","1.215941","46.432556","168632","0.76463964","836","False"
"3699","3819","Pituitary tumor__enh_1878","train","Pituitary tumor","","Pituitary tumor/enh_1878.png","Pituitary tumor__enh_1998","val","Pituitary tumor","","Pituitary tumor/enh_1998.png","9","0.99992","0.735294","flip_h","False","0.999682862","0.827869","1.214412","46.443483","155158","0.737341772","581","False"
"3711","3829","Pituitary tumor__enh_1890","val","Pituitary tumor","","Pituitary tumor/enh_1890.png","Pituitary tumor__enh_2008","train","Pituitary tumor","","Pituitary tumor/enh_2008.png","8","0.999932","0.9","flip_h","True","0.999729478","0.838936","1.219933","46.404087","156813","0.909786171","578","True"
"3963","4462","Pituitary tumor__enh_2142","val","Pituitary tumor","","Pituitary tumor/enh_2142.png","Pituitary tumor__enh_2641","train","Pituitary tumor","","Pituitary tumor/enh_2641.png","8","0.999911","0.944444","flip_h","True","0.999701769","0.824024","1.151749","46.903644","164267","0.952087419","171","True"
"3964","4463","Pituitary tumor__enh_2143","train","Pituitary tumor","","Pituitary tumor/enh_2143.png","Pituitary tumor__enh_2642","val","Pituitary tumor","","Pituitary tumor/enh_2642.png","7","0.999917","0.933333","flip_h","True","0.999733638","0.8013","1.128416","47.081418","160998","0.923653715","224","True"
"3975","4378","Pituitary tumor__enh_2154","train","Pituitary tumor","","Pituitary tumor/enh_2154.png","Pituitary tumor__enh_2557","val","Pituitary tumor","","Pituitary tumor/enh_2557.png","8","0.999914","0.912752","flip_h","True","0.999729342","0.770996","1.099788","47.304624","156475","0.883254474","1135","False"
"3976","4379","Pituitary tumor__enh_2155","train","Pituitary tumor","","Pituitary tumor/enh_2155.png","Pituitary tumor__enh_2558","val","Pituitary tumor","","Pituitary tumor/enh_2558.png","5","0.999906","0.834171","flip_h","True","0.999710823","0.774265","1.102568","47.282696","156925","0.841288595","2015","False"
"3987","4388","Pituitary tumor__enh_2166","train","Pituitary tumor","","Pituitary tumor/enh_2166.png","Pituitary tumor__enh_2567","val","Pituitary tumor","","Pituitary tumor/enh_2567.png","6","0.999839","0.965517","flip_h","True","0.999468027","0.885044","1.220787","46.398002","171116","0.920146138","306","True"
"3992","4392","Pituitary tumor__enh_2171","val","Pituitary tumor","","Pituitary tumor/enh_2171.png","Pituitary tumor__enh_2571","train","Pituitary tumor","","Pituitary tumor/enh_2571.png","9","0.999887","0.606061","flip_h","False","0.999596077","0.871792","1.218082","46.417276","167403","0.632801822","806","False"
"3996","4395","Pituitary tumor__enh_2175","val","Pituitary tumor","","Pituitary tumor/enh_2175.png","Pituitary tumor__enh_2574","train","Pituitary tumor","","Pituitary tumor/enh_2574.png","5","0.999839","0.875","flip_h","True","0.99954642","0.785435","1.114978","47.185479","157991","0.762287757","266","False"
"3999","4397","Pituitary tumor__enh_2178","train","Pituitary tumor","","Pituitary tumor/enh_2178.png","Pituitary tumor__enh_2576","val","Pituitary tumor","","Pituitary tumor/enh_2576.png","3","0.99986","0.9","flip_h","True","0.999586321","0.808895","1.143359","46.967150","160439","0.898290598","119","False"
"4007","4403","Pituitary tumor__enh_2186","train","Pituitary tumor","","Pituitary tumor/enh_2186.png","Pituitary tumor__enh_2582","val","Pituitary tumor","","Pituitary tumor/enh_2582.png","5","0.999915","0.333333","flip_h","True","0.999709187","0.815994","1.154289","46.884515","162622","0.329624478","1928","False"
"4009","4405","Pituitary tumor__enh_2188","val","Pituitary tumor","","Pituitary tumor/enh_2188.png","Pituitary tumor__enh_2584","train","Pituitary tumor","","Pituitary tumor/enh_2584.png","6","0.99985","0.894737","flip_h","True","0.999429659","0.874023","1.228949","46.340128","165598","0.848121503","190","False"
"4017","4411","Pituitary tumor__enh_2196","val","Pituitary tumor","","Pituitary tumor/enh_2196.png","Pituitary tumor__enh_2590","train","Pituitary tumor","","Pituitary tumor/enh_2590.png","4","0.999904","0.808824","flip_h","True","0.999680703","0.821644","1.154366","46.883931","162541","0.802676344","870","False"
"4018","4412","Pituitary tumor__enh_2197","val","Pituitary tumor","","Pituitary tumor/enh_2197.png","Pituitary tumor__enh_2591","train","Pituitary tumor","","Pituitary tumor/enh_2591.png","6","0.999903","0.828571","flip_h","True","0.999685134","0.81049","1.139673","46.995197","162290","0.895427795","231","False"
"4019","4413","Pituitary tumor__enh_2198","val","Pituitary tumor","","Pituitary tumor/enh_2198.png","Pituitary tumor__enh_2592","train","Pituitary tumor","","Pituitary tumor/enh_2592.png","4","0.999912","0.882353","flip_h","True","0.999716578","0.818573","1.150734","46.911306","162324","0.843330349","175","False"
"4020","4414","Pituitary tumor__enh_2199","val","Pituitary tumor","","Pituitary tumor/enh_2199.png","Pituitary tumor__enh_2593","train","Pituitary tumor","","Pituitary tumor/enh_2593.png","3","0.999936","0.877551","flip_h","True","0.99977426","0.817955","1.156059","46.871206","161363","0.865849827","427","False"
"4027","4424","Pituitary tumor__enh_2206","val","Pituitary tumor","","Pituitary tumor/enh_2206.png","Pituitary tumor__enh_2603","train","Pituitary tumor","","Pituitary tumor/enh_2603.png","5","0.999879","0.777778","flip_h","True","0.999608863","0.810341","1.142233","46.975713","161144","0.920542636","41","True"
"4029","4426","Pituitary tumor__enh_2208","train","Pituitary tumor","","Pituitary tumor/enh_2208.png","Pituitary tumor__enh_2605","val","Pituitary tumor","","Pituitary tumor/enh_2605.png","9","0.999935","0.727273","flip_h","False","0.999774448","0.835129","1.16589","46.797655","165706","0.881638847","78","False"
"4034","4430","Pituitary tumor__enh_2213","train","Pituitary tumor","","Pituitary tumor/enh_2213.png","Pituitary tumor__enh_2609","val","Pituitary tumor","","Pituitary tumor/enh_2609.png","7","0.999889","0.580645","flip_h","True","0.999577208","0.890705","1.243064","46.240934","168224","0.574016563","823","False"
"4038","4433","Pituitary tumor__enh_2217","train","Pituitary tumor","","Pituitary tumor/enh_2217.png","Pituitary tumor__enh_2612","val","Pituitary tumor","","Pituitary tumor/enh_2612.png","7","0.999792","0.655172","flip_h","True","0.999319017","0.849781","1.183921","46.664350","166385","0.627212389","674","False"
"4046","4441","Pituitary tumor__enh_2225","val","Pituitary tumor","","Pituitary tumor/enh_2225.png","Pituitary tumor__enh_2620","train","Pituitary tumor","","Pituitary tumor/enh_2620.png","6","0.999919","0.875","flip_h","True","0.999724202","0.83482","1.169733","46.769071","164361","0.938138138","206","True"
"4050","4445","Pituitary tumor__enh_2229","val","Pituitary tumor","","Pituitary tumor/enh_2229.png","Pituitary tumor__enh_2624","train","Pituitary tumor","","Pituitary tumor/enh_2624.png","9","0.999924","0.84375","flip_h","False","0.999756447","0.805183","1.133614","47.041502","161569","0.893450635","218","False"
"4054","4448","Pituitary tumor__enh_2233","val","Pituitary tumor","","Pituitary tumor/enh_2233.png","Pituitary tumor__enh_2627","train","Pituitary tumor","","Pituitary tumor/enh_2627.png","10","0.99994","0.846154","flip_h","False","0.999797519","0.810471","1.128528","47.080559","164389","0.811812179","513","False"
"4058","4451","Pituitary tumor__enh_2237","train","Pituitary tumor","","Pituitary tumor/enh_2237.png","Pituitary tumor__enh_2630","val","Pituitary tumor","","Pituitary tumor/enh_2630.png","8","0.999939","0.8375","flip_h","True","0.999787347","0.816944","1.148436","46.928669","162625","0.838189588","833","False"
"4067","4314","Pituitary tumor__enh_2246","train","Pituitary tumor","","Pituitary tumor/enh_2246.png","Pituitary tumor__enh_2493","val","Pituitary tumor","","Pituitary tumor/enh_2493.png","7","0.999881","0.764706","flip_h","True","0.999560961","0.869263","1.226758","46.355623","164856","0.738398544","575","False"
"4070","4316","Pituitary tumor__enh_2249","train","Pituitary tumor","","Pituitary tumor/enh_2249.png","Pituitary tumor__enh_2495","val","Pituitary tumor","","Pituitary tumor/enh_2495.png","6","0.999838","0.794118","flip_h","True","0.999435747","0.88678","1.241134","46.254432","167781","0.886756238","236","False"
"4071","4317","Pituitary tumor__enh_2250","val","Pituitary tumor","","Pituitary tumor/enh_2250.png","Pituitary tumor__enh_2496","train","Pituitary tumor","","Pituitary tumor/enh_2496.png","4","0.99991","0.828571","flip_h","True","0.999676889","0.845745","1.184707","46.658586","165088","0.890517241","254","False"
"4082","4325","Pituitary tumor__enh_2261","val","Pituitary tumor","","Pituitary tumor/enh_2261.png","Pituitary tumor__enh_2504","train","Pituitary tumor","","Pituitary tumor/enh_2504.png","9","0.999868","1","flip_h","False","0.999529155","0.879868","1.22711","46.353135","168201","0.899575672","71","False"
"4083","4326","Pituitary tumor__enh_2262","train","Pituitary tumor","","Pituitary tumor/enh_2262.png","Pituitary tumor__enh_2505","val","Pituitary tumor","","Pituitary tumor/enh_2505.png","10","0.999867","0.857143","flip_h","False","0.999541124","0.878567","1.221812","46.390716","168391","0.878475798","118","False"
"4099","4338","Pituitary tumor__enh_2278","val","Pituitary tumor","","Pituitary tumor/enh_2278.png","Pituitary tumor__enh_2517","train","Pituitary tumor","","Pituitary tumor/enh_2517.png","10","0.999923","1","flip_h","False","0.999746496","0.809017","1.135858","47.024326","162043","0.892070485","49","False"
"4103","4342","Pituitary tumor__enh_2282","val","Pituitary tumor","","Pituitary tumor/enh_2282.png","Pituitary tumor__enh_2521","train","Pituitary tumor","","Pituitary tumor/enh_2521.png","4","0.999911","0.864865","flip_h","True","0.999658939","0.865349","1.225094","46.367418","164277","0.819023569","430","False"
"4105","4344","Pituitary tumor__enh_2284","val","Pituitary tumor","","Pituitary tumor/enh_2284.png","Pituitary tumor__enh_2523","train","Pituitary tumor","","Pituitary tumor/enh_2523.png","5","0.999893","0.842105","flip_h","True","0.999596485","0.875423","1.231635","46.321160","165588","0.890519519","373","False"
"4113","4350","Pituitary tumor__enh_2292","train","Pituitary tumor","","Pituitary tumor/enh_2292.png","Pituitary tumor__enh_2529","val","Pituitary tumor","","Pituitary tumor/enh_2529.png","1","0.99986","0.914286","flip_h","True","0.99958421","0.826653","1.161944","46.827103","163157","0.902648699","419","True"
"4116","4352","Pituitary tumor__enh_2295","val","Pituitary tumor","","Pituitary tumor/enh_2295.png","Pituitary tumor__enh_2531","train","Pituitary tumor","","Pituitary tumor/enh_2531.png","3","0.999888","0.815789","flip_h","True","0.999635852","0.841248","1.186292","46.646975","163422","0.842446335","389","False"
"4122","4357","Pituitary tumor__enh_2301","train","Pituitary tumor","","Pituitary tumor/enh_2301.png","Pituitary tumor__enh_2536","val","Pituitary tumor","","Pituitary tumor/enh_2536.png","5","0.999903","0.444444","flip_h","True","0.999701291","0.793903","1.12033","47.143887","160172","0.471952909","1525","False"
"4130","4364","Pituitary tumor__enh_2309","train","Pituitary tumor","","Pituitary tumor/enh_2309.png","Pituitary tumor__enh_2543","val","Pituitary tumor","","Pituitary tumor/enh_2543.png","8","0.999917","0.828571","flip_h","True","0.999727096","0.824242","1.152102","46.900984","164231","0.858558559","314","False"
"4134","4367","Pituitary tumor__enh_2313","val","Pituitary tumor","","Pituitary tumor/enh_2313.png","Pituitary tumor__enh_2546","train","Pituitary tumor","","Pituitary tumor/enh_2546.png","9","0.999879","0.792208","flip_h","False","0.999575533","0.879662","1.228818","46.341050","167871","0.820523473","864","False"
"4137","4371","Pituitary tumor__enh_2316","val","Pituitary tumor","","Pituitary tumor/enh_2316.png","Pituitary tumor__enh_2550","train","Pituitary tumor","","Pituitary tumor/enh_2550.png","7","0.999893","0.916667","flip_h","True","0.99959585","0.87458","1.221364","46.393902","166926","0.921052632","189","True"
"4144","4236","Pituitary tumor__enh_2323","val","Pituitary tumor","","Pituitary tumor/enh_2323.png","Pituitary tumor__enh_2415","train","Pituitary tumor","","Pituitary tumor/enh_2415.png","6","0.999828","0.97561","flip_h","True","0.999418947","0.872505","1.225287","46.366049","166501","0.941729323","155","True"
"4148","4241","Pituitary tumor__enh_2327","val","Pituitary tumor","","Pituitary tumor/enh_2327.png","Pituitary tumor__enh_2420","train","Pituitary tumor","","Pituitary tumor/enh_2420.png","7","0.999916","0.912088","flip_h","True","0.999728669","0.804676","1.136281","47.021091","161034","0.926913156","425","True"
"4150","4243","Pituitary tumor__enh_2329","val","Pituitary tumor","","Pituitary tumor/enh_2329.png","Pituitary tumor__enh_2422","train","Pituitary tumor","","Pituitary tumor/enh_2422.png","6","0.999904","0.790323","flip_h","True","0.999698074","0.788658","1.113696","47.195472","159837","0.899605782","382","False"
"4156","4251","Pituitary tumor__enh_2335","train","Pituitary tumor","","Pituitary tumor/enh_2335.png","Pituitary tumor__enh_2430","val","Pituitary tumor","","Pituitary tumor/enh_2430.png","2","0.99989","0.842105","flip_h","True","0.999611283","0.8465","1.193161","46.596821","163117","0.789814066","260","False"
"4157","4252","Pituitary tumor__enh_2336","train","Pituitary tumor","","Pituitary tumor/enh_2336.png","Pituitary tumor__enh_2431","val","Pituitary tumor","","Pituitary tumor/enh_2431.png","10","0.999896","0.875","flip_h","False","0.999613996","0.870441","1.224992","46.368135","165314","0.912171508","127","True"
"4161","4255","Pituitary tumor__enh_2340","train","Pituitary tumor","","Pituitary tumor/enh_2340.png","Pituitary tumor__enh_2434","val","Pituitary tumor","","Pituitary tumor/enh_2434.png","4","0.999813","0.705882","flip_h","True","0.999366224","0.96257","1.339664","45.590883","172476","0.770072993","252","False"
"4163","4256","Pituitary tumor__enh_2342","val","Pituitary tumor","","Pituitary tumor/enh_2342.png","Pituitary tumor__enh_2435","train","Pituitary tumor","","Pituitary tumor/enh_2435.png","2","0.999822","0.75","flip_h","True","0.999402238","0.950588","1.328167","45.665752","171001","0.724806202","284","False"
"4164","4257","Pituitary tumor__enh_2343","val","Pituitary tumor","","Pituitary tumor/enh_2343.png","Pituitary tumor__enh_2436","train","Pituitary tumor","","Pituitary tumor/enh_2436.png","5","0.999805","0.818182","flip_h","True","0.999426714","0.936844","1.292553","45.901839","174056","0.842424242","104","False"
"4168","4260","Pituitary tumor__enh_2347","train","Pituitary tumor","","Pituitary tumor/enh_2347.png","Pituitary tumor__enh_2439","val","Pituitary tumor","","Pituitary tumor/enh_2439.png","5","0.999896","0.907692","flip_h","True","0.999664959","0.819462","1.146604","46.942533","163450","0.921201674","320","True"
"4173","4265","Pituitary tumor__enh_2352","val","Pituitary tumor","","Pituitary tumor/enh_2352.png","Pituitary tumor__enh_2444","train","Pituitary tumor","","Pituitary tumor/enh_2444.png","5","0.999814","0.8","flip_h","True","0.999381576","0.865891","1.213527","46.449812","166262","0.810007819","243","False"
"4177","4269","Pituitary tumor__enh_2356","val","Pituitary tumor","","Pituitary tumor/enh_2356.png","Pituitary tumor__enh_2448","train","Pituitary tumor","","Pituitary tumor/enh_2448.png","3","0.999894","1","flip_h","True","0.999641987","0.828327","1.157722","46.858717","163908","0.916002452","137","True"
"4180","4271","Pituitary tumor__enh_2359","train","Pituitary tumor","","Pituitary tumor/enh_2359.png","Pituitary tumor__enh_2450","val","Pituitary tumor","","Pituitary tumor/enh_2450.png","5","0.999919","0.888889","flip_h","True","0.99972832","0.820198","1.149331","46.921904","162955","0.804379562","134","False"
"4184","4275","Pituitary tumor__enh_2363","train","Pituitary tumor","","Pituitary tumor/enh_2363.png","Pituitary tumor__enh_2454","val","Pituitary tumor","","Pituitary tumor/enh_2454.png","6","0.999898","0.625","flip_h","True","0.999659937","0.818707","1.155826","46.872955","161539","0.568160153","453","False"
"4192","4283","Pituitary tumor__enh_2371","val","Pituitary tumor","","Pituitary tumor/enh_2371.png","Pituitary tumor__enh_2462","train","Pituitary tumor","","Pituitary tumor/enh_2462.png","5","0.999908","0.944444","flip_h","True","0.999654113","0.877617","1.229517","46.336116","167255","0.905957447","221","True"
"4194","4285","Pituitary tumor__enh_2373","val","Pituitary tumor","","Pituitary tumor/enh_2373.png","Pituitary tumor__enh_2464","train","Pituitary tumor","","Pituitary tumor/enh_2464.png","8","0.999841","0.882353","flip_h","True","0.999462871","0.854664","1.188924","46.627723","167149","0.924392439","168","True"
"4197","4287","Pituitary tumor__enh_2376","val","Pituitary tumor","","Pituitary tumor/enh_2376.png","Pituitary tumor__enh_2466","train","Pituitary tumor","","Pituitary tumor/enh_2466.png","8","0.999895","0.9375","flip_h","True","0.999644008","0.834988","1.184159","46.662601","162728","0.954996691","136","True"
"4201","4290","Pituitary tumor__enh_2380","train","Pituitary tumor","","Pituitary tumor/enh_2380.png","Pituitary tumor__enh_2469","val","Pituitary tumor","","Pituitary tumor/enh_2469.png","9","0.999896","0.904762","flip_h","False","0.999620479","0.856037","1.209609","46.477904","163726","0.919434629","114","True"
"4208","4300","Pituitary tumor__enh_2387","train","Pituitary tumor","","Pituitary tumor/enh_2387.png","Pituitary tumor__enh_2479","val","Pituitary tumor","","Pituitary tumor/enh_2479.png","4","0.999901","0.923077","flip_h","True","0.999695792","0.803741","1.131013","47.061453","161556","0.930490654","119","True"
"4222","4230","Pituitary tumor__enh_2401","val","Pituitary tumor","","Pituitary tumor/enh_2401.png","Pituitary tumor__enh_2409","train","Pituitary tumor","","Pituitary tumor/enh_2409.png","3","0.999842","0.952941","flip_h","True","0.999467644","0.883339","1.236962","46.283676","167523","0.940223464","321","True"
