"first_index","second_index","first_sample_id","first_split","first_class","first_source","first_image_path","second_sample_id","second_split","second_class","second_source","second_image_path","hamming_distance","pixel_correlation","mask_iou","transform","strong","full_pixel_correlation","full_image_mae","full_image_rmse","full_image_psnr","full_image_mismatch_pixels","full_mask_iou","full_mask_mismatch_pixels","likely_duplicate"
"4","947","Glioma__enh_1004","train","Glioma","","Glioma/enh_1004.png","Glioma__enh_553","test","Glioma","","Glioma/enh_553.png","11","0.999918","0.652174","flip_h","False","0.999743709","0.532387","0.948716","48.588077","104618","0.631506849","538","False"
"6","1207","Glioma__enh_1006","train","Glioma","","Glioma/enh_1006.png","Glioma__enh_813","train","Glioma","","Glioma/enh_813.png","9","0.999928","0.708333","flip_h","False","0.999797069","0.587353","0.962986","48.458407","121503","0.777698864","313","False"
"16","1208","Glioma__enh_1016","train","Glioma","","Glioma/enh_1016.png","Glioma__enh_814","train","Glioma","","Glioma/enh_814.png","12","0.999909","0.903226","flip_h","False","0.999719939","0.529579","0.9345","48.719214","105300","0.934832609","255","True"
"26","961","Glioma__enh_1026","train","Glioma","","Glioma/enh_1026.png","Glioma__enh_567","test","Glioma","","Glioma/enh_567.png","11","0.999881","0.770492","flip_h","False","0.999680026","0.522655","0.903677","49.010543","107371","0.78484577","1681","False"
"31","962","Glioma__enh_1031","train","Glioma","","Glioma/enh_1031.png","Glioma__enh_568","test","Glioma","","Glioma/enh_568.png","10","0.99992","0.795918","flip_h","False","0.999762644","0.478325","0.895665","49.087893","94113","0.807540984","1761","False"
"34","1219","Glioma__enh_1034","train","Glioma","","Glioma/enh_1034.png","Glioma__enh_825","train","Glioma","","Glioma/enh_825.png","8","0.999925","0.842105","flip_h","True","0.999807938","0.507862","0.88564","49.185655","105885","0.757337743","587","False"
"49","964","Glioma__enh_1049","train","Glioma","","Glioma/enh_1049.png","Glioma__enh_570","test","Glioma","","Glioma/enh_570.png","8","0.999885","0.444444","flip_h","True","0.999643593","0.539192","0.941864","48.651039","107253","0.513480089","1967","False"
"50","1220","Glioma__enh_1050","train","Glioma","","Glioma/enh_1050.png","Glioma__enh_826","train","Glioma","","Glioma/enh_826.png","7","0.999885","0.58","flip_h","True","0.999662016","0.533501","0.927416","48.785315","107339","0.577473553","2716","False"
"53","965","Glioma__enh_1053","val","Glioma","","Glioma/enh_1053.png","Glioma__enh_571","test","Glioma","","Glioma/enh_571.png","9","0.99989","0.521277","flip_h","False","0.999674757","0.514324","0.906774","48.980823","103738","0.541271989","2712","False"
"55","1221","Glioma__enh_1055","train","Glioma","","Glioma/enh_1055.png","Glioma__enh_827","train","Glioma","","Glioma/enh_827.png","12","0.999865","0.458333","flip_h","False","0.999648053","0.518257","0.90291","49.017914","106049","0.482401656","750","False"
"56","966","Glioma__enh_1056","train","Glioma","","Glioma/enh_1056.png","Glioma__enh_572","test","Glioma","","Glioma/enh_572.png","12","0.999882","0.896552","flip_h","False","0.9996851","0.466488","0.84916","49.551010","96512","0.942425936","103","True"
"59","1222","Glioma__enh_1059","train","Glioma","","Glioma/enh_1059.png","Glioma__enh_828","train","Glioma","","Glioma/enh_828.png","10","0.999916","0.067308","flip_h","False","0.999757898","0.54763","0.917557","48.878140","113778","0.071693632","12508","False"
"60","967","Glioma__enh_1060","train","Glioma","","Glioma/enh_1060.png","Glioma__enh_573","test","Glioma","","Glioma/enh_573.png","11","0.99988","0.956897","flip_h","False","0.999688907","0.536861","0.890649","49.136676","114153","0.957294181","637","True"
"70","1223","Glioma__enh_1070","val","Glioma","","Glioma/enh_1070.png","Glioma__enh_829","train","Glioma","","Glioma/enh_829.png","10","0.999887","0.742857","flip_h","False","0.999633459","0.539429","0.94837","48.591244","106658","0.769631236","531","False"
"71","1217","Glioma__enh_1071","train","Glioma","","Glioma/enh_1071.png","Glioma__enh_823","train","Glioma","","Glioma/enh_823.png","9","0.999855","0.857143","flip_h","False","0.999568623","0.532379","0.932482","48.737997","106610","0.909458962","246","True"
"84","1214","Glioma__enh_1084","val","Glioma","","Glioma/enh_1084.png","Glioma__enh_820","val","Glioma","","Glioma/enh_820.png","7","0.999893","0.759036","flip_h","True","0.999715441","0.526585","0.899403","49.051718","109243","0.792944785","1080","False"
"88","955","Glioma__enh_1088","train","Glioma","","Glioma/enh_1088.png","Glioma__enh_561","test","Glioma","","Glioma/enh_561.png","9","0.999906","1","flip_h","False","0.999728911","0.540451","0.935773","48.707392","108666","0.812888199","241","False"
"91","956","Glioma__enh_1091","train","Glioma","","Glioma/enh_1091.png","Glioma__enh_562","test","Glioma","","Glioma/enh_562.png","5","0.999891","0.21978","flip_h","True","0.999698082","0.501354","0.897679","49.068380","101119","0.220608575","4508","False"
"96","957","Glioma__enh_1096","train","Glioma","","Glioma/enh_1096.png","Glioma__enh_563","test","Glioma","","Glioma/enh_563.png","11","0.99986","0.945313","flip_h","False","0.999651827","0.507366","0.886368","49.178522","104769","0.925235906","618","True"
"97","1215","Glioma__enh_1097","train","Glioma","","Glioma/enh_1097.png","Glioma__enh_821","train","Glioma","","Glioma/enh_821.png","8","0.999843","0.906832","flip_h","True","0.999632327","0.532505","0.901834","49.028270","111933","0.923753666","780","True"
"100","958","Glioma__enh_1100","train","Glioma","","Glioma/enh_1100.png","Glioma__enh_564","test","Glioma","","Glioma/enh_564.png","10","0.999871","1","flip_h","False","0.999701834","0.523994","0.885315","49.188845","111339","0.980543319","106","True"
"107","959","Glioma__enh_1107","val","Glioma","","Glioma/enh_1107.png","Glioma__enh_565","test","Glioma","","Glioma/enh_565.png","7","0.999885","0.518519","flip_h","True","0.999723194","0.532032","0.891483","49.128539","112916","0.535529972","2340","False"
"136","1184","Glioma__enh_1136","val","Glioma","","Glioma/enh_1136.png","Glioma__enh_790","train","Glioma","","Glioma/enh_790.png","9","0.99987","0.915058","flip_h","False","0.999633285","0.52734","0.916815","48.885171","106527","0.937796099","1011","True"
"177","1190","Glioma__enh_1177","train","Glioma","","Glioma/enh_1177.png","Glioma__enh_796","train","Glioma","","Glioma/enh_796.png","7","0.999923","0.823529","flip_h","True","0.999755509","0.544376","0.947322","48.600851","107773","0.815240834","1028","False"
"182","431","Glioma__enh_1182","train","Glioma","","Glioma/enh_1182.png","Glioma__enh_1431","train","Glioma","","Glioma/enh_1431.png","10","0.999929","0.901099","flip_h","False","0.9997769","0.615719","0.994662","48.177290","123974","0.888484848","644","False"
"183","459","Glioma__enh_1183","train","Glioma","","Glioma/enh_1183.png","Glioma__enh_1459","train","Glioma","","Glioma/enh_1459.png","12","0.999813","0.86","flip_h","False","0.999470618","0.613087","0.987225","48.242481","124782","0.883207071","370","False"
"184","467","Glioma__enh_1184","train","Glioma","","Glioma/enh_1184.png","Glioma__enh_1467","val","Glioma","","Glioma/enh_1467.png","9","0.999877","0.095238","flip_h","False","0.999606866","0.632915","1.017102","47.983514","125571","0.086803371","7259","False"
"185","473","Glioma__enh_1185","train","Glioma","","Glioma/enh_1185.png","Glioma__enh_1473","train","Glioma","","Glioma/enh_1473.png","11","0.999738","0.851852","flip_h","False","0.999312391","0.626095","0.978878","48.316231","129313","0.778988544","791","False"
"186","487","Glioma__enh_1186","train","Glioma","","Glioma/enh_1186.png","Glioma__enh_1487","train","Glioma","","Glioma/enh_1487.png","3","0.99993","0.407407","flip_h","True","0.999758748","0.629623","1.020874","47.951364","123819","0.439187817","2762","False"
"187","494","Glioma__enh_1187","train","Glioma","","Glioma/enh_1187.png","Glioma__enh_1494","train","Glioma","","Glioma/enh_1494.png","5","0.999876","0.934579","flip_h","True","0.999615062","0.613541","0.995205","48.172554","122614","0.927323041","499","True"
"188","499","Glioma__enh_1188","val","Glioma","","Glioma/enh_1188.png","Glioma__enh_1499","train","Glioma","","Glioma/enh_1499.png","8","0.999907","0.921053","flip_h","True","0.999730559","0.623013","0.989764","48.220168","127254","0.941163793","273","True"
"189","504","Glioma__enh_1189","train","Glioma","","Glioma/enh_1189.png","Glioma__enh_1504","val","Glioma","","Glioma/enh_1504.png","10","0.999896","0.467532","flip_h","False","0.999694453","0.613262","0.992251","48.198373","123818","0.468155418","5311","False"
"190","517","Glioma__enh_1190","train","Glioma","","Glioma/enh_1190.png","Glioma__enh_1517","train","Glioma","","Glioma/enh_1517.png","7","0.999865","0.817391","flip_h","True","0.99960344","0.623638","1.003513","48.100345","125464","0.816876368","1339","False"
"191","530","Glioma__enh_1191","train","Glioma","","Glioma/enh_1191.png","Glioma__enh_1530","train","Glioma","","Glioma/enh_1530.png","4","0.999907","0.904762","flip_h","True","0.999689066","0.66177","1.054783","47.667538","128780","0.932685116","90","True"
"193","1070","Glioma__enh_1193","train","Glioma","","Glioma/enh_1193.png","Glioma__enh_676","test","Glioma","","Glioma/enh_676.png","9","0.999918","0.777778","flip_h","False","0.999735516","0.623138","1.016564","47.988113","123340","0.828696925","117","False"
"194","545","Glioma__enh_1194","train","Glioma","","Glioma/enh_1194.png","Glioma__enh_1545","train","Glioma","","Glioma/enh_1545.png","9","0.999916","0.918182","flip_h","False","0.999746217","0.648754","1.025446","47.912544","129306","0.935750544","443","True"
"195","550","Glioma__enh_1195","train","Glioma","","Glioma/enh_1195.png","Glioma__enh_1550","val","Glioma","","Glioma/enh_1550.png","8","0.999887","0.756757","flip_h","True","0.999650277","0.610909","0.988767","48.228920","122400","0.730438521","1254","False"
"196","554","Glioma__enh_1196","train","Glioma","","Glioma/enh_1196.png","Glioma__enh_1554","train","Glioma","","Glioma/enh_1554.png","5","0.999905","0.712644","flip_h","True","0.999670773","0.67675","1.072584","47.522177","130898","0.7056423","1659","False"
"197","558","Glioma__enh_1197","train","Glioma","","Glioma/enh_1197.png","Glioma__enh_1558","train","Glioma","","Glioma/enh_1558.png","1","0.999929","0.908602","flip_h","True","0.999722447","0.686981","1.094277","47.348262","130085","0.91522272","1003","True"
"198","562","Glioma__enh_1198","train","Glioma","","Glioma/enh_1198.png","Glioma__enh_1562","train","Glioma","","Glioma/enh_1562.png","4","0.999923","0.862745","flip_h","True","0.999763189","0.633369","1.002157","48.112090","127804","0.888661094","706","False"
"199","1058","Glioma__enh_1199","train","Glioma","","Glioma/enh_1199.png","Glioma__enh_664","test","Glioma","","Glioma/enh_664.png","6","0.999866","0.6875","flip_h","True","0.9995816","0.647949","1.028472","47.886955","128326","0.680486769","2258","False"
"200","361","Glioma__enh_1200","train","Glioma","","Glioma/enh_1200.png","Glioma__enh_1361","train","Glioma","","Glioma/enh_1361.png","5","0.999919","0.712644","flip_h","True","0.999726287","0.64756","1.042208","47.771718","126314","0.714360955","1627","False"
"202","367","Glioma__enh_1202","train","Glioma","","Glioma/enh_1202.png","Glioma__enh_1367","train","Glioma","","Glioma/enh_1367.png","7","0.999896","0.747475","flip_h","True","0.999723451","0.572681","0.930338","48.757992","119726","0.777350016","1388","False"
"203","380","Glioma__enh_1203","train","Glioma","","Glioma/enh_1203.png","Glioma__enh_1380","train","Glioma","","Glioma/enh_1380.png","10","0.999877","0.913043","flip_h","False","0.999654477","0.616837","0.983173","48.278205","126375","0.922110553","341","True"
"204","383","Glioma__enh_1204","train","Glioma","","Glioma/enh_1204.png","Glioma__enh_1383","val","Glioma","","Glioma/enh_1383.png","7","0.999882","0.875","flip_h","True","0.99964394","0.619617","0.988665","48.229818","126042","0.896943574","263","False"
"205","385","Glioma__enh_1205","val","Glioma","","Glioma/enh_1205.png","Glioma__enh_1385","train","Glioma","","Glioma/enh_1385.png","8","0.999943","0.935484","flip_h","True","0.999792981","0.679668","1.073876","47.511721","131258","0.933824592","916","True"
"207","409","Glioma__enh_1207","train","Glioma","","Glioma/enh_1207.png","Glioma__enh_1409","train","Glioma","","Glioma/enh_1409.png","9","0.99993","0.695238","flip_h","False","0.99978631","0.6092","0.985386","48.258677","123598","0.703004681","1967","False"
"208","419","Glioma__enh_1208","train","Glioma","","Glioma/enh_1208.png","Glioma__enh_1419","train","Glioma","","Glioma/enh_1419.png","6","0.999897","0.920455","flip_h","True","0.999702839","0.595684","0.968279","48.410790","121778","0.903788014","541","True"
"209","564","Glioma__enh_1209","train","Glioma","","Glioma/enh_1209.png","Glioma__enh_1564","train","Glioma","","Glioma/enh_1564.png","10","0.999915","0.907692","flip_h","False","0.999721908","0.672825","1.036896","47.816099","135937","0.905362776","390","True"
"210","567","Glioma__enh_1210","train","Glioma","","Glioma/enh_1210.png","Glioma__enh_1567","val","Glioma","","Glioma/enh_1567.png","12","0.99993","0.841463","flip_h","False","0.999770788","0.67149","1.043047","47.764723","134992","0.901351624","489","True"
"211","320","Glioma__enh_1211","train","Glioma","","Glioma/enh_1211.png","Glioma__enh_1320","val","Glioma","","Glioma/enh_1320.png","4","0.999891","0.836364","flip_h","True","0.999628708","0.669365","1.056563","47.652896","130845","0.917832168","282","True"
"212","325","Glioma__enh_1212","val","Glioma","","Glioma/enh_1212.png","Glioma__enh_1325","train","Glioma","","Glioma/enh_1325.png","7","0.999889","0.829268","flip_h","True","0.999656957","0.656189","1.035204","47.830283","130656","0.860126084","355","False"
"213","329","Glioma__enh_1213","train","Glioma","","Glioma/enh_1213.png","Glioma__enh_1329","train","Glioma","","Glioma/enh_1329.png","4","0.999909","0.864865","flip_h","True","0.999684075","0.647659","1.040611","47.785038","126523","0.833473154","794","False"
"214","1057","Glioma__enh_1214","val","Glioma","","Glioma/enh_1214.png","Glioma__enh_663","test","Glioma","","Glioma/enh_663.png","11","0.99987","0.957447","flip_h","False","0.999643531","0.629456","0.982913","48.280503","131482","0.924694708","222","True"
"215","346","Glioma__enh_1215","train","Glioma","","Glioma/enh_1215.png","Glioma__enh_1346","train","Glioma","","Glioma/enh_1346.png","10","0.999932","0.9375","flip_h","False","0.999791513","0.625004","1.001496","48.117818","126712","0.938274265","573","True"
"216","573","Glioma__enh_1216","train","Glioma","","Glioma/enh_1216.png","Glioma__enh_1573","train","Glioma","","Glioma/enh_1573.png","7","0.999929","0.774194","flip_h","True","0.999777474","0.670246","1.035387","47.828753","135463","0.827891533","311","False"
"217","577","Glioma__enh_1217","train","Glioma","","Glioma/enh_1217.png","Glioma__enh_1577","train","Glioma","","Glioma/enh_1577.png","11","0.999923","0.890411","flip_h","False","0.999754089","0.692211","1.052216","47.688705","139986","0.911063373","414","True"
"218","1081","Glioma__enh_1218","train","Glioma","","Glioma/enh_1218.png","Glioma__enh_687","test","Glioma","","Glioma/enh_687.png","6","0.999931","0.916667","flip_h","True","0.999770418","0.647892","1.029256","47.880335","129299","0.932896521","297","True"
"219","1082","Glioma__enh_1219","train","Glioma","","Glioma/enh_1219.png","Glioma__enh_688","test","Glioma","","Glioma/enh_688.png","7","0.99991","0.774194","flip_h","True","0.999723228","0.667946","1.028961","47.882822","136065","0.819799585","1043","False"
"220","231","Glioma__enh_1220","val","Glioma","","Glioma/enh_1220.png","Glioma__enh_1231","val","Glioma","","Glioma/enh_1231.png","7","0.999913","0.858974","flip_h","True","0.999731587","0.600967","0.981546","48.292592","120834","0.849196539","732","False"
"221","235","Glioma__enh_1221","train","Glioma","","Glioma/enh_1221.png","Glioma__enh_1235","train","Glioma","","Glioma/enh_1235.png","7","0.999924","0.774775","flip_h","True","0.999751569","0.620121","1.017128","47.983290","122343","0.77430604","1618","False"
"222","243","Glioma__enh_1222","train","Glioma","","Glioma/enh_1222.png","Glioma__enh_1243","train","Glioma","","Glioma/enh_1243.png","3","0.999888","0.97619","flip_h","True","0.99962518","0.651703","1.038941","47.798983","127629","0.940660112","169","True"
"223","248","Glioma__enh_1223","train","Glioma","","Glioma/enh_1223.png","Glioma__enh_1248","train","Glioma","","Glioma/enh_1248.png","9","0.999884","0.775281","flip_h","False","0.999644201","0.615257","0.995695","48.168274","123234","0.817582026","1023","False"
"224","252","Glioma__enh_1224","val","Glioma","","Glioma/enh_1224.png","Glioma__enh_1252","train","Glioma","","Glioma/enh_1252.png","9","0.99986","0.739394","flip_h","False","0.999593702","0.626629","0.992693","48.194505","127738","0.739310605","2768","False"
"225","263","Glioma__enh_1225","train","Glioma","","Glioma/enh_1225.png","Glioma__enh_1263","train","Glioma","","Glioma/enh_1263.png","10","0.999905","0.737624","flip_h","False","0.999688397","0.638073","1.023499","47.929055","126681","0.751639088","3182","False"
"226","275","Glioma__enh_1226","train","Glioma","","Glioma/enh_1226.png","Glioma__enh_1275","val","Glioma","","Glioma/enh_1275.png","11","0.999927","0.388889","flip_h","False","0.999776999","0.579689","0.951467","48.562933","118357","0.34212766","773","False"
"227","281","Glioma__enh_1227","val","Glioma","","Glioma/enh_1227.png","Glioma__enh_1281","train","Glioma","","Glioma/enh_1281.png","6","0.999928","0.884615","flip_h","True","0.999759207","0.639042","1.025406","47.912891","126079","0.912990196","142","True"
"228","286","Glioma__enh_1228","train","Glioma","","Glioma/enh_1228.png","Glioma__enh_1286","train","Glioma","","Glioma/enh_1286.png","12","0.99992","0.865169","flip_h","False","0.999772015","0.606308","0.973668","48.362589","124669","0.92126406","441","True"
"229","296","Glioma__enh_1229","train","Glioma","","Glioma/enh_1229.png","Glioma__enh_1296","train","Glioma","","Glioma/enh_1296.png","4","0.999903","0.727273","flip_h","True","0.999678037","0.679127","1.073709","47.513071","131333","0.758241758","330","False"
"230","311","Glioma__enh_1230","train","Glioma","","Glioma/enh_1230.png","Glioma__enh_1311","train","Glioma","","Glioma/enh_1311.png","11","0.999907","0.42","flip_h","False","0.999730278","0.589569","0.959746","48.487679","120439","0.421913965","3709","False"
"237","1029","Glioma__enh_1237","train","Glioma","","Glioma/enh_1237.png","Glioma__enh_635","test","Glioma","","Glioma/enh_635.png","4","0.999917","0.542857","flip_h","True","0.999722538","0.669079","1.056301","47.655048","130929","0.609118852","763","False"
"241","1030","Glioma__enh_1241","val","Glioma","","Glioma/enh_1241.png","Glioma__enh_636","test","Glioma","","Glioma/enh_636.png","4","0.999918","0.8","flip_h","True","0.999719814","0.665188","1.05123","47.696853","130451","0.8465063","268","False"
"244","1031","Glioma__enh_1244","train","Glioma","","Glioma/enh_1244.png","Glioma__enh_637","test","Glioma","","Glioma/enh_637.png","6","0.999891","0.891892","flip_h","True","0.999637361","0.645039","1.031437","47.861951","126094","0.91700448","389","True"
"247","1032","Glioma__enh_1247","train","Glioma","","Glioma/enh_1247.png","Glioma__enh_638","test","Glioma","","Glioma/enh_638.png","12","0.999915","0.931034","flip_h","False","0.999723641","0.645977","1.029375","47.879334","128155","0.949319819","380","True"
"251","1033","Glioma__enh_1251","train","Glioma","","Glioma/enh_1251.png","Glioma__enh_639","test","Glioma","","Glioma/enh_639.png","6","0.999886","0.822222","flip_h","True","0.999657412","0.642799","1.008308","48.058937","130498","0.838020648","910","False"
"264","1035","Glioma__enh_1264","train","Glioma","","Glioma/enh_1264.png","Glioma__enh_641","test","Glioma","","Glioma/enh_641.png","5","0.999874","0.676136","flip_h","True","0.999598809","0.663185","1.036059","47.823116","132712","0.700254176","3302","False"
"273","1036","Glioma__enh_1273","train","Glioma","","Glioma/enh_1273.png","Glioma__enh_642","test","Glioma","","Glioma/enh_642.png","8","0.999895","0.905028","flip_h","True","0.999643629","0.653957","1.039872","47.791208","129103","0.900210822","1136","True"
"279","1037","Glioma__enh_1279","train","Glioma","","Glioma/enh_1279.png","Glioma__enh_643","test","Glioma","","Glioma/enh_643.png","9","0.9999","0.890625","flip_h","False","0.999694583","0.638035","1.002722","48.107194","129827","0.924272324","307","True"
"283","1038","Glioma__enh_1283","train","Glioma","","Glioma/enh_1283.png","Glioma__enh_644","test","Glioma","","Glioma/enh_644.png","4","0.999915","0.921569","flip_h","True","0.999722199","0.6684","1.04221","47.771703","133046","0.953167217","156","True"
"287","1039","Glioma__enh_1287","val","Glioma","","Glioma/enh_1287.png","Glioma__enh_645","test","Glioma","","Glioma/enh_645.png","12","0.999929","0.923077","flip_h","False","0.999801448","0.61689","0.979001","48.315142","127111","0.959173127","237","True"
"295","1040","Glioma__enh_1295","train","Glioma","","Glioma/enh_1295.png","Glioma__enh_646","test","Glioma","","Glioma/enh_646.png","7","0.999902","0.8","flip_h","True","0.999661242","0.665882","1.061191","47.614936","128817","0.864983535","123","False"
"313","1041","Glioma__enh_1313","train","Glioma","","Glioma/enh_1313.png","Glioma__enh_647","test","Glioma","","Glioma/enh_647.png","4","0.999922","0.516129","flip_h","True","0.999745322","0.632286","1.025664","47.910701","124386","0.524150566","2857","False"
"321","1016","Glioma__enh_1321","train","Glioma","","Glioma/enh_1321.png","Glioma__enh_622","test","Glioma","","Glioma/enh_622.png","1","0.999931","1","flip_h","True","0.999744637","0.680023","1.083029","47.438006","129943","0.958597764","137","True"
"324","1017","Glioma__enh_1324","train","Glioma","","Glioma/enh_1324.png","Glioma__enh_623","test","Glioma","","Glioma/enh_623.png","8","0.999896","0.590164","flip_h","True","0.999681889","0.647499","1.025117","47.915334","129274","0.622933613","1437","False"
"327","1018","Glioma__enh_1327","train","Glioma","","Glioma/enh_1327.png","Glioma__enh_624","test","Glioma","","Glioma/enh_624.png","7","0.999928","0.43617","flip_h","True","0.999757611","0.670959","1.057516","47.645067","131840","0.428782895","3473","False"
"341","1020","Glioma__enh_1341","train","Glioma","","Glioma/enh_1341.png","Glioma__enh_626","test","Glioma","","Glioma/enh_626.png","9","0.9999","0.906977","flip_h","False","0.999719944","0.606514","0.970167","48.393878","125819","0.912634876","251","True"
"349","1021","Glioma__enh_1349","train","Glioma","","Glioma/enh_1349.png","Glioma__enh_627","test","Glioma","","Glioma/enh_627.png","4","0.999935","0.921429","flip_h","True","0.999787772","0.643005","1.02747","47.895421","128254","0.944620971","488","True"
"576","1023","Glioma__enh_1576","train","Glioma","","Glioma/enh_1576.png","Glioma__enh_629","test","Glioma","","Glioma/enh_629.png","11","0.999934","0.818182","flip_h","False","0.999782351","0.679981","1.048661","47.718103","136133","0.752515091","369","False"
"579","1024","Glioma__enh_1579","train","Glioma","","Glioma/enh_1579.png","Glioma__enh_630","test","Glioma","","Glioma/enh_630.png","7","0.999933","0.933333","flip_h","True","0.999796293","0.65876","1.018929","47.967928","134349","0.914059814","250","True"
"589","1026","Glioma__enh_1589","train","Glioma","","Glioma/enh_1589.png","Glioma__enh_632","test","Glioma","","Glioma/enh_632.png","11","0.999936","0.884244","flip_h","False","0.999787116","0.675785","1.051621","47.693616","134420","0.892401553","2134","False"
"608","630","Glioma__enh_1608","train","Glioma","","Glioma/enh_1608.png","Glioma__enh_1630","train","Glioma","","Glioma/enh_1630.png","10","0.999931","0.307018","flip_h","False","0.999766449","0.766338","1.10991","47.225052","153928","0.307116615","5092","False"
"609","882","Glioma__enh_1609","val","Glioma","","Glioma/enh_1609.png","Glioma__enh_1882","train","Glioma","","Glioma/enh_1882.png","10","0.999924","0.927711","flip_h","False","0.999736333","0.776825","1.11335","47.198171","156589","0.935211808","338","True"
"610","886","Glioma__enh_1610","train","Glioma","","Glioma/enh_1610.png","Glioma__enh_1886","train","Glioma","","Glioma/enh_1886.png","8","0.999893","0.785714","flip_h","True","0.999646686","0.785023","1.126337","47.097437","156505","0.795599305","353","False"
"611","888","Glioma__enh_1611","train","Glioma","","Glioma/enh_1611.png","Glioma__enh_1888","train","Glioma","","Glioma/enh_1888.png","10","0.999908","0.882353","flip_h","False","0.999714912","0.763592","1.093759","47.352373","156865","0.896045198","552","False"
"613","1171","Glioma__enh_1613","train","Glioma","","Glioma/enh_1613.png","Glioma__enh_777","test","Glioma","","Glioma/enh_777.png","8","0.999909","0.831776","flip_h","True","0.99970287","0.79649","1.127569","47.087941","159909","0.819653508","1270","False"
"614","1176","Glioma__enh_1614","train","Glioma","","Glioma/enh_1614.png","Glioma__enh_782","test","Glioma","","Glioma/enh_782.png","8","0.999919","0.9375","flip_h","True","0.999709142","0.8144","1.153145","46.893128","160786","0.908955962","184","True"
"615","1177","Glioma__enh_1615","val","Glioma","","Glioma/enh_1615.png","Glioma__enh_783","test","Glioma","","Glioma/enh_783.png","9","0.999909","0.9","flip_h","False","0.999683992","0.836006","1.179833","46.694393","163368","0.884398977","226","False"
"616","1178","Glioma__enh_1616","train","Glioma","","Glioma/enh_1616.png","Glioma__enh_784","test","Glioma","","Glioma/enh_784.png","7","0.999937","0.916667","flip_h","True","0.999781131","0.786755","1.125924","47.100625","157089","0.914024191","263","True"
"619","1182","Glioma__enh_1619","val","Glioma","","Glioma/enh_1619.png","Glioma__enh_788","test","Glioma","","Glioma/enh_788.png","9","0.999931","0.776316","flip_h","False","0.999757714","0.805923","1.146143","46.946025","159738","0.797386315","1907","False"
"931","1276","Glioma__enh_537","test","Glioma","","Glioma/enh_537.png","Glioma__enh_882","val","Glioma","","Glioma/enh_882.png","9","0.999921","0","flip_h","False","0.999701594","0.590008","1.024017","47.924661","111772","0","6349","False"
"939","1345","Glioma__enh_545","test","Glioma","","Glioma/enh_545.png","Glioma__enh_951","val","Glioma","","Glioma/enh_951.png","11","0.999893","0.367021","flip_h","False","0.999689923","0.552219","0.945633","48.616349","110789","0.362535494","7633","False"
"942","983","Glioma__enh_548","test","Glioma","","Glioma/enh_548.png","Glioma__enh_589","test","Glioma","","Glioma/enh_589.png","12","0.999889","0","flip_h","False","0.9997491","0.541668","0.899034","49.055283","115615","0","2098","False"
"944","1374","Glioma__enh_550","test","Glioma","","Glioma/enh_550.png","Glioma__enh_980","train","Glioma","","Glioma/enh_980.png","6","0.999907","0.928571","flip_h","True","0.999724626","0.593178","0.981394","48.293933","119472","0.927743626","717","True"
"945","1380","Glioma__enh_551","test","Glioma","","Glioma/enh_551.png","Glioma__enh_986","train","Glioma","","Glioma/enh_986.png","6","0.999905","0.821429","flip_h","True","0.999723101","0.504478","0.898637","49.059117","102093","0.80112202","709","False"
"946","1384","Glioma__enh_552","test","Glioma","","Glioma/enh_552.png","Glioma__enh_990","train","Glioma","","Glioma/enh_990.png","9","0.999909","0.584615","flip_h","False","0.999756933","0.462269","0.845879","49.584639","95610","0.559183673","1836","False"
"948","992","Glioma__enh_554","test","Glioma","","Glioma/enh_554.png","Glioma__enh_598","test","Glioma","","Glioma/enh_598.png","7","0.99989","0.740741","flip_h","True","0.999698317","0.530434","0.922868","48.828016","107595","0.789060642","1774","False"
"949","993","Glioma__enh_555","test","Glioma","","Glioma/enh_555.png","Glioma__enh_599","test","Glioma","","Glioma/enh_599.png","9","0.999907","0.924855","flip_h","False","0.999728301","0.549435","0.941761","48.651992","110618","0.909090909","1021","True"
"950","994","Glioma__enh_556","test","Glioma","","Glioma/enh_556.png","Glioma__enh_600","test","Glioma","","Glioma/enh_600.png","12","0.999924","0.884615","flip_h","False","0.999798614","0.523045","0.893116","49.112642","109092","0.898971567","501","False"
"951","974","Glioma__enh_557","test","Glioma","","Glioma/enh_557.png","Glioma__enh_580","test","Glioma","","Glioma/enh_580.png","11","0.999915","0.88","flip_h","False","0.999762616","0.479767","0.86699","49.370527","98275","0.831490887","564","False"
"952","1264","Glioma__enh_558","test","Glioma","","Glioma/enh_558.png","Glioma__enh_870","train","Glioma","","Glioma/enh_870.png","9","0.999899","0.60241","flip_h","False","0.999683939","0.58255","0.990926","48.209982","113880","0.620845921","2008","False"
"953","1269","Glioma__enh_559","test","Glioma","","Glioma/enh_559.png","Glioma__enh_875","train","Glioma","","Glioma/enh_875.png","5","0.999872","0.8","flip_h","True","0.999671819","0.531906","0.900372","49.042368","111012","0.8141542","646","False"
"954","1273","Glioma__enh_560","test","Glioma","","Glioma/enh_560.png","Glioma__enh_879","train","Glioma","","Glioma/enh_879.png","11","0.999885","0.934066","flip_h","False","0.999675755","0.506321","0.910783","48.942509","101310","0.924898512","444","True"
"996","1210","Glioma__enh_602","test","Glioma","","Glioma/enh_602.png","Glioma__enh_816","train","Glioma","","Glioma/enh_816.png","4","0.999919","0.779412","flip_h","True","0.999764853","0.577774","0.966195","48.429508","116634","0.790140845","1788","False"
"997","1218","Glioma__enh_603","test","Glioma","","Glioma/enh_603.png","Glioma__enh_824","train","Glioma","","Glioma/enh_824.png","9","0.999889","0.066667","flip_h","False","0.999693984","0.544876","0.929794","48.763067","111484","0.09006764","2556","False"
"1002","1183","Glioma__enh_608","test","Glioma","","Glioma/enh_608.png","Glioma__enh_789","train","Glioma","","Glioma/enh_789.png","11","0.999942","0.868327","flip_h","False","0.999800298","0.608307","1.017614","47.979144","118016","0.872672872","2298","False"
"1005","1185","Glioma__enh_611","test","Glioma","","Glioma/enh_611.png","Glioma__enh_791","val","Glioma","","Glioma/enh_791.png","8","0.999912","0.888889","flip_h","True","0.999725803","0.513763","0.924127","48.816166","101798","0.887997209","321","False"
"1006","1186","Glioma__enh_612","test","Glioma","","Glioma/enh_612.png","Glioma__enh_792","train","Glioma","","Glioma/enh_792.png","12","0.999836","0.75","flip_h","False","0.999621958","0.518703","0.873859","49.301974","110827","0.814572247","453","False"
"1007","1187","Glioma__enh_613","test","Glioma","","Glioma/enh_613.png","Glioma__enh_793","val","Glioma","","Glioma/enh_793.png","10","0.999915","0.576271","flip_h","False","0.999738633","0.568981","0.969217","48.402388","113661","0.590034274","1555","False"
"1008","1188","Glioma__enh_614","test","Glioma","","Glioma/enh_614.png","Glioma__enh_794","train","Glioma","","Glioma/enh_794.png","10","0.999926","0.901639","flip_h","False","0.999776625","0.52277","0.917235","48.881191","106234","0.886909373","438","False"
"1022","1078","Glioma__enh_628","test","Glioma","","Glioma/enh_628.png","Glioma__enh_684","test","Glioma","","Glioma/enh_684.png","8","0.999935","0.75","flip_h","True","0.999794191","0.667351","1.028453","47.887111","135580","0.726235741","720","False"
"1027","1043","Glioma__enh_633","test","Glioma","","Glioma/enh_633.png","Glioma__enh_649","test","Glioma","","Glioma/enh_649.png","9","0.999886","0.896552","flip_h","False","0.999639696","0.641918","1.023305","47.930700","128112","0.906435911","173","True"
"1028","1046","Glioma__enh_634","test","Glioma","","Glioma/enh_634.png","Glioma__enh_652","test","Glioma","","Glioma/enh_652.png","8","0.999896","0","flip_h","True","0.999648835","0.645851","1.028895","47.883385","127620","0","3021","False"
"1034","1052","Glioma__enh_640","test","Glioma","","Glioma/enh_640.png","Glioma__enh_658","test","Glioma","","Glioma/enh_658.png","9","0.999911","0.466667","flip_h","False","0.999719968","0.614452","1.000082","48.130091","122806","0.509713882","1388","False"
"1192","1226","Glioma__enh_798","train","Glioma","","Glioma/enh_798.png","Glioma__enh_832","train","Glioma","","Glioma/enh_832.png","11","0.999881","0.894737","flip_h","False","0.999634238","0.544868","0.944473","48.627015","108473","0.944391635","468","True"
"1194","1239","Glioma__enh_800","train","Glioma","","Glioma/enh_800.png","Glioma__enh_845","train","Glioma","","Glioma/enh_845.png","12","0.999898","0.875706","flip_h","False","0.999728474","0.512592","0.885244","49.189543","107055","0.881627948","1335","False"
"1195","1250","Glioma__enh_801","train","Glioma","","Glioma/enh_801.png","Glioma__enh_856","train","Glioma","","Glioma/enh_856.png","8","0.999888","0.841772","flip_h","True","0.999675451","0.505116","0.892822","49.115509","102586","0.855397047","2899","False"
"1196","1256","Glioma__enh_802","train","Glioma","","Glioma/enh_802.png","Glioma__enh_862","val","Glioma","","Glioma/enh_862.png","5","0.999906","0.653846","flip_h","True","0.999717704","0.521351","0.924649","48.811261","103975","0.64590929","2428","False"
"1197","1298","Glioma__enh_803","train","Glioma","","Glioma/enh_803.png","Glioma__enh_904","train","Glioma","","Glioma/enh_904.png","7","0.999802","0.636364","flip_h","True","0.999559722","0.467457","0.830046","49.748761","99810","0.657752308","2150","False"
"1200","1339","Glioma__enh_806","train","Glioma","","Glioma/enh_806.png","Glioma__enh_945","train","Glioma","","Glioma/enh_945.png","12","0.999856","0.894737","flip_h","False","0.999627038","0.562695","0.931047","48.751374","117382","0.932871373","310","True"
"1201","1342","Glioma__enh_807","train","Glioma","","Glioma/enh_807.png","Glioma__enh_948","train","Glioma","","Glioma/enh_948.png","12","0.999892","0.09697","flip_h","False","0.999704123","0.526936","0.89844","49.061026","110144","0.096104391","9490","False"
"1202","1346","Glioma__enh_808","train","Glioma","","Glioma/enh_808.png","Glioma__enh_952","train","Glioma","","Glioma/enh_952.png","8","0.999845","0.755906","flip_h","True","0.999567472","0.507347","0.897188","49.073131","103145","0.758479314","1944","False"
"1203","1350","Glioma__enh_809","val","Glioma","","Glioma/enh_809.png","Glioma__enh_956","train","Glioma","","Glioma/enh_956.png","10","0.999917","0.724138","flip_h","False","0.999763927","0.527279","0.902874","49.018259","108973","0.790619765","375","False"
"1211","1260","Glioma__enh_817","train","Glioma","","Glioma/enh_817.png","Glioma__enh_866","train","Glioma","","Glioma/enh_866.png","12","0.999917","0.926829","flip_h","False","0.999771285","0.460999","0.842307","49.621400","95509","0.89273743","288","False"
"1212","1267","Glioma__enh_818","val","Glioma","","Glioma/enh_818.png","Glioma__enh_873","val","Glioma","","Glioma/enh_873.png","7","0.999851","0.304348","flip_h","True","0.99962393","0.548157","0.918966","48.864819","114125","0.271466314","1103","False"
"1213","1272","Glioma__enh_819","train","Glioma","","Glioma/enh_819.png","Glioma__enh_878","train","Glioma","","Glioma/enh_878.png","7","0.999898","0.923077","flip_h","True","0.999709989","0.512798","0.917871","48.875170","102646","0.902352344","577","True"
"1394","2178","Meningioma__enh_1000","test","Meningioma","","Meningioma/enh_1000.png","Meningioma__enh_1876","train","Meningioma","","Meningioma/enh_1876.png","7","0.999877","0.901961","flip_h","True","0.999595025","0.802589","1.143284","46.967721","160211","0.908656808","593","True"
"1397","2190","Meningioma__enh_1003","test","Meningioma","","Meningioma/enh_1003.png","Meningioma__enh_1888","train","Meningioma","","Meningioma/enh_1888.png","12","0.999874","0.888889","flip_h","False","0.999628896","0.776981","1.101284","47.292819","158806","0.755952381","164","False"
"1398","2197","Meningioma__enh_1004","test","Meningioma","","Meningioma/enh_1004.png","Meningioma__enh_1895","val","Meningioma","","Meningioma/enh_1895.png","9","0.999944","0.744186","flip_h","False","0.999824881","0.732819","1.053736","47.676169","153247","0.697598253","831","False"
"1400","1690","Meningioma__enh_1006","val","Meningioma","","Meningioma/enh_1006.png","Meningioma__enh_1354","train","Meningioma","","Meningioma/enh_1354.png","9","0.999919","0.878049","flip_h","False","0.999708189","0.626171","1.046698","47.734374","119733","0.869815668","339","False"
"1402","1686","Meningioma__enh_1008","train","Meningioma","","Meningioma/enh_1008.png","Meningioma__enh_1350","train","Meningioma","","Meningioma/enh_1350.png","4","0.999936","0.847826","flip_h","True","0.999775322","0.59478","1.014719","48.003884","114913","0.845762712","455","False"
"1403","1613","Meningioma__enh_1009","train","Meningioma","","Meningioma/enh_1009.png","Meningioma__enh_1277","val","Meningioma","","Meningioma/enh_1277.png","5","0.999944","0.916667","flip_h","True","0.999803004","0.584858","1.004151","48.094820","112943","0.889917695","428","False"
"1404","1646","Meningioma__enh_1010","train","Meningioma","","Meningioma/enh_1010.png","Meningioma__enh_1310","val","Meningioma","","Meningioma/enh_1310.png","7","0.999935","0.742268","flip_h","True","0.999783288","0.5695","0.970255","48.393086","113014","0.745691738","1579","False"
"1405","1710","Meningioma__enh_1011","train","Meningioma","","Meningioma/enh_1011.png","Meningioma__enh_1374","val","Meningioma","","Meningioma/enh_1374.png","10","0.999926","0.924528","flip_h","False","0.999792351","0.577351","0.955653","48.524798","118026","0.877844311","408","False"
"1406","1722","Meningioma__enh_1012","train","Meningioma","","Meningioma/enh_1012.png","Meningioma__enh_1386","train","Meningioma","","Meningioma/enh_1386.png","11","0.999924","0.948718","flip_h","False","0.999774423","0.561745","0.951402","48.563518","113755","0.924743893","382","True"
"1407","1733","Meningioma__enh_1013","val","Meningioma","","Meningioma/enh_1013.png","Meningioma__enh_1397","val","Meningioma","","Meningioma/enh_1397.png","10","0.999924","0.841667","flip_h","False","0.999791536","0.590778","0.953843","48.541264","123162","0.854543074","1111","False"
"1411","1612","Meningioma__enh_1017","val","Meningioma","","Meningioma/enh_1017.png","Meningioma__enh_1276","train","Meningioma","","Meningioma/enh_1276.png","9","0.99993","0.684211","flip_h","False","0.999778581","0.573086","0.979525","48.310495","112841","0.70670148","674","False"
"1412","1615","Meningioma__enh_1018","train","Meningioma","","Meningioma/enh_1018.png","Meningioma__enh_1279","train","Meningioma","","Meningioma/enh_1279.png","12","0.999938","0.92","flip_h","False","0.999828217","0.560814","0.923454","48.822495","117541","0.927911275","117","True"
"1415","1622","Meningioma__enh_1021","val","Meningioma","","Meningioma/enh_1021.png","Meningioma__enh_1286","train","Meningioma","","Meningioma/enh_1286.png","11","0.999928","0.828125","flip_h","False","0.999804375","0.535271","0.900973","49.036568","112314","0.888438134","440","False"
"1420","1661","Meningioma__enh_1026","train","Meningioma","","Meningioma/enh_1026.png","Meningioma__enh_1325","train","Meningioma","","Meningioma/enh_1325.png","9","0.999946","0.871429","flip_h","False","0.999796225","0.654465","1.077428","47.483041","124397","0.871070615","566","False"
"1421","1670","Meningioma__enh_1027","train","Meningioma","","Meningioma/enh_1027.png","Meningioma__enh_1334","train","Meningioma","","Meningioma/enh_1334.png","10","0.999939","0.755102","flip_h","False","0.999811727","0.584084","0.977445","48.328958","116991","0.753765553","752","False"
"1423","1692","Meningioma__enh_1029","train","Meningioma","","Meningioma/enh_1029.png","Meningioma__enh_1356","train","Meningioma","","Meningioma/enh_1356.png","9","0.999919","0.884615","flip_h","False","0.9997609","0.53392","0.943151","48.639178","106766","0.888097043","738","False"
"1424","1693","Meningioma__enh_1030","train","Meningioma","","Meningioma/enh_1030.png","Meningioma__enh_1357","train","Meningioma","","Meningioma/enh_1357.png","10","0.999928","0.862903","flip_h","False","0.999783761","0.520565","0.922903","48.827685","104174","0.890571951","838","False"
"1429","1702","Meningioma__enh_1035","train","Meningioma","","Meningioma/enh_1035.png","Meningioma__enh_1366","train","Meningioma","","Meningioma/enh_1366.png","12","0.999933","0.855556","flip_h","False","0.999799074","0.58316","0.977714","48.326565","116693","0.897006415","578","False"
"1430","1703","Meningioma__enh_1036","train","Meningioma","","Meningioma/enh_1036.png","Meningioma__enh_1367","train","Meningioma","","Meningioma/enh_1367.png","12","0.999932","0.816092","flip_h","False","0.999798274","0.574444","0.957161","48.511106","117155","0.813713486","1065","False"
"1435","1712","Meningioma__enh_1041","train","Meningioma","","Meningioma/enh_1041.png","Meningioma__enh_1376","train","Meningioma","","Meningioma/enh_1376.png","11","0.999949","0.918367","flip_h","False","0.999835388","0.547455","0.949528","48.580647","109153","0.910543131","280","True"
"1436","1713","Meningioma__enh_1042","train","Meningioma","","Meningioma/enh_1042.png","Meningioma__enh_1377","train","Meningioma","","Meningioma/enh_1377.png","9","0.999944","0.938202","flip_h","False","0.999828583","0.529884","0.922165","48.834635","107051","0.92773729","823","True"
"1437","1714","Meningioma__enh_1043","val","Meningioma","","Meningioma/enh_1043.png","Meningioma__enh_1378","val","Meningioma","","Meningioma/enh_1378.png","10","0.999944","0.960177","flip_h","False","0.999834528","0.503345","0.891351","49.129831","102328","0.955180921","654","True"
"1438","1716","Meningioma__enh_1044","train","Meningioma","","Meningioma/enh_1044.png","Meningioma__enh_1380","train","Meningioma","","Meningioma/enh_1380.png","11","0.999946","0.941964","flip_h","False","0.999847918","0.568447","0.933257","48.730782","118496","0.944239214","800","True"
"1442","1723","Meningioma__enh_1048","train","Meningioma","","Meningioma/enh_1048.png","Meningioma__enh_1387","train","Meningioma","","Meningioma/enh_1387.png","11","0.999931","0.958333","flip_h","False","0.999789078","0.628399","1.002965","48.105085","127224","0.905778894","300","True"
"1443","1724","Meningioma__enh_1049","train","Meningioma","","Meningioma/enh_1049.png","Meningioma__enh_1388","train","Meningioma","","Meningioma/enh_1388.png","10","0.99993","0.914286","flip_h","False","0.999813817","0.500237","0.874926","49.291378","104457","0.934872772","581","True"
"1447","1731","Meningioma__enh_1053","train","Meningioma","","Meningioma/enh_1053.png","Meningioma__enh_1395","val","Meningioma","","Meningioma/enh_1395.png","11","0.999924","0.973684","flip_h","False","0.999817346","0.530804","0.880283","49.238355","114513","0.908288565","239","True"
"1450","1735","Meningioma__enh_1056","train","Meningioma","","Meningioma/enh_1056.png","Meningioma__enh_1399","train","Meningioma","","Meningioma/enh_1399.png","11","0.999916","0.88","flip_h","False","0.999738557","0.576584","0.968648","48.407487","115266","0.89984639","326","False"
"1451","1736","Meningioma__enh_1057","train","Meningioma","","Meningioma/enh_1057.png","Meningioma__enh_1400","train","Meningioma","","Meningioma/enh_1400.png","8","0.999913","0.880597","flip_h","True","0.99974405","0.569069","0.949339","48.582374","115765","0.858456707","631","False"
"1452","2680","Meningioma__enh_1058","train","Meningioma","","Meningioma/enh_1058.png","Meningioma__enh_832","test","Meningioma","","Meningioma/enh_832.png","12","0.999909","0.942857","flip_h","False","0.999742741","0.579777","0.957707","48.506154","118655","0.946159582","361","True"
"1453","1738","Meningioma__enh_1059","train","Meningioma","","Meningioma/enh_1059.png","Meningioma__enh_1402","train","Meningioma","","Meningioma/enh_1402.png","9","0.999902","0.901961","flip_h","False","0.999717753","0.603043","0.974149","48.358293","123951","0.898694842","326","False"
"1455","1740","Meningioma__enh_1061","train","Meningioma","","Meningioma/enh_1061.png","Meningioma__enh_1404","train","Meningioma","","Meningioma/enh_1404.png","9","0.999926","0.944444","flip_h","False","0.999811065","0.530037","0.898161","49.063715","111305","0.961210664","355","True"
"1456","1743","Meningioma__enh_1062","train","Meningioma","","Meningioma/enh_1062.png","Meningioma__enh_1407","train","Meningioma","","Meningioma/enh_1407.png","12","0.999943","0.967742","flip_h","False","0.999853061","0.490986","0.862572","49.414899","103569","0.957261495","422","True"
"1464","1754","Meningioma__enh_1070","train","Meningioma","","Meningioma/enh_1070.png","Meningioma__enh_1418","train","Meningioma","","Meningioma/enh_1418.png","9","0.999936","0.921053","flip_h","False","0.999796604","0.546024","0.94696","48.604175","109046","0.867001255","318","False"
"1465","1755","Meningioma__enh_1071","val","Meningioma","","Meningioma/enh_1071.png","Meningioma__enh_1419","train","Meningioma","","Meningioma/enh_1419.png","8","0.99995","0.820513","flip_h","True","0.999834499","0.596889","1.004953","48.087892","118308","0.918849292","189","True"
"1466","2686","Meningioma__enh_1072","train","Meningioma","","Meningioma/enh_1072.png","Meningioma__enh_838","test","Meningioma","","Meningioma/enh_838.png","12","0.999936","0.920635","flip_h","False","0.999808578","0.606346","0.991841","48.201959","123204","0.924928067","287","True"
"1467","1591","Meningioma__enh_1073","train","Meningioma","","Meningioma/enh_1073.png","Meningioma__enh_1255","train","Meningioma","","Meningioma/enh_1255.png","11","0.999927","0.923077","flip_h","False","0.999789057","0.572075","0.960767","48.478444","115868","0.92686643","432","True"
"1469","1593","Meningioma__enh_1075","train","Meningioma","","Meningioma/enh_1075.png","Meningioma__enh_1257","train","Meningioma","","Meningioma/enh_1257.png","11","0.999926","0.939759","flip_h","False","0.999788537","0.549763","0.92715","48.787801","112646","0.941617054","304","True"
"1470","1595","Meningioma__enh_1076","val","Meningioma","","Meningioma/enh_1076.png","Meningioma__enh_1259","train","Meningioma","","Meningioma/enh_1259.png","9","0.999946","0.974093","flip_h","False","0.99982926","0.595139","0.974647","48.353861","120756","0.969083755","385","True"
"1473","1598","Meningioma__enh_1079","train","Meningioma","","Meningioma/enh_1079.png","Meningioma__enh_1262","train","Meningioma","","Meningioma/enh_1262.png","8","0.99995","0.531646","flip_h","True","0.999801293","0.643826","1.084906","47.422961","120026","0.52195122","2450","False"
"1475","2652","Meningioma__enh_1081","train","Meningioma","","Meningioma/enh_1081.png","Meningioma__enh_804","test","Meningioma","","Meningioma/enh_804.png","8","0.999928","0.972973","flip_h","True","0.9997298","0.625969","1.051322","47.696088","118960","0.926680244","180","True"
"1479","1606","Meningioma__enh_1085","train","Meningioma","","Meningioma/enh_1085.png","Meningioma__enh_1270","train","Meningioma","","Meningioma/enh_1270.png","10","0.999928","0.878261","flip_h","False","0.999797252","0.575134","0.952861","48.550214","117749","0.89687981","737","False"
"1480","2654","Meningioma__enh_1086","train","Meningioma","","Meningioma/enh_1086.png","Meningioma__enh_806","test","Meningioma","","Meningioma/enh_806.png","10","0.999931","0.933775","flip_h","False","0.999807485","0.552414","0.926416","48.794686","114195","0.948833789","487","True"
"1485","1678","Meningioma__enh_1091","train","Meningioma","","Meningioma/enh_1091.png","Meningioma__enh_1342","train","Meningioma","","Meningioma/enh_1342.png","11","0.999949","0.930556","flip_h","False","0.999850595","0.495579","0.876257","49.278175","102748","0.913544669","810","True"
"1488","2675","Meningioma__enh_1094","train","Meningioma","","Meningioma/enh_1094.png","Meningioma__enh_827","test","Meningioma","","Meningioma/enh_827.png","12","0.999944","0.959459","flip_h","False","0.999822271","0.564095","0.961497","48.471844","112768","0.91273162","438","True"
"1489","1681","Meningioma__enh_1095","train","Meningioma","","Meningioma/enh_1095.png","Meningioma__enh_1345","val","Meningioma","","Meningioma/enh_1345.png","10","0.999945","0.94","flip_h","False","0.999829392","0.563068","0.962126","48.466167","112341","0.944554455","364","True"
"1490","1682","Meningioma__enh_1096","val","Meningioma","","Meningioma/enh_1096.png","Meningioma__enh_1346","train","Meningioma","","Meningioma/enh_1346.png","5","0.99994","0.934426","flip_h","True","0.999809739","0.553921","0.956547","48.516679","110466","0.941388038","440","True"
"1491","2676","Meningioma__enh_1097","val","Meningioma","","Meningioma/enh_1097.png","Meningioma__enh_828","test","Meningioma","","Meningioma/enh_828.png","10","0.99994","0.814815","flip_h","False","0.999821493","0.547794","0.937364","48.692641","111334","0.863286385","728","False"
"1493","1685","Meningioma__enh_1099","train","Meningioma","","Meningioma/enh_1099.png","Meningioma__enh_1349","val","Meningioma","","Meningioma/enh_1349.png","10","0.999933","0.88","flip_h","False","0.999739364","0.637264","1.06953","47.546945","120151","0.88960412","343","False"
"1494","2677","Meningioma__enh_1100","train","Meningioma","","Meningioma/enh_1100.png","Meningioma__enh_829","test","Meningioma","","Meningioma/enh_829.png","10","0.999917","0.93617","flip_h","False","0.999706203","0.644608","1.058003","47.641069","123415","0.918116684","240","True"
"1495","1687","Meningioma__enh_1101","val","Meningioma","","Meningioma/enh_1101.png","Meningioma__enh_1351","train","Meningioma","","Meningioma/enh_1351.png","10","0.999926","0.826087","flip_h","False","0.999741565","0.617451","1.032221","47.855354","118518","0.783903676","341","False"
"1496","1689","Meningioma__enh_1102","train","Meningioma","","Meningioma/enh_1102.png","Meningioma__enh_1353","train","Meningioma","","Meningioma/enh_1353.png","10","0.999912","0.833333","flip_h","False","0.999693055","0.614868","1.027507","47.895107","118812","0.856914894","269","False"
"1500","1627","Meningioma__enh_1133","train","Meningioma","","Meningioma/enh_1133.png","Meningioma__enh_1291","train","Meningioma","","Meningioma/enh_1291.png","10","0.999937","0.97006","flip_h","False","0.999799625","0.558517","0.96702","48.422096","110889","0.949499673","540","True"
"1501","1655","Meningioma__enh_1143","train","Meningioma","","Meningioma/enh_1143.png","Meningioma__enh_1319","train","Meningioma","","Meningioma/enh_1319.png","10","0.999926","0.806452","flip_h","False","0.999720266","0.655796","1.088627","47.393224","122280","0.832164329","335","False"
"1502","2670","Meningioma__enh_1154","train","Meningioma","","Meningioma/enh_1154.png","Meningioma__enh_822","test","Meningioma","","Meningioma/enh_822.png","9","0.999931","0.642857","flip_h","False","0.999720774","0.652775","1.086438","47.410705","121499","0.671067961","847","False"
"1503","2673","Meningioma__enh_1156","train","Meningioma","","Meningioma/enh_1156.png","Meningioma__enh_825","test","Meningioma","","Meningioma/enh_825.png","11","0.999933","0.64","flip_h","False","0.999733369","0.647781","1.087531","47.401970","120523","0.702489757","944","False"
"1509","2681","Meningioma__enh_1162","val","Meningioma","","Meningioma/enh_1162.png","Meningioma__enh_833","test","Meningioma","","Meningioma/enh_833.png","10","0.999905","0.895833","flip_h","False","0.999694053","0.598366","1.004119","48.095100","117213","0.951510892","138","True"
"1512","1600","Meningioma__enh_1166","train","Meningioma","","Meningioma/enh_1166.png","Meningioma__enh_1264","val","Meningioma","","Meningioma/enh_1264.png","11","0.999898","0.906667","flip_h","False","0.999724503","0.515781","0.91815","48.872536","104387","0.870714581","626","False"
"1513","2655","Meningioma__enh_1167","val","Meningioma","","Meningioma/enh_1167.png","Meningioma__enh_807","test","Meningioma","","Meningioma/enh_807.png","10","0.999884","0.89899","flip_h","False","0.999700002","0.499207","0.890115","49.141880","102424","0.89452496","655","False"
"1514","1611","Meningioma__enh_1168","train","Meningioma","","Meningioma/enh_1168.png","Meningioma__enh_1275","train","Meningioma","","Meningioma/enh_1275.png","9","0.999915","0.933962","flip_h","False","0.999774023","0.562027","0.943005","48.640519","116001","0.96137273","251","True"
"1515","2656","Meningioma__enh_1169","train","Meningioma","","Meningioma/enh_1169.png","Meningioma__enh_808","test","Meningioma","","Meningioma/enh_808.png","7","0.99994","0.827586","flip_h","True","0.999802691","0.546814","0.958342","48.500396","107339","0.858757062","500","False"
"1516","1617","Meningioma__enh_1170","train","Meningioma","","Meningioma/enh_1170.png","Meningioma__enh_1281","train","Meningioma","","Meningioma/enh_1281.png","10","0.999943","0.909091","flip_h","False","0.999813324","0.557549","0.966957","48.422663","109471","0.873400673","376","False"
"1517","1619","Meningioma__enh_1171","train","Meningioma","","Meningioma/enh_1171.png","Meningioma__enh_1283","train","Meningioma","","Meningioma/enh_1283.png","7","0.999891","0.769231","flip_h","True","0.99971157","0.538311","0.921082","48.844835","110196","0.901763224","78","True"
"1519","2657","Meningioma__enh_1173","train","Meningioma","","Meningioma/enh_1173.png","Meningioma__enh_809","test","Meningioma","","Meningioma/enh_809.png","11","0.999933","0.90625","flip_h","False","0.999779247","0.605091","1.002889","48.105744","119992","0.908691406","187","True"
"1520","1625","Meningioma__enh_1174","train","Meningioma","","Meningioma/enh_1174.png","Meningioma__enh_1289","train","Meningioma","","Meningioma/enh_1289.png","8","0.999927","0.962963","flip_h","True","0.999754063","0.585819","0.995084","48.173608","115019","0.934515689","240","True"
"1521","1628","Meningioma__enh_1176","train","Meningioma","","Meningioma/enh_1176.png","Meningioma__enh_1292","val","Meningioma","","Meningioma/enh_1292.png","6","0.999925","0.916667","flip_h","True","0.999756907","0.587311","0.987922","48.236349","116324","0.946829811","239","True"
"1522","1630","Meningioma__enh_1177","train","Meningioma","","Meningioma/enh_1177.png","Meningioma__enh_1294","val","Meningioma","","Meningioma/enh_1294.png","4","0.999927","0.901408","flip_h","True","0.999769814","0.58382","0.980451","48.302284","116083","0.944648599","241","True"
"1523","2659","Meningioma__enh_1178","train","Meningioma","","Meningioma/enh_1178.png","Meningioma__enh_811","test","Meningioma","","Meningioma/enh_811.png","11","0.999945","0.833333","flip_h","False","0.999841777","0.56916","0.954001","48.539826","115281","0.838178634","462","False"
"1525","2660","Meningioma__enh_1180","train","Meningioma","","Meningioma/enh_1180.png","Meningioma__enh_812","test","Meningioma","","Meningioma/enh_812.png","12","0.999922","0.933333","flip_h","False","0.999715513","0.792244","1.161234","46.832407","152680","0.876410256","241","False"
"1526","1635","Meningioma__enh_1181","train","Meningioma","","Meningioma/enh_1181.png","Meningioma__enh_1299","train","Meningioma","","Meningioma/enh_1299.png","11","0.999924","0.9","flip_h","False","0.999727382","0.803776","1.172033","46.752008","154356","0.911401598","244","True"
"1527","1636","Meningioma__enh_1182","val","Meningioma","","Meningioma/enh_1182.png","Meningioma__enh_1300","train","Meningioma","","Meningioma/enh_1300.png","12","0.999915","0.9","flip_h","False","0.999716087","0.786129","1.141362","46.982334","153674","0.945020421","175","True"
"1528","1637","Meningioma__enh_1183","train","Meningioma","","Meningioma/enh_1183.png","Meningioma__enh_1301","val","Meningioma","","Meningioma/enh_1301.png","10","0.999908","0.943396","flip_h","False","0.99967621","0.790733","1.149988","46.916940","153741","0.9553204","152","True"
"1530","2662","Meningioma__enh_1185","train","Meningioma","","Meningioma/enh_1185.png","Meningioma__enh_814","test","Meningioma","","Meningioma/enh_814.png","12","0.999884","0.809524","flip_h","False","0.9996025","0.77813","1.133277","47.044081","152028","0.904391761","246","True"
"1531","1639","Meningioma__enh_1187","train","Meningioma","","Meningioma/enh_1187.png","Meningioma__enh_1303","train","Meningioma","","Meningioma/enh_1303.png","6","0.999949","0.953125","flip_h","True","0.999798291","0.665092","1.09278","47.360149","125183","0.951573255","197","True"
"1532","1640","Meningioma__enh_1188","train","Meningioma","","Meningioma/enh_1188.png","Meningioma__enh_1304","train","Meningioma","","Meningioma/enh_1304.png","11","0.999927","0.920635","flip_h","False","0.999750111","0.649879","1.058651","47.635744","125718","0.954964176","176","True"
"1533","1641","Meningioma__enh_1189","train","Meningioma","","Meningioma/enh_1189.png","Meningioma__enh_1305","val","Meningioma","","Meningioma/enh_1305.png","5","0.99994","0.825","flip_h","True","0.999778128","0.63253","1.05245","47.686775","121045","0.863763484","341","False"
"1534","2663","Meningioma__enh_1190","train","Meningioma","","Meningioma/enh_1190.png","Meningioma__enh_815","test","Meningioma","","Meningioma/enh_815.png","6","0.999935","0.929412","flip_h","True","0.999830112","0.575001","0.924868","48.809208","121235","0.946232558","289","True"
"1535","1642","Meningioma__enh_1191","train","Meningioma","","Meningioma/enh_1191.png","Meningioma__enh_1306","train","Meningioma","","Meningioma/enh_1306.png","12","0.999943","0.950495","flip_h","False","0.999852178","0.559509","0.910592","48.944327","118150","0.948955916","330","True"
"1538","2664","Meningioma__enh_1194","train","Meningioma","","Meningioma/enh_1194.png","Meningioma__enh_816","test","Meningioma","","Meningioma/enh_816.png","10","0.99993","0.833333","flip_h","False","0.999794325","0.582676","0.974132","48.358450","117731","0.826017131","325","False"
"1539","2665","Meningioma__enh_1195","train","Meningioma","","Meningioma/enh_1195.png","Meningioma__enh_817","test","Meningioma","","Meningioma/enh_817.png","9","0.999934","0.94186","flip_h","False","0.999801687","0.588791","0.984828","48.263593","117834","0.941572625","321","True"
"1540","1648","Meningioma__enh_1196","val","Meningioma","","Meningioma/enh_1196.png","Meningioma__enh_1312","train","Meningioma","","Meningioma/enh_1312.png","12","0.999933","0.928571","flip_h","False","0.999813532","0.582653","0.965545","48.435351","118307","0.955932757","270","True"
"1541","1649","Meningioma__enh_1197","train","Meningioma","","Meningioma/enh_1197.png","Meningioma__enh_1313","train","Meningioma","","Meningioma/enh_1313.png","11","0.999947","0.965517","flip_h","False","0.999846383","0.544247","0.932275","48.739922","110537","0.960826211","220","True"
"1543","2666","Meningioma__enh_1199","train","Meningioma","","Meningioma/enh_1199.png","Meningioma__enh_818","test","Meningioma","","Meningioma/enh_818.png","12","0.999957","0.853659","flip_h","False","0.999865852","0.581562","0.963671","48.452230","118468","0.928316832","181","True"
"1546","1654","Meningioma__enh_1202","val","Meningioma","","Meningioma/enh_1202.png","Meningioma__enh_1318","train","Meningioma","","Meningioma/enh_1318.png","12","0.999936","0.8125","flip_h","False","0.999805434","0.581623","0.974249","48.357402","117272","0.912512716","86","True"
"1550","2668","Meningioma__enh_1206","train","Meningioma","","Meningioma/enh_1206.png","Meningioma__enh_820","test","Meningioma","","Meningioma/enh_820.png","9","0.999923","0.864865","flip_h","False","0.999727861","0.633305","1.043888","47.757724","120796","0.906189762","438","True"
"1551","1658","Meningioma__enh_1208","train","Meningioma","","Meningioma/enh_1208.png","Meningioma__enh_1322","train","Meningioma","","Meningioma/enh_1322.png","10","0.999927","0.922222","flip_h","False","0.999736372","0.628654","1.036718","47.817594","120711","0.938924656","351","True"
"1552","1659","Meningioma__enh_1209","train","Meningioma","","Meningioma/enh_1209.png","Meningioma__enh_1323","train","Meningioma","","Meningioma/enh_1323.png","9","0.999942","0.902913","flip_h","False","0.999766483","0.641087","1.056493","47.653474","121529","0.927484472","467","True"
"1553","1660","Meningioma__enh_1210","train","Meningioma","","Meningioma/enh_1210.png","Meningioma__enh_1324","train","Meningioma","","Meningioma/enh_1324.png","7","0.999947","0.955556","flip_h","True","0.999791044","0.62019","1.028893","47.883401","119206","0.935147159","379","True"
"1554","2669","Meningioma__enh_1211","train","Meningioma","","Meningioma/enh_1211.png","Meningioma__enh_821","test","Meningioma","","Meningioma/enh_821.png","11","0.999943","0.892308","flip_h","False","0.99978643","0.631268","1.033576","47.843956","121928","0.910510659","361","True"
"1555","1662","Meningioma__enh_1212","train","Meningioma","","Meningioma/enh_1212.png","Meningioma__enh_1326","train","Meningioma","","Meningioma/enh_1326.png","10","0.999873","0.973684","flip_h","False","0.999665015","0.532394","0.914488","48.907243","109155","0.913617021","203","True"
"1556","1663","Meningioma__enh_1213","val","Meningioma","","Meningioma/enh_1213.png","Meningioma__enh_1327","train","Meningioma","","Meningioma/enh_1327.png","11","0.999928","0.984127","flip_h","False","0.999795781","0.593884","0.968567","48.408211","122103","0.949331989","201","True"
"1557","1664","Meningioma__enh_1214","train","Meningioma","","Meningioma/enh_1214.png","Meningioma__enh_1328","train","Meningioma","","Meningioma/enh_1328.png","12","0.999915","0.938776","flip_h","False","0.999774174","0.579124","0.939991","48.668330","121930","0.912230672","277","True"
"1560","2671","Meningioma__enh_1217","train","Meningioma","","Meningioma/enh_1217.png","Meningioma__enh_823","test","Meningioma","","Meningioma/enh_823.png","12","0.999951","0.8125","flip_h","False","0.999854054","0.566181","0.943359","48.637260","116474","0.884538153","115","False"
"1561","1667","Meningioma__enh_1219","train","Meningioma","","Meningioma/enh_1219.png","Meningioma__enh_1331","train","Meningioma","","Meningioma/enh_1331.png","9","0.999923","0.923077","flip_h","False","0.999780053","0.548351","0.937665","48.689852","111180","0.941184516","430","True"
"1562","1668","Meningioma__enh_1220","train","Meningioma","","Meningioma/enh_1220.png","Meningioma__enh_1332","train","Meningioma","","Meningioma/enh_1332.png","8","0.999932","0.948864","flip_h","True","0.999798024","0.560165","0.954377","48.536405","112090","0.938435495","691","True"
"1563","1669","Meningioma__enh_1221","train","Meningioma","","Meningioma/enh_1221.png","Meningioma__enh_1333","val","Meningioma","","Meningioma/enh_1333.png","8","0.999929","0.972527","flip_h","True","0.999806904","0.555988","0.927755","48.782138","114754","0.970237065","344","True"
"1564","2672","Meningioma__enh_1222","train","Meningioma","","Meningioma/enh_1222.png","Meningioma__enh_824","test","Meningioma","","Meningioma/enh_824.png","12","0.999935","0.951807","flip_h","False","0.999819526","0.581081","0.947668","48.597677","120690","0.954922671","478","True"
"1569","1675","Meningioma__enh_1227","train","Meningioma","","Meningioma/enh_1227.png","Meningioma__enh_1339","val","Meningioma","","Meningioma/enh_1339.png","9","0.999931","0.917949","flip_h","False","0.999811076","0.583996","0.956052","48.521172","120788","0.908641975","1147","True"
"1594","2645","Meningioma__enh_1258","train","Meningioma","","Meningioma/enh_1258.png","Meningioma__enh_795","test","Meningioma","","Meningioma/enh_795.png","12","0.999903","0.907895","flip_h","False","0.999734046","0.560177","0.924654","48.811222","117230","0.92578986","707","True"
"1610","2626","Meningioma__enh_1274","val","Meningioma","","Meningioma/enh_1274.png","Meningioma__enh_776","test","Meningioma","","Meningioma/enh_776.png","9","0.999944","0.75","flip_h","False","0.999815612","0.623764","1.019123","47.966269","123772","0.710640347","601","False"
"1618","2627","Meningioma__enh_1282","train","Meningioma","","Meningioma/enh_1282.png","Meningioma__enh_777","test","Meningioma","","Meningioma/enh_777.png","8","0.999915","0.965517","flip_h","True","0.999784368","0.525818","0.888489","49.157758","111361","0.939512962","231","True"
"1647","2648","Meningioma__enh_1311","train","Meningioma","","Meningioma/enh_1311.png","Meningioma__enh_799","test","Meningioma","","Meningioma/enh_799.png","7","0.999923","0.912162","flip_h","True","0.999785978","0.519512","0.912051","48.930423","105904","0.917375585","777","True"
"1653","2629","Meningioma__enh_1317","train","Meningioma","","Meningioma/enh_1317.png","Meningioma__enh_779","test","Meningioma","","Meningioma/enh_779.png","7","0.999929","0.872727","flip_h","True","0.999782119","0.538692","0.945327","48.619166","107537","0.90183513","337","True"
"1691","2623","Meningioma__enh_1355","val","Meningioma","","Meningioma/enh_1355.png","Meningioma__enh_773","test","Meningioma","","Meningioma/enh_773.png","10","0.999943","0.774194","flip_h","False","0.99979484","0.617973","1.048193","47.721976","117026","0.743970315","552","False"
"1696","2631","Meningioma__enh_1360","val","Meningioma","","Meningioma/enh_1360.png","Meningioma__enh_781","test","Meningioma","","Meningioma/enh_781.png","12","0.999908","0.9","flip_h","False","0.999747694","0.529221","0.913303","48.918509","108661","0.931075937","344","True"
"1698","2624","Meningioma__enh_1362","val","Meningioma","","Meningioma/enh_1362.png","Meningioma__enh_774","test","Meningioma","","Meningioma/enh_774.png","6","0.999914","0.849057","flip_h","True","0.999738638","0.57394","0.965439","48.436310","115148","0.889362999","363","False"
"1701","2632","Meningioma__enh_1365","train","Meningioma","","Meningioma/enh_1365.png","Meningioma__enh_782","test","Meningioma","","Meningioma/enh_782.png","9","0.999923","0.880597","flip_h","False","0.999760204","0.576019","0.978903","48.316006","113960","0.908286039","404","True"
"1725","2637","Meningioma__enh_1389","train","Meningioma","","Meningioma/enh_1389.png","Meningioma__enh_787","test","Meningioma","","Meningioma/enh_787.png","11","0.999932","0.953846","flip_h","False","0.999823388","0.4907","0.861344","49.427275","103209","0.951820819","598","True"
"1737","2640","Meningioma__enh_1401","train","Meningioma","","Meningioma/enh_1401.png","Meningioma__enh_790","test","Meningioma","","Meningioma/enh_790.png","12","0.9999","0.975309","flip_h","False","0.999713002","0.552925","0.931913","48.743297","113093","0.94351145","296","True"
"1741","2641","Meningioma__enh_1405","train","Meningioma","","Meningioma/enh_1405.png","Meningioma__enh_791","test","Meningioma","","Meningioma/enh_791.png","10","0.999928","0.976331","flip_h","False","0.99982476","0.528057","0.88938","49.149058","111876","0.959832407","441","True"
"1742","2625","Meningioma__enh_1406","val","Meningioma","","Meningioma/enh_1406.png","Meningioma__enh_775","test","Meningioma","","Meningioma/enh_775.png","10","0.999946","0.930769","flip_h","False","0.999842565","0.551006","0.929665","48.764275","113531","0.931735657","564","True"
"1756","2644","Meningioma__enh_1420","train","Meningioma","","Meningioma/enh_1420.png","Meningioma__enh_794","test","Meningioma","","Meningioma/enh_794.png","7","0.99993","0.9125","flip_h","True","0.99980228","0.575958","0.951803","48.559859","118367","0.957643814","215","True"
"1757","1965","Meningioma__enh_1421","train","Meningioma","","Meningioma/enh_1421.png","Meningioma__enh_1647","val","Meningioma","","Meningioma/enh_1647.png","10","0.999942","0.574468","flip_h","False","0.999821362","0.639854","1.003397","48.101348","130807","0.5840809","2550","False"
"1758","1966","Meningioma__enh_1422","train","Meningioma","","Meningioma/enh_1422.png","Meningioma__enh_1648","val","Meningioma","","Meningioma/enh_1648.png","11","0.999945","0.827869","flip_h","False","0.999830162","0.632721","1.002572","48.108496","128624","0.833526012","1296","False"
"1760","2702","Meningioma__enh_1424","train","Meningioma","","Meningioma/enh_1424.png","Meningioma__enh_868","test","Meningioma","","Meningioma/enh_868.png","9","0.999941","0.969697","flip_h","False","0.999808805","0.662792","1.027282","47.897006","134440","0.946990741","458","True"
"1761","1968","Meningioma__enh_1425","train","Meningioma","","Meningioma/enh_1425.png","Meningioma__enh_1650","train","Meningioma","","Meningioma/enh_1650.png","8","0.999937","0.903704","flip_h","True","0.999792698","0.67952","1.045708","47.742592","136565","0.902758298","832","True"
"1762","1969","Meningioma__enh_1426","train","Meningioma","","Meningioma/enh_1426.png","Meningioma__enh_1651","val","Meningioma","","Meningioma/enh_1651.png","8","0.999932","0.284091","flip_h","True","0.999775897","0.671803","1.04774","47.725733","133901","0.283348666","3895","False"
"1763","1970","Meningioma__enh_1427","train","Meningioma","","Meningioma/enh_1427.png","Meningioma__enh_1652","train","Meningioma","","Meningioma/enh_1652.png","7","0.999917","0.357143","flip_h","True","0.999743565","0.677979","1.043035","47.764829","136442","0.362235067","2317","False"
"1764","1971","Meningioma__enh_1428","val","Meningioma","","Meningioma/enh_1428.png","Meningioma__enh_1653","train","Meningioma","","Meningioma/enh_1653.png","9","0.999913","0.9","flip_h","False","0.999696816","0.703186","1.081375","47.451275","137325","0.856471816","275","False"
"1766","1973","Meningioma__enh_1430","train","Meningioma","","Meningioma/enh_1430.png","Meningioma__enh_1655","train","Meningioma","","Meningioma/enh_1655.png","11","0.999919","0.933333","flip_h","False","0.99975532","0.654713","1.017173","47.982906","133896","0.962169553","249","True"
"1769","2705","Meningioma__enh_1433","train","Meningioma","","Meningioma/enh_1433.png","Meningioma__enh_871","test","Meningioma","","Meningioma/enh_871.png","10","0.999927","0.970874","flip_h","False","0.99978352","0.67215","1.029569","47.877692","137783","0.96460177","236","True"
"1771","1979","Meningioma__enh_1435","train","Meningioma","","Meningioma/enh_1435.png","Meningioma__enh_1661","train","Meningioma","","Meningioma/enh_1661.png","7","0.999929","0.796296","flip_h","True","0.999757685","0.677635","1.057718","47.643408","134285","0.870869961","426","False"
"1772","2707","Meningioma__enh_1436","train","Meningioma","","Meningioma/enh_1436.png","Meningioma__enh_873","test","Meningioma","","Meningioma/enh_873.png","4","0.999926","0.939759","flip_h","True","0.999760825","0.684544","1.058426","47.637592","136089","0.946988891","272","True"
"1773","1981","Meningioma__enh_1437","train","Meningioma","","Meningioma/enh_1437.png","Meningioma__enh_1663","train","Meningioma","","Meningioma/enh_1663.png","10","0.999916","0.949495","flip_h","False","0.99974221","0.677742","1.048084","47.722881","135859","0.966327827","212","True"
"1776","1984","Meningioma__enh_1440","train","Meningioma","","Meningioma/enh_1440.png","Meningioma__enh_1666","train","Meningioma","","Meningioma/enh_1666.png","9","0.999912","0.861111","flip_h","False","0.999720097","0.69323","1.060225","47.622844","139006","0.812728938","409","False"
"1780","1988","Meningioma__enh_1444","train","Meningioma","","Meningioma/enh_1444.png","Meningioma__enh_1670","train","Meningioma","","Meningioma/enh_1670.png","12","0.999923","0.916667","flip_h","False","0.999770682","0.648735","1.006817","48.071797","133311","0.918542337","380","True"
"1781","2709","Meningioma__enh_1445","val","Meningioma","","Meningioma/enh_1445.png","Meningioma__enh_875","test","Meningioma","","Meningioma/enh_875.png","10","0.999917","0.942029","flip_h","False","0.999750694","0.666656","1.021856","47.943011","137054","0.94516129","238","True"
"1782","1990","Meningioma__enh_1446","train","Meningioma","","Meningioma/enh_1446.png","Meningioma__enh_1672","train","Meningioma","","Meningioma/enh_1672.png","11","0.99992","0.869565","flip_h","False","0.999749881","0.699467","1.060885","47.617438","141140","0.859226379","222","False"
"1783","1991","Meningioma__enh_1447","train","Meningioma","","Meningioma/enh_1447.png","Meningioma__enh_1673","train","Meningioma","","Meningioma/enh_1673.png","4","0.999937","0.826087","flip_h","True","0.999756756","0.80254","1.175828","46.723925","153187","0.845454545","204","False"
"1784","2710","Meningioma__enh_1448","train","Meningioma","","Meningioma/enh_1448.png","Meningioma__enh_876","test","Meningioma","","Meningioma/enh_876.png","5","0.999939","0.793103","flip_h","True","0.999766676","0.798508","1.167243","46.787575","153431","0.804118268","371","False"
"1785","1992","Meningioma__enh_1449","train","Meningioma","","Meningioma/enh_1449.png","Meningioma__enh_1674","train","Meningioma","","Meningioma/enh_1674.png","6","0.999925","0.885714","flip_h","True","0.999727543","0.78405","1.144141","46.961211","153096","0.888429752","243","False"
"1786","1993","Meningioma__enh_1450","train","Meningioma","","Meningioma/enh_1450.png","Meningioma__enh_1675","train","Meningioma","","Meningioma/enh_1675.png","6","0.99992","0.923077","flip_h","True","0.999706409","0.795513","1.152458","46.898302","155257","0.927519819","192","True"
"1787","1994","Meningioma__enh_1451","train","Meningioma","","Meningioma/enh_1451.png","Meningioma__enh_1676","train","Meningioma","","Meningioma/enh_1676.png","7","0.999838","0.842105","flip_h","True","0.999472903","0.758755","1.099037","47.310559","152623","0.900990099","110","True"
"1790","2712","Meningioma__enh_1454","train","Meningioma","","Meningioma/enh_1454.png","Meningioma__enh_878","test","Meningioma","","Meningioma/enh_878.png","11","0.999892","0.869565","flip_h","False","0.999601204","0.843113","1.188163","46.633282","163724","0.925311203","108","True"
"1791","1997","Meningioma__enh_1455","train","Meningioma","","Meningioma/enh_1455.png","Meningioma__enh_1679","train","Meningioma","","Meningioma/enh_1679.png","8","0.999902","0.790698","flip_h","True","0.999624141","0.884747","1.228621","46.342444","169360","0.916832471","209","True"
"1792","1998","Meningioma__enh_1456","train","Meningioma","","Meningioma/enh_1456.png","Meningioma__enh_1680","train","Meningioma","","Meningioma/enh_1680.png","7","0.999893","0.811321","flip_h","True","0.999593817","0.849327","1.196732","46.570867","163818","0.830035971","567","False"
"1794","2713","Meningioma__enh_1458","train","Meningioma","","Meningioma/enh_1458.png","Meningioma__enh_879","test","Meningioma","","Meningioma/enh_879.png","12","0.99988","0.90566","flip_h","False","0.999561332","0.847515","1.188991","46.627231","164722","0.885168869","391","False"
"1795","2000","Meningioma__enh_1459","train","Meningioma","","Meningioma/enh_1459.png","Meningioma__enh_1682","train","Meningioma","","Meningioma/enh_1682.png","8","0.999889","0.97619","flip_h","True","0.999572354","0.830223","1.189067","46.626680","159471","0.92747942","185","True"
"1796","2001","Meningioma__enh_1460","train","Meningioma","","Meningioma/enh_1460.png","Meningioma__enh_1683","train","Meningioma","","Meningioma/enh_1683.png","7","0.999867","0.826087","flip_h","True","0.999513829","0.849815","1.19446","46.587371","164373","0.849540079","229","False"
"1797","2714","Meningioma__enh_1461","train","Meningioma","","Meningioma/enh_1461.png","Meningioma__enh_880","test","Meningioma","","Meningioma/enh_880.png","7","0.999936","0.75","flip_h","True","0.999759384","0.723354","1.119257","47.152211","138589","0.851851852","336","False"
"1798","2002","Meningioma__enh_1462","train","Meningioma","","Meningioma/enh_1462.png","Meningioma__enh_1684","train","Meningioma","","Meningioma/enh_1684.png","6","0.999922","0.954545","flip_h","True","0.999729366","0.717339","1.10368","47.273942","139431","0.932094176","274","True"
"1799","2003","Meningioma__enh_1463","val","Meningioma","","Meningioma/enh_1463.png","Meningioma__enh_1685","train","Meningioma","","Meningioma/enh_1685.png","9","0.999938","0.885714","flip_h","False","0.999770537","0.7155","1.107048","47.247474","137135","0.856963087","341","False"
"1800","2004","Meningioma__enh_1464","train","Meningioma","","Meningioma/enh_1464.png","Meningioma__enh_1686","train","Meningioma","","Meningioma/enh_1686.png","7","0.999917","0.830986","flip_h","True","0.999719405","0.699032","1.077387","47.483369","137249","0.836419081","751","False"
"1801","2715","Meningioma__enh_1465","train","Meningioma","","Meningioma/enh_1465.png","Meningioma__enh_881","test","Meningioma","","Meningioma/enh_881.png","3","0.99993","0.893939","flip_h","True","0.999751877","0.726994","1.111936","47.209212","140454","0.962059621","154","True"
"1802","2006","Meningioma__enh_1466","train","Meningioma","","Meningioma/enh_1466.png","Meningioma__enh_1688","train","Meningioma","","Meningioma/enh_1688.png","5","0.999924","0.909091","flip_h","True","0.99973499","0.710232","1.099987","47.303049","138036","0.95483871","189","True"
"1803","2007","Meningioma__enh_1467","train","Meningioma","","Meningioma/enh_1467.png","Meningioma__enh_1689","train","Meningioma","","Meningioma/enh_1689.png","8","0.999914","0.883721","flip_h","True","0.999714801","0.689804","1.068618","47.554352","135727","0.914254703","237","True"
"1804","2716","Meningioma__enh_1468","train","Meningioma","","Meningioma/enh_1468.png","Meningioma__enh_882","test","Meningioma","","Meningioma/enh_882.png","8","0.999957","0.871795","flip_h","True","0.999859188","0.682289","1.040534","47.785681","138707","0.894916702","246","False"
"1805","2008","Meningioma__enh_1469","train","Meningioma","","Meningioma/enh_1469.png","Meningioma__enh_1690","train","Meningioma","","Meningioma/enh_1690.png","6","0.999947","0.802326","flip_h","True","0.999833243","0.646122","1.009954","48.044767","131126","0.861079437","731","False"
"1807","2717","Meningioma__enh_1471","train","Meningioma","","Meningioma/enh_1471.png","Meningioma__enh_883","test","Meningioma","","Meningioma/enh_883.png","6","0.99995","0.944444","flip_h","True","0.999831371","0.669941","1.041184","47.780252","133697","0.937586926","359","True"
"1808","2010","Meningioma__enh_1472","val","Meningioma","","Meningioma/enh_1472.png","Meningioma__enh_1692","train","Meningioma","","Meningioma/enh_1692.png","7","0.999951","0.943662","flip_h","True","0.999832508","0.668488","1.039642","47.793124","133236","0.947988442","234","True"
"1809","2012","Meningioma__enh_1473","train","Meningioma","","Meningioma/enh_1473.png","Meningioma__enh_1694","train","Meningioma","","Meningioma/enh_1694.png","7","0.999909","0.92","flip_h","True","0.999724031","0.647148","1.008009","48.061513","132333","0.903888025","309","True"
"1810","2718","Meningioma__enh_1474","val","Meningioma","","Meningioma/enh_1474.png","Meningioma__enh_884","test","Meningioma","","Meningioma/enh_884.png","9","0.999928","0.922222","flip_h","False","0.999775526","0.694717","1.045869","47.741259","141932","0.918082095","463","True"
"1811","2014","Meningioma__enh_1475","train","Meningioma","","Meningioma/enh_1475.png","Meningioma__enh_1696","train","Meningioma","","Meningioma/enh_1696.png","11","0.999937","0.910112","flip_h","False","0.999806634","0.675583","1.032163","47.855836","138138","0.924452235","431","True"
"1812","2015","Meningioma__enh_1476","val","Meningioma","","Meningioma/enh_1476.png","Meningioma__enh_1697","train","Meningioma","","Meningioma/enh_1697.png","10","0.999936","0.911765","flip_h","False","0.999805374","0.673031","1.02587","47.908953","137854","0.93868142","266","True"
"1813","2016","Meningioma__enh_1477","val","Meningioma","","Meningioma/enh_1477.png","Meningioma__enh_1698","val","Meningioma","","Meningioma/enh_1698.png","10","0.999936","0.772727","flip_h","False","0.999810358","0.640526","0.998561","48.143313","132281","0.794370065","599","False"
"1814","2017","Meningioma__enh_1478","train","Meningioma","","Meningioma/enh_1478.png","Meningioma__enh_1699","train","Meningioma","","Meningioma/enh_1699.png","8","0.99994","0.833333","flip_h","True","0.999795273","0.676781","1.057476","47.645393","133729","0.915679443","121","True"
"1815","2018","Meningioma__enh_1479","train","Meningioma","","Meningioma/enh_1479.png","Meningioma__enh_1700","train","Meningioma","","Meningioma/enh_1700.png","6","0.99994","0.961538","flip_h","True","0.999797236","0.672596","1.05517","47.664353","133177","0.908730159","161","True"
"1816","2719","Meningioma__enh_1480","train","Meningioma","","Meningioma/enh_1480.png","Meningioma__enh_885","test","Meningioma","","Meningioma/enh_885.png","10","0.999916","0.733333","flip_h","False","0.999730707","0.671524","1.056599","47.652599","132770","0.862569832","123","False"
"1817","2019","Meningioma__enh_1481","train","Meningioma","","Meningioma/enh_1481.png","Meningioma__enh_1701","val","Meningioma","","Meningioma/enh_1701.png","7","0.999893","0.888889","flip_h","True","0.999678126","0.668903","1.036245","47.821558","134346","0.880658436","145","False"
"1818","2021","Meningioma__enh_1482","train","Meningioma","","Meningioma/enh_1482.png","Meningioma__enh_1703","val","Meningioma","","Meningioma/enh_1703.png","9","0.99995","0.925","flip_h","False","0.999819502","0.709785","1.083715","47.432501","139685","0.914783253","230","True"
"1819","2720","Meningioma__enh_1483","train","Meningioma","","Meningioma/enh_1483.png","Meningioma__enh_886","test","Meningioma","","Meningioma/enh_886.png","7","0.99995","0.931034","flip_h","True","0.999819042","0.718384","1.094395","47.347321","140788","0.93388874","246","True"
"1820","2022","Meningioma__enh_1484","train","Meningioma","","Meningioma/enh_1484.png","Meningioma__enh_1704","train","Meningioma","","Meningioma/enh_1704.png","6","0.999917","0.967742","flip_h","True","0.999729651","0.686172","1.048543","47.719082","137342","0.958354624","163","True"
"1821","2721","Meningioma__enh_1485","train","Meningioma","","Meningioma/enh_1485.png","Meningioma__enh_887","test","Meningioma","","Meningioma/enh_887.png","9","0.999948","0.891304","flip_h","False","0.999800696","0.699577","1.090061","47.381790","135073","0.91538192","483","True"
"1822","2024","Meningioma__enh_1486","val","Meningioma","","Meningioma/enh_1486.png","Meningioma__enh_1706","train","Meningioma","","Meningioma/enh_1706.png","10","0.999955","0.919643","flip_h","False","0.999818191","0.725979","1.118704","47.156498","138477","0.933812139","470","True"
"1824","2102","Meningioma__enh_1506","train","Meningioma","","Meningioma/enh_1506.png","Meningioma__enh_1784","train","Meningioma","","Meningioma/enh_1784.png","11","0.999912","1","flip_h","False","0.999761614","0.628811","0.979673","48.309183","132044","0.842352941","67","False"
"1825","2747","Meningioma__enh_1507","train","Meningioma","","Meningioma/enh_1507.png","Meningioma__enh_913","test","Meningioma","","Meningioma/enh_913.png","11","0.999939","0.98","flip_h","False","0.999809013","0.651531","1.01483","48.002935","133308","0.970230041","286","True"
"1826","2044","Meningioma__enh_1508","train","Meningioma","","Meningioma/enh_1508.png","Meningioma__enh_1726","train","Meningioma","","Meningioma/enh_1726.png","11","0.999933","1","flip_h","False","0.999786613","0.641663","1.012175","48.025693","129959","0.818523154","145","False"
"1827","2727","Meningioma__enh_1509","train","Meningioma","","Meningioma/enh_1509.png","Meningioma__enh_893","test","Meningioma","","Meningioma/enh_893.png","8","0.999901","0.933333","flip_h","True","0.999666","0.700302","1.073704","47.513115","138558","0.925916161","281","True"
"1828","2045","Meningioma__enh_1510","train","Meningioma","","Meningioma/enh_1510.png","Meningioma__enh_1727","train","Meningioma","","Meningioma/enh_1727.png","10","0.999881","0.846154","flip_h","False","0.999624336","0.683945","1.050955","47.699117","137280","0.909273183","362","True"
"1829","2046","Meningioma__enh_1511","train","Meningioma","","Meningioma/enh_1511.png","Meningioma__enh_1728","val","Meningioma","","Meningioma/enh_1728.png","10","0.999905","0.906977","flip_h","False","0.999693596","0.688889","1.06578","47.577452","137092","0.899015676","277","False"
"1830","2047","Meningioma__enh_1512","train","Meningioma","","Meningioma/enh_1512.png","Meningioma__enh_1729","train","Meningioma","","Meningioma/enh_1729.png","11","0.99992","0.880952","flip_h","False","0.999753237","0.669891","1.037078","47.814574","134839","0.861901198","369","False"
"1831","2048","Meningioma__enh_1513","train","Meningioma","","Meningioma/enh_1513.png","Meningioma__enh_1730","train","Meningioma","","Meningioma/enh_1730.png","10","0.999945","0.758621","flip_h","False","0.999826964","0.646221","1.018571","47.970977","130957","0.899616018","183","False"
"1832","2049","Meningioma__enh_1514","train","Meningioma","","Meningioma/enh_1514.png","Meningioma__enh_1731","train","Meningioma","","Meningioma/enh_1731.png","11","0.999942","0.861111","flip_h","False","0.999805777","0.683544","1.057442","47.645674","135919","0.909847434","195","True"
"1833","2050","Meningioma__enh_1515","train","Meningioma","","Meningioma/enh_1515.png","Meningioma__enh_1732","train","Meningioma","","Meningioma/enh_1732.png","9","0.999914","0.763636","flip_h","False","0.999739437","0.625294","0.994988","48.174444","126520","0.750943396","858","False"
"1834","2728","Meningioma__enh_1516","train","Meningioma","","Meningioma/enh_1516.png","Meningioma__enh_894","test","Meningioma","","Meningioma/enh_894.png","9","0.999929","0.888889","flip_h","False","0.999764322","0.659393","1.029095","47.881695","132496","0.828318584","485","False"
"1835","2110","Meningioma__enh_1517","train","Meningioma","","Meningioma/enh_1517.png","Meningioma__enh_1792","train","Meningioma","","Meningioma/enh_1792.png","8","0.999924","0.97037","flip_h","True","0.999772713","0.660526","1.020748","47.952429","135246","0.963985033","308","True"
"1836","2052","Meningioma__enh_1518","train","Meningioma","","Meningioma/enh_1518.png","Meningioma__enh_1734","val","Meningioma","","Meningioma/enh_1734.png","7","0.999934","0.757576","flip_h","True","0.999772386","0.7131","1.082266","47.444126","141244","0.75574977","531","False"
"1837","2053","Meningioma__enh_1519","train","Meningioma","","Meningioma/enh_1519.png","Meningioma__enh_1735","train","Meningioma","","Meningioma/enh_1735.png","10","0.999933","0.974684","flip_h","False","0.999776415","0.675007","1.046585","47.735311","134937","0.945783133","288","True"
"1838","2729","Meningioma__enh_1520","train","Meningioma","","Meningioma/enh_1520.png","Meningioma__enh_895","test","Meningioma","","Meningioma/enh_895.png","8","0.999932","0.880342","flip_h","True","0.999768376","0.677864","1.06098","47.616658","133614","0.921157274","575","True"
"1839","2054","Meningioma__enh_1521","train","Meningioma","","Meningioma/enh_1521.png","Meningioma__enh_1736","val","Meningioma","","Meningioma/enh_1736.png","9","0.999936","0.931624","flip_h","False","0.999792794","0.674706","1.045004","47.748444","135039","0.956427015","320","True"
"1840","2055","Meningioma__enh_1522","train","Meningioma","","Meningioma/enh_1522.png","Meningioma__enh_1737","train","Meningioma","","Meningioma/enh_1737.png","5","0.99994","0.920354","flip_h","True","0.999809372","0.66806","1.034426","47.836812","135457","0.924605894","550","True"
"1841","2730","Meningioma__enh_1523","train","Meningioma","","Meningioma/enh_1523.png","Meningioma__enh_896","test","Meningioma","","Meningioma/enh_896.png","12","0.999942","0.961538","flip_h","False","0.999827845","0.658016","1.006678","48.072990","136214","0.925634825","492","True"
"1842","2056","Meningioma__enh_1524","train","Meningioma","","Meningioma/enh_1524.png","Meningioma__enh_1738","val","Meningioma","","Meningioma/enh_1738.png","12","0.999943","0.892857","flip_h","False","0.999839324","0.601566","0.955713","48.524254","125674","0.902720835","522","True"
"1843","2057","Meningioma__enh_1525","train","Meningioma","","Meningioma/enh_1525.png","Meningioma__enh_1739","val","Meningioma","","Meningioma/enh_1739.png","12","0.999941","0.8","flip_h","False","0.999804826","0.672318","1.042698","47.767632","134935","0.839810924","305","False"
"1844","2058","Meningioma__enh_1526","train","Meningioma","","Meningioma/enh_1526.png","Meningioma__enh_1740","train","Meningioma","","Meningioma/enh_1740.png","12","0.999932","0.6","flip_h","False","0.999784023","0.658421","1.026361","47.904800","133107","0.586349535","800","False"
"1845","2731","Meningioma__enh_1527","train","Meningioma","","Meningioma/enh_1527.png","Meningioma__enh_897","test","Meningioma","","Meningioma/enh_897.png","11","0.999945","0.875","flip_h","False","0.999835833","0.629807","0.982707","48.282321","130914","0.91460974","128","True"
"1846","2111","Meningioma__enh_1528","train","Meningioma","","Meningioma/enh_1528.png","Meningioma__enh_1793","train","Meningioma","","Meningioma/enh_1793.png","10","0.999918","0.888889","flip_h","False","0.999753272","0.650719","1.016271","47.990614","132163","0.909385731","475","True"
"1847","2059","Meningioma__enh_1529","train","Meningioma","","Meningioma/enh_1529.png","Meningioma__enh_1741","train","Meningioma","","Meningioma/enh_1741.png","11","0.999946","0.793103","flip_h","False","0.999830936","0.664043","1.026049","47.907442","135173","0.90253304","177","True"
"1848","2060","Meningioma__enh_1530","train","Meningioma","","Meningioma/enh_1530.png","Meningioma__enh_1742","val","Meningioma","","Meningioma/enh_1742.png","11","0.999932","0.927536","flip_h","False","0.999783392","0.658398","1.021391","47.946963","134009","0.943056493","253","True"
"1849","2061","Meningioma__enh_1531","train","Meningioma","","Meningioma/enh_1531.png","Meningioma__enh_1743","train","Meningioma","","Meningioma/enh_1743.png","11","0.999938","0.946667","flip_h","False","0.99979739","0.669453","1.038429","47.803267","134645","0.943044675","269","True"
"1850","2732","Meningioma__enh_1532","val","Meningioma","","Meningioma/enh_1532.png","Meningioma__enh_898","test","Meningioma","","Meningioma/enh_898.png","6","0.999915","0.920635","flip_h","True","0.999754855","0.669838","1.017543","47.979752","138515","0.927580894","282","True"
"1851","2062","Meningioma__enh_1533","train","Meningioma","","Meningioma/enh_1533.png","Meningioma__enh_1744","val","Meningioma","","Meningioma/enh_1744.png","8","0.99993","0.564516","flip_h","True","0.999774784","0.68198","1.045531","47.744062","137769","0.580876889","1692","False"
"1852","2063","Meningioma__enh_1534","train","Meningioma","","Meningioma/enh_1534.png","Meningioma__enh_1745","train","Meningioma","","Meningioma/enh_1745.png","8","0.999931","0.8","flip_h","True","0.999766989","0.69862","1.071799","47.528533","138738","0.782234957","76","False"
"1853","2733","Meningioma__enh_1535","train","Meningioma","","Meningioma/enh_1535.png","Meningioma__enh_899","test","Meningioma","","Meningioma/enh_899.png","7","0.999911","0.835821","flip_h","True","0.999741531","0.624058","0.984668","48.265011","128335","0.805136664","827","False"
"1854","2064","Meningioma__enh_1536","train","Meningioma","","Meningioma/enh_1536.png","Meningioma__enh_1746","train","Meningioma","","Meningioma/enh_1746.png","9","0.999932","0.903226","flip_h","False","0.999785781","0.657211","1.024078","47.924139","133367","0.921215242","459","True"
"1855","2065","Meningioma__enh_1537","train","Meningioma","","Meningioma/enh_1537.png","Meningioma__enh_1747","train","Meningioma","","Meningioma/enh_1747.png","8","0.99994","0.934783","flip_h","True","0.999805282","0.667503","1.044453","47.753028","133078","0.96430419","207","True"
"1856","2066","Meningioma__enh_1538","train","Meningioma","","Meningioma/enh_1538.png","Meningioma__enh_1748","train","Meningioma","","Meningioma/enh_1748.png","11","0.99994","0.961538","flip_h","False","0.999817878","0.633358","1.004368","48.092948","128773","0.939883268","309","True"
"1857","2112","Meningioma__enh_1539","train","Meningioma","","Meningioma/enh_1539.png","Meningioma__enh_1794","val","Meningioma","","Meningioma/enh_1794.png","6","0.999934","0.958904","flip_h","True","0.999792794","0.672165","1.037586","47.810325","135660","0.966695316","155","True"
"1858","2734","Meningioma__enh_1540","train","Meningioma","","Meningioma/enh_1540.png","Meningioma__enh_900","test","Meningioma","","Meningioma/enh_900.png","8","0.99994","0.415385","flip_h","True","0.999766627","0.789494","1.162743","46.821131","151782","0.393903592","2565","False"
"1859","2067","Meningioma__enh_1541","train","Meningioma","","Meningioma/enh_1541.png","Meningioma__enh_1749","train","Meningioma","","Meningioma/enh_1749.png","6","0.999933","0.866667","flip_h","True","0.999735152","0.818756","1.191208","46.611054","155484","0.869930658","619","False"
"1860","2068","Meningioma__enh_1542","train","Meningioma","","Meningioma/enh_1542.png","Meningioma__enh_1750","train","Meningioma","","Meningioma/enh_1750.png","10","0.999917","0.723684","flip_h","False","0.999678867","0.80238","1.171629","46.755000","153955","0.72406639","1330","False"
"1861","2069","Meningioma__enh_1543","val","Meningioma","","Meningioma/enh_1543.png","Meningioma__enh_1751","train","Meningioma","","Meningioma/enh_1751.png","8","0.999922","0.790698","flip_h","True","0.999698951","0.818043","1.180142","46.692120","156915","0.847971781","431","False"
"1862","2071","Meningioma__enh_1544","train","Meningioma","","Meningioma/enh_1544.png","Meningioma__enh_1753","train","Meningioma","","Meningioma/enh_1753.png","5","0.999946","0.933333","flip_h","True","0.999805948","0.718822","1.109129","47.231162","138770","0.947785548","112","True"
"1863","2736","Meningioma__enh_1545","val","Meningioma","","Meningioma/enh_1545.png","Meningioma__enh_902","test","Meningioma","","Meningioma/enh_902.png","8","0.999949","0.965517","flip_h","True","0.999811981","0.7234","1.111874","47.209694","139573","0.92244898","152","True"
"1865","2748","Meningioma__enh_1547","train","Meningioma","","Meningioma/enh_1547.png","Meningioma__enh_914","test","Meningioma","","Meningioma/enh_914.png","11","0.999939","0.907895","flip_h","False","0.99982162","0.610603","0.969836","48.396836","126085","0.948101266","246","True"
"1866","2074","Meningioma__enh_1548","train","Meningioma","","Meningioma/enh_1548.png","Meningioma__enh_1756","train","Meningioma","","Meningioma/enh_1756.png","6","0.999932","0.962963","flip_h","True","0.999789785","0.666035","1.028236","47.888944","135132","0.93194925","354","True"
"1867","2737","Meningioma__enh_1549","train","Meningioma","","Meningioma/enh_1549.png","Meningioma__enh_903","test","Meningioma","","Meningioma/enh_903.png","10","0.999923","0.925373","flip_h","False","0.999764573","0.677341","1.04055","47.785543","136782","0.927379341","322","True"
"1868","2075","Meningioma__enh_1550","train","Meningioma","","Meningioma/enh_1550.png","Meningioma__enh_1757","train","Meningioma","","Meningioma/enh_1757.png","7","0.999927","0.833333","flip_h","True","0.999790261","0.638882","0.990346","48.215064","132829","0.851371571","298","False"
"1870","2077","Meningioma__enh_1552","train","Meningioma","","Meningioma/enh_1552.png","Meningioma__enh_1759","train","Meningioma","","Meningioma/enh_1759.png","9","0.999921","0.940299","flip_h","False","0.99976136","0.658478","1.010621","48.039038","135627","0.940860215","253","True"
"1871","2078","Meningioma__enh_1553","train","Meningioma","","Meningioma/enh_1553.png","Meningioma__enh_1760","train","Meningioma","","Meningioma/enh_1760.png","8","0.999921","0.971831","flip_h","True","0.99975569","0.679699","1.033956","47.840762","138776","0.962525095","168","True"
"1872","2079","Meningioma__enh_1554","train","Meningioma","","Meningioma/enh_1554.png","Meningioma__enh_1761","train","Meningioma","","Meningioma/enh_1761.png","10","0.999917","0.87931","flip_h","False","0.99974462","0.630013","1.000843","48.123487","128393","0.897414966","377","False"
"1873","2080","Meningioma__enh_1555","train","Meningioma","","Meningioma/enh_1555.png","Meningioma__enh_1762","train","Meningioma","","Meningioma/enh_1762.png","10","0.999946","0.915254","flip_h","False","0.999829757","0.638302","1.009142","48.051757","129573","0.934364995","246","True"
"1874","2081","Meningioma__enh_1556","train","Meningioma","","Meningioma/enh_1556.png","Meningioma__enh_1763","train","Meningioma","","Meningioma/enh_1763.png","8","0.999942","0.928571","flip_h","True","0.999797242","0.665009","1.053127","47.681185","131394","0.904433922","444","True"
"1875","2113","Meningioma__enh_1557","val","Meningioma","","Meningioma/enh_1557.png","Meningioma__enh_1795","train","Meningioma","","Meningioma/enh_1795.png","7","0.999943","0.862069","flip_h","True","0.999831912","0.598724","0.960878","48.477439","123761","0.896608768","375","False"
"1876","2082","Meningioma__enh_1558","train","Meningioma","","Meningioma/enh_1558.png","Meningioma__enh_1764","train","Meningioma","","Meningioma/enh_1764.png","8","0.999946","0.733333","flip_h","True","0.999811117","0.683903","1.068684","47.553815","133989","0.710220191","1395","False"
"1879","2084","Meningioma__enh_1561","train","Meningioma","","Meningioma/enh_1561.png","Meningioma__enh_1766","val","Meningioma","","Meningioma/enh_1766.png","11","0.999927","0.880952","flip_h","False","0.999806339","0.570496","0.920115","48.853964","121046","0.935509241","164","True"
"1881","2739","Meningioma__enh_1563","val","Meningioma","","Meningioma/enh_1563.png","Meningioma__enh_905","test","Meningioma","","Meningioma/enh_905.png","11","0.999947","0.809524","flip_h","False","0.999829769","0.678944","1.04026","47.787962","137456","0.790830946","292","False"
"1882","2087","Meningioma__enh_1564","val","Meningioma","","Meningioma/enh_1564.png","Meningioma__enh_1769","train","Meningioma","","Meningioma/enh_1769.png","10","0.999935","0.734513","flip_h","False","0.999789403","0.658863","1.027784","47.892769","133170","0.756241234","1738","False"
"1883","2088","Meningioma__enh_1565","train","Meningioma","","Meningioma/enh_1565.png","Meningioma__enh_1770","train","Meningioma","","Meningioma/enh_1770.png","10","0.99994","0.942857","flip_h","False","0.999793854","0.672615","1.04847","47.719685","133833","0.955186816","397","True"
"1884","2740","Meningioma__enh_1566","train","Meningioma","","Meningioma/enh_1566.png","Meningioma__enh_906","test","Meningioma","","Meningioma/enh_906.png","10","0.999933","0.932099","flip_h","False","0.999778152","0.674309","1.046091","47.739412","134335","0.953001077","480","True"
"1885","2114","Meningioma__enh_1567","val","Meningioma","","Meningioma/enh_1567.png","Meningioma__enh_1796","train","Meningioma","","Meningioma/enh_1796.png","7","0.999927","0.854545","flip_h","True","0.99975703","0.719322","1.088138","47.397126","141500","0.871875","451","False"
"1886","2089","Meningioma__enh_1568","train","Meningioma","","Meningioma/enh_1568.png","Meningioma__enh_1771","train","Meningioma","","Meningioma/enh_1771.png","11","0.999933","0.944444","flip_h","False","0.999775597","0.686382","1.05603","47.657276","137177","0.944425057","637","True"
"1888","2091","Meningioma__enh_1570","train","Meningioma","","Meningioma/enh_1570.png","Meningioma__enh_1773","train","Meningioma","","Meningioma/enh_1773.png","6","0.999905","0.945652","flip_h","True","0.999700192","0.673279","1.04279","47.766870","134765","0.946590045","632","True"
"1889","2741","Meningioma__enh_1571","val","Meningioma","","Meningioma/enh_1571.png","Meningioma__enh_907","test","Meningioma","","Meningioma/enh_907.png","5","0.999913","0.9375","flip_h","True","0.999726506","0.694309","1.063105","47.599282","138789","0.931837699","635","True"
"1890","2092","Meningioma__enh_1572","train","Meningioma","","Meningioma/enh_1572.png","Meningioma__enh_1774","train","Meningioma","","Meningioma/enh_1774.png","9","0.999915","0.92","flip_h","False","0.999719766","0.700169","1.064725","47.586051","140456","0.908362704","286","True"
"1891","2093","Meningioma__enh_1573","train","Meningioma","","Meningioma/enh_1573.png","Meningioma__enh_1775","train","Meningioma","","Meningioma/enh_1775.png","6","0.999947","0.964912","flip_h","True","0.999819258","0.663116","1.043707","47.759229","131256","0.93615257","231","True"
"1892","2742","Meningioma__enh_1574","train","Meningioma","","Meningioma/enh_1574.png","Meningioma__enh_908","test","Meningioma","","Meningioma/enh_908.png","12","0.999944","0.953488","flip_h","False","0.999828272","0.665726","1.026404","47.904438","135297","0.909184373","265","True"
"1893","2094","Meningioma__enh_1575","val","Meningioma","","Meningioma/enh_1575.png","Meningioma__enh_1776","train","Meningioma","","Meningioma/enh_1776.png","11","0.999936","0.938462","flip_h","False","0.999792108","0.663429","1.038754","47.800549","132902","0.911862004","373","True"
"1894","2095","Meningioma__enh_1576","train","Meningioma","","Meningioma/enh_1576.png","Meningioma__enh_1777","train","Meningioma","","Meningioma/enh_1777.png","9","0.999934","0.953271","flip_h","False","0.999778751","0.676857","1.049822","47.708487","134960","0.952395255","317","True"
"1895","2096","Meningioma__enh_1577","val","Meningioma","","Meningioma/enh_1577.png","Meningioma__enh_1778","train","Meningioma","","Meningioma/enh_1778.png","9","0.999924","0.953846","flip_h","False","0.999761628","0.675591","1.032592","47.852229","137523","0.94992778","416","True"
"1896","2115","Meningioma__enh_1578","train","Meningioma","","Meningioma/enh_1578.png","Meningioma__enh_1797","train","Meningioma","","Meningioma/enh_1797.png","7","0.999926","0.958904","flip_h","True","0.999744245","0.706722","1.081437","47.450779","138981","0.959415933","189","True"
"1897","2743","Meningioma__enh_1579","val","Meningioma","","Meningioma/enh_1579.png","Meningioma__enh_909","test","Meningioma","","Meningioma/enh_909.png","8","0.999926","0.953947","flip_h","True","0.999759653","0.688141","1.061534","47.612127","137889","0.955929404","427","True"
"1898","2097","Meningioma__enh_1580","train","Meningioma","","Meningioma/enh_1580.png","Meningioma__enh_1779","train","Meningioma","","Meningioma/enh_1779.png","8","0.999917","0.910828","flip_h","True","0.999744295","0.669773","1.037411","47.811787","135204","0.92360695","765","True"
"1899","2098","Meningioma__enh_1581","train","Meningioma","","Meningioma/enh_1581.png","Meningioma__enh_1780","train","Meningioma","","Meningioma/enh_1780.png","12","0.999925","0.94702","flip_h","False","0.999775128","0.659214","1.021361","47.947217","134476","0.941612604","567","True"
"1900","2099","Meningioma__enh_1582","train","Meningioma","","Meningioma/enh_1582.png","Meningioma__enh_1781","train","Meningioma","","Meningioma/enh_1781.png","9","0.999929","0.931507","flip_h","False","0.999794473","0.644878","0.994551","48.178261","134062","0.946869275","493","True"
"1901","2744","Meningioma__enh_1583","train","Meningioma","","Meningioma/enh_1583.png","Meningioma__enh_910","test","Meningioma","","Meningioma/enh_910.png","11","0.999933","0.955752","flip_h","False","0.999812448","0.627712","0.977447","48.328940","131112","0.938931298","448","True"
"1902","2100","Meningioma__enh_1584","train","Meningioma","","Meningioma/enh_1584.png","Meningioma__enh_1782","val","Meningioma","","Meningioma/enh_1782.png","10","0.99991","0.875","flip_h","False","0.999731869","0.632156","1.006847","48.071535","128140","0.899307741","160","False"
"1903","2101","Meningioma__enh_1585","train","Meningioma","","Meningioma/enh_1585.png","Meningioma__enh_1783","train","Meningioma","","Meningioma/enh_1783.png","11","0.999924","0.909091","flip_h","False","0.999781517","0.634815","1.005533","48.082876","128846","0.951483421","139","True"
"1904","2745","Meningioma__enh_1586","val","Meningioma","","Meningioma/enh_1586.png","Meningioma__enh_911","test","Meningioma","","Meningioma/enh_911.png","7","0.99991","0.904762","flip_h","True","0.999750316","0.664436","1.011726","48.029543","138342","0.908284024","124","True"
"1905","2116","Meningioma__enh_1587","val","Meningioma","","Meningioma/enh_1587.png","Meningioma__enh_1798","val","Meningioma","","Meningioma/enh_1798.png","5","0.999936","0.948052","flip_h","True","0.99978413","0.706455","1.070802","47.536616","140717","0.968183649","158","True"
"1906","2117","Meningioma__enh_1588","val","Meningioma","","Meningioma/enh_1588.png","Meningioma__enh_1799","train","Meningioma","","Meningioma/enh_1799.png","8","0.999929","0.942029","flip_h","True","0.999775979","0.66367","1.025837","47.909237","134550","0.96003696","173","True"
"1908","2118","Meningioma__enh_1590","train","Meningioma","","Meningioma/enh_1590.png","Meningioma__enh_1800","train","Meningioma","","Meningioma/enh_1800.png","12","0.999942","0.92","flip_h","False","0.999811219","0.687233","1.049801","47.708667","138183","0.938297241","208","True"
"1910","2119","Meningioma__enh_1592","train","Meningioma","","Meningioma/enh_1592.png","Meningioma__enh_1801","train","Meningioma","","Meningioma/enh_1801.png","8","0.999936","0.9","flip_h","True","0.999763285","0.702854","1.095073","47.341944","136098","0.912241888","119","True"
"1911","2120","Meningioma__enh_1593","val","Meningioma","","Meningioma/enh_1593.png","Meningioma__enh_1802","train","Meningioma","","Meningioma/enh_1802.png","9","0.999927","0.75","flip_h","False","0.999732846","0.713711","1.105691","47.258126","138046","0.714640199","575","False"
"1912","2121","Meningioma__enh_1594","train","Meningioma","","Meningioma/enh_1594.png","Meningioma__enh_1803","train","Meningioma","","Meningioma/enh_1803.png","10","0.999929","0.59375","flip_h","False","0.999750528","0.714268","1.097974","47.318961","139069","0.598440546","824","False"
"1913","2750","Meningioma__enh_1595","train","Meningioma","","Meningioma/enh_1595.png","Meningioma__enh_916","test","Meningioma","","Meningioma/enh_916.png","10","0.999929","0.319149","flip_h","False","0.999742097","0.726131","1.108417","47.236741","141018","0.324720893","2117","False"
"1914","2122","Meningioma__enh_1596","train","Meningioma","","Meningioma/enh_1596.png","Meningioma__enh_1804","train","Meningioma","","Meningioma/enh_1804.png","10","0.999949","0.921053","flip_h","False","0.999847134","0.618881","0.982389","48.285135","127109","0.908368201","438","True"
"1915","2123","Meningioma__enh_1597","train","Meningioma","","Meningioma/enh_1597.png","Meningioma__enh_1805","train","Meningioma","","Meningioma/enh_1805.png","12","0.999951","0.977778","flip_h","False","0.999854506","0.589809","0.957647","48.506696","121473","0.962186318","220","True"
"1918","2104","Meningioma__enh_1600","train","Meningioma","","Meningioma/enh_1600.png","Meningioma__enh_1786","train","Meningioma","","Meningioma/enh_1786.png","10","0.999929","0.7","flip_h","False","0.999739131","0.793484","1.163546","46.815131","153524","0.738553238","965","False"
"1919","2126","Meningioma__enh_1601","train","Meningioma","","Meningioma/enh_1601.png","Meningioma__enh_1808","val","Meningioma","","Meningioma/enh_1808.png","11","0.999919","0.961538","flip_h","False","0.999732541","0.687336","1.053553","47.677676","137652","0.923110915","522","True"
"1920","2752","Meningioma__enh_1602","train","Meningioma","","Meningioma/enh_1602.png","Meningioma__enh_918","test","Meningioma","","Meningioma/enh_918.png","8","0.999911","0.933775","flip_h","True","0.999702322","0.693058","1.060342","47.621886","137969","0.943611404","534","True"
"1921","2127","Meningioma__enh_1603","train","Meningioma","","Meningioma/enh_1603.png","Meningioma__enh_1809","train","Meningioma","","Meningioma/enh_1809.png","6","0.999925","0.941176","flip_h","True","0.999741737","0.701927","1.074503","47.506653","139228","0.936121742","701","True"
"1922","2128","Meningioma__enh_1604","val","Meningioma","","Meningioma/enh_1604.png","Meningioma__enh_1810","train","Meningioma","","Meningioma/enh_1810.png","5","0.999927","0.963415","flip_h","True","0.999749365","0.705017","1.076305","47.492098","139780","0.953573097","497","True"
"1923","2129","Meningioma__enh_1605","train","Meningioma","","Meningioma/enh_1605.png","Meningioma__enh_1811","train","Meningioma","","Meningioma/enh_1811.png","7","0.999932","0.966216","flip_h","True","0.999776549","0.695824","1.061361","47.613539","139187","0.965758507","323","True"
"1924","2753","Meningioma__enh_1606","val","Meningioma","","Meningioma/enh_1606.png","Meningioma__enh_919","test","Meningioma","","Meningioma/enh_919.png","8","0.999914","0.943396","flip_h","True","0.999743332","0.663551","1.015617","47.996200","136318","0.940084143","413","True"
"1926","2131","Meningioma__enh_1608","train","Meningioma","","Meningioma/enh_1608.png","Meningioma__enh_1813","train","Meningioma","","Meningioma/enh_1813.png","7","0.99993","0.878049","flip_h","True","0.99976908","0.68552","1.049461","47.711479","137320","0.930992242","169","True"
"1927","2754","Meningioma__enh_1609","train","Meningioma","","Meningioma/enh_1609.png","Meningioma__enh_920","test","Meningioma","","Meningioma/enh_920.png","9","0.999927","0.878788","flip_h","False","0.999765454","0.683239","1.039901","47.790963","138256","0.940114068","126","True"
"1929","2746","Meningioma__enh_1611","train","Meningioma","","Meningioma/enh_1611.png","Meningioma__enh_912","test","Meningioma","","Meningioma/enh_912.png","9","0.999938","0.893048","flip_h","False","0.999767559","0.809208","1.167346","46.786809","156919","0.892689746","1305","False"
"1930","2133","Meningioma__enh_1612","train","Meningioma","","Meningioma/enh_1612.png","Meningioma__enh_1815","train","Meningioma","","Meningioma/enh_1815.png","12","0.999903","0.903846","flip_h","False","0.999654315","0.720467","1.09774","47.320817","140716","0.920454545","266","True"
"1931","2134","Meningioma__enh_1613","train","Meningioma","","Meningioma/enh_1613.png","Meningioma__enh_1816","val","Meningioma","","Meningioma/enh_1816.png","10","0.999905","0.98","flip_h","False","0.999650444","0.720745","1.103892","47.272269","139628","0.938588722","208","True"
"1934","2136","Meningioma__enh_1616","train","Meningioma","","Meningioma/enh_1616.png","Meningioma__enh_1818","val","Meningioma","","Meningioma/enh_1818.png","8","0.999939","0.9","flip_h","True","0.999825209","0.619865","0.961616","48.470769","130663","0.890432099","71","False"
"1935","2137","Meningioma__enh_1617","train","Meningioma","","Meningioma/enh_1617.png","Meningioma__enh_1819","val","Meningioma","","Meningioma/enh_1819.png","9","0.999932","0.943925","flip_h","False","0.999775312","0.68808","1.062927","47.600734","136909","0.9286128","493","True"
"1936","2756","Meningioma__enh_1618","train","Meningioma","","Meningioma/enh_1618.png","Meningioma__enh_922","test","Meningioma","","Meningioma/enh_922.png","11","0.999936","0.932331","flip_h","False","0.99979476","0.671993","1.044016","47.756660","134257","0.908822487","772","True"
"1937","2138","Meningioma__enh_1619","train","Meningioma","","Meningioma/enh_1619.png","Meningioma__enh_1820","val","Meningioma","","Meningioma/enh_1820.png","12","0.999932","0.861635","flip_h","False","0.999796836","0.667244","1.023631","47.927932","136779","0.869504396","1306","False"
"1938","2139","Meningioma__enh_1620","train","Meningioma","","Meningioma/enh_1620.png","Meningioma__enh_1821","train","Meningioma","","Meningioma/enh_1821.png","7","0.99992","0.897638","flip_h","True","0.999776673","0.632332","0.980399","48.302749","131928","0.909529703","731","True"
"1940","2025","Meningioma__enh_1622","train","Meningioma","","Meningioma/enh_1622.png","Meningioma__enh_1707","train","Meningioma","","Meningioma/enh_1707.png","7","0.99995","0.962264","flip_h","True","0.999801044","0.7449","1.137988","47.008048","141628","0.956740741","292","True"
"1941","2026","Meningioma__enh_1623","train","Meningioma","","Meningioma/enh_1623.png","Meningioma__enh_1708","train","Meningioma","","Meningioma/enh_1708.png","5","0.999947","0.905882","flip_h","True","0.999788827","0.728764","1.129634","47.072047","137825","0.924271109","400","True"
"1946","2029","Meningioma__enh_1628","train","Meningioma","","Meningioma/enh_1628.png","Meningioma__enh_1711","train","Meningioma","","Meningioma/enh_1711.png","11","0.99995","0.833333","flip_h","False","0.999841741","0.63522","0.995697","48.168257","130231","0.701823949","376","False"
"1947","2723","Meningioma__enh_1629","train","Meningioma","","Meningioma/enh_1629.png","Meningioma__enh_889","test","Meningioma","","Meningioma/enh_889.png","11","0.999951","1","flip_h","False","0.999855247","0.610413","0.973961","48.359969","125703","0.849206349","171","False"
"1948","2030","Meningioma__enh_1630","train","Meningioma","","Meningioma/enh_1630.png","Meningioma__enh_1712","train","Meningioma","","Meningioma/enh_1712.png","11","0.999934","0.950495","flip_h","False","0.999777523","0.675385","1.04515","47.747231","135238","0.946510913","348","True"
"1949","2724","Meningioma__enh_1631","train","Meningioma","","Meningioma/enh_1631.png","Meningioma__enh_890","test","Meningioma","","Meningioma/enh_890.png","8","0.999938","0.945055","flip_h","True","0.999791838","0.681286","1.050925","47.699372","135845","0.960075718","464","True"
"1950","2031","Meningioma__enh_1632","train","Meningioma","","Meningioma/enh_1632.png","Meningioma__enh_1713","train","Meningioma","","Meningioma/enh_1713.png","7","0.999937","0.972067","flip_h","True","0.999785841","0.696793","1.064588","47.587176","138915","0.965597718","398","True"
"1951","2032","Meningioma__enh_1633","train","Meningioma","","Meningioma/enh_1633.png","Meningioma__enh_1714","train","Meningioma","","Meningioma/enh_1714.png","9","0.99993","0.964072","flip_h","False","0.99976851","0.690228","1.065188","47.582282","136628","0.960855081","423","True"
"1952","2034","Meningioma__enh_1634","train","Meningioma","","Meningioma/enh_1634.png","Meningioma__enh_1716","train","Meningioma","","Meningioma/enh_1716.png","7","0.999917","0.95302","flip_h","True","0.999739183","0.659462","1.016534","47.988369","134882","0.947373895","506","True"
"1953","2109","Meningioma__enh_1635","train","Meningioma","","Meningioma/enh_1635.png","Meningioma__enh_1791","train","Meningioma","","Meningioma/enh_1791.png","11","0.999938","0.952703","flip_h","False","0.999817462","0.632889","0.989439","48.223027","131174","0.95738576","401","True"
"1954","2035","Meningioma__enh_1636","train","Meningioma","","Meningioma/enh_1636.png","Meningioma__enh_1717","train","Meningioma","","Meningioma/enh_1717.png","6","0.999933","0.928571","flip_h","True","0.999790163","0.668606","1.023954","47.925198","136499","0.93006993","880","True"
"1955","2036","Meningioma__enh_1637","train","Meningioma","","Meningioma/enh_1637.png","Meningioma__enh_1718","train","Meningioma","","Meningioma/enh_1718.png","10","0.999933","0.961353","flip_h","False","0.999773157","0.691402","1.061147","47.615289","138296","0.959670097","533","True"
"1956","2038","Meningioma__enh_1638","train","Meningioma","","Meningioma/enh_1638.png","Meningioma__enh_1720","train","Meningioma","","Meningioma/enh_1720.png","9","0.999921","0.859375","flip_h","False","0.999750127","0.669464","1.031716","47.859600","135285","0.843934373","1931","False"
"1957","2039","Meningioma__enh_1639","train","Meningioma","","Meningioma/enh_1639.png","Meningioma__enh_1721","train","Meningioma","","Meningioma/enh_1721.png","7","0.99992","0.916129","flip_h","True","0.999748258","0.667118","1.031481","47.861578","134213","0.922243596","768","True"
"1958","2725","Meningioma__enh_1640","train","Meningioma","","Meningioma/enh_1640.png","Meningioma__enh_891","test","Meningioma","","Meningioma/enh_891.png","9","0.999922","0.843478","flip_h","False","0.999748159","0.667503","1.043002","47.765104","133072","0.873604911","906","False"
"1959","2040","Meningioma__enh_1641","train","Meningioma","","Meningioma/enh_1641.png","Meningioma__enh_1722","val","Meningioma","","Meningioma/enh_1722.png","6","0.999928","0.859375","flip_h","True","0.999774031","0.661484","1.027934","47.891499","133869","0.911993769","339","True"
"1960","2041","Meningioma__enh_1642","train","Meningioma","","Meningioma/enh_1642.png","Meningioma__enh_1723","train","Meningioma","","Meningioma/enh_1723.png","6","0.999936","0.94","flip_h","True","0.999799119","0.64027","1.014894","48.002388","129201","0.941386816","377","True"
"1961","2726","Meningioma__enh_1643","val","Meningioma","","Meningioma/enh_1643.png","Meningioma__enh_892","test","Meningioma","","Meningioma/enh_892.png","6","0.999941","0.942857","flip_h","True","0.999820151","0.634613","0.997288","48.154393","130457","0.963497071","243","True"
"1962","2042","Meningioma__enh_1644","train","Meningioma","","Meningioma/enh_1644.png","Meningioma__enh_1724","train","Meningioma","","Meningioma/enh_1724.png","8","0.999945","0.903226","flip_h","True","0.999844398","0.609959","0.960399","48.481766","128319","0.905599729","558","True"
"1964","2037","Meningioma__enh_1646","train","Meningioma","","Meningioma/enh_1646.png","Meningioma__enh_1719","train","Meningioma","","Meningioma/enh_1719.png","11","0.999954","0.882353","flip_h","False","0.999845603","0.648163","1.031746","47.859351","129282","0.871467639","141","False"
"2147","2398","Meningioma__enh_1845","val","Meningioma","","Meningioma/enh_1845.png","Meningioma__enh_2096","train","Meningioma","","Meningioma/enh_2096.png","8","0.999924","0.884058","flip_h","True","0.999754157","0.740471","1.078026","47.478220","151227","0.91923827","704","True"
"2149","2399","Meningioma__enh_1847","train","Meningioma","","Meningioma/enh_1847.png","Meningioma__enh_2097","train","Meningioma","","Meningioma/enh_2097.png","12","0.999915","0.835443","flip_h","False","0.999734459","0.757118","1.096241","47.332684","153840","0.85543131","724","False"
"2150","2401","Meningioma__enh_1848","train","Meningioma","","Meningioma/enh_1848.png","Meningioma__enh_2099","train","Meningioma","","Meningioma/enh_2099.png","4","0.999904","0.83871","flip_h","True","0.999648751","0.860409","1.21046","46.471794","165668","0.850714664","282","False"
"2151","2402","Meningioma__enh_1849","train","Meningioma","","Meningioma/enh_1849.png","Meningioma__enh_2100","train","Meningioma","","Meningioma/enh_2100.png","11","0.999925","0.92","flip_h","False","0.999730011","0.763905","1.107983","47.240140","152467","0.928867813","120","True"
"2155","2405","Meningioma__enh_1853","train","Meningioma","","Meningioma/enh_1853.png","Meningioma__enh_2103","train","Meningioma","","Meningioma/enh_2103.png","10","0.999923","0.925926","flip_h","False","0.999723249","0.81889","1.158638","46.851850","161824","0.894902635","367","False"
"2156","2406","Meningioma__enh_1854","train","Meningioma","","Meningioma/enh_1854.png","Meningioma__enh_2104","train","Meningioma","","Meningioma/enh_2104.png","7","0.999904","0.888889","flip_h","True","0.999699266","0.742855","1.088073","47.397643","149795","0.88284911","875","False"
"2159","2408","Meningioma__enh_1857","train","Meningioma","","Meningioma/enh_1857.png","Meningioma__enh_2106","train","Meningioma","","Meningioma/enh_2106.png","11","0.999922","0.888889","flip_h","False","0.999768243","0.737766","1.059809","47.626249","153734","0.898628185","569","False"
"2162","2410","Meningioma__enh_1860","train","Meningioma","","Meningioma/enh_1860.png","Meningioma__enh_2108","train","Meningioma","","Meningioma/enh_2108.png","11","0.9999","0.730769","flip_h","False","0.999658844","0.854309","1.195944","46.576585","167455","0.74128234","460","False"
"2163","2411","Meningioma__enh_1861","train","Meningioma","","Meningioma/enh_1861.png","Meningioma__enh_2109","val","Meningioma","","Meningioma/enh_2109.png","9","0.999907","0.871795","flip_h","False","0.999681405","0.831406","1.179419","46.697441","162892","0.865733114","326","False"
"2164","2412","Meningioma__enh_1862","train","Meningioma","","Meningioma/enh_1862.png","Meningioma__enh_2110","train","Meningioma","","Meningioma/enh_2110.png","11","0.999906","0.6","flip_h","False","0.999668349","0.840073","1.19315","46.596903","163518","0.619498344","804","False"
"2165","2766","Meningioma__enh_1863","train","Meningioma","","Meningioma/enh_1863.png","Meningioma__enh_945","test","Meningioma","","Meningioma/enh_945.png","12","0.999896","0.695652","flip_h","False","0.999645244","0.831909","1.17137","46.756919","164310","0.675989086","475","False"
"2166","2413","Meningioma__enh_1864","train","Meningioma","","Meningioma/enh_1864.png","Meningioma__enh_2111","train","Meningioma","","Meningioma/enh_2111.png","11","0.999918","0.882353","flip_h","False","0.999730541","0.78624","1.133089","47.045526","156859","0.88702539","485","False"
"2167","2414","Meningioma__enh_1865","train","Meningioma","","Meningioma/enh_1865.png","Meningioma__enh_2112","val","Meningioma","","Meningioma/enh_2112.png","8","0.999915","0.91954","flip_h","True","0.999713862","0.81398","1.171439","46.756412","159188","0.939767913","327","True"
"2168","2415","Meningioma__enh_1866","train","Meningioma","","Meningioma/enh_1866.png","Meningioma__enh_2113","train","Meningioma","","Meningioma/enh_2113.png","8","0.999903","0.978261","flip_h","True","0.999673865","0.832832","1.176631","46.717998","163649","0.972273567","165","True"
"2169","2767","Meningioma__enh_1867","train","Meningioma","","Meningioma/enh_1867.png","Meningioma__enh_946","test","Meningioma","","Meningioma/enh_946.png","6","0.999898","0.858974","flip_h","True","0.999671466","0.804577","1.150155","46.915675","159942","0.934047469","314","True"
"2170","2416","Meningioma__enh_1868","train","Meningioma","","Meningioma/enh_1868.png","Meningioma__enh_2114","train","Meningioma","","Meningioma/enh_2114.png","10","0.999894","0.854545","flip_h","False","0.999671043","0.777195","1.113304","47.198532","157058","0.863941769","486","False"
"2171","2417","Meningioma__enh_1869","val","Meningioma","","Meningioma/enh_1869.png","Meningioma__enh_2115","train","Meningioma","","Meningioma/enh_2115.png","12","0.999901","0.848485","flip_h","False","0.999699001","0.758545","1.092103","47.365535","154335","0.933591857","137","True"
"2174","2820","Meningioma__enh_1872","train","Meningioma","","Meningioma/enh_1872.png","Meningioma__enh_999","test","Meningioma","","Meningioma/enh_999.png","10","0.999943","0.987179","flip_h","False","0.999792279","0.782074","1.132678","47.048676","155393","0.968681209","313","True"
"2175","2576","Meningioma__enh_1873","val","Meningioma","","Meningioma/enh_1873.png","Meningioma__enh_2274","val","Meningioma","","Meningioma/enh_2274.png","8","0.999928","0.936416","flip_h","True","0.99975024","0.802513","1.13857","47.003611","160866","0.959923837","442","True"
"2176","2577","Meningioma__enh_1874","train","Meningioma","","Meningioma/enh_1874.png","Meningioma__enh_2275","train","Meningioma","","Meningioma/enh_2275.png","9","0.999917","0.931034","flip_h","False","0.999719489","0.782974","1.117751","47.163904","157823","0.952558055","523","True"
"2177","2578","Meningioma__enh_1875","val","Meningioma","","Meningioma/enh_1875.png","Meningioma__enh_2276","train","Meningioma","","Meningioma/enh_2276.png","12","0.999899","0.954839","flip_h","False","0.999663399","0.789597","1.12823","47.082849","158573","0.950061025","491","True"
"2180","2580","Meningioma__enh_1878","train","Meningioma","","Meningioma/enh_1878.png","Meningioma__enh_2278","train","Meningioma","","Meningioma/enh_2278.png","6","0.999925","0.891892","flip_h","True","0.99974862","0.791042","1.119014","47.154089","159943","0.93545611","150","True"
"2189","2586","Meningioma__enh_1887","train","Meningioma","","Meningioma/enh_1887.png","Meningioma__enh_2284","train","Meningioma","","Meningioma/enh_2284.png","12","0.99991","0.757576","flip_h","False","0.999691118","0.810974","1.150747","46.911206","160894","0.751937984","544","False"
"2191","2587","Meningioma__enh_1889","train","Meningioma","","Meningioma/enh_1889.png","Meningioma__enh_2285","train","Meningioma","","Meningioma/enh_2285.png","12","0.999905","0.948276","flip_h","False","0.999696296","0.770588","1.112601","47.204016","155175","0.926261147","554","True"
"2194","2590","Meningioma__enh_1892","train","Meningioma","","Meningioma/enh_1892.png","Meningioma__enh_2288","train","Meningioma","","Meningioma/enh_2288.png","10","0.99992","0.939394","flip_h","False","0.999754449","0.756115","1.079693","47.464797","155875","0.955587855","275","True"
"2195","2508","Meningioma__enh_1893","train","Meningioma","","Meningioma/enh_1893.png","Meningioma__enh_2206","train","Meningioma","","Meningioma/enh_2206.png","12","0.999916","0.878788","flip_h","False","0.999760243","0.742554","1.055873","47.658568","156155","0.930244271","277","True"
"2196","2591","Meningioma__enh_1894","train","Meningioma","","Meningioma/enh_1894.png","Meningioma__enh_2289","train","Meningioma","","Meningioma/enh_2289.png","10","0.999928","0.935065","flip_h","False","0.999777722","0.73103","1.06417","47.590584","150456","0.947722024","249","True"
"2198","2592","Meningioma__enh_1896","train","Meningioma","","Meningioma/enh_1896.png","Meningioma__enh_2290","train","Meningioma","","Meningioma/enh_2290.png","12","0.999941","0.914286","flip_h","False","0.999782764","0.856846","1.177213","46.713704","170478","0.93076075","314","True"
"2206","2768","Meningioma__enh_1904","train","Meningioma","","Meningioma/enh_1904.png","Meningioma__enh_947","test","Meningioma","","Meningioma/enh_947.png","10","0.999937","0.888889","flip_h","False","0.999775264","0.786102","1.140304","46.990391","155057","0.860450563","223","False"
"2207","2418","Meningioma__enh_1905","train","Meningioma","","Meningioma/enh_1905.png","Meningioma__enh_2116","train","Meningioma","","Meningioma/enh_2116.png","9","0.999923","0.921053","flip_h","False","0.999740038","0.793228","1.13285","47.047359","158465","0.934774067","166","True"
"2210","2420","Meningioma__enh_1908","train","Meningioma","","Meningioma/enh_1908.png","Meningioma__enh_2118","train","Meningioma","","Meningioma/enh_2118.png","12","0.999899","0.842105","flip_h","False","0.99968438","0.798458","1.125788","47.101671","162052","0.785453068","528","False"
"2211","2769","Meningioma__enh_1909","train","Meningioma","","Meningioma/enh_1909.png","Meningioma__enh_948","test","Meningioma","","Meningioma/enh_948.png","11","0.999918","0.892857","flip_h","False","0.999722881","0.820602","1.162636","46.821927","162836","0.879088785","207","False"
"2213","2423","Meningioma__enh_1911","train","Meningioma","","Meningioma/enh_1911.png","Meningioma__enh_2121","train","Meningioma","","Meningioma/enh_2121.png","12","0.999962","0.875","flip_h","False","0.999864578","0.727184","1.077444","47.482912","147085","0.801587302","200","False"
"2214","2770","Meningioma__enh_1912","train","Meningioma","","Meningioma/enh_1912.png","Meningioma__enh_949","test","Meningioma","","Meningioma/enh_949.png","11","0.999947","0.909091","flip_h","False","0.999824233","0.773739","1.095553","47.338133","160090","0.918858002","108","True"
"2217","2426","Meningioma__enh_1915","train","Meningioma","","Meningioma/enh_1915.png","Meningioma__enh_2124","train","Meningioma","","Meningioma/enh_2124.png","10","0.999903","0.877193","flip_h","False","0.999702421","0.719818","1.055631","47.660560","148269","0.912393162","328","True"
"2219","2772","Meningioma__enh_1917","train","Meningioma","","Meningioma/enh_1917.png","Meningioma__enh_951","test","Meningioma","","Meningioma/enh_951.png","11","0.999922","0.941176","flip_h","False","0.999746897","0.76083","1.094777","47.344293","154764","0.924647253","251","True"
"2221","2429","Meningioma__enh_1919","train","Meningioma","","Meningioma/enh_1919.png","Meningioma__enh_2127","val","Meningioma","","Meningioma/enh_2127.png","12","0.999919","0.918367","flip_h","False","0.999734968","0.818733","1.145191","46.953245","164936","0.926620599","223","True"
"2223","2431","Meningioma__enh_1921","train","Meningioma","","Meningioma/enh_1921.png","Meningioma__enh_2129","val","Meningioma","","Meningioma/enh_2129.png","11","0.999905","0.928571","flip_h","False","0.999699097","0.777603","1.111052","47.216118","157585","0.931034483","58","True"
"2226","2773","Meningioma__enh_1924","train","Meningioma","","Meningioma/enh_1924.png","Meningioma__enh_952","test","Meningioma","","Meningioma/enh_952.png","11","0.999897","0.914894","flip_h","False","0.999665017","0.809845","1.143678","46.964731","161410","0.910181582","277","True"
"2227","2435","Meningioma__enh_1925","train","Meningioma","","Meningioma/enh_1925.png","Meningioma__enh_2133","train","Meningioma","","Meningioma/enh_2133.png","9","0.999889","0.76","flip_h","False","0.999642186","0.818741","1.149726","46.918920","163027","0.820987654","290","False"
"2228","2436","Meningioma__enh_1926","val","Meningioma","","Meningioma/enh_1926.png","Meningioma__enh_2134","train","Meningioma","","Meningioma/enh_2134.png","12","0.999755","0.769231","flip_h","False","0.999321617","0.74036","1.067949","47.559796","152200","0.847126437","133","False"
"2230","2437","Meningioma__enh_1928","train","Meningioma","","Meningioma/enh_1928.png","Meningioma__enh_2135","train","Meningioma","","Meningioma/enh_2135.png","6","0.999777","0.926829","flip_h","True","0.99932945","0.820099","1.156316","46.869273","161914","0.938184664","158","True"
"2231","2774","Meningioma__enh_1929","train","Meningioma","","Meningioma/enh_1929.png","Meningioma__enh_953","test","Meningioma","","Meningioma/enh_953.png","10","0.999754","0.80303","flip_h","False","0.99927285","0.818737","1.165633","46.799568","159970","0.791929382","825","False"
"2232","2438","Meningioma__enh_1930","val","Meningioma","","Meningioma/enh_1930.png","Meningioma__enh_2136","train","Meningioma","","Meningioma/enh_2136.png","8","0.999716","0.907895","flip_h","True","0.999160749","0.807774","1.141653","46.980122","160518","0.901701323","468","True"
"2233","2439","Meningioma__enh_1931","train","Meningioma","","Meningioma/enh_1931.png","Meningioma__enh_2137","train","Meningioma","","Meningioma/enh_2137.png","9","0.999792","0.676471","flip_h","False","0.999345343","0.866627","1.205626","46.506554","168121","0.666890681","1487","False"
"2234","2440","Meningioma__enh_1932","train","Meningioma","","Meningioma/enh_1932.png","Meningioma__enh_2138","train","Meningioma","","Meningioma/enh_2138.png","9","0.999787","0.867925","flip_h","False","0.999349184","0.834476","1.168594","46.777530","164668","0.890577508","360","False"
"2235","2441","Meningioma__enh_1933","train","Meningioma","","Meningioma/enh_1933.png","Meningioma__enh_2139","val","Meningioma","","Meningioma/enh_2139.png","4","0.999891","0.926829","flip_h","True","0.999630134","0.811619","1.161203","46.832640","159776","0.897360704","280","False"
"2236","2442","Meningioma__enh_1934","train","Meningioma","","Meningioma/enh_1934.png","Meningioma__enh_2140","train","Meningioma","","Meningioma/enh_2140.png","6","0.999894","0.954545","flip_h","True","0.999647137","0.802876","1.151839","46.902969","158578","0.955002393","188","True"
"2237","2775","Meningioma__enh_1935","train","Meningioma","","Meningioma/enh_1935.png","Meningioma__enh_954","test","Meningioma","","Meningioma/enh_954.png","8","0.999908","0.932203","flip_h","True","0.999687292","0.798111","1.146885","46.940404","158343","0.950733753","188","True"
"2239","2445","Meningioma__enh_1937","train","Meningioma","","Meningioma/enh_1937.png","Meningioma__enh_2143","train","Meningioma","","Meningioma/enh_2143.png","12","0.999966","0.878049","flip_h","False","0.999882167","0.726852","1.066435","47.572117","147778","0.885980592","893","False"
"2240","2512","Meningioma__enh_1938","val","Meningioma","","Meningioma/enh_1938.png","Meningioma__enh_2210","train","Meningioma","","Meningioma/enh_2210.png","6","0.999903","0.916667","flip_h","True","0.999687403","0.802322","1.142336","46.974926","160199","0.907032181","78","True"
"2243","2447","Meningioma__enh_1941","train","Meningioma","","Meningioma/enh_1941.png","Meningioma__enh_2145","train","Meningioma","","Meningioma/enh_2145.png","8","0.999951","0.671642","flip_h","True","0.99983714","0.752956","1.093821","47.351875","152380","0.708006652","1229","False"
"2245","2448","Meningioma__enh_1943","train","Meningioma","","Meningioma/enh_1943.png","Meningioma__enh_2146","val","Meningioma","","Meningioma/enh_2146.png","11","0.99995","0.974138","flip_h","False","0.999828965","0.755421","1.083604","47.433390","155099","0.968917471","232","True"
"2255","2455","Meningioma__enh_1953","train","Meningioma","","Meningioma/enh_1953.png","Meningioma__enh_2153","train","Meningioma","","Meningioma/enh_2153.png","11","0.999929","0.915254","flip_h","False","0.999738381","0.83424","1.178058","46.707468","163629","0.959411604","149","True"
"2256","2780","Meningioma__enh_1954","train","Meningioma","","Meningioma/enh_1954.png","Meningioma__enh_959","test","Meningioma","","Meningioma/enh_959.png","8","0.999934","0.956522","flip_h","True","0.999769816","0.798767","1.138962","47.000622","159212","0.94657349","237","True"
"2257","2456","Meningioma__enh_1955","train","Meningioma","","Meningioma/enh_1955.png","Meningioma__enh_2154","train","Meningioma","","Meningioma/enh_2154.png","8","0.999923","0.946429","flip_h","True","0.999744257","0.77832","1.113165","47.199615","157358","0.952912357","173","True"
"2258","2457","Meningioma__enh_1956","val","Meningioma","","Meningioma/enh_1956.png","Meningioma__enh_2155","train","Meningioma","","Meningioma/enh_2155.png","5","0.999915","0.934959","flip_h","True","0.999678368","0.856197","1.211481","46.464473","163870","0.925373134","585","True"
"2259","2458","Meningioma__enh_1957","train","Meningioma","","Meningioma/enh_1957.png","Meningioma__enh_2156","val","Meningioma","","Meningioma/enh_2156.png","4","0.999927","0.944954","flip_h","True","0.999712685","0.857849","1.22196","46.389662","163487","0.967942238","222","True"
"2260","2781","Meningioma__enh_1958","train","Meningioma","","Meningioma/enh_1958.png","Meningioma__enh_960","test","Meningioma","","Meningioma/enh_960.png","8","0.999934","1","flip_h","True","0.999746385","0.854771","1.205037","46.510796","165157","0.961971601","233","True"
"2261","2459","Meningioma__enh_1959","train","Meningioma","","Meningioma/enh_1959.png","Meningioma__enh_2157","train","Meningioma","","Meningioma/enh_2157.png","10","0.999936","0.848101","flip_h","False","0.999747022","0.836052","1.190811","46.613950","161719","0.862387161","686","False"
"2264","2460","Meningioma__enh_1962","train","Meningioma","","Meningioma/enh_1962.png","Meningioma__enh_2158","train","Meningioma","","Meningioma/enh_2158.png","10","0.999946","0.764706","flip_h","False","0.999824399","0.734127","1.064367","47.588975","151825","0.823491449","547","False"
"2265","2461","Meningioma__enh_1963","train","Meningioma","","Meningioma/enh_1963.png","Meningioma__enh_2159","train","Meningioma","","Meningioma/enh_2159.png","12","0.999937","0.859375","flip_h","False","0.999791679","0.755615","1.088604","47.393405","154252","0.860878145","564","False"
"2266","2782","Meningioma__enh_1964","train","Meningioma","","Meningioma/enh_1964.png","Meningioma__enh_961","test","Meningioma","","Meningioma/enh_961.png","9","0.999936","0.910448","flip_h","False","0.99977886","0.779236","1.1275","47.088475","155284","0.933605966","276","True"
"2267","2462","Meningioma__enh_1965","train","Meningioma","","Meningioma/enh_1965.png","Meningioma__enh_2160","train","Meningioma","","Meningioma/enh_2160.png","9","0.999921","0.842105","flip_h","False","0.999736878","0.80761","1.134616","47.033825","163668","0.881589619","146","False"
"2271","2466","Meningioma__enh_1969","train","Meningioma","","Meningioma/enh_1969.png","Meningioma__enh_2164","train","Meningioma","","Meningioma/enh_2164.png","12","0.999935","0.984733","flip_h","False","0.999774451","0.78783","1.121766","47.132761","159086","0.956184659","373","True"
"2272","2784","Meningioma__enh_1970","train","Meningioma","","Meningioma/enh_1970.png","Meningioma__enh_963","test","Meningioma","","Meningioma/enh_963.png","7","0.999908","0.966102","flip_h","True","0.999702123","0.778931","1.105872","47.256703","158744","0.962979056","426","True"
"2273","2467","Meningioma__enh_1971","val","Meningioma","","Meningioma/enh_1971.png","Meningioma__enh_2165","val","Meningioma","","Meningioma/enh_2165.png","7","0.999904","0.965347","flip_h","True","0.999697478","0.762764","1.09552","47.338395","155063","0.966942789","427","True"
"2274","2799","Meningioma__enh_1972","train","Meningioma","","Meningioma/enh_1972.png","Meningioma__enh_978","test","Meningioma","","Meningioma/enh_978.png","7","0.999927","0.867925","flip_h","True","0.999735015","0.820625","1.162456","46.823276","162158","0.88448176","399","False"
"2275","2468","Meningioma__enh_1973","train","Meningioma","","Meningioma/enh_1973.png","Meningioma__enh_2166","val","Meningioma","","Meningioma/enh_2166.png","11","0.999917","0.936585","flip_h","False","0.999713001","0.825069","1.160391","46.838714","164202","0.938462735","791","True"
"2276","2469","Meningioma__enh_1974","train","Meningioma","","Meningioma/enh_1974.png","Meningioma__enh_2167","train","Meningioma","","Meningioma/enh_2167.png","7","0.999902","0.923077","flip_h","True","0.999676748","0.824123","1.154591","46.882241","164567","0.927106721","487","True"
"2279","2785","Meningioma__enh_1977","train","Meningioma","","Meningioma/enh_1977.png","Meningioma__enh_964","test","Meningioma","","Meningioma/enh_964.png","11","0.99993","0.873563","flip_h","False","0.999758337","0.799015","1.145995","46.947148","158956","0.89896608","557","False"
"2283","2786","Meningioma__enh_1981","train","Meningioma","","Meningioma/enh_1981.png","Meningioma__enh_965","test","Meningioma","","Meningioma/enh_965.png","12","0.999934","0.836066","flip_h","False","0.999783349","0.794193","1.116304","47.175150","162611","0.872797927","491","False"
"2285","2515","Meningioma__enh_1983","train","Meningioma","","Meningioma/enh_1983.png","Meningioma__enh_2213","train","Meningioma","","Meningioma/enh_2213.png","4","0.999908","0.887324","flip_h","True","0.999676672","0.829678","1.171046","46.759323","163319","0.925643897","332","True"
"2288","2478","Meningioma__enh_1986","val","Meningioma","","Meningioma/enh_1986.png","Meningioma__enh_2176","train","Meningioma","","Meningioma/enh_2176.png","10","0.99993","0.956522","flip_h","False","0.999740969","0.815834","1.161559","46.829975","160607","0.909153476","264","True"
"2289","2479","Meningioma__enh_1987","train","Meningioma","","Meningioma/enh_1987.png","Meningioma__enh_2177","train","Meningioma","","Meningioma/enh_2177.png","11","0.999909","0.873016","flip_h","False","0.99968283","0.819111","1.15952","46.845240","162051","0.848707612","638","False"
"2290","2480","Meningioma__enh_1988","val","Meningioma","","Meningioma/enh_1988.png","Meningioma__enh_2178","train","Meningioma","","Meningioma/enh_2178.png","6","0.99989","0.875","flip_h","True","0.99962266","0.823837","1.168145","46.780868","161832","0.903333333","377","True"
"2291","2788","Meningioma__enh_1989","val","Meningioma","","Meningioma/enh_1989.png","Meningioma__enh_967","test","Meningioma","","Meningioma/enh_967.png","11","0.999899","0.842105","flip_h","False","0.999663906","0.790787","1.135013","47.030789","157993","0.857019811","332","False"
"2295","2789","Meningioma__enh_1993","val","Meningioma","","Meningioma/enh_1993.png","Meningioma__enh_968","test","Meningioma","","Meningioma/enh_968.png","11","0.999915","0.75","flip_h","False","0.999729974","0.794369","1.123013","47.123109","161643","0.89787234","192","False"
"2296","2800","Meningioma__enh_1994","train","Meningioma","","Meningioma/enh_1994.png","Meningioma__enh_979","test","Meningioma","","Meningioma/enh_979.png","5","0.999892","0.962963","flip_h","True","0.999644468","0.829033","1.172389","46.749367","162710","0.953869615","242","True"
"2297","2484","Meningioma__enh_1995","train","Meningioma","","Meningioma/enh_1995.png","Meningioma__enh_2182","train","Meningioma","","Meningioma/enh_2182.png","7","0.999886","0.954545","flip_h","True","0.999661396","0.785561","1.104133","47.270380","161601","0.886687307","183","False"
"2306","2516","Meningioma__enh_2004","train","Meningioma","","Meningioma/enh_2004.png","Meningioma__enh_2214","train","Meningioma","","Meningioma/enh_2214.png","5","0.999878","0.911392","flip_h","True","0.999625208","0.803112","1.146341","46.944525","159172","0.935977451","318","True"
"2307","2492","Meningioma__enh_2005","train","Meningioma","","Meningioma/enh_2005.png","Meningioma__enh_2190","val","Meningioma","","Meningioma/enh_2190.png","8","0.999926","0.8","flip_h","True","0.999753219","0.785885","1.126455","47.096523","157302","0.837017995","317","False"
"2308","2493","Meningioma__enh_2006","train","Meningioma","","Meningioma/enh_2006.png","Meningioma__enh_2191","train","Meningioma","","Meningioma/enh_2191.png","10","0.999921","0.758621","flip_h","False","0.999745394","0.746181","1.097279","47.324461","150174","0.879804759","197","False"
"2311","2495","Meningioma__enh_2009","train","Meningioma","","Meningioma/enh_2009.png","Meningioma__enh_2193","train","Meningioma","","Meningioma/enh_2193.png","10","0.999889","0.905405","flip_h","False","0.999670501","0.729416","1.056639","47.652272","151854","0.933304831","312","True"
"2313","2794","Meningioma__enh_2011","train","Meningioma","","Meningioma/enh_2011.png","Meningioma__enh_973","test","Meningioma","","Meningioma/enh_973.png","7","0.999915","0.891892","flip_h","True","0.999722685","0.795708","1.139203","46.998783","158658","0.879396985","576","False"
"2315","2517","Meningioma__enh_2013","train","Meningioma","","Meningioma/enh_2013.png","Meningioma__enh_2215","val","Meningioma","","Meningioma/enh_2215.png","11","0.999932","0.8","flip_h","False","0.999780448","0.744419","1.075225","47.500816","153120","0.853177796","365","False"
"2318","2519","Meningioma__enh_2016","train","Meningioma","","Meningioma/enh_2016.png","Meningioma__enh_2217","val","Meningioma","","Meningioma/enh_2217.png","11","0.99992","0.885714","flip_h","False","0.999751582","0.753048","1.088508","47.394174","153641","0.917234664","170","True"
"2320","2500","Meningioma__enh_2018","train","Meningioma","","Meningioma/enh_2018.png","Meningioma__enh_2198","train","Meningioma","","Meningioma/enh_2198.png","12","0.999958","0.892857","flip_h","False","0.999847811","0.777954","1.115038","47.185013","156541","0.893894166","391","False"
"2321","2521","Meningioma__enh_2019","val","Meningioma","","Meningioma/enh_2019.png","Meningioma__enh_2219","train","Meningioma","","Meningioma/enh_2219.png","10","0.999908","0.89404","flip_h","False","0.999700259","0.794926","1.133535","47.042108","159388","0.897230769","1002","False"
"2322","2802","Meningioma__enh_2020","train","Meningioma","","Meningioma/enh_2020.png","Meningioma__enh_981","test","Meningioma","","Meningioma/enh_981.png","10","0.999901","0.957672","flip_h","False","0.999692828","0.770645","1.102428","47.283800","156377","0.952725479","575","True"
"2324","2523","Meningioma__enh_2022","train","Meningioma","","Meningioma/enh_2022.png","Meningioma__enh_2221","train","Meningioma","","Meningioma/enh_2221.png","12","0.999933","0.956522","flip_h","False","0.999777988","0.775806","1.109232","47.230354","157060","0.968561064","416","True"
"2325","2803","Meningioma__enh_2023","train","Meningioma","","Meningioma/enh_2023.png","Meningioma__enh_982","test","Meningioma","","Meningioma/enh_982.png","11","0.999943","0.972527","flip_h","False","0.999810149","0.785549","1.106912","47.248542","161299","0.962597928","444","True"
"2329","2527","Meningioma__enh_2027","train","Meningioma","","Meningioma/enh_2027.png","Meningioma__enh_2225","train","Meningioma","","Meningioma/enh_2225.png","10","0.999944","0.933333","flip_h","False","0.999812003","0.746567","1.086001","47.414201","150667","0.96090535","114","True"
"2331","2501","Meningioma__enh_2029","train","Meningioma","","Meningioma/enh_2029.png","Meningioma__enh_2199","val","Meningioma","","Meningioma/enh_2199.png","10","0.99994","0.95122","flip_h","False","0.999800415","0.774715","1.099273","47.308694","158899","0.94943927","266","True"
"2334","2531","Meningioma__enh_2032","val","Meningioma","","Meningioma/enh_2032.png","Meningioma__enh_2229","val","Meningioma","","Meningioma/enh_2229.png","12","0.999901","0.938776","flip_h","False","0.999677035","0.819035","1.143206","46.968317","164711","0.932257549","424","True"
"2335","2532","Meningioma__enh_2033","train","Meningioma","","Meningioma/enh_2033.png","Meningioma__enh_2230","train","Meningioma","","Meningioma/enh_2230.png","11","0.9999","0.801802","flip_h","False","0.999678666","0.779842","1.111586","47.211946","157877","0.837586009","1133","False"
"2336","2805","Meningioma__enh_2034","train","Meningioma","","Meningioma/enh_2034.png","Meningioma__enh_984","test","Meningioma","","Meningioma/enh_984.png","10","0.999923","0.915254","flip_h","False","0.9997365","0.774776","1.116144","47.176400","155228","0.939591078","455","True"
"2341","2536","Meningioma__enh_2039","train","Meningioma","","Meningioma/enh_2039.png","Meningioma__enh_2234","train","Meningioma","","Meningioma/enh_2234.png","11","0.999894","0.923387","flip_h","False","0.999675719","0.738003","1.086831","47.407562","149145","0.931597332","1077","True"
"2342","2502","Meningioma__enh_2040","train","Meningioma","","Meningioma/enh_2040.png","Meningioma__enh_2200","val","Meningioma","","Meningioma/enh_2200.png","12","0.999941","0.932584","flip_h","False","0.999795644","0.795227","1.131664","47.056457","159841","0.96525838","199","True"
"2344","2807","Meningioma__enh_2042","train","Meningioma","","Meningioma/enh_2042.png","Meningioma__enh_986","test","Meningioma","","Meningioma/enh_986.png","10","0.999894","0.833333","flip_h","False","0.999683871","0.729961","1.069979","47.543297","149317","0.861248455","898","False"
"2345","2538","Meningioma__enh_2043","train","Meningioma","","Meningioma/enh_2043.png","Meningioma__enh_2236","train","Meningioma","","Meningioma/enh_2236.png","9","0.999923","0","flip_h","False","0.99976256","0.783283","1.105709","47.257990","161421","0.012943163","1754","False"
"2346","2539","Meningioma__enh_2044","train","Meningioma","","Meningioma/enh_2044.png","Meningioma__enh_2237","train","Meningioma","","Meningioma/enh_2237.png","9","0.999899","0.911111","flip_h","False","0.999700715","0.781776","1.105596","47.258871","160647","0.957602339","116","True"
"2347","2540","Meningioma__enh_2045","train","Meningioma","","Meningioma/enh_2045.png","Meningioma__enh_2238","val","Meningioma","","Meningioma/enh_2238.png","10","0.999905","0.973684","flip_h","False","0.99970601","0.784592","1.120042","47.146119","159360","0.930809931","170","True"
"2348","2808","Meningioma__enh_2046","train","Meningioma","","Meningioma/enh_2046.png","Meningioma__enh_987","test","Meningioma","","Meningioma/enh_987.png","7","0.999923","0.730769","flip_h","True","0.99975464","0.801075","1.135999","47.023247","161088","0.821451104","283","False"
"2352","2544","Meningioma__enh_2050","train","Meningioma","","Meningioma/enh_2050.png","Meningioma__enh_2242","train","Meningioma","","Meningioma/enh_2242.png","12","0.99993","0.666667","flip_h","False","0.999778371","0.751598","1.088438","47.394734","153234","0.876425856","65","False"
"2353","2795","Meningioma__enh_2051","val","Meningioma","","Meningioma/enh_2051.png","Meningioma__enh_974","test","Meningioma","","Meningioma/enh_974.png","10","0.999933","0.974359","flip_h","False","0.999773141","0.780098","1.123768","47.117267","156369","0.958870968","204","True"
"2356","2546","Meningioma__enh_2054","val","Meningioma","","Meningioma/enh_2054.png","Meningioma__enh_2244","train","Meningioma","","Meningioma/enh_2244.png","9","0.999932","0.918919","flip_h","False","0.999784555","0.778065","1.0961","47.333800","159877","0.877525773","297","False"
"2357","2547","Meningioma__enh_2055","train","Meningioma","","Meningioma/enh_2055.png","Meningioma__enh_2245","train","Meningioma","","Meningioma/enh_2245.png","9","0.999934","0.828125","flip_h","False","0.999784054","0.776215","1.108584","47.235433","156967","0.837110834","654","False"
"2358","2548","Meningioma__enh_2056","train","Meningioma","","Meningioma/enh_2056.png","Meningioma__enh_2246","train","Meningioma","","Meningioma/enh_2246.png","7","0.999938","0.827957","flip_h","True","0.999789941","0.796967","1.128531","47.080533","160411","0.827498732","1020","False"
"2359","2811","Meningioma__enh_2057","train","Meningioma","","Meningioma/enh_2057.png","Meningioma__enh_990","test","Meningioma","","Meningioma/enh_990.png","8","0.999922","0.88764","flip_h","True","0.999758011","0.796555","1.127642","47.087381","160482","0.88725142","635","False"
"2360","2549","Meningioma__enh_2058","train","Meningioma","","Meningioma/enh_2058.png","Meningioma__enh_2247","val","Meningioma","","Meningioma/enh_2247.png","12","0.999919","0.75","flip_h","False","0.999739862","0.796692","1.12772","47.086781","160351","0.748415623","1707","False"
"2361","2550","Meningioma__enh_2059","train","Meningioma","","Meningioma/enh_2059.png","Meningioma__enh_2248","train","Meningioma","","Meningioma/enh_2248.png","8","0.999913","0.931034","flip_h","True","0.999702848","0.804562","1.152792","46.895783","157919","0.92266048","300","True"
"2371","2814","Meningioma__enh_2069","val","Meningioma","","Meningioma/enh_2069.png","Meningioma__enh_993","test","Meningioma","","Meningioma/enh_993.png","12","0.999944","0.940476","flip_h","False","0.999799052","0.816505","1.145711","46.949306","163702","0.912210846","463","True"
"2373","2558","Meningioma__enh_2071","train","Meningioma","","Meningioma/enh_2071.png","Meningioma__enh_2256","train","Meningioma","","Meningioma/enh_2256.png","11","0.999938","0.943662","flip_h","False","0.999771501","0.811836","1.16258","46.822344","158701","0.927191679","343","True"
"2376","2560","Meningioma__enh_2074","train","Meningioma","","Meningioma/enh_2074.png","Meningioma__enh_2258","train","Meningioma","","Meningioma/enh_2258.png","9","0.999907","0.960784","flip_h","False","0.999699192","0.810989","1.139996","46.992736","163227","0.960907039","381","True"
"2382","2565","Meningioma__enh_2080","train","Meningioma","","Meningioma/enh_2080.png","Meningioma__enh_2263","train","Meningioma","","Meningioma/enh_2263.png","9","0.999934","0.916667","flip_h","False","0.999783145","0.798321","1.124652","47.110437","162495","0.933995585","299","True"
"2388","2568","Meningioma__enh_2086","train","Meningioma","","Meningioma/enh_2086.png","Meningioma__enh_2266","train","Meningioma","","Meningioma/enh_2266.png","11","0.999915","0.955882","flip_h","False","0.999689663","0.841515","1.184299","46.661574","164521","0.946863139","238","True"
"2389","2569","Meningioma__enh_2087","train","Meningioma","","Meningioma/enh_2087.png","Meningioma__enh_2267","train","Meningioma","","Meningioma/enh_2267.png","12","0.999901","0.892857","flip_h","False","0.999650267","0.829239","1.172376","46.749464","163014","0.893611033","378","False"
"2392","2573","Meningioma__enh_2090","val","Meningioma","","Meningioma/enh_2090.png","Meningioma__enh_2271","train","Meningioma","","Meningioma/enh_2271.png","12","0.999947","0.932584","flip_h","False","0.99982104","0.79084","1.119773","47.148206","160735","0.965742251","189","True"
"2394","2574","Meningioma__enh_2092","val","Meningioma","","Meningioma/enh_2092.png","Meningioma__enh_2272","train","Meningioma","","Meningioma/enh_2272.png","11","0.999894","0.893617","flip_h","False","0.999683483","0.744709","1.078905","47.471140","152240","0.839829676","489","False"
"2602","2607","Meningioma__enh_722","test","Meningioma","","Meningioma/enh_722.png","Meningioma__enh_736","test","Meningioma","","Meningioma/enh_736.png","8","0.999966","0.960177","identity","True","0.999802169","0.585064","1.041221","47.779947","106138","0.965310345","1006","True"
"2607","2614","Meningioma__enh_736","test","Meningioma","","Meningioma/enh_736.png","Meningioma__enh_753","test","Meningioma","","Meningioma/enh_753.png","11","0.999866","0.975336","identity","False","0.998283044","2.182472","3.069955","38.388164","212649","0.974077558","744","True"
"2706","2864","Meningioma__enh_872","test","Meningioma","","Meningioma/enh_872.png","Pituitary tumor__enh_1043","test","Pituitary tumor","","Pituitary tumor/enh_1043.png","7","0.999945","0.902439","flip_h","True","0.999789222","0.732647","1.127315","47.089896","140076","0.934535476","167","True"
"2821","3104","Pituitary tumor__enh_1000","test","Pituitary tumor","","Pituitary tumor/enh_1000.png","Pituitary tumor__enh_1283","train","Pituitary tumor","","Pituitary tumor/enh_1283.png","8","0.999907","0.882353","flip_h","True","0.999638543","0.824615","1.196569","46.572047","156126","0.926059513","82","True"
"2825","3113","Pituitary tumor__enh_1004","test","Pituitary tumor","","Pituitary tumor/enh_1004.png","Pituitary tumor__enh_1292","val","Pituitary tumor","","Pituitary tumor/enh_1292.png","6","0.999938","0.870968","flip_h","True","0.999776215","0.639473","1.052109","47.689588","122618","0.917355372","160","True"
"2826","4474","Pituitary tumor__enh_1005","test","Pituitary tumor","","Pituitary tumor/enh_1005.png","Pituitary tumor__enh_931","test","Pituitary tumor","","Pituitary tumor/enh_931.png","10","0.999945","0.7","flip_h","False","0.999802149","0.632488","1.055376","47.662657","120264","0.816326531","450","False"
"2827","4475","Pituitary tumor__enh_1006","test","Pituitary tumor","","Pituitary tumor/enh_1006.png","Pituitary tumor__enh_932","test","Pituitary tumor","","Pituitary tumor/enh_932.png","10","0.999937","0.857143","flip_h","False","0.999800185","0.618858","1.016871","47.985484","121206","0.902728351","82","True"
"2828","3121","Pituitary tumor__enh_1007","test","Pituitary tumor","","Pituitary tumor/enh_1007.png","Pituitary tumor__enh_1300","val","Pituitary tumor","","Pituitary tumor/enh_1300.png","10","0.999912","0.777778","flip_h","False","0.99969081","0.800552","1.158797","46.850653","155107","0.722789116","163","False"
"2829","3124","Pituitary tumor__enh_1008","test","Pituitary tumor","","Pituitary tumor/enh_1008.png","Pituitary tumor__enh_1303","train","Pituitary tumor","","Pituitary tumor/enh_1303.png","8","0.999928","0.92","flip_h","True","0.999759591","0.617516","1.027849","47.892220","119801","0.867203219","198","False"
"2830","3127","Pituitary tumor__enh_1009","test","Pituitary tumor","","Pituitary tumor/enh_1009.png","Pituitary tumor__enh_1306","val","Pituitary tumor","","Pituitary tumor/enh_1306.png","11","0.999882","0.758621","flip_h","False","0.999601911","0.788631","1.147628","46.934778","153475","0.85955362","258","False"
"2834","3134","Pituitary tumor__enh_1013","test","Pituitary tumor","","Pituitary tumor/enh_1013.png","Pituitary tumor__enh_1313","train","Pituitary tumor","","Pituitary tumor/enh_1313.png","11","0.999928","0.615385","flip_h","False","0.999734428","0.666565","1.088485","47.394356","125754","0.886430678","77","False"
"2835","3065","Pituitary tumor__enh_1014","test","Pituitary tumor","","Pituitary tumor/enh_1014.png","Pituitary tumor__enh_1244","train","Pituitary tumor","","Pituitary tumor/enh_1244.png","4","0.999907","0.754717","flip_h","True","0.999604465","0.691032","1.132624","47.049089","125966","0.769606347","755","False"
"2836","4480","Pituitary tumor__enh_1015","test","Pituitary tumor","","Pituitary tumor/enh_1015.png","Pituitary tumor__enh_937","test","Pituitary tumor","","Pituitary tumor/enh_937.png","5","0.999935","0.911392","flip_h","True","0.999760651","0.640175","1.054528","47.669638","122060","0.949574601","243","True"
"2837","4481","Pituitary tumor__enh_1016","test","Pituitary tumor","","Pituitary tumor/enh_1016.png","Pituitary tumor__enh_938","test","Pituitary tumor","","Pituitary tumor/enh_938.png","4","0.999953","0.95614","flip_h","True","0.999821477","0.626213","1.03671","47.817656","120345","0.972563077","199","True"
"2843","3149","Pituitary tumor__enh_1022","test","Pituitary tumor","","Pituitary tumor/enh_1022.png","Pituitary tumor__enh_1328","train","Pituitary tumor","","Pituitary tumor/enh_1328.png","9","0.999917","0.833333","flip_h","False","0.999694838","0.63113","1.054877","47.666764","119388","0.88372093","85","False"
"2844","3152","Pituitary tumor__enh_1023","test","Pituitary tumor","","Pituitary tumor/enh_1023.png","Pituitary tumor__enh_1331","train","Pituitary tumor","","Pituitary tumor/enh_1331.png","8","0.999931","0.555556","flip_h","True","0.99976998","0.581032","0.986021","48.253084","114843","0.559126743","727","False"
"2846","4487","Pituitary tumor__enh_1025","test","Pituitary tumor","","Pituitary tumor/enh_1025.png","Pituitary tumor__enh_944","test","Pituitary tumor","","Pituitary tumor/enh_944.png","12","0.999932","0.885714","flip_h","False","0.999734983","0.663345","1.086415","47.410887","124733","0.81996587","422","False"
"2847","4488","Pituitary tumor__enh_1026","test","Pituitary tumor","","Pituitary tumor/enh_1026.png","Pituitary tumor__enh_945","test","Pituitary tumor","","Pituitary tumor/enh_945.png","7","0.999931","0.965517","flip_h","True","0.999740412","0.642799","1.070416","47.539753","120651","0.901592719","173","True"
"2849","4489","Pituitary tumor__enh_1028","test","Pituitary tumor","","Pituitary tumor/enh_1028.png","Pituitary tumor__enh_946","test","Pituitary tumor","","Pituitary tumor/enh_946.png","9","0.999947","0.972222","flip_h","False","0.999797348","0.662441","1.083393","47.435083","125083","0.946320346","124","True"
"2850","3165","Pituitary tumor__enh_1029","test","Pituitary tumor","","Pituitary tumor/enh_1029.png","Pituitary tumor__enh_1344","val","Pituitary tumor","","Pituitary tumor/enh_1344.png","5","0.999935","0.75","flip_h","True","0.999746084","0.638706","1.060169","47.623301","121191","0.770970095","628","False"
"2851","3167","Pituitary tumor__enh_1030","test","Pituitary tumor","","Pituitary tumor/enh_1030.png","Pituitary tumor__enh_1346","train","Pituitary tumor","","Pituitary tumor/enh_1346.png","12","0.999914","0.866667","flip_h","False","0.999712005","0.635895","1.040204","47.788436","123028","0.794253939","222","False"
"2853","4492","Pituitary tumor__enh_1032","test","Pituitary tumor","","Pituitary tumor/enh_1032.png","Pituitary tumor__enh_949","test","Pituitary tumor","","Pituitary tumor/enh_949.png","10","0.999894","0.75","flip_h","False","0.999618659","0.804752","1.168098","46.781220","154927","0.809674861","240","False"
"2854","4493","Pituitary tumor__enh_1033","test","Pituitary tumor","","Pituitary tumor/enh_1033.png","Pituitary tumor__enh_950","test","Pituitary tumor","","Pituitary tumor/enh_950.png","10","0.999905","0.428571","flip_h","False","0.999636288","0.828693","1.193411","46.595006","158120","0.443932412","724","False"
"2855","4494","Pituitary tumor__enh_1034","test","Pituitary tumor","","Pituitary tumor/enh_1034.png","Pituitary tumor__enh_951","test","Pituitary tumor","","Pituitary tumor/enh_951.png","7","0.999916","0.65625","flip_h","True","0.999693803","0.641521","1.055983","47.657662","122492","0.669665167","661","False"
"2856","4495","Pituitary tumor__enh_1035","test","Pituitary tumor","","Pituitary tumor/enh_1035.png","Pituitary tumor__enh_952","test","Pituitary tumor","","Pituitary tumor/enh_952.png","4","0.999925","0.944444","flip_h","True","0.999732216","0.643276","1.04735","47.728963","123821","0.902008032","122","True"
"2857","4496","Pituitary tumor__enh_1036","test","Pituitary tumor","","Pituitary tumor/enh_1036.png","Pituitary tumor__enh_953","test","Pituitary tumor","","Pituitary tumor/enh_953.png","5","0.999943","0.875","flip_h","True","0.999809268","0.620804","1.01265","48.021619","122961","0.915570934","122","True"
"2858","3188","Pituitary tumor__enh_1037","test","Pituitary tumor","","Pituitary tumor/enh_1037.png","Pituitary tumor__enh_1367","train","Pituitary tumor","","Pituitary tumor/enh_1367.png","9","0.999944","0.7","flip_h","False","0.999814341","0.627373","1.023676","47.927553","123341","0.709098959","1314","False"
"2860","3193","Pituitary tumor__enh_1039","test","Pituitary tumor","","Pituitary tumor/enh_1039.png","Pituitary tumor__enh_1372","train","Pituitary tumor","","Pituitary tumor/enh_1372.png","10","0.999933","0.893617","flip_h","False","0.999748043","0.805702","1.172666","46.747319","154852","0.963054187","105","True"
"2861","3195","Pituitary tumor__enh_1040","test","Pituitary tumor","","Pituitary tumor/enh_1040.png","Pituitary tumor__enh_1374","train","Pituitary tumor","","Pituitary tumor/enh_1374.png","3","0.999938","0.96875","flip_h","True","0.999759276","0.646275","1.078852","47.471567","120723","0.9361167","127","True"
"2862","3198","Pituitary tumor__enh_1041","test","Pituitary tumor","","Pituitary tumor/enh_1041.png","Pituitary tumor__enh_1377","train","Pituitary tumor","","Pituitary tumor/enh_1377.png","8","0.999906","0.875","flip_h","True","0.999678066","0.635925","1.034942","47.832479","124193","0.913612565","132","True"
"2865","3788","Pituitary tumor__enh_1044","test","Pituitary tumor","","Pituitary tumor/enh_1044.png","Pituitary tumor__enh_1967","val","Pituitary tumor","","Pituitary tumor/enh_1967.png","7","0.999895","0.794118","flip_h","True","0.999597087","0.872311","1.22541","46.365177","166073","0.837242248","1034","False"
"2866","3791","Pituitary tumor__enh_1045","test","Pituitary tumor","","Pituitary tumor/enh_1045.png","Pituitary tumor__enh_1970","train","Pituitary tumor","","Pituitary tumor/enh_1970.png","2","0.999908","0.785714","flip_h","True","0.99955336","0.896614","1.297986","45.865401","160618","0.809695603","844","False"
"2867","3798","Pituitary tumor__enh_1046","test","Pituitary tumor","","Pituitary tumor/enh_1046.png","Pituitary tumor__enh_1977","val","Pituitary tumor","","Pituitary tumor/enh_1977.png","10","0.999882","0.7","flip_h","False","0.999547266","0.885624","1.225463","46.364802","169415","0.755154639","285","False"
"2868","3801","Pituitary tumor__enh_1047","test","Pituitary tumor","","Pituitary tumor/enh_1047.png","Pituitary tumor__enh_1980","train","Pituitary tumor","","Pituitary tumor/enh_1980.png","10","0.999729","0.842105","flip_h","False","0.998996225","0.829674","1.176278","46.720608","161081","0.843384338","174","False"
"2869","2901","Pituitary tumor__enh_1048","test","Pituitary tumor","","Pituitary tumor/enh_1048.png","Pituitary tumor__enh_1080","test","Pituitary tumor","","Pituitary tumor/enh_1080.png","11","0.999917","0.8125","flip_h","False","0.999682661","0.866257","1.2173","46.422852","165166","0.890194076","215","False"
"2870","2902","Pituitary tumor__enh_1049","test","Pituitary tumor","","Pituitary tumor/enh_1049.png","Pituitary tumor__enh_1081","test","Pituitary tumor","","Pituitary tumor/enh_1081.png","7","0.999839","0.918919","flip_h","True","0.999432504","0.802216","1.172012","46.752165","154703","0.905164737","213","True"
"2873","3617","Pituitary tumor__enh_1052","test","Pituitary tumor","","Pituitary tumor/enh_1052.png","Pituitary tumor__enh_1796","train","Pituitary tumor","","Pituitary tumor/enh_1796.png","3","0.999922","0.882353","flip_h","True","0.999674318","0.864174","1.246406","46.217613","159454","0.878490334","396","False"
"2874","3620","Pituitary tumor__enh_1053","test","Pituitary tumor","","Pituitary tumor/enh_1053.png","Pituitary tumor__enh_1799","train","Pituitary tumor","","Pituitary tumor/enh_1799.png","3","0.999919","0.230769","flip_h","True","0.999665759","0.843449","1.224229","46.373548","157585","0.272490222","558","False"
"2875","3624","Pituitary tumor__enh_1054","test","Pituitary tumor","","Pituitary tumor/enh_1054.png","Pituitary tumor__enh_1803","train","Pituitary tumor","","Pituitary tumor/enh_1803.png","5","0.999921","0.8","flip_h","True","0.999677708","0.852913","1.231875","46.319468","159211","0.796321839","443","False"
"2876","3628","Pituitary tumor__enh_1055","test","Pituitary tumor","","Pituitary tumor/enh_1055.png","Pituitary tumor__enh_1807","train","Pituitary tumor","","Pituitary tumor/enh_1807.png","6","0.999903","0.75","flip_h","True","0.999590655","0.857449","1.239167","46.268210","159035","0.730708661","1026","False"
"2877","3633","Pituitary tumor__enh_1056","test","Pituitary tumor","","Pituitary tumor/enh_1056.png","Pituitary tumor__enh_1812","train","Pituitary tumor","","Pituitary tumor/enh_1812.png","9","0.999917","0.838235","flip_h","False","0.999676075","0.87495","1.218204","46.416405","167790","0.85120038","626","False"
"2878","3637","Pituitary tumor__enh_1057","test","Pituitary tumor","","Pituitary tumor/enh_1057.png","Pituitary tumor__enh_1816","train","Pituitary tumor","","Pituitary tumor/enh_1816.png","7","0.999875","0.756757","flip_h","True","0.999546683","0.873875","1.193954","46.591053","172044","0.728476821","615","False"
"2879","3641","Pituitary tumor__enh_1058","test","Pituitary tumor","","Pituitary tumor/enh_1058.png","Pituitary tumor__enh_1820","val","Pituitary tumor","","Pituitary tumor/enh_1820.png","10","0.99988","0.41791","flip_h","False","0.999569322","0.854099","1.190578","46.615644","166478","0.433507615","2492","False"
"2881","3648","Pituitary tumor__enh_1060","test","Pituitary tumor","","Pituitary tumor/enh_1060.png","Pituitary tumor__enh_1827","train","Pituitary tumor","","Pituitary tumor/enh_1827.png","11","0.999907","0.902439","flip_h","False","0.999646328","0.710495","1.124417","47.112258","133018","0.916600477","210","True"
"2882","3652","Pituitary tumor__enh_1061","test","Pituitary tumor","","Pituitary tumor/enh_1061.png","Pituitary tumor__enh_1831","train","Pituitary tumor","","Pituitary tumor/enh_1831.png","3","0.999899","0.882353","flip_h","True","0.999618468","0.700508","1.100045","47.302597","133665","0.927059883","162","True"
"2884","3575","Pituitary tumor__enh_1063","test","Pituitary tumor","","Pituitary tumor/enh_1063.png","Pituitary tumor__enh_1754","train","Pituitary tumor","","Pituitary tumor/enh_1754.png","6","0.999919","0.837209","flip_h","True","0.999679446","0.847935","1.224619","46.370786","158926","0.874277457","348","False"
"2885","3610","Pituitary tumor__enh_1064","test","Pituitary tumor","","Pituitary tumor/enh_1064.png","Pituitary tumor__enh_1789","train","Pituitary tumor","","Pituitary tumor/enh_1789.png","7","0.999921","0.769231","flip_h","True","0.999690834","0.837559","1.219499","46.407172","156569","0.774725275","738","False"
"2886","3653","Pituitary tumor__enh_1065","test","Pituitary tumor","","Pituitary tumor/enh_1065.png","Pituitary tumor__enh_1832","val","Pituitary tumor","","Pituitary tumor/enh_1832.png","9","0.999882","0.75","flip_h","False","0.999542458","0.820435","1.198687","46.556685","155208","0.8775","196","False"
"2887","3661","Pituitary tumor__enh_1066","test","Pituitary tumor","","Pituitary tumor/enh_1066.png","Pituitary tumor__enh_1840","train","Pituitary tumor","","Pituitary tumor/enh_1840.png","8","0.99991","0.611111","flip_h","True","0.999656915","0.870945","1.215756","46.433878","167227","0.657886949","1156","False"
"2888","3665","Pituitary tumor__enh_1067","test","Pituitary tumor","","Pituitary tumor/enh_1067.png","Pituitary tumor__enh_1844","train","Pituitary tumor","","Pituitary tumor/enh_1844.png","9","0.999916","0.911111","flip_h","False","0.999707593","0.754963","1.11546","47.181723","149182","0.908038147","270","True"
"2889","3669","Pituitary tumor__enh_1068","test","Pituitary tumor","","Pituitary tumor/enh_1068.png","Pituitary tumor__enh_1848","train","Pituitary tumor","","Pituitary tumor/enh_1848.png","10","0.999909","0.909091","flip_h","False","0.999642853","0.81958","1.201815","46.534053","154556","0.908673176","318","True"
"2890","3673","Pituitary tumor__enh_1069","test","Pituitary tumor","","Pituitary tumor/enh_1069.png","Pituitary tumor__enh_1852","train","Pituitary tumor","","Pituitary tumor/enh_1852.png","5","0.999912","0.522222","flip_h","True","0.999650639","0.831524","1.205173","46.509815","157422","0.592766727","2252","False"
"2892","3517","Pituitary tumor__enh_1071","test","Pituitary tumor","","Pituitary tumor/enh_1071.png","Pituitary tumor__enh_1696","train","Pituitary tumor","","Pituitary tumor/enh_1696.png","9","0.999865","0.94382","flip_h","False","0.999505378","0.828621","1.184093","46.663086","159623","0.943236074","321","True"
"2893","3556","Pituitary tumor__enh_1072","test","Pituitary tumor","","Pituitary tumor/enh_1072.png","Pituitary tumor__enh_1735","train","Pituitary tumor","","Pituitary tumor/enh_1735.png","9","0.999854","0.961538","flip_h","False","0.999473831","0.873554","1.221028","46.396291","166953","0.918341709","130","True"
"2895","3676","Pituitary tumor__enh_1074","test","Pituitary tumor","","Pituitary tumor/enh_1074.png","Pituitary tumor__enh_1855","train","Pituitary tumor","","Pituitary tumor/enh_1855.png","7","0.999844","0.793333","flip_h","True","0.999444031","0.849083","1.196722","46.570936","163523","0.795931274","1936","False"
"2896","3679","Pituitary tumor__enh_1075","test","Pituitary tumor","","Pituitary tumor/enh_1075.png","Pituitary tumor__enh_1858","train","Pituitary tumor","","Pituitary tumor/enh_1858.png","2","0.999935","0.983607","flip_h","True","0.999649891","0.933914","1.343381","45.566820","164434","0.933349433","276","True"
"2897","3571","Pituitary tumor__enh_1076","test","Pituitary tumor","","Pituitary tumor/enh_1076.png","Pituitary tumor__enh_1750","train","Pituitary tumor","","Pituitary tumor/enh_1750.png","12","0.999928","0.953125","flip_h","False","0.999705847","0.890244","1.249444","46.196465","167245","0.914542021","362","True"
"2899","3681","Pituitary tumor__enh_1078","test","Pituitary tumor","","Pituitary tumor/enh_1078.png","Pituitary tumor__enh_1860","train","Pituitary tumor","","Pituitary tumor/enh_1860.png","3","0.999802","0.8","flip_h","True","0.99932663","0.828491","1.16496","46.804583","162820","0.8363047","303","False"
"2900","3684","Pituitary tumor__enh_1079","test","Pituitary tumor","","Pituitary tumor/enh_1079.png","Pituitary tumor__enh_1863","train","Pituitary tumor","","Pituitary tumor/enh_1863.png","10","0.999693","0.78125","flip_h","False","0.998898564","0.864616","1.192258","46.603401","168990","0.870341207","247","False"
"2903","3692","Pituitary tumor__enh_1082","test","Pituitary tumor","","Pituitary tumor/enh_1082.png","Pituitary tumor__enh_1871","train","Pituitary tumor","","Pituitary tumor/enh_1871.png","7","0.999889","0.9","flip_h","True","0.999573656","0.869587","1.217593","46.420761","166190","0.87823186","146","False"
"2904","3693","Pituitary tumor__enh_1083","test","Pituitary tumor","","Pituitary tumor/enh_1083.png","Pituitary tumor__enh_1872","train","Pituitary tumor","","Pituitary tumor/enh_1872.png","11","0.999911","0.794118","flip_h","False","0.999651338","0.857967","1.206347","46.501360","164807","0.814143246","410","False"
"2905","3698","Pituitary tumor__enh_1084","test","Pituitary tumor","","Pituitary tumor/enh_1084.png","Pituitary tumor__enh_1877","train","Pituitary tumor","","Pituitary tumor/enh_1877.png","3","0.99993","0.706897","flip_h","True","0.999720827","0.874676","1.228084","46.346243","166170","0.758001123","862","False"
"2906","3702","Pituitary tumor__enh_1085","test","Pituitary tumor","","Pituitary tumor/enh_1085.png","Pituitary tumor__enh_1881","train","Pituitary tumor","","Pituitary tumor/enh_1881.png","7","0.999895","0.893333","flip_h","True","0.999607546","0.819969","1.194942","46.583865","155430","0.919758233","385","True"
"2907","3580","Pituitary tumor__enh_1086","test","Pituitary tumor","","Pituitary tumor/enh_1086.png","Pituitary tumor__enh_1759","val","Pituitary tumor","","Pituitary tumor/enh_1759.png","5","0.999911","0.953704","flip_h","True","0.999665156","0.816727","1.186082","46.648506","155893","0.917057903","583","True"
"2908","3706","Pituitary tumor__enh_1087","test","Pituitary tumor","","Pituitary tumor/enh_1087.png","Pituitary tumor__enh_1885","train","Pituitary tumor","","Pituitary tumor/enh_1885.png","3","0.999868","0","flip_h","True","0.99949679","0.824257","1.19742","46.565872","156161","0","5393","False"
"2909","3710","Pituitary tumor__enh_1088","test","Pituitary tumor","","Pituitary tumor/enh_1088.png","Pituitary tumor__enh_1889","train","Pituitary tumor","","Pituitary tumor/enh_1889.png","9","0.999935","0.574257","flip_h","False","0.999738503","0.837898","1.216187","46.430797","157374","0.600163132","2451","False"
"2910","3713","Pituitary tumor__enh_1089","test","Pituitary tumor","","Pituitary tumor/enh_1089.png","Pituitary tumor__enh_1892","train","Pituitary tumor","","Pituitary tumor/enh_1892.png","9","0.9999","0.756757","flip_h","False","0.999620607","0.87611","1.217765","46.419532","168189","0.831730769","385","False"
"2911","3716","Pituitary tumor__enh_1090","test","Pituitary tumor","","Pituitary tumor/enh_1090.png","Pituitary tumor__enh_1895","train","Pituitary tumor","","Pituitary tumor/enh_1895.png","11","0.999911","0.930233","flip_h","False","0.999666996","0.805016","1.169712","46.769228","154821","0.946153846","147","True"
"2913","3498","Pituitary tumor__enh_1092","test","Pituitary tumor","","Pituitary tumor/enh_1092.png","Pituitary tumor__enh_1677","train","Pituitary tumor","","Pituitary tumor/enh_1677.png","12","0.999899","0.9125","flip_h","False","0.999621804","0.845413","1.188422","46.631393","164085","0.914473684","442","True"
"2917","3510","Pituitary tumor__enh_1096","test","Pituitary tumor","","Pituitary tumor/enh_1096.png","Pituitary tumor__enh_1689","train","Pituitary tumor","","Pituitary tumor/enh_1689.png","6","0.99994","0.954774","flip_h","True","0.999758825","0.816101","1.187519","46.637990","155586","0.959170854","520","True"
"2919","3584","Pituitary tumor__enh_1098","test","Pituitary tumor","","Pituitary tumor/enh_1098.png","Pituitary tumor__enh_1763","val","Pituitary tumor","","Pituitary tumor/enh_1763.png","7","0.999898","0.759259","flip_h","True","0.999620634","0.810585","1.185024","46.656262","154291","0.717889908","984","False"
"2923","3527","Pituitary tumor__enh_1102","test","Pituitary tumor","","Pituitary tumor/enh_1102.png","Pituitary tumor__enh_1706","val","Pituitary tumor","","Pituitary tumor/enh_1706.png","3","0.999893","1","flip_h","True","0.999581282","0.852516","1.245634","46.222991","157143","0.915970516","171","True"
"2924","3530","Pituitary tumor__enh_1103","test","Pituitary tumor","","Pituitary tumor/enh_1103.png","Pituitary tumor__enh_1709","val","Pituitary tumor","","Pituitary tumor/enh_1709.png","10","0.999904","0.769231","flip_h","False","0.999628614","0.82288","1.19061","46.615411","157259","0.569284065","373","False"
"2925","3532","Pituitary tumor__enh_1104","test","Pituitary tumor","","Pituitary tumor/enh_1104.png","Pituitary tumor__enh_1711","train","Pituitary tumor","","Pituitary tumor/enh_1711.png","8","0.999876","0.882353","flip_h","True","0.999509747","0.887234","1.236479","46.287067","168260","0.911290323","110","True"
"2927","3539","Pituitary tumor__enh_1106","test","Pituitary tumor","","Pituitary tumor/enh_1106.png","Pituitary tumor__enh_1718","train","Pituitary tumor","","Pituitary tumor/enh_1718.png","4","0.999922","0.912281","flip_h","True","0.999674254","0.838329","1.223506","46.378680","156209","0.93739658","227","True"
"2930","3544","Pituitary tumor__enh_1109","test","Pituitary tumor","","Pituitary tumor/enh_1109.png","Pituitary tumor__enh_1723","train","Pituitary tumor","","Pituitary tumor/enh_1723.png","6","0.999905","0.846154","flip_h","True","0.999623273","0.819977","1.191957","46.605593","155305","0.879851301","808","False"
"2931","3549","Pituitary tumor__enh_1110","test","Pituitary tumor","","Pituitary tumor/enh_1110.png","Pituitary tumor__enh_1728","train","Pituitary tumor","","Pituitary tumor/enh_1728.png","1","0.999895","0.828571","flip_h","True","0.999571847","0.830734","1.209749","46.476896","156203","0.808999521","399","False"
"2932","3553","Pituitary tumor__enh_1111","test","Pituitary tumor","","Pituitary tumor/enh_1111.png","Pituitary tumor__enh_1732","val","Pituitary tumor","","Pituitary tumor/enh_1732.png","12","0.999897","0.893333","flip_h","False","0.99957609","0.833244","1.204459","46.514962","157504","0.860942408","664","False"
"2934","3559","Pituitary tumor__enh_1113","test","Pituitary tumor","","Pituitary tumor/enh_1113.png","Pituitary tumor__enh_1738","train","Pituitary tumor","","Pituitary tumor/enh_1738.png","10","0.999891","0.928571","flip_h","False","0.99958162","0.879398","1.224111","46.374389","168147","0.882837693","327","False"
"2937","3461","Pituitary tumor__enh_1116","test","Pituitary tumor","","Pituitary tumor/enh_1116.png","Pituitary tumor__enh_1640","train","Pituitary tumor","","Pituitary tumor/enh_1640.png","9","0.999907","0.648148","flip_h","False","0.999620413","0.835411","1.213779","46.448013","156696","0.6424972","1277","False"
"2938","3463","Pituitary tumor__enh_1117","test","Pituitary tumor","","Pituitary tumor/enh_1117.png","Pituitary tumor__enh_1642","train","Pituitary tumor","","Pituitary tumor/enh_1642.png","12","0.99994","0.944444","flip_h","False","0.999760282","0.814484","1.185565","46.652299","155355","0.923639318","94","True"
"2939","3467","Pituitary tumor__enh_1118","test","Pituitary tumor","","Pituitary tumor/enh_1118.png","Pituitary tumor__enh_1646","train","Pituitary tumor","","Pituitary tumor/enh_1646.png","6","0.999925","0.481481","flip_h","True","0.999729072","0.768063","1.129391","47.073917","150251","0.498729352","789","False"
"2940","3471","Pituitary tumor__enh_1119","test","Pituitary tumor","","Pituitary tumor/enh_1119.png","Pituitary tumor__enh_1650","train","Pituitary tumor","","Pituitary tumor/enh_1650.png","9","0.99994","0.943262","flip_h","False","0.999771522","0.796555","1.172903","46.745560","152257","0.955275874","398","True"
"2941","3591","Pituitary tumor__enh_1120","test","Pituitary tumor","","Pituitary tumor/enh_1120.png","Pituitary tumor__enh_1770","train","Pituitary tumor","","Pituitary tumor/enh_1770.png","12","0.999923","0.588235","flip_h","False","0.999689498","0.868309","1.217479","46.421577","166059","0.624309392","1156","False"
"2942","3474","Pituitary tumor__enh_1121","test","Pituitary tumor","","Pituitary tumor/enh_1121.png","Pituitary tumor__enh_1653","train","Pituitary tumor","","Pituitary tumor/enh_1653.png","11","0.999883","0.895833","flip_h","False","0.999572659","0.835785","1.173251","46.742984","163539","0.91883221","253","True"
"2944","3488","Pituitary tumor__enh_1123","test","Pituitary tumor","","Pituitary tumor/enh_1123.png","Pituitary tumor__enh_1667","train","Pituitary tumor","","Pituitary tumor/enh_1667.png","11","0.999922","0.917808","flip_h","False","0.999688666","0.830574","1.207723","46.491456","156721","0.935215583","296","True"
"2945","3594","Pituitary tumor__enh_1124","test","Pituitary tumor","","Pituitary tumor/enh_1124.png","Pituitary tumor__enh_1773","train","Pituitary tumor","","Pituitary tumor/enh_1773.png","7","0.999895","0.8","flip_h","True","0.999598386","0.837311","1.184","46.663771","161898","0.764264264","471","False"
"2947","3601","Pituitary tumor__enh_1126","test","Pituitary tumor","","Pituitary tumor/enh_1126.png","Pituitary tumor__enh_1780","train","Pituitary tumor","","Pituitary tumor/enh_1780.png","3","0.99993","0.75","flip_h","True","0.999824706","1.012215","1.202123","46.531828","216633","0.834269663","236","False"
"2949","3606","Pituitary tumor__enh_1128","test","Pituitary tumor","","Pituitary tumor/enh_1128.png","Pituitary tumor__enh_1785","train","Pituitary tumor","","Pituitary tumor/enh_1785.png","5","0.999908","0.851351","flip_h","True","0.999640019","0.818371","1.192931","46.598497","155234","0.84168252","749","False"
"2950","3608","Pituitary tumor__enh_1129","test","Pituitary tumor","","Pituitary tumor/enh_1129.png","Pituitary tumor__enh_1787","train","Pituitary tumor","","Pituitary tumor/enh_1787.png","5","0.999903","0.830189","flip_h","True","0.99962697","0.872524","1.221419","46.393513","166744","0.846016647","518","False"
"2951","4294","Pituitary tumor__enh_1130","test","Pituitary tumor","","Pituitary tumor/enh_1130.png","Pituitary tumor__enh_2473","train","Pituitary tumor","","Pituitary tumor/enh_2473.png","1","0.99991","0.727273","flip_h","True","0.999704955","0.820404","1.1529","46.894973","162690","0.846846847","204","False"
"2952","4297","Pituitary tumor__enh_1131","test","Pituitary tumor","","Pituitary tumor/enh_1131.png","Pituitary tumor__enh_2476","val","Pituitary tumor","","Pituitary tumor/enh_2476.png","5","0.99988","1","flip_h","True","0.999633236","0.803757","1.120304","47.144085","162880","0.91345617","155","True"
"2953","4299","Pituitary tumor__enh_1132","test","Pituitary tumor","","Pituitary tumor/enh_1132.png","Pituitary tumor__enh_2478","train","Pituitary tumor","","Pituitary tumor/enh_2478.png","5","0.999896","0.933333","flip_h","True","0.999675475","0.811752","1.143908","46.962983","161844","0.935230618","132","True"
"2955","2984","Pituitary tumor__enh_1134","test","Pituitary tumor","","Pituitary tumor/enh_1134.png","Pituitary tumor__enh_1163","test","Pituitary tumor","","Pituitary tumor/enh_1163.png","11","0.999875","0.857143","flip_h","False","0.999577657","0.871059","1.223497","46.378747","166529","0.911401598","122","True"
"2956","2985","Pituitary tumor__enh_1135","test","Pituitary tumor","","Pituitary tumor/enh_1135.png","Pituitary tumor__enh_1164","test","Pituitary tumor","","Pituitary tumor/enh_1164.png","7","0.999907","0.896552","flip_h","True","0.999708899","0.795486","1.126108","47.099201","159802","0.931146652","254","True"
"2957","4220","Pituitary tumor__enh_1136","test","Pituitary tumor","","Pituitary tumor/enh_1136.png","Pituitary tumor__enh_2399","train","Pituitary tumor","","Pituitary tumor/enh_2399.png","5","0.999844","0.866667","flip_h","True","0.999478696","0.863407","1.214927","46.439800","165179","0.863378099","529","False"
"2958","4224","Pituitary tumor__enh_1137","test","Pituitary tumor","","Pituitary tumor/enh_1137.png","Pituitary tumor__enh_2403","train","Pituitary tumor","","Pituitary tumor/enh_2403.png","3","0.999869","0.890244","flip_h","True","0.999546258","0.886494","1.234256","46.302699","169069","0.951427439","245","True"
"2959","4142","Pituitary tumor__enh_1138","test","Pituitary tumor","","Pituitary tumor/enh_1138.png","Pituitary tumor__enh_2321","train","Pituitary tumor","","Pituitary tumor/enh_2321.png","8","0.999868","0.894737","flip_h","True","0.999528415","0.897335","1.252407","46.175894","168842","0.909017713","226","True"
"2961","4147","Pituitary tumor__enh_1140","test","Pituitary tumor","","Pituitary tumor/enh_1140.png","Pituitary tumor__enh_2326","train","Pituitary tumor","","Pituitary tumor/enh_2326.png","8","0.999908","0.928571","flip_h","True","0.999691257","0.817871","1.152923","46.894798","162212","0.964964592","188","True"
"2963","4154","Pituitary tumor__enh_1142","test","Pituitary tumor","","Pituitary tumor/enh_1142.png","Pituitary tumor__enh_2333","train","Pituitary tumor","","Pituitary tumor/enh_2333.png","6","0.999858","0.885714","flip_h","True","0.99951453","0.872055","1.216403","46.429251","168045","0.888484297","245","False"
"2965","4158","Pituitary tumor__enh_1144","test","Pituitary tumor","","Pituitary tumor/enh_1144.png","Pituitary tumor__enh_2337","train","Pituitary tumor","","Pituitary tumor/enh_2337.png","7","0.999893","0.526316","flip_h","True","0.999615296","0.866081","1.21782","46.419141","165157","0.530541012","538","False"
"2966","4162","Pituitary tumor__enh_1145","test","Pituitary tumor","","Pituitary tumor/enh_1145.png","Pituitary tumor__enh_2341","val","Pituitary tumor","","Pituitary tumor/enh_2341.png","7","0.999815","1","flip_h","True","0.999426278","0.932468","1.307423","45.802482","168901","0.885714286","128","False"
"2967","4166","Pituitary tumor__enh_1146","test","Pituitary tumor","","Pituitary tumor/enh_1146.png","Pituitary tumor__enh_2345","train","Pituitary tumor","","Pituitary tumor/enh_2345.png","5","0.999907","0.807018","flip_h","True","0.999712418","0.824921","1.14861","46.927350","164684","0.768315261","876","False"
"2968","4170","Pituitary tumor__enh_1147","test","Pituitary tumor","","Pituitary tumor/enh_1147.png","Pituitary tumor__enh_2349","train","Pituitary tumor","","Pituitary tumor/enh_2349.png","7","0.999914","0.595745","flip_h","True","0.999725863","0.79652","1.13494","47.031342","158961","0.595647596","1152","False"
"2970","4176","Pituitary tumor__enh_1149","test","Pituitary tumor","","Pituitary tumor/enh_1149.png","Pituitary tumor__enh_2355","val","Pituitary tumor","","Pituitary tumor/enh_2355.png","6","0.999792","0.911111","flip_h","True","0.999362252","0.862148","1.208442","46.486291","165841","0.913402062","252","True"
"2971","4179","Pituitary tumor__enh_1150","test","Pituitary tumor","","Pituitary tumor/enh_1150.png","Pituitary tumor__enh_2358","val","Pituitary tumor","","Pituitary tumor/enh_2358.png","5","0.999867","0.894737","flip_h","True","0.99956539","0.807487","1.133355","47.043488","161752","0.833081571","221","False"
"2972","4183","Pituitary tumor__enh_1151","test","Pituitary tumor","","Pituitary tumor/enh_1151.png","Pituitary tumor__enh_2362","train","Pituitary tumor","","Pituitary tumor/enh_2362.png","4","0.99991","0.9","flip_h","True","0.999695716","0.818424","1.146128","46.946139","163360","0.884678748","70","False"
"2975","4187","Pituitary tumor__enh_1154","test","Pituitary tumor","","Pituitary tumor/enh_1154.png","Pituitary tumor__enh_2366","train","Pituitary tumor","","Pituitary tumor/enh_2366.png","6","0.99987","1","flip_h","True","0.999543696","0.87648","1.21951","46.407094","168819","0.926132837","119","True"
"2976","4191","Pituitary tumor__enh_1155","test","Pituitary tumor","","Pituitary tumor/enh_1155.png","Pituitary tumor__enh_2370","val","Pituitary tumor","","Pituitary tumor/enh_2370.png","7","0.999867","0.724138","flip_h","True","0.99953985","0.895695","1.240889","46.256143","171104","0.655605832","685","False"
"2977","4195","Pituitary tumor__enh_1156","test","Pituitary tumor","","Pituitary tumor/enh_1156.png","Pituitary tumor__enh_2374","train","Pituitary tumor","","Pituitary tumor/enh_2374.png","6","0.999902","0.83871","flip_h","True","0.999632905","0.871391","1.22172","46.391371","166812","0.803229062","390","False"
"2978","4199","Pituitary tumor__enh_1157","test","Pituitary tumor","","Pituitary tumor/enh_1157.png","Pituitary tumor__enh_2378","train","Pituitary tumor","","Pituitary tumor/enh_2378.png","10","0.99989","0.888889","flip_h","False","0.999625319","0.826229","1.168189","46.780540","162146","0.880592593","403","False"
"2979","4203","Pituitary tumor__enh_1158","test","Pituitary tumor","","Pituitary tumor/enh_1158.png","Pituitary tumor__enh_2382","train","Pituitary tumor","","Pituitary tumor/enh_2382.png","5","0.999863","0.928571","flip_h","True","0.999517864","0.88028","1.231148","46.324602","167822","0.877906977","231","False"
"2980","4205","Pituitary tumor__enh_1159","test","Pituitary tumor","","Pituitary tumor/enh_1159.png","Pituitary tumor__enh_2384","train","Pituitary tumor","","Pituitary tumor/enh_2384.png","4","0.99991","0.875","flip_h","True","0.999680326","0.848137","1.186546","46.645115","165702","0.855932203","221","False"
"2982","4209","Pituitary tumor__enh_1161","test","Pituitary tumor","","Pituitary tumor/enh_1161.png","Pituitary tumor__enh_2388","train","Pituitary tumor","","Pituitary tumor/enh_2388.png","8","0.999897","1","flip_h","True","0.999683874","0.807709","1.138409","47.004838","161525","0.930781759","85","True"
"2987","4068","Pituitary tumor__enh_1166","test","Pituitary tumor","","Pituitary tumor/enh_1166.png","Pituitary tumor__enh_2247","train","Pituitary tumor","","Pituitary tumor/enh_2247.png","5","0.99986","0.945946","flip_h","True","0.999529051","0.869114","1.213582","46.449419","166767","0.915027208","203","True"
"2988","4072","Pituitary tumor__enh_1167","test","Pituitary tumor","","Pituitary tumor/enh_1167.png","Pituitary tumor__enh_2251","train","Pituitary tumor","","Pituitary tumor/enh_2251.png","5","0.999888","0.5","flip_h","True","0.999601021","0.841167","1.188709","46.629294","163489","0.554768846","1069","False"
"2989","4076","Pituitary tumor__enh_1168","test","Pituitary tumor","","Pituitary tumor/enh_1168.png","Pituitary tumor__enh_2255","train","Pituitary tumor","","Pituitary tumor/enh_2255.png","1","0.999876","0.891892","flip_h","True","0.999580798","0.83625","1.177904","46.708603","163387","0.940346084","131","True"
"2990","4080","Pituitary tumor__enh_1169","test","Pituitary tumor","","Pituitary tumor/enh_1169.png","Pituitary tumor__enh_2259","train","Pituitary tumor","","Pituitary tumor/enh_2259.png","8","0.999939","0.785714","flip_h","True","0.999779388","0.843555","1.166899","46.790141","167522","0.871410737","103","False"
"2991","4084","Pituitary tumor__enh_1170","test","Pituitary tumor","","Pituitary tumor/enh_1170.png","Pituitary tumor__enh_2263","train","Pituitary tumor","","Pituitary tumor/enh_2263.png","9","0.999868","0.923077","flip_h","False","0.999529908","0.888714","1.240972","46.255562","168288","0.79825518","185","False"
"2992","4088","Pituitary tumor__enh_1171","test","Pituitary tumor","","Pituitary tumor/enh_1171.png","Pituitary tumor__enh_2267","train","Pituitary tumor","","Pituitary tumor/enh_2267.png","12","0.999904","0.714286","flip_h","False","0.999643107","0.888981","1.233802","46.305897","170015","0.787810384","188","False"
"2993","4092","Pituitary tumor__enh_1172","test","Pituitary tumor","","Pituitary tumor/enh_1172.png","Pituitary tumor__enh_2271","train","Pituitary tumor","","Pituitary tumor/enh_2271.png","9","0.999814","0.6875","flip_h","False","0.999365562","0.833649","1.18261","46.673970","162686","0.763374486","230","False"
"2994","4096","Pituitary tumor__enh_1173","test","Pituitary tumor","","Pituitary tumor/enh_1173.png","Pituitary tumor__enh_2275","train","Pituitary tumor","","Pituitary tumor/enh_2275.png","6","0.999866","0.956522","flip_h","True","0.999503976","0.868793","1.23039","46.329950","164661","0.912374582","131","True"
"2995","4100","Pituitary tumor__enh_1174","test","Pituitary tumor","","Pituitary tumor/enh_1174.png","Pituitary tumor__enh_2279","val","Pituitary tumor","","Pituitary tumor/enh_2279.png","3","0.999842","0.84","flip_h","True","0.999471704","0.871323","1.213081","46.453008","167935","0.892466194","167","False"
"2996","4102","Pituitary tumor__enh_1175","test","Pituitary tumor","","Pituitary tumor/enh_1175.png","Pituitary tumor__enh_2281","train","Pituitary tumor","","Pituitary tumor/enh_2281.png","4","0.999915","0.619048","flip_h","True","0.999656613","0.887058","1.244355","46.231916","167933","0.602316602","515","False"
"2997","4106","Pituitary tumor__enh_1176","test","Pituitary tumor","","Pituitary tumor/enh_1176.png","Pituitary tumor__enh_2285","train","Pituitary tumor","","Pituitary tumor/enh_2285.png","4","0.999895","0.924528","flip_h","True","0.999606715","0.905132","1.254203","46.163448","170805","0.891380315","373","False"
"2998","4110","Pituitary tumor__enh_1177","test","Pituitary tumor","","Pituitary tumor/enh_1177.png","Pituitary tumor__enh_2289","train","Pituitary tumor","","Pituitary tumor/enh_2289.png","4","0.999839","0.593407","flip_h","True","0.999529304","0.800053","1.131696","47.056211","160377","0.593232044","2356","False"
"2999","4114","Pituitary tumor__enh_1178","test","Pituitary tumor","","Pituitary tumor/enh_1178.png","Pituitary tumor__enh_2293","train","Pituitary tumor","","Pituitary tumor/enh_2293.png","5","0.999877","0.888889","flip_h","True","0.999629169","0.824493","1.160781","46.835799","162635","0.920451258","275","True"
"3001","4121","Pituitary tumor__enh_1180","test","Pituitary tumor","","Pituitary tumor/enh_1180.png","Pituitary tumor__enh_2300","train","Pituitary tumor","","Pituitary tumor/enh_2300.png","9","0.999901","0.965517","flip_h","False","0.999693681","0.799938","1.126611","47.095322","161337","0.945732052","96","True"
"3002","4125","Pituitary tumor__enh_1181","test","Pituitary tumor","","Pituitary tumor/enh_1181.png","Pituitary tumor__enh_2304","train","Pituitary tumor","","Pituitary tumor/enh_2304.png","3","0.999867","0.857143","flip_h","True","0.999536999","0.882423","1.236268","46.288551","167641","0.918994413","116","True"
"3003","4128","Pituitary tumor__enh_1182","test","Pituitary tumor","","Pituitary tumor/enh_1182.png","Pituitary tumor__enh_2307","train","Pituitary tumor","","Pituitary tumor/enh_2307.png","10","0.999915","0.941176","flip_h","False","0.999718035","0.825245","1.164474","46.808210","162627","0.936413541","139","True"
"3004","4132","Pituitary tumor__enh_1183","test","Pituitary tumor","","Pituitary tumor/enh_1183.png","Pituitary tumor__enh_2311","train","Pituitary tumor","","Pituitary tumor/enh_2311.png","5","0.99989","0.630769","flip_h","True","0.999605702","0.864471","1.22557","46.364041","163774","0.59587233","1684","False"
"3005","4136","Pituitary tumor__enh_1184","test","Pituitary tumor","","Pituitary tumor/enh_1184.png","Pituitary tumor__enh_2315","train","Pituitary tumor","","Pituitary tumor/enh_2315.png","6","0.999906","0.8","flip_h","True","0.999676255","0.875488","1.218218","46.416305","168584","0.859515111","423","False"
"3006","4138","Pituitary tumor__enh_1185","test","Pituitary tumor","","Pituitary tumor/enh_1185.png","Pituitary tumor__enh_2317","train","Pituitary tumor","","Pituitary tumor/enh_2317.png","4","0.999894","0.58209","flip_h","True","0.999593616","0.879627","1.231533","46.321881","167244","0.673145295","1379","False"
"3007","3971","Pituitary tumor__enh_1186","test","Pituitary tumor","","Pituitary tumor/enh_1186.png","Pituitary tumor__enh_2150","val","Pituitary tumor","","Pituitary tumor/enh_2150.png","12","0.999909","0.809524","flip_h","False","0.999716554","0.792961","1.116289","47.175270","160478","0.819940476","242","False"
"3009","3978","Pituitary tumor__enh_1188","test","Pituitary tumor","","Pituitary tumor/enh_1188.png","Pituitary tumor__enh_2157","train","Pituitary tumor","","Pituitary tumor/enh_2157.png","6","0.999918","0.945813","flip_h","True","0.999725485","0.80637","1.136392","47.020244","161264","0.956541769","566","True"
"3011","3985","Pituitary tumor__enh_1190","test","Pituitary tumor","","Pituitary tumor/enh_1190.png","Pituitary tumor__enh_2164","train","Pituitary tumor","","Pituitary tumor/enh_2164.png","4","0.999861","0.959459","flip_h","True","0.999502033","0.898472","1.247157","46.212380","170211","0.936695724","305","True"
"3012","3989","Pituitary tumor__enh_1191","test","Pituitary tumor","","Pituitary tumor/enh_1191.png","Pituitary tumor__enh_2168","train","Pituitary tumor","","Pituitary tumor/enh_2168.png","11","0.999894","0.235294","flip_h","False","0.999622517","0.88448","1.231264","46.323782","168820","0.302262443","771","False"
"3013","3993","Pituitary tumor__enh_1192","test","Pituitary tumor","","Pituitary tumor/enh_1192.png","Pituitary tumor__enh_2172","train","Pituitary tumor","","Pituitary tumor/enh_2172.png","9","0.999887","0.961538","flip_h","False","0.999591188","0.868343","1.215153","46.438184","166061","0.923778851","142","True"
"3014","3997","Pituitary tumor__enh_1193","test","Pituitary tumor","","Pituitary tumor/enh_1193.png","Pituitary tumor__enh_2176","train","Pituitary tumor","","Pituitary tumor/enh_2176.png","7","0.999846","0.833333","flip_h","True","0.999562296","0.811024","1.137314","47.013194","162215","0.887149918","137","False"
"3015","4001","Pituitary tumor__enh_1194","test","Pituitary tumor","","Pituitary tumor/enh_1194.png","Pituitary tumor__enh_2180","val","Pituitary tumor","","Pituitary tumor/enh_2180.png","6","0.999864","0.916667","flip_h","True","0.999602288","0.791985","1.130163","47.067985","157448","0.835784314","134","False"
"3016","4005","Pituitary tumor__enh_1195","test","Pituitary tumor","","Pituitary tumor/enh_1195.png","Pituitary tumor__enh_2184","val","Pituitary tumor","","Pituitary tumor/enh_2184.png","7","0.99992","0.888889","flip_h","True","0.99973756","0.805702","1.133065","47.045707","162056","0.877408056","70","False"
"3017","4008","Pituitary tumor__enh_1196","test","Pituitary tumor","","Pituitary tumor/enh_1196.png","Pituitary tumor__enh_2187","train","Pituitary tumor","","Pituitary tumor/enh_2187.png","7","0.999881","1","flip_h","True","0.999530192","0.895859","1.255812","46.152309","168473","0.900826446","72","True"
"3018","4012","Pituitary tumor__enh_1197","test","Pituitary tumor","","Pituitary tumor/enh_1197.png","Pituitary tumor__enh_2191","val","Pituitary tumor","","Pituitary tumor/enh_2191.png","4","0.999879","0.625","flip_h","True","0.999533207","0.880096","1.231346","46.323203","167175","0.848543689","78","False"
"3019","4016","Pituitary tumor__enh_1198","test","Pituitary tumor","","Pituitary tumor/enh_1198.png","Pituitary tumor__enh_2195","train","Pituitary tumor","","Pituitary tumor/enh_2195.png","6","0.999892","0.909091","flip_h","True","0.999650812","0.798996","1.130595","47.064666","160117","0.916787265","345","True"
"3023","4025","Pituitary tumor__enh_1202","test","Pituitary tumor","","Pituitary tumor/enh_1202.png","Pituitary tumor__enh_2204","train","Pituitary tumor","","Pituitary tumor/enh_2204.png","9","0.999907","0.791667","flip_h","False","0.999663511","0.831753","1.180164","46.691954","161384","0.84807418","213","False"
"3024","4028","Pituitary tumor__enh_1203","test","Pituitary tumor","","Pituitary tumor/enh_1203.png","Pituitary tumor__enh_2207","train","Pituitary tumor","","Pituitary tumor/enh_2207.png","9","0.999935","0.7","flip_h","False","0.999773853","0.811501","1.14873","46.926446","160736","0.88028169","68","False"
"3025","4032","Pituitary tumor__enh_1204","test","Pituitary tumor","","Pituitary tumor/enh_1204.png","Pituitary tumor__enh_2211","val","Pituitary tumor","","Pituitary tumor/enh_2211.png","8","0.999913","0.928571","flip_h","True","0.999712033","0.812065","1.140715","46.987258","162929","0.918072289","68","True"
"3026","4036","Pituitary tumor__enh_1205","test","Pituitary tumor","","Pituitary tumor/enh_1205.png","Pituitary tumor__enh_2215","train","Pituitary tumor","","Pituitary tumor/enh_2215.png","5","0.99976","0.923077","flip_h","True","0.999220579","0.853371","1.194291","46.588602","165737","0.897029703","260","False"
"3027","4040","Pituitary tumor__enh_1206","test","Pituitary tumor","","Pituitary tumor/enh_1206.png","Pituitary tumor__enh_2219","val","Pituitary tumor","","Pituitary tumor/enh_2219.png","6","0.999854","0.714286","flip_h","True","0.999457859","0.904118","1.256494","46.147595","170122","0.825966851","126","False"
"3028","4042","Pituitary tumor__enh_1207","test","Pituitary tumor","","Pituitary tumor/enh_1207.png","Pituitary tumor__enh_2221","val","Pituitary tumor","","Pituitary tumor/enh_2221.png","6","0.999864","0.666667","flip_h","True","0.999511515","0.870438","1.219354","46.408208","166148","0.792763158","63","False"
"3029","4045","Pituitary tumor__enh_1208","test","Pituitary tumor","","Pituitary tumor/enh_1208.png","Pituitary tumor__enh_2224","train","Pituitary tumor","","Pituitary tumor/enh_2224.png","10","0.999924","0.941176","flip_h","False","0.999744783","0.819592","1.151312","46.906942","162617","0.915978774","285","True"
"3030","4048","Pituitary tumor__enh_1209","test","Pituitary tumor","","Pituitary tumor/enh_1209.png","Pituitary tumor__enh_2227","val","Pituitary tumor","","Pituitary tumor/enh_2227.png","11","0.999935","0.823529","flip_h","False","0.99978782","0.784843","1.121839","47.132195","157179","0.845106383","182","False"
"3031","4052","Pituitary tumor__enh_1210","test","Pituitary tumor","","Pituitary tumor/enh_1210.png","Pituitary tumor__enh_2231","train","Pituitary tumor","","Pituitary tumor/enh_2231.png","12","0.999931","0.944444","flip_h","False","0.999774576","0.802578","1.133662","47.041128","161171","0.897251586","243","False"
"3032","4056","Pituitary tumor__enh_1211","test","Pituitary tumor","","Pituitary tumor/enh_1211.png","Pituitary tumor__enh_2235","val","Pituitary tumor","","Pituitary tumor/enh_2235.png","8","0.999918","0.416667","flip_h","True","0.999738122","0.799431","1.120124","47.145485","162206","0.406643018","1840","False"
"3033","4060","Pituitary tumor__enh_1212","test","Pituitary tumor","","Pituitary tumor/enh_1212.png","Pituitary tumor__enh_2239","train","Pituitary tumor","","Pituitary tumor/enh_2239.png","10","0.999926","0.95","flip_h","False","0.999757037","0.81654","1.142728","46.971944","163627","0.94375581","363","True"
"3034","4064","Pituitary tumor__enh_1213","test","Pituitary tumor","","Pituitary tumor/enh_1213.png","Pituitary tumor__enh_2243","train","Pituitary tumor","","Pituitary tumor/enh_2243.png","3","0.99993","0.884058","flip_h","True","0.999766868","0.805813","1.135004","47.030854","161779","0.878478002","511","False"
"3035","3958","Pituitary tumor__enh_1214","test","Pituitary tumor","","Pituitary tumor/enh_1214.png","Pituitary tumor__enh_2137","val","Pituitary tumor","","Pituitary tumor/enh_2137.png","6","0.999876","0.954545","flip_h","True","0.999556435","0.88649","1.234872","46.298362","168969","0.937530384","257","True"
"3036","3962","Pituitary tumor__enh_1215","test","Pituitary tumor","","Pituitary tumor/enh_1215.png","Pituitary tumor__enh_2141","train","Pituitary tumor","","Pituitary tumor/enh_2141.png","4","0.999931","0.888889","flip_h","True","0.999752477","0.83849","1.179641","46.695809","163847","0.936175778","244","True"
"3037","4532","Pituitary tumor__enh_1216","train","Pituitary tumor","","Pituitary tumor/enh_1216.png","Pituitary tumor__enh_989","test","Pituitary tumor","","Pituitary tumor/enh_989.png","11","0.999943","0.882353","flip_h","False","0.999785003","0.652809","1.08374","47.432303","122613","0.874777975","141","False"
"3046","3313","Pituitary tumor__enh_1225","train","Pituitary tumor","","Pituitary tumor/enh_1225.png","Pituitary tumor__enh_1492","val","Pituitary tumor","","Pituitary tumor/enh_1492.png","9","0.999922","0.954545","flip_h","False","0.999720816","0.792702","1.167299","46.787161","151700","0.937138728","87","True"
"3047","3314","Pituitary tumor__enh_1226","train","Pituitary tumor","","Pituitary tumor/enh_1226.png","Pituitary tumor__enh_1493","val","Pituitary tumor","","Pituitary tumor/enh_1493.png","12","0.999919","0.95","flip_h","False","0.999717146","0.802429","1.167126","46.788450","154535","0.923622047","97","True"
"3049","3249","Pituitary tumor__enh_1228","train","Pituitary tumor","","Pituitary tumor/enh_1228.png","Pituitary tumor__enh_1428","train","Pituitary tumor","","Pituitary tumor/enh_1428.png","9","0.999913","0.769231","flip_h","False","0.999687794","0.812023","1.169064","46.774038","157338","0.788697789","344","False"
"3050","4515","Pituitary tumor__enh_1229","train","Pituitary tumor","","Pituitary tumor/enh_1229.png","Pituitary tumor__enh_972","test","Pituitary tumor","","Pituitary tumor/enh_972.png","12","0.999891","0.947368","flip_h","False","0.99964218","0.771221","1.12907","47.076385","151215","0.867306155","166","False"
"3051","3301","Pituitary tumor__enh_1230","train","Pituitary tumor","","Pituitary tumor/enh_1230.png","Pituitary tumor__enh_1480","train","Pituitary tumor","","Pituitary tumor/enh_1480.png","5","0.999924","0.795455","flip_h","True","0.999671782","0.710827","1.152978","46.894387","129023","0.794139194","562","False"
"3052","3250","Pituitary tumor__enh_1231","train","Pituitary tumor","","Pituitary tumor/enh_1231.png","Pituitary tumor__enh_1429","train","Pituitary tumor","","Pituitary tumor/enh_1429.png","7","0.999941","0.945946","flip_h","True","0.999808442","0.6049","0.998647","48.142566","119932","0.922822947","187","True"
"3053","3251","Pituitary tumor__enh_1232","train","Pituitary tumor","","Pituitary tumor/enh_1232.png","Pituitary tumor__enh_1430","train","Pituitary tumor","","Pituitary tumor/enh_1430.png","4","0.999925","0.960784","flip_h","True","0.999764938","0.578808","0.973834","48.361104","115049","0.967238212","107","True"
"3054","3252","Pituitary tumor__enh_1233","train","Pituitary tumor","","Pituitary tumor/enh_1233.png","Pituitary tumor__enh_1431","train","Pituitary tumor","","Pituitary tumor/enh_1431.png","6","0.99993","0.961538","flip_h","True","0.999791069","0.576122","0.963659","48.452337","116151","0.955921246","150","True"
"3055","4516","Pituitary tumor__enh_1234","train","Pituitary tumor","","Pituitary tumor/enh_1234.png","Pituitary tumor__enh_973","test","Pituitary tumor","","Pituitary tumor/enh_973.png","7","0.999918","0.826087","flip_h","True","0.999721222","0.61261","1.012405","48.023720","120411","0.857579023","793","False"
"3056","3258","Pituitary tumor__enh_1235","train","Pituitary tumor","","Pituitary tumor/enh_1235.png","Pituitary tumor__enh_1437","val","Pituitary tumor","","Pituitary tumor/enh_1437.png","9","0.999894","0.873563","flip_h","False","0.999681638","0.59507","0.979324","48.312274","119379","0.873565312","694","False"
"3057","3259","Pituitary tumor__enh_1236","val","Pituitary tumor","","Pituitary tumor/enh_1236.png","Pituitary tumor__enh_1438","train","Pituitary tumor","","Pituitary tumor/enh_1438.png","8","0.9999","0.818182","flip_h","True","0.999698513","0.599392","0.981657","48.291611","120491","0.826724731","756","False"
"3058","4523","Pituitary tumor__enh_1237","val","Pituitary tumor","","Pituitary tumor/enh_1237.png","Pituitary tumor__enh_980","test","Pituitary tumor","","Pituitary tumor/enh_980.png","7","0.999902","0.931034","flip_h","True","0.999622813","0.823986","1.196309","46.573933","155756","0.910100476","170","True"
"3059","3322","Pituitary tumor__enh_1238","val","Pituitary tumor","","Pituitary tumor/enh_1238.png","Pituitary tumor__enh_1501","train","Pituitary tumor","","Pituitary tumor/enh_1501.png","9","0.999886","0.9","flip_h","False","0.999575547","0.820797","1.195534","46.579563","155085","0.936213161","158","True"
"3060","3330","Pituitary tumor__enh_1239","train","Pituitary tumor","","Pituitary tumor/enh_1239.png","Pituitary tumor__enh_1509","train","Pituitary tumor","","Pituitary tumor/enh_1509.png","8","0.999889","0.75","flip_h","True","0.999575456","0.81617","1.189006","46.627125","155030","0.799537232","953","False"
"3061","3358","Pituitary tumor__enh_1240","train","Pituitary tumor","","Pituitary tumor/enh_1240.png","Pituitary tumor__enh_1537","val","Pituitary tumor","","Pituitary tumor/enh_1537.png","7","0.999936","0.867925","flip_h","True","0.999702154","0.713284","1.171541","46.755652","127252","0.87703222","416","False"
"3062","3302","Pituitary tumor__enh_1241","train","Pituitary tumor","","Pituitary tumor/enh_1241.png","Pituitary tumor__enh_1481","train","Pituitary tumor","","Pituitary tumor/enh_1481.png","5","0.999917","0.321429","flip_h","True","0.999662179","0.700413","1.134184","47.037134","128045","0.327838828","1101","False"
"3063","3366","Pituitary tumor__enh_1242","train","Pituitary tumor","","Pituitary tumor/enh_1242.png","Pituitary tumor__enh_1545","train","Pituitary tumor","","Pituitary tumor/enh_1545.png","5","0.999921","0.753846","flip_h","True","0.999668695","0.706535","1.147899","46.932728","128443","0.804213135","790","False"
"3064","3374","Pituitary tumor__enh_1243","train","Pituitary tumor","","Pituitary tumor/enh_1243.png","Pituitary tumor__enh_1553","train","Pituitary tumor","","Pituitary tumor/enh_1553.png","3","0.999914","0.938776","flip_h","True","0.999644049","0.704502","1.151941","46.902195","127181","0.928832117","234","True"
"3066","3303","Pituitary tumor__enh_1245","train","Pituitary tumor","","Pituitary tumor/enh_1245.png","Pituitary tumor__enh_1482","train","Pituitary tumor","","Pituitary tumor/enh_1482.png","9","0.999915","0.947368","flip_h","False","0.999645874","0.70623","1.141581","46.980668","128808","0.846405229","188","False"
"3067","4533","Pituitary tumor__enh_1246","train","Pituitary tumor","","Pituitary tumor/enh_1246.png","Pituitary tumor__enh_990","test","Pituitary tumor","","Pituitary tumor/enh_990.png","3","0.999935","0.770833","flip_h","True","0.999714339","0.690502","1.129914","47.069892","125924","0.819633943","542","False"
"3068","3247","Pituitary tumor__enh_1247","train","Pituitary tumor","","Pituitary tumor/enh_1247.png","Pituitary tumor__enh_1426","train","Pituitary tumor","","Pituitary tumor/enh_1426.png","12","0.999935","0.947368","flip_h","False","0.999746277","0.827225","1.198169","46.560445","157202","0.903225806","132","True"
"3069","3315","Pituitary tumor__enh_1248","val","Pituitary tumor","","Pituitary tumor/enh_1248.png","Pituitary tumor__enh_1494","train","Pituitary tumor","","Pituitary tumor/enh_1494.png","10","0.999937","0.893617","flip_h","False","0.999767399","0.620144","1.055333","47.663014","117104","0.905755851","298","True"
"3070","4537","Pituitary tumor__enh_1249","train","Pituitary tumor","","Pituitary tumor/enh_1249.png","Pituitary tumor__enh_994","test","Pituitary tumor","","Pituitary tumor/enh_994.png","8","0.999926","0.965517","flip_h","True","0.999730349","0.577465","1.01832","47.973117","108701","0.937203166","238","True"
"3071","3316","Pituitary tumor__enh_1250","train","Pituitary tumor","","Pituitary tumor/enh_1250.png","Pituitary tumor__enh_1495","train","Pituitary tumor","","Pituitary tumor/enh_1495.png","12","0.999904","0.953488","flip_h","False","0.99968437","0.587971","1.00436","48.093013","114072","0.956868431","119","True"
"3072","3317","Pituitary tumor__enh_1251","train","Pituitary tumor","","Pituitary tumor/enh_1251.png","Pituitary tumor__enh_1496","val","Pituitary tumor","","Pituitary tumor/enh_1496.png","8","0.99992","0.923077","flip_h","True","0.999728259","0.543747","0.965729","48.433698","105056","0.854462763","256","False"
"3074","4538","Pituitary tumor__enh_1253","train","Pituitary tumor","","Pituitary tumor/enh_1253.png","Pituitary tumor__enh_995","test","Pituitary tumor","","Pituitary tumor/enh_995.png","12","0.999925","0.826087","flip_h","False","0.999734366","0.771606","1.136527","47.019205","149717","0.751985339","406","False"
"3078","3457","Pituitary tumor__enh_1257","val","Pituitary tumor","","Pituitary tumor/enh_1257.png","Pituitary tumor__enh_1636","train","Pituitary tumor","","Pituitary tumor/enh_1636.png","9","0.999937","0.731707","flip_h","False","0.999780058","0.592384","1.003116","48.103784","115108","0.769094139","650","False"
"3079","3458","Pituitary tumor__enh_1258","train","Pituitary tumor","","Pituitary tumor/enh_1258.png","Pituitary tumor__enh_1637","train","Pituitary tumor","","Pituitary tumor/enh_1637.png","9","0.999938","0.861111","flip_h","False","0.999779489","0.590595","1.008057","48.061105","114728","0.836379848","367","False"
"3081","3459","Pituitary tumor__enh_1260","train","Pituitary tumor","","Pituitary tumor/enh_1260.png","Pituitary tumor__enh_1638","train","Pituitary tumor","","Pituitary tumor/enh_1638.png","8","0.999931","0.522727","flip_h","True","0.999760603","0.618359","1.025353","47.913332","119578","0.559443056","1234","False"
"3082","3242","Pituitary tumor__enh_1261","train","Pituitary tumor","","Pituitary tumor/enh_1261.png","Pituitary tumor__enh_1421","train","Pituitary tumor","","Pituitary tumor/enh_1421.png","7","0.999934","0.878788","flip_h","True","0.999774081","0.623096","1.029478","47.878458","120367","0.893467337","212","False"
"3083","3243","Pituitary tumor__enh_1262","train","Pituitary tumor","","Pituitary tumor/enh_1262.png","Pituitary tumor__enh_1422","val","Pituitary tumor","","Pituitary tumor/enh_1422.png","10","0.999937","1","flip_h","False","0.99977644","0.621925","1.035808","47.825216","119674","0.912273476","213","True"
"3084","4513","Pituitary tumor__enh_1263","train","Pituitary tumor","","Pituitary tumor/enh_1263.png","Pituitary tumor__enh_970","test","Pituitary tumor","","Pituitary tumor/enh_970.png","2","0.99994","0.8","flip_h","True","0.999794284","0.600117","0.998009","48.148117","117883","0.874380165","228","False"
"3085","3244","Pituitary tumor__enh_1264","train","Pituitary tumor","","Pituitary tumor/enh_1264.png","Pituitary tumor__enh_1423","train","Pituitary tumor","","Pituitary tumor/enh_1423.png","3","0.999924","0.772727","flip_h","True","0.999708861","0.653988","1.074742","47.504716","123199","0.888888889","152","False"
"3086","3246","Pituitary tumor__enh_1265","val","Pituitary tumor","","Pituitary tumor/enh_1265.png","Pituitary tumor__enh_1425","train","Pituitary tumor","","Pituitary tumor/enh_1425.png","3","0.999936","0.25","flip_h","True","0.999725874","0.668991","1.097684","47.321257","123695","0.240955392","2161","False"
"3089","3253","Pituitary tumor__enh_1268","train","Pituitary tumor","","Pituitary tumor/enh_1268.png","Pituitary tumor__enh_1432","train","Pituitary tumor","","Pituitary tumor/enh_1432.png","8","0.999921","0.958333","flip_h","True","0.999682528","0.825504","1.194944","46.583854","156667","0.823777912","292","False"
"3090","3254","Pituitary tumor__enh_1269","train","Pituitary tumor","","Pituitary tumor/enh_1269.png","Pituitary tumor__enh_1433","train","Pituitary tumor","","Pituitary tumor/enh_1433.png","9","0.999908","0.74359","flip_h","False","0.999641711","0.829597","1.196394","46.573320","157692","0.844621514","351","False"
"3091","3320","Pituitary tumor__enh_1270","train","Pituitary tumor","","Pituitary tumor/enh_1270.png","Pituitary tumor__enh_1499","train","Pituitary tumor","","Pituitary tumor/enh_1499.png","7","0.999906","0.894737","flip_h","True","0.999637601","0.677223","1.102248","47.285218","125793","0.86676876","174","False"
"3092","4539","Pituitary tumor__enh_1271","train","Pituitary tumor","","Pituitary tumor/enh_1271.png","Pituitary tumor__enh_996","test","Pituitary tumor","","Pituitary tumor/enh_996.png","8","0.99995","0.416667","flip_h","True","0.999813896","0.631012","1.050178","47.705542","120218","0.44239338","876","False"
"3093","3306","Pituitary tumor__enh_1272","val","Pituitary tumor","","Pituitary tumor/enh_1272.png","Pituitary tumor__enh_1485","train","Pituitary tumor","","Pituitary tumor/enh_1485.png","10","0.999934","0.732394","flip_h","False","0.999747261","0.818058","1.185232","46.654740","156507","0.715770847","1285","False"
"3094","3321","Pituitary tumor__enh_1273","train","Pituitary tumor","","Pituitary tumor/enh_1273.png","Pituitary tumor__enh_1500","train","Pituitary tumor","","Pituitary tumor/enh_1500.png","9","0.999951","0.875","flip_h","False","0.999815383","0.64579","1.059645","47.627592","122979","0.8101029","203","False"
"3095","3324","Pituitary tumor__enh_1274","train","Pituitary tumor","","Pituitary tumor/enh_1274.png","Pituitary tumor__enh_1503","train","Pituitary tumor","","Pituitary tumor/enh_1503.png","4","0.999949","0.666667","flip_h","True","0.999806852","0.642124","1.062236","47.606383","121831","0.868263473","22","False"
"3101","4542","Pituitary tumor__enh_1280","train","Pituitary tumor","","Pituitary tumor/enh_1280.png","Pituitary tumor__enh_999","test","Pituitary tumor","","Pituitary tumor/enh_999.png","5","0.999885","0.490909","flip_h","True","0.999600135","0.613327","1.027812","47.892534","119394","0.532673861","1559","False"
"3103","3333","Pituitary tumor__enh_1282","train","Pituitary tumor","","Pituitary tumor/enh_1282.png","Pituitary tumor__enh_1512","train","Pituitary tumor","","Pituitary tumor/enh_1512.png","12","0.999918","0.913043","flip_h","False","0.999719889","0.655487","1.04748","47.727891","129339","0.910678308","133","True"
"3105","3335","Pituitary tumor__enh_1284","train","Pituitary tumor","","Pituitary tumor/enh_1284.png","Pituitary tumor__enh_1514","train","Pituitary tumor","","Pituitary tumor/enh_1514.png","6","0.999897","0.73913","flip_h","True","0.999596835","0.824978","1.201502","46.536313","155454","0.727039178","425","False"
"3106","3336","Pituitary tumor__enh_1285","train","Pituitary tumor","","Pituitary tumor/enh_1285.png","Pituitary tumor__enh_1515","train","Pituitary tumor","","Pituitary tumor/enh_1515.png","12","0.999862","0.615385","flip_h","False","0.999518012","0.787693","1.145193","46.953233","153377","0.706512778","712","False"
"3108","3339","Pituitary tumor__enh_1287","train","Pituitary tumor","","Pituitary tumor/enh_1287.png","Pituitary tumor__enh_1518","val","Pituitary tumor","","Pituitary tumor/enh_1518.png","11","0.99992","0.857143","flip_h","False","0.999707201","0.797108","1.15899","46.849210","154692","0.840756799","404","False"
"3111","3342","Pituitary tumor__enh_1290","train","Pituitary tumor","","Pituitary tumor/enh_1290.png","Pituitary tumor__enh_1521","val","Pituitary tumor","","Pituitary tumor/enh_1521.png","9","0.999945","0.853333","flip_h","False","0.99979392","0.649055","1.078387","47.475312","121718","0.831065025","782","False"
"3112","3343","Pituitary tumor__enh_1291","train","Pituitary tumor","","Pituitary tumor/enh_1291.png","Pituitary tumor__enh_1522","train","Pituitary tumor","","Pituitary tumor/enh_1522.png","11","0.999934","0.833333","flip_h","False","0.999764853","0.634647","1.058123","47.640077","120157","0.895707137","396","False"
"3114","3345","Pituitary tumor__enh_1293","train","Pituitary tumor","","Pituitary tumor/enh_1293.png","Pituitary tumor__enh_1524","train","Pituitary tumor","","Pituitary tumor/enh_1524.png","6","0.999904","1","flip_h","True","0.999696749","0.595474","0.989041","48.226515","118604","0.941354904","116","True"
"3115","3346","Pituitary tumor__enh_1294","train","Pituitary tumor","","Pituitary tumor/enh_1294.png","Pituitary tumor__enh_1525","train","Pituitary tumor","","Pituitary tumor/enh_1525.png","4","0.999897","1","flip_h","True","0.999676377","0.63401","1.031575","47.860783","124128","0.911975435","172","True"
"3116","3348","Pituitary tumor__enh_1295","val","Pituitary tumor","","Pituitary tumor/enh_1295.png","Pituitary tumor__enh_1527","train","Pituitary tumor","","Pituitary tumor/enh_1527.png","7","0.999944","0.843137","flip_h","True","0.999793863","0.616665","1.048959","47.715633","116371","0.899908731","329","False"
"3117","3349","Pituitary tumor__enh_1296","val","Pituitary tumor","","Pituitary tumor/enh_1296.png","Pituitary tumor__enh_1528","train","Pituitary tumor","","Pituitary tumor/enh_1528.png","11","0.999944","0.914894","flip_h","False","0.999786631","0.643505","1.070781","47.536790","121544","0.907494936","274","True"
"3118","3350","Pituitary tumor__enh_1297","train","Pituitary tumor","","Pituitary tumor/enh_1297.png","Pituitary tumor__enh_1529","train","Pituitary tumor","","Pituitary tumor/enh_1529.png","11","0.999929","0.866667","flip_h","False","0.999756572","0.608101","1.018004","47.975818","118096","0.884653962","230","False"
"3119","3352","Pituitary tumor__enh_1298","train","Pituitary tumor","","Pituitary tumor/enh_1298.png","Pituitary tumor__enh_1531","train","Pituitary tumor","","Pituitary tumor/enh_1531.png","11","0.999913","0.909091","flip_h","False","0.999685245","0.8139","1.171948","46.752635","157327","0.868421053","100","False"
"3122","3355","Pituitary tumor__enh_1301","val","Pituitary tumor","","Pituitary tumor/enh_1301.png","Pituitary tumor__enh_1534","train","Pituitary tumor","","Pituitary tumor/enh_1534.png","9","0.999923","0.875","flip_h","False","0.999747964","0.608906","1.009622","48.047627","119882","0.906930693","141","True"
"3123","3356","Pituitary tumor__enh_1302","train","Pituitary tumor","","Pituitary tumor/enh_1302.png","Pituitary tumor__enh_1535","train","Pituitary tumor","","Pituitary tumor/enh_1535.png","8","0.999937","0.961538","flip_h","True","0.999791333","0.629238","1.040169","47.788727","121656","0.901334881","170","True"
"3126","3360","Pituitary tumor__enh_1305","train","Pituitary tumor","","Pituitary tumor/enh_1305.png","Pituitary tumor__enh_1539","train","Pituitary tumor","","Pituitary tumor/enh_1539.png","12","0.999913","0.481481","flip_h","False","0.999694946","0.813061","1.170659","46.762199","157937","0.601000625","638","False"
"3131","3367","Pituitary tumor__enh_1310","train","Pituitary tumor","","Pituitary tumor/enh_1310.png","Pituitary tumor__enh_1546","train","Pituitary tumor","","Pituitary tumor/enh_1546.png","10","0.99993","0.451613","flip_h","False","0.999728649","0.813374","1.175299","46.727834","156296","0.433035714","1143","False"
"3132","3370","Pituitary tumor__enh_1311","val","Pituitary tumor","","Pituitary tumor/enh_1311.png","Pituitary tumor__enh_1549","train","Pituitary tumor","","Pituitary tumor/enh_1549.png","11","0.999928","0.857143","flip_h","False","0.999733444","0.807171","1.171362","46.756980","155877","0.900072939","137","True"
"3135","3375","Pituitary tumor__enh_1314","train","Pituitary tumor","","Pituitary tumor/enh_1314.png","Pituitary tumor__enh_1554","train","Pituitary tumor","","Pituitary tumor/enh_1554.png","7","0.999938","0.9","flip_h","True","0.999764914","0.65313","1.077017","47.486353","123007","0.875404531","77","False"
"3136","3376","Pituitary tumor__enh_1315","val","Pituitary tumor","","Pituitary tumor/enh_1315.png","Pituitary tumor__enh_1555","train","Pituitary tumor","","Pituitary tumor/enh_1555.png","6","0.999938","0.5","flip_h","True","0.999750923","0.661957","1.095694","47.337015","123016","0.508607199","314","False"
"3137","3378","Pituitary tumor__enh_1316","train","Pituitary tumor","","Pituitary tumor/enh_1316.png","Pituitary tumor__enh_1557","train","Pituitary tumor","","Pituitary tumor/enh_1557.png","6","0.999942","0.915789","flip_h","True","0.99977334","0.628967","1.051826","47.691923","118853","0.916875732","497","True"
"3138","3379","Pituitary tumor__enh_1317","train","Pituitary tumor","","Pituitary tumor/enh_1317.png","Pituitary tumor__enh_1558","train","Pituitary tumor","","Pituitary tumor/enh_1558.png","7","0.999911","0.899083","flip_h","True","0.999717494","0.616241","1.002887","48.105760","122846","0.891781593","769","False"
"3139","3380","Pituitary tumor__enh_1318","train","Pituitary tumor","","Pituitary tumor/enh_1318.png","Pituitary tumor__enh_1559","train","Pituitary tumor","","Pituitary tumor/enh_1559.png","5","0.999948","0.961905","flip_h","True","0.999806907","0.605648","1.015912","47.993679","116735","0.94990451","341","True"
"3140","3381","Pituitary tumor__enh_1319","val","Pituitary tumor","","Pituitary tumor/enh_1319.png","Pituitary tumor__enh_1560","train","Pituitary tumor","","Pituitary tumor/enh_1560.png","3","0.999948","0.969388","flip_h","True","0.999818122","0.611206","1.01818","47.974316","118543","0.972477064","171","True"
"3141","3383","Pituitary tumor__enh_1320","train","Pituitary tumor","","Pituitary tumor/enh_1320.png","Pituitary tumor__enh_1562","train","Pituitary tumor","","Pituitary tumor/enh_1562.png","6","0.999943","0.985507","flip_h","True","0.999804507","0.596485","0.997909","48.148982","116901","0.940979955","265","True"
"3143","3386","Pituitary tumor__enh_1322","train","Pituitary tumor","","Pituitary tumor/enh_1322.png","Pituitary tumor__enh_1565","train","Pituitary tumor","","Pituitary tumor/enh_1565.png","6","0.999898","0.882353","flip_h","True","0.999624752","0.807865","1.177297","46.713083","154693","0.892106234","585","False"
"3144","3387","Pituitary tumor__enh_1323","train","Pituitary tumor","","Pituitary tumor/enh_1323.png","Pituitary tumor__enh_1566","train","Pituitary tumor","","Pituitary tumor/enh_1566.png","7","0.999878","0.958333","flip_h","True","0.999560917","0.785088","1.147816","46.933357","152475","0.945543501","256","True"
"3145","3392","Pituitary tumor__enh_1324","train","Pituitary tumor","","Pituitary tumor/enh_1324.png","Pituitary tumor__enh_1571","train","Pituitary tumor","","Pituitary tumor/enh_1571.png","7","0.999913","0.73913","flip_h","True","0.999689284","0.799679","1.159911","46.842308","155409","0.774204947","639","False"
"3147","3394","Pituitary tumor__enh_1326","val","Pituitary tumor","","Pituitary tumor/enh_1326.png","Pituitary tumor__enh_1573","train","Pituitary tumor","","Pituitary tumor/enh_1573.png","6","0.999933","0.452381","flip_h","True","0.99974871","0.634998","1.05834","47.638302","119837","0.466902655","1506","False"
"3148","3395","Pituitary tumor__enh_1327","train","Pituitary tumor","","Pituitary tumor/enh_1327.png","Pituitary tumor__enh_1574","train","Pituitary tumor","","Pituitary tumor/enh_1574.png","6","0.999931","0.844444","flip_h","True","0.999733257","0.645054","1.073592","47.514020","120977","0.822299652","510","False"
"3150","3397","Pituitary tumor__enh_1329","train","Pituitary tumor","","Pituitary tumor/enh_1329.png","Pituitary tumor__enh_1576","train","Pituitary tumor","","Pituitary tumor/enh_1576.png","7","0.999934","0.541667","flip_h","True","0.999753823","0.656765","1.075392","47.499470","124511","0.497601918","838","False"
"3151","3398","Pituitary tumor__enh_1330","train","Pituitary tumor","","Pituitary tumor/enh_1330.png","Pituitary tumor__enh_1577","train","Pituitary tumor","","Pituitary tumor/enh_1577.png","11","0.99994","0.571429","flip_h","False","0.99977639","0.64077","1.062855","47.601320","120938","0.663019694","616","False"
"3153","3400","Pituitary tumor__enh_1332","val","Pituitary tumor","","Pituitary tumor/enh_1332.png","Pituitary tumor__enh_1579","train","Pituitary tumor","","Pituitary tumor/enh_1579.png","9","0.999921","0.736842","flip_h","False","0.999761848","0.62418","1.011977","48.027391","125185","0.816292602","221","False"
"3154","3401","Pituitary tumor__enh_1333","train","Pituitary tumor","","Pituitary tumor/enh_1333.png","Pituitary tumor__enh_1580","train","Pituitary tumor","","Pituitary tumor/enh_1580.png","8","0.999905","0.761905","flip_h","True","0.999632025","0.821289","1.192993","46.598043","155766","0.785662034","293","False"
"3155","3403","Pituitary tumor__enh_1334","train","Pituitary tumor","","Pituitary tumor/enh_1334.png","Pituitary tumor__enh_1582","train","Pituitary tumor","","Pituitary tumor/enh_1582.png","5","0.999922","0.45283","flip_h","True","0.999699785","0.649139","1.080193","47.460777","121106","0.410168523","2065","False"
"3156","3404","Pituitary tumor__enh_1335","train","Pituitary tumor","","Pituitary tumor/enh_1335.png","Pituitary tumor__enh_1583","train","Pituitary tumor","","Pituitary tumor/enh_1583.png","10","0.999907","0.735294","flip_h","False","0.999659647","0.64909","1.064278","47.589706","123891","0.745205479","558","False"
"3157","3405","Pituitary tumor__enh_1336","train","Pituitary tumor","","Pituitary tumor/enh_1336.png","Pituitary tumor__enh_1584","train","Pituitary tumor","","Pituitary tumor/enh_1584.png","11","0.99993","0.690476","flip_h","False","0.999741677","0.668537","1.090979","47.374476","126510","0.690485145","823","False"
"3158","3406","Pituitary tumor__enh_1337","train","Pituitary tumor","","Pituitary tumor/enh_1337.png","Pituitary tumor__enh_1585","train","Pituitary tumor","","Pituitary tumor/enh_1585.png","10","0.999932","0.955556","flip_h","False","0.999737728","0.672333","1.096551","47.330231","126140","0.937632884","176","True"
"3159","3407","Pituitary tumor__enh_1338","train","Pituitary tumor","","Pituitary tumor/enh_1338.png","Pituitary tumor__enh_1586","train","Pituitary tumor","","Pituitary tumor/enh_1586.png","8","0.99991","0.86","flip_h","True","0.999676059","0.628071","1.040147","47.788911","120769","0.916638655","248","True"
"3160","3408","Pituitary tumor__enh_1339","train","Pituitary tumor","","Pituitary tumor/enh_1339.png","Pituitary tumor__enh_1587","train","Pituitary tumor","","Pituitary tumor/enh_1587.png","12","0.999932","0.972973","flip_h","False","0.99974197","0.655849","1.074576","47.506064","124348","0.924279835","184","True"
"3161","3412","Pituitary tumor__enh_1340","train","Pituitary tumor","","Pituitary tumor/enh_1340.png","Pituitary tumor__enh_1591","train","Pituitary tumor","","Pituitary tumor/enh_1591.png","11","0.99992","0.92","flip_h","False","0.999708971","0.629597","1.044239","47.754806","120463","0.883283877","590","False"
"3162","3413","Pituitary tumor__enh_1341","train","Pituitary tumor","","Pituitary tumor/enh_1341.png","Pituitary tumor__enh_1592","train","Pituitary tumor","","Pituitary tumor/enh_1592.png","9","0.999914","0.810127","flip_h","False","0.999695699","0.624489","1.031431","47.861998","120814","0.81125049","963","False"
"3163","3414","Pituitary tumor__enh_1342","train","Pituitary tumor","","Pituitary tumor/enh_1342.png","Pituitary tumor__enh_1593","val","Pituitary tumor","","Pituitary tumor/enh_1593.png","4","0.99994","0.5","flip_h","True","0.999767681","0.646416","1.065103","47.582968","122404","0.475891512","2087","False"
"3164","3415","Pituitary tumor__enh_1343","train","Pituitary tumor","","Pituitary tumor/enh_1343.png","Pituitary tumor__enh_1594","train","Pituitary tumor","","Pituitary tumor/enh_1594.png","8","0.999946","0.923077","flip_h","True","0.99980157","0.65403","1.066828","47.568913","124727","0.916117436","140","True"
"3166","3418","Pituitary tumor__enh_1345","train","Pituitary tumor","","Pituitary tumor/enh_1345.png","Pituitary tumor__enh_1597","val","Pituitary tumor","","Pituitary tumor/enh_1597.png","1","0.999926","0.84","flip_h","True","0.999710169","0.650772","1.07758","47.481813","122158","0.817912414","553","False"
"3168","3421","Pituitary tumor__enh_1347","val","Pituitary tumor","","Pituitary tumor/enh_1347.png","Pituitary tumor__enh_1600","train","Pituitary tumor","","Pituitary tumor/enh_1600.png","9","0.999914","0.787879","flip_h","False","0.999699132","0.649082","1.058152","47.639841","125036","0.872579919","283","False"
"3169","4534","Pituitary tumor__enh_1348","val","Pituitary tumor","","Pituitary tumor/enh_1348.png","Pituitary tumor__enh_991","test","Pituitary tumor","","Pituitary tumor/enh_991.png","11","0.999931","0.852941","flip_h","False","0.999737235","0.797077","1.166971","46.789606","153291","0.81047051","858","False"
"3170","3422","Pituitary tumor__enh_1349","train","Pituitary tumor","","Pituitary tumor/enh_1349.png","Pituitary tumor__enh_1601","train","Pituitary tumor","","Pituitary tumor/enh_1601.png","9","0.999913","0.878788","flip_h","False","0.999691582","0.62569","1.036027","47.823379","120537","0.780510441","473","False"
"3171","3424","Pituitary tumor__enh_1350","train","Pituitary tumor","","Pituitary tumor/enh_1350.png","Pituitary tumor__enh_1603","val","Pituitary tumor","","Pituitary tumor/enh_1603.png","12","0.999901","0.634146","flip_h","False","0.999632995","0.819096","1.183682","46.666100","156669","0.621090909","1042","False"
"3172","3425","Pituitary tumor__enh_1351","train","Pituitary tumor","","Pituitary tumor/enh_1351.png","Pituitary tumor__enh_1604","val","Pituitary tumor","","Pituitary tumor/enh_1604.png","11","0.999884","0.902439","flip_h","False","0.999593095","0.809807","1.165078","46.803704","157195","0.896720694","274","False"
"3174","3427","Pituitary tumor__enh_1353","val","Pituitary tumor","","Pituitary tumor/enh_1353.png","Pituitary tumor__enh_1606","train","Pituitary tumor","","Pituitary tumor/enh_1606.png","8","0.999895","0.954545","flip_h","True","0.999624171","0.788467","1.150793","46.910856","153185","0.923179693","115","True"
"3175","3428","Pituitary tumor__enh_1354","val","Pituitary tumor","","Pituitary tumor/enh_1354.png","Pituitary tumor__enh_1607","train","Pituitary tumor","","Pituitary tumor/enh_1607.png","7","0.999899","0.869565","flip_h","True","0.999652522","0.782051","1.13804","47.007652","152910","0.889506602","159","False"
"3176","3429","Pituitary tumor__enh_1355","train","Pituitary tumor","","Pituitary tumor/enh_1355.png","Pituitary tumor__enh_1608","train","Pituitary tumor","","Pituitary tumor/enh_1608.png","11","0.999889","0.823529","flip_h","False","0.99960443","0.807808","1.164682","46.806659","156644","0.851042701","150","False"
"3178","3431","Pituitary tumor__enh_1357","train","Pituitary tumor","","Pituitary tumor/enh_1357.png","Pituitary tumor__enh_1610","train","Pituitary tumor","","Pituitary tumor/enh_1610.png","11","0.999908","0.782609","flip_h","False","0.999654738","0.837238","1.201073","46.539412","158804","0.781270903","327","False"
"3179","3432","Pituitary tumor__enh_1358","train","Pituitary tumor","","Pituitary tumor/enh_1358.png","Pituitary tumor__enh_1611","train","Pituitary tumor","","Pituitary tumor/enh_1611.png","11","0.999917","0.844828","flip_h","False","0.99968354","0.669048","1.083083","47.437568","126666","0.824666485","644","False"
"3180","3433","Pituitary tumor__enh_1359","train","Pituitary tumor","","Pituitary tumor/enh_1359.png","Pituitary tumor__enh_1612","train","Pituitary tumor","","Pituitary tumor/enh_1612.png","3","0.999939","0.736842","flip_h","True","0.999759171","0.661041","1.086994","47.406258","123779","0.796737767","486","False"
"3181","3434","Pituitary tumor__enh_1360","train","Pituitary tumor","","Pituitary tumor/enh_1360.png","Pituitary tumor__enh_1613","train","Pituitary tumor","","Pituitary tumor/enh_1613.png","5","0.999926","0.914286","flip_h","True","0.999724681","0.642761","1.05089","47.699657","122883","0.968158745","69","True"
"3182","3435","Pituitary tumor__enh_1361","val","Pituitary tumor","","Pituitary tumor/enh_1361.png","Pituitary tumor__enh_1614","train","Pituitary tumor","","Pituitary tumor/enh_1614.png","10","0.999934","0.967742","flip_h","False","0.999748005","0.656891","1.07263","47.521803","124410","0.957932083","83","True"
"3183","3436","Pituitary tumor__enh_1362","val","Pituitary tumor","","Pituitary tumor/enh_1362.png","Pituitary tumor__enh_1615","train","Pituitary tumor","","Pituitary tumor/enh_1615.png","8","0.999947","0.393617","flip_h","True","0.999812112","0.628025","1.032993","47.848859","122402","0.400278212","3449","False"
"3184","3437","Pituitary tumor__enh_1363","train","Pituitary tumor","","Pituitary tumor/enh_1363.png","Pituitary tumor__enh_1616","train","Pituitary tumor","","Pituitary tumor/enh_1616.png","7","0.999943","0.765957","flip_h","True","0.999808438","0.633617","1.032339","47.854359","124443","0.720102597","873","False"
"3185","3438","Pituitary tumor__enh_1364","train","Pituitary tumor","","Pituitary tumor/enh_1364.png","Pituitary tumor__enh_1617","train","Pituitary tumor","","Pituitary tumor/enh_1617.png","6","0.999944","0.684211","flip_h","True","0.999812771","0.618992","1.016344","47.989989","121784","0.850708924","179","False"
"3187","3441","Pituitary tumor__enh_1366","train","Pituitary tumor","","Pituitary tumor/enh_1366.png","Pituitary tumor__enh_1620","train","Pituitary tumor","","Pituitary tumor/enh_1620.png","5","0.999946","0.943182","flip_h","True","0.999806083","0.640179","1.049857","47.708201","124068","0.920186949","444","True"
"3189","3443","Pituitary tumor__enh_1368","train","Pituitary tumor","","Pituitary tumor/enh_1368.png","Pituitary tumor__enh_1622","train","Pituitary tumor","","Pituitary tumor/enh_1622.png","8","0.999924","0.934426","flip_h","True","0.999771691","0.611286","1.001694","48.116100","122149","0.973449068","104","True"
"3190","3444","Pituitary tumor__enh_1369","val","Pituitary tumor","","Pituitary tumor/enh_1369.png","Pituitary tumor__enh_1623","val","Pituitary tumor","","Pituitary tumor/enh_1623.png","10","0.999923","0.928571","flip_h","False","0.999760852","0.607922","0.999689","48.133505","121126","0.927068215","201","True"
"3191","3445","Pituitary tumor__enh_1370","val","Pituitary tumor","","Pituitary tumor/enh_1370.png","Pituitary tumor__enh_1624","train","Pituitary tumor","","Pituitary tumor/enh_1624.png","7","0.999938","0.807692","flip_h","True","0.999756611","0.81258","1.18103","46.685583","155489","0.761266748","784","False"
"3192","3447","Pituitary tumor__enh_1371","train","Pituitary tumor","","Pituitary tumor/enh_1371.png","Pituitary tumor__enh_1626","train","Pituitary tumor","","Pituitary tumor/enh_1626.png","8","0.999931","0.866667","flip_h","True","0.999740973","0.804218","1.176885","46.716120","153612","0.954628613","124","True"
"3196","3451","Pituitary tumor__enh_1375","val","Pituitary tumor","","Pituitary tumor/enh_1375.png","Pituitary tumor__enh_1630","train","Pituitary tumor","","Pituitary tumor/enh_1630.png","7","0.999918","0.897436","flip_h","True","0.999709869","0.630573","1.049719","47.709344","120718","0.902818679","231","True"
"3197","3452","Pituitary tumor__enh_1376","train","Pituitary tumor","","Pituitary tumor/enh_1376.png","Pituitary tumor__enh_1631","train","Pituitary tumor","","Pituitary tumor/enh_1631.png","7","0.999938","0.8","flip_h","True","0.999772266","0.635437","1.056343","47.654707","120858","0.838561271","386","False"
"3199","3391","Pituitary tumor__enh_1378","train","Pituitary tumor","","Pituitary tumor/enh_1378.png","Pituitary tumor__enh_1570","train","Pituitary tumor","","Pituitary tumor/enh_1570.png","6","0.999931","0.381818","flip_h","True","0.99971508","0.777222","1.16549","46.800629","147328","0.377585243","2227","False"
"3200","3388","Pituitary tumor__enh_1379","train","Pituitary tumor","","Pituitary tumor/enh_1379.png","Pituitary tumor__enh_1567","val","Pituitary tumor","","Pituitary tumor/enh_1567.png","12","0.99988","0.886792","flip_h","False","0.99957018","0.793007","1.154864","46.880190","153393","0.897849462","342","False"
"3203","3255","Pituitary tumor__enh_1382","val","Pituitary tumor","","Pituitary tumor/enh_1382.png","Pituitary tumor__enh_1434","train","Pituitary tumor","","Pituitary tumor/enh_1434.png","5","0.999919","0.316667","flip_h","True","0.999679508","0.835957","1.206685","46.498924","158235","0.283856159","2808","False"
"3204","4517","Pituitary tumor__enh_1383","train","Pituitary tumor","","Pituitary tumor/enh_1383.png","Pituitary tumor__enh_974","test","Pituitary tumor","","Pituitary tumor/enh_974.png","7","0.999917","0.933333","flip_h","True","0.999700846","0.815239","1.179662","46.695655","156448","0.940250447","167","True"
"3205","3257","Pituitary tumor__enh_1384","train","Pituitary tumor","","Pituitary tumor/enh_1384.png","Pituitary tumor__enh_1436","val","Pituitary tumor","","Pituitary tumor/enh_1436.png","4","0.999914","0.877551","flip_h","True","0.999689914","0.785278","1.157025","46.863948","151390","0.93245366","215","True"
"3206","3260","Pituitary tumor__enh_1385","train","Pituitary tumor","","Pituitary tumor/enh_1385.png","Pituitary tumor__enh_1439","train","Pituitary tumor","","Pituitary tumor/enh_1439.png","7","0.999913","0.963636","flip_h","True","0.999691126","0.784729","1.153313","46.891858","151301","0.960501226","145","True"
"3207","3261","Pituitary tumor__enh_1386","train","Pituitary tumor","","Pituitary tumor/enh_1386.png","Pituitary tumor__enh_1440","train","Pituitary tumor","","Pituitary tumor/enh_1440.png","6","0.999861","0.913793","flip_h","True","0.999558098","0.745331","1.090907","47.375047","150121","0.950983107","177","True"
"3208","3262","Pituitary tumor__enh_1387","train","Pituitary tumor","","Pituitary tumor/enh_1387.png","Pituitary tumor__enh_1441","train","Pituitary tumor","","Pituitary tumor/enh_1441.png","8","0.999874","0.909091","flip_h","True","0.999594766","0.757305","1.105588","47.258939","151067","0.915180197","233","True"
"3209","4519","Pituitary tumor__enh_1388","train","Pituitary tumor","","Pituitary tumor/enh_1388.png","Pituitary tumor__enh_976","test","Pituitary tumor","","Pituitary tumor/enh_976.png","9","0.999929","0.627907","flip_h","False","0.999734774","0.79953","1.172418","46.749150","152798","0.62614841","1058","False"
"3210","3264","Pituitary tumor__enh_1389","train","Pituitary tumor","","Pituitary tumor/enh_1389.png","Pituitary tumor__enh_1443","train","Pituitary tumor","","Pituitary tumor/enh_1443.png","10","0.999914","0.886364","flip_h","False","0.999690174","0.783943","1.146915","46.940178","152486","0.902517986","271","True"
"3211","3265","Pituitary tumor__enh_1390","val","Pituitary tumor","","Pituitary tumor/enh_1390.png","Pituitary tumor__enh_1444","train","Pituitary tumor","","Pituitary tumor/enh_1444.png","9","0.999917","0.882353","flip_h","False","0.999696788","0.796593","1.162236","46.824919","153967","0.863232682","308","False"
"3212","4520","Pituitary tumor__enh_1391","train","Pituitary tumor","","Pituitary tumor/enh_1391.png","Pituitary tumor__enh_977","test","Pituitary tumor","","Pituitary tumor/enh_977.png","8","0.999913","0.863636","flip_h","True","0.999693184","0.78373","1.149128","46.923434","151477","0.91568915","115","True"
"3213","3268","Pituitary tumor__enh_1392","train","Pituitary tumor","","Pituitary tumor/enh_1392.png","Pituitary tumor__enh_1447","train","Pituitary tumor","","Pituitary tumor/enh_1447.png","8","0.999941","0.744186","flip_h","True","0.999790332","0.655724","1.07544","47.499083","124939","0.772194305","1224","False"
"3214","3269","Pituitary tumor__enh_1393","train","Pituitary tumor","","Pituitary tumor/enh_1393.png","Pituitary tumor__enh_1448","val","Pituitary tumor","","Pituitary tumor/enh_1448.png","7","0.999946","0.890244","flip_h","True","0.99979433","0.649399","1.076092","47.493815","122973","0.884499055","611","False"
"3215","3270","Pituitary tumor__enh_1394","train","Pituitary tumor","","Pituitary tumor/enh_1394.png","Pituitary tumor__enh_1449","train","Pituitary tumor","","Pituitary tumor/enh_1449.png","6","0.999929","0.964286","flip_h","True","0.999755849","0.63208","1.048372","47.720499","122537","0.955406912","160","True"
"3216","3271","Pituitary tumor__enh_1395","val","Pituitary tumor","","Pituitary tumor/enh_1395.png","Pituitary tumor__enh_1450","train","Pituitary tumor","","Pituitary tumor/enh_1450.png","4","0.999894","0.96","flip_h","True","0.999675523","0.583267","0.979947","48.306750","116261","0.959367246","131","True"
"3217","3272","Pituitary tumor__enh_1396","train","Pituitary tumor","","Pituitary tumor/enh_1396.png","Pituitary tumor__enh_1451","train","Pituitary tumor","","Pituitary tumor/enh_1451.png","7","0.999911","0.857143","flip_h","True","0.999722227","0.595715","0.991913","48.201336","118140","0.864421416","314","False"
"3220","3307","Pituitary tumor__enh_1399","train","Pituitary tumor","","Pituitary tumor/enh_1399.png","Pituitary tumor__enh_1486","train","Pituitary tumor","","Pituitary tumor/enh_1486.png","9","0.999929","0.901961","flip_h","False","0.99973107","0.801796","1.166511","46.793026","154498","0.881604697","363","False"
"3224","3279","Pituitary tumor__enh_1403","train","Pituitary tumor","","Pituitary tumor/enh_1403.png","Pituitary tumor__enh_1458","train","Pituitary tumor","","Pituitary tumor/enh_1458.png","11","0.999909","0.551724","flip_h","False","0.999667327","0.791054","1.157882","46.857518","152883","0.555978261","1634","False"
"3226","3281","Pituitary tumor__enh_1405","train","Pituitary tumor","","Pituitary tumor/enh_1405.png","Pituitary tumor__enh_1460","val","Pituitary tumor","","Pituitary tumor/enh_1460.png","12","0.999917","0.727273","flip_h","False","0.999710076","0.771591","1.130385","47.066273","151563","0.773905997","837","False"
"3230","4527","Pituitary tumor__enh_1409","val","Pituitary tumor","","Pituitary tumor/enh_1409.png","Pituitary tumor__enh_984","test","Pituitary tumor","","Pituitary tumor/enh_984.png","5","0.999843","0.7","flip_h","True","0.999488017","0.957649","1.325126","45.685661","172863","0.85467128","168","False"
"3231","3287","Pituitary tumor__enh_1410","train","Pituitary tumor","","Pituitary tumor/enh_1410.png","Pituitary tumor__enh_1466","val","Pituitary tumor","","Pituitary tumor/enh_1466.png","4","0.999811","0.457143","flip_h","True","0.999404621","0.857388","1.233854","46.305527","158963","0.545816733","912","False"
"3232","3288","Pituitary tumor__enh_1411","train","Pituitary tumor","","Pituitary tumor/enh_1411.png","Pituitary tumor__enh_1467","train","Pituitary tumor","","Pituitary tumor/enh_1467.png","7","0.999939","0.891892","flip_h","True","0.999775015","0.654976","1.074304","47.508260","124119","0.903212851","241","True"
"3233","4528","Pituitary tumor__enh_1412","train","Pituitary tumor","","Pituitary tumor/enh_1412.png","Pituitary tumor__enh_985","test","Pituitary tumor","","Pituitary tumor/enh_985.png","9","0.999939","0.457143","flip_h","False","0.999787116","0.624561","1.027999","47.890950","121584","0.445617256","1208","False"
"3234","3290","Pituitary tumor__enh_1413","train","Pituitary tumor","","Pituitary tumor/enh_1413.png","Pituitary tumor__enh_1469","train","Pituitary tumor","","Pituitary tumor/enh_1469.png","4","0.999937","0.970588","flip_h","True","0.999779922","0.622753","1.021712","47.944232","121701","0.951029748","107","True"
"3235","3291","Pituitary tumor__enh_1414","train","Pituitary tumor","","Pituitary tumor/enh_1414.png","Pituitary tumor__enh_1470","train","Pituitary tumor","","Pituitary tumor/enh_1470.png","11","0.999896","0.411765","flip_h","False","0.999623493","0.801319","1.167359","46.786711","154487","0.379215205","2025","False"
"3236","4529","Pituitary tumor__enh_1415","val","Pituitary tumor","","Pituitary tumor/enh_1415.png","Pituitary tumor__enh_986","test","Pituitary tumor","","Pituitary tumor/enh_986.png","8","0.999915","0.869565","flip_h","True","0.99967672","0.809391","1.180252","46.691311","154966","0.915695682","123","True"
"3237","3293","Pituitary tumor__enh_1416","val","Pituitary tumor","","Pituitary tumor/enh_1416.png","Pituitary tumor__enh_1472","train","Pituitary tumor","","Pituitary tumor/enh_1472.png","7","0.999909","0.75","flip_h","True","0.999673875","0.814312","1.185396","46.653537","155181","0.823458283","146","False"
"3238","3294","Pituitary tumor__enh_1417","train","Pituitary tumor","","Pituitary tumor/enh_1417.png","Pituitary tumor__enh_1473","train","Pituitary tumor","","Pituitary tumor/enh_1473.png","9","0.999918","0.655172","flip_h","False","0.999674688","0.829353","1.207663","46.491887","156137","0.767020971","811","False"
"3239","4530","Pituitary tumor__enh_1418","train","Pituitary tumor","","Pituitary tumor/enh_1418.png","Pituitary tumor__enh_987","test","Pituitary tumor","","Pituitary tumor/enh_987.png","11","0.999907","0.813953","flip_h","False","0.999640691","0.804916","1.183752","46.665592","152804","0.827960884","475","False"
"3240","3297","Pituitary tumor__enh_1419","train","Pituitary tumor","","Pituitary tumor/enh_1419.png","Pituitary tumor__enh_1476","train","Pituitary tumor","","Pituitary tumor/enh_1476.png","4","0.999876","0.71875","flip_h","True","0.999579158","0.80151","1.159497","46.845413","155881","0.754973314","505","False"
"3245","4465","Pituitary tumor__enh_1424","train","Pituitary tumor","","Pituitary tumor/enh_1424.png","Pituitary tumor__enh_922","test","Pituitary tumor","","Pituitary tumor/enh_922.png","3","0.999943","0.827586","flip_h","True","0.999753411","0.681961","1.119517","47.150188","125188","0.780225989","389","False"
"3256","4502","Pituitary tumor__enh_1435","train","Pituitary tumor","","Pituitary tumor/enh_1435.png","Pituitary tumor__enh_959","test","Pituitary tumor","","Pituitary tumor/enh_959.png","6","0.999913","0.83871","flip_h","True","0.999691227","0.813156","1.177862","46.708913","156310","0.86244321","545","False"
"3266","4504","Pituitary tumor__enh_1445","train","Pituitary tumor","","Pituitary tumor/enh_1445.png","Pituitary tumor__enh_961","test","Pituitary tumor","","Pituitary tumor/enh_961.png","10","0.999912","0.892857","flip_h","False","0.999674724","0.790604","1.163223","46.817542","151751","0.84351145","287","False"
"3286","4510","Pituitary tumor__enh_1465","train","Pituitary tumor","","Pituitary tumor/enh_1465.png","Pituitary tumor__enh_967","test","Pituitary tumor","","Pituitary tumor/enh_967.png","2","0.999843","0.638889","flip_h","True","0.999523434","0.947453","1.306734","45.807059","173803","0.65202109","792","False"
"3289","4511","Pituitary tumor__enh_1468","train","Pituitary tumor","","Pituitary tumor/enh_1468.png","Pituitary tumor__enh_968","test","Pituitary tumor","","Pituitary tumor/enh_968.png","6","0.999932","0.875","flip_h","True","0.999753972","0.625645","1.032453","47.853395","121405","0.933467742","132","True"
"3292","4512","Pituitary tumor__enh_1471","train","Pituitary tumor","","Pituitary tumor/enh_1471.png","Pituitary tumor__enh_969","test","Pituitary tumor","","Pituitary tumor/enh_969.png","7","0.999887","0.8125","flip_h","True","0.999607338","0.789158","1.154085","46.886045","152561","0.819900498","362","False"
"3319","4466","Pituitary tumor__enh_1498","train","Pituitary tumor","","Pituitary tumor/enh_1498.png","Pituitary tumor__enh_923","test","Pituitary tumor","","Pituitary tumor/enh_923.png","2","0.999857","1","flip_h","True","0.99947424","0.647419","1.065886","47.576591","122043","0.950941244","86","True"
"3323","4467","Pituitary tumor__enh_1502","train","Pituitary tumor","","Pituitary tumor/enh_1502.png","Pituitary tumor__enh_924","test","Pituitary tumor","","Pituitary tumor/enh_924.png","5","0.999952","0.857143","flip_h","True","0.999814787","0.637924","1.059847","47.625940","121268","0.869109948","50","False"
"3344","4473","Pituitary tumor__enh_1523","train","Pituitary tumor","","Pituitary tumor/enh_1523.png","Pituitary tumor__enh_930","test","Pituitary tumor","","Pituitary tumor/enh_930.png","10","0.999936","0.92","flip_h","False","0.999783985","0.628922","1.033216","47.846981","122385","0.9029971","301","True"
"3354","4476","Pituitary tumor__enh_1533","train","Pituitary tumor","","Pituitary tumor/enh_1533.png","Pituitary tumor__enh_933","test","Pituitary tumor","","Pituitary tumor/enh_933.png","7","0.99993","0.472222","flip_h","True","0.999765827","0.627228","1.034854","47.833222","121919","0.537592351","1064","False"
"3364","4478","Pituitary tumor__enh_1543","train","Pituitary tumor","","Pituitary tumor/enh_1543.png","Pituitary tumor__enh_935","test","Pituitary tumor","","Pituitary tumor/enh_935.png","12","0.999897","1","flip_h","False","0.999649237","0.767452","1.125337","47.105149","150502","0.911312849","127","True"
"3373","4479","Pituitary tumor__enh_1552","train","Pituitary tumor","","Pituitary tumor/enh_1552.png","Pituitary tumor__enh_936","test","Pituitary tumor","","Pituitary tumor/enh_936.png","6","0.999932","0.35","flip_h","True","0.999743222","0.661201","1.084004","47.430188","124900","0.334377447","850","False"
"3385","4482","Pituitary tumor__enh_1564","train","Pituitary tumor","","Pituitary tumor/enh_1564.png","Pituitary tumor__enh_939","test","Pituitary tumor","","Pituitary tumor/enh_939.png","10","0.999891","0.743243","flip_h","False","0.999606695","0.80558","1.172799","46.746331","154664","0.743519494","1217","False"
"3393","4483","Pituitary tumor__enh_1572","train","Pituitary tumor","","Pituitary tumor/enh_1572.png","Pituitary tumor__enh_940","test","Pituitary tumor","","Pituitary tumor/enh_940.png","9","0.999912","0.875","flip_h","False","0.999682925","0.791985","1.155009","46.879097","153391","0.890374332","205","False"
"3396","4484","Pituitary tumor__enh_1575","train","Pituitary tumor","","Pituitary tumor/enh_1575.png","Pituitary tumor__enh_941","test","Pituitary tumor","","Pituitary tumor/enh_941.png","6","0.999937","0.789474","flip_h","True","0.999765182","0.63969","1.061241","47.614524","120867","0.899920572","126","False"
"3399","4485","Pituitary tumor__enh_1578","train","Pituitary tumor","","Pituitary tumor/enh_1578.png","Pituitary tumor__enh_942","test","Pituitary tumor","","Pituitary tumor/enh_942.png","7","0.999943","0.696429","flip_h","True","0.99980219","0.583317","0.983501","48.275310","115342","0.726301736","1025","False"
"3402","4486","Pituitary tumor__enh_1581","val","Pituitary tumor","","Pituitary tumor/enh_1581.png","Pituitary tumor__enh_943","test","Pituitary tumor","","Pituitary tumor/enh_943.png","7","0.999887","0.388889","flip_h","True","0.999572541","0.794823","1.163627","46.814531","152740","0.354746318","1577","False"
"3419","4490","Pituitary tumor__enh_1598","train","Pituitary tumor","","Pituitary tumor/enh_1598.png","Pituitary tumor__enh_947","test","Pituitary tumor","","Pituitary tumor/enh_947.png","4","0.999933","0.723404","flip_h","True","0.999725442","0.664295","1.094975","47.342718","123664","0.797378277","541","False"
"3423","4491","Pituitary tumor__enh_1602","val","Pituitary tumor","","Pituitary tumor/enh_1602.png","Pituitary tumor__enh_948","test","Pituitary tumor","","Pituitary tumor/enh_948.png","8","0.999942","0.647059","flip_h","True","0.999774475","0.661541","1.077355","47.483626","125217","0.809049774","211","False"
"3442","4497","Pituitary tumor__enh_1621","train","Pituitary tumor","","Pituitary tumor/enh_1621.png","Pituitary tumor__enh_954","test","Pituitary tumor","","Pituitary tumor/enh_954.png","8","0.999937","0.916667","flip_h","True","0.999798157","0.624859","1.016483","47.988802","124615","0.941409343","222","True"
"3446","4498","Pituitary tumor__enh_1625","train","Pituitary tumor","","Pituitary tumor/enh_1625.png","Pituitary tumor__enh_955","test","Pituitary tumor","","Pituitary tumor/enh_955.png","5","0.999928","0.786667","flip_h","True","0.999737521","0.779846","1.14583","46.948397","151141","0.768084647","1074","False"
"3450","4499","Pituitary tumor__enh_1629","train","Pituitary tumor","","Pituitary tumor/enh_1629.png","Pituitary tumor__enh_956","test","Pituitary tumor","","Pituitary tumor/enh_956.png","6","0.999895","0.92","flip_h","True","0.999643614","0.6129","1.022546","47.937144","118866","0.942857143","92","True"
"3460","3835","Pituitary tumor__enh_1639","val","Pituitary tumor","","Pituitary tumor/enh_1639.png","Pituitary tumor__enh_2014","train","Pituitary tumor","","Pituitary tumor/enh_2014.png","9","0.999925","0.974359","flip_h","False","0.999711966","0.82341","1.189083","46.626563","157160","0.890354182","291","False"
"3462","3915","Pituitary tumor__enh_1641","train","Pituitary tumor","","Pituitary tumor/enh_1641.png","Pituitary tumor__enh_2094","train","Pituitary tumor","","Pituitary tumor/enh_2094.png","6","0.999914","0.659574","flip_h","True","0.999648728","0.840668","1.215883","46.432970","157580","0.596317763","1184","False"
"3464","3918","Pituitary tumor__enh_1643","train","Pituitary tumor","","Pituitary tumor/enh_1643.png","Pituitary tumor__enh_2097","train","Pituitary tumor","","Pituitary tumor/enh_2097.png","10","0.99994","0.903846","flip_h","False","0.99975445","0.813843","1.190147","46.618790","154449","0.910109133","313","True"
"3465","3919","Pituitary tumor__enh_1644","train","Pituitary tumor","","Pituitary tumor/enh_1644.png","Pituitary tumor__enh_2098","train","Pituitary tumor","","Pituitary tumor/enh_2098.png","6","0.99992","0.793651","flip_h","True","0.999697804","0.782425","1.15014","46.915788","151497","0.8282881","658","False"
"3466","3920","Pituitary tumor__enh_1645","train","Pituitary tumor","","Pituitary tumor/enh_1645.png","Pituitary tumor__enh_2099","train","Pituitary tumor","","Pituitary tumor/enh_2099.png","7","0.999937","0.75","flip_h","True","0.999735335","0.832439","1.209842","46.476228","156868","0.761435223","871","False"
"3468","3921","Pituitary tumor__enh_1647","train","Pituitary tumor","","Pituitary tumor/enh_1647.png","Pituitary tumor__enh_2100","train","Pituitary tumor","","Pituitary tumor/enh_2100.png","7","0.999926","1","flip_h","True","0.999730607","0.777115","1.138791","47.001925","151562","0.921105326","197","True"
"3469","3922","Pituitary tumor__enh_1648","train","Pituitary tumor","","Pituitary tumor/enh_1648.png","Pituitary tumor__enh_2101","train","Pituitary tumor","","Pituitary tumor/enh_2101.png","10","0.999935","0.954545","flip_h","False","0.999761256","0.785027","1.149573","46.920073","152460","0.925978902","414","True"
"3470","3923","Pituitary tumor__enh_1649","train","Pituitary tumor","","Pituitary tumor/enh_1649.png","Pituitary tumor__enh_2102","train","Pituitary tumor","","Pituitary tumor/enh_2102.png","8","0.999935","0.955224","flip_h","True","0.999751384","0.792633","1.162242","46.824870","152456","0.941210643","506","True"
"3472","3924","Pituitary tumor__enh_1651","train","Pituitary tumor","","Pituitary tumor/enh_1651.png","Pituitary tumor__enh_2103","val","Pituitary tumor","","Pituitary tumor/enh_2103.png","9","0.999933","0.961538","flip_h","False","0.999744982","0.794189","1.161868","46.827667","153263","0.949690033","422","True"
"3473","3925","Pituitary tumor__enh_1652","train","Pituitary tumor","","Pituitary tumor/enh_1652.png","Pituitary tumor__enh_2104","train","Pituitary tumor","","Pituitary tumor/enh_2104.png","5","0.999924","0.761194","flip_h","True","0.999721948","0.795319","1.150817","46.910681","155174","0.790547672","1786","False"
"3483","3928","Pituitary tumor__enh_1662","train","Pituitary tumor","","Pituitary tumor/enh_1662.png","Pituitary tumor__enh_2107","train","Pituitary tumor","","Pituitary tumor/enh_2107.png","10","0.9999","0.869565","flip_h","False","0.999619302","0.867794","1.208991","46.482345","167658","0.92550738","323","True"
"3484","3929","Pituitary tumor__enh_1663","train","Pituitary tumor","","Pituitary tumor/enh_1663.png","Pituitary tumor__enh_2108","train","Pituitary tumor","","Pituitary tumor/enh_2108.png","10","0.999901","0.930556","flip_h","False","0.999618791","0.872082","1.216301","46.429979","167336","0.939662447","286","True"
"3485","3932","Pituitary tumor__enh_1664","train","Pituitary tumor","","Pituitary tumor/enh_1664.png","Pituitary tumor__enh_2111","val","Pituitary tumor","","Pituitary tumor/enh_2111.png","9","0.999905","0.978723","flip_h","False","0.999634835","0.799789","1.176067","46.722164","152504","0.920409511","241","True"
"3487","3933","Pituitary tumor__enh_1666","train","Pituitary tumor","","Pituitary tumor/enh_1666.png","Pituitary tumor__enh_2112","train","Pituitary tumor","","Pituitary tumor/enh_2112.png","5","0.999918","1","flip_h","True","0.999675743","0.822651","1.195065","46.582972","156232","0.948166259","212","True"
"3489","3934","Pituitary tumor__enh_1668","val","Pituitary tumor","","Pituitary tumor/enh_1668.png","Pituitary tumor__enh_2113","train","Pituitary tumor","","Pituitary tumor/enh_2113.png","3","0.999925","0.805556","flip_h","True","0.999688155","0.828117","1.210036","46.474836","155510","0.910451145","395","True"
"3490","3935","Pituitary tumor__enh_1669","train","Pituitary tumor","","Pituitary tumor/enh_1669.png","Pituitary tumor__enh_2114","train","Pituitary tumor","","Pituitary tumor/enh_2114.png","6","0.999926","0.929825","flip_h","True","0.999696263","0.83231","1.211437","46.464789","156447","0.930540243","252","True"
"3491","3914","Pituitary tumor__enh_1670","train","Pituitary tumor","","Pituitary tumor/enh_1670.png","Pituitary tumor__enh_2093","train","Pituitary tumor","","Pituitary tumor/enh_2093.png","8","0.999895","0.725","flip_h","True","0.999584806","0.820007","1.190404","46.616919","155695","0.750049281","1268","False"
"3492","3836","Pituitary tumor__enh_1671","train","Pituitary tumor","","Pituitary tumor/enh_1671.png","Pituitary tumor__enh_2015","train","Pituitary tumor","","Pituitary tumor/enh_2015.png","11","0.999917","0.95122","flip_h","False","0.999675752","0.83181","1.206174","46.502601","157169","0.942315137","149","True"
"3493","3837","Pituitary tumor__enh_1672","train","Pituitary tumor","","Pituitary tumor/enh_1672.png","Pituitary tumor__enh_2016","train","Pituitary tumor","","Pituitary tumor/enh_2016.png","8","0.999923","0.823529","flip_h","True","0.999681493","0.841362","1.220017","46.403486","157997","0.848715509","159","False"
"3495","3778","Pituitary tumor__enh_1674","train","Pituitary tumor","","Pituitary tumor/enh_1674.png","Pituitary tumor__enh_1957","train","Pituitary tumor","","Pituitary tumor/enh_1957.png","12","0.999898","0.873016","flip_h","False","0.999615378","0.865982","1.214815","46.440597","165940","0.938717949","239","True"
"3496","3839","Pituitary tumor__enh_1675","val","Pituitary tumor","","Pituitary tumor/enh_1675.png","Pituitary tumor__enh_2018","train","Pituitary tumor","","Pituitary tumor/enh_2018.png","11","0.999908","0.898305","flip_h","False","0.999653533","0.859329","1.206819","46.497957","165408","0.882969914","424","False"
"3497","3840","Pituitary tumor__enh_1676","train","Pituitary tumor","","Pituitary tumor/enh_1676.png","Pituitary tumor__enh_2019","train","Pituitary tumor","","Pituitary tumor/enh_2019.png","9","0.999912","0.659574","flip_h","False","0.999658226","0.854065","1.205795","46.505335","163709","0.72589179","1606","False"
"3499","3841","Pituitary tumor__enh_1678","train","Pituitary tumor","","Pituitary tumor/enh_1678.png","Pituitary tumor__enh_2020","train","Pituitary tumor","","Pituitary tumor/enh_2020.png","9","0.999886","0.886364","flip_h","False","0.999592567","0.821053","1.167939","46.782398","160308","0.881714876","687","False"
"3501","3845","Pituitary tumor__enh_1680","train","Pituitary tumor","","Pituitary tumor/enh_1680.png","Pituitary tumor__enh_2024","train","Pituitary tumor","","Pituitary tumor/enh_2024.png","9","0.999925","0.895833","flip_h","False","0.999710574","0.873219","1.214666","46.441664","167741","0.901315789","285","True"
"3502","3846","Pituitary tumor__enh_1681","train","Pituitary tumor","","Pituitary tumor/enh_1681.png","Pituitary tumor__enh_2025","val","Pituitary tumor","","Pituitary tumor/enh_2025.png","6","0.999922","0.702703","flip_h","True","0.999691903","0.877979","1.215332","46.436905","169295","0.715999143","1326","False"
"3504","3848","Pituitary tumor__enh_1683","train","Pituitary tumor","","Pituitary tumor/enh_1683.png","Pituitary tumor__enh_2027","val","Pituitary tumor","","Pituitary tumor/enh_2027.png","10","0.999912","0.83871","flip_h","False","0.999621103","0.867947","1.255981","46.151143","159336","0.909090909","176","True"
"3505","3849","Pituitary tumor__enh_1684","val","Pituitary tumor","","Pituitary tumor/enh_1684.png","Pituitary tumor__enh_2028","train","Pituitary tumor","","Pituitary tumor/enh_2028.png","7","0.999904","0.848485","flip_h","True","0.999598784","0.855324","1.248106","46.205771","157779","0.891347099","221","False"
"3506","3779","Pituitary tumor__enh_1685","train","Pituitary tumor","","Pituitary tumor/enh_1685.png","Pituitary tumor__enh_1958","train","Pituitary tumor","","Pituitary tumor/enh_1958.png","7","0.999892","0.853933","flip_h","True","0.999600254","0.874123","1.215807","46.433508","168005","0.864546104","758","False"
"3507","3851","Pituitary tumor__enh_1686","val","Pituitary tumor","","Pituitary tumor/enh_1686.png","Pituitary tumor__enh_2030","train","Pituitary tumor","","Pituitary tumor/enh_2030.png","8","0.999935","0.755725","flip_h","True","0.999747011","0.792736","1.169602","46.770039","151712","0.785485212","1806","False"
"3508","3853","Pituitary tumor__enh_1687","train","Pituitary tumor","","Pituitary tumor/enh_1687.png","Pituitary tumor__enh_2032","train","Pituitary tumor","","Pituitary tumor/enh_2032.png","4","0.99994","0.928571","flip_h","True","0.999753784","0.800034","1.180273","46.691157","151869","0.95216089","559","True"
"3509","3854","Pituitary tumor__enh_1688","train","Pituitary tumor","","Pituitary tumor/enh_1688.png","Pituitary tumor__enh_2033","train","Pituitary tumor","","Pituitary tumor/enh_2033.png","9","0.999936","0.965174","flip_h","False","0.999746316","0.807983","1.183146","46.670039","154248","0.955140043","583","True"
"3511","3855","Pituitary tumor__enh_1690","train","Pituitary tumor","","Pituitary tumor/enh_1690.png","Pituitary tumor__enh_2034","train","Pituitary tumor","","Pituitary tumor/enh_2034.png","6","0.999918","0.911458","flip_h","True","0.999694789","0.792713","1.151007","46.909243","154344","0.923478545","938","True"
"3512","3856","Pituitary tumor__enh_1691","train","Pituitary tumor","","Pituitary tumor/enh_1691.png","Pituitary tumor__enh_2035","train","Pituitary tumor","","Pituitary tumor/enh_2035.png","4","0.999916","0.959184","flip_h","True","0.999677839","0.800102","1.169826","46.768381","153412","0.96855853","195","True"
"3516","3861","Pituitary tumor__enh_1695","val","Pituitary tumor","","Pituitary tumor/enh_1695.png","Pituitary tumor__enh_2040","train","Pituitary tumor","","Pituitary tumor/enh_2040.png","7","0.999899","0.855556","flip_h","True","0.999608241","0.892944","1.239177","46.268134","169534","0.889474609","629","False"
"3522","3865","Pituitary tumor__enh_1701","train","Pituitary tumor","","Pituitary tumor/enh_1701.png","Pituitary tumor__enh_2044","train","Pituitary tumor","","Pituitary tumor/enh_2044.png","11","0.999894","0.958333","flip_h","False","0.999604055","0.865932","1.203849","46.519361","167873","0.900883219","303","True"
"3523","3866","Pituitary tumor__enh_1702","train","Pituitary tumor","","Pituitary tumor/enh_1702.png","Pituitary tumor__enh_2045","train","Pituitary tumor","","Pituitary tumor/enh_2045.png","11","0.999905","0.825","flip_h","False","0.999634284","0.883362","1.230723","46.327598","168544","0.805863708","490","False"
"3525","3869","Pituitary tumor__enh_1704","train","Pituitary tumor","","Pituitary tumor/enh_1704.png","Pituitary tumor__enh_2048","train","Pituitary tumor","","Pituitary tumor/enh_2048.png","4","0.999885","0.84375","flip_h","True","0.999570634","0.831768","1.211075","46.467386","156106","0.815599422","383","False"
"3526","3870","Pituitary tumor__enh_1705","train","Pituitary tumor","","Pituitary tumor/enh_1705.png","Pituitary tumor__enh_2049","train","Pituitary tumor","","Pituitary tumor/enh_2049.png","5","0.9999","0.882353","flip_h","True","0.999598256","0.858818","1.251558","46.181781","157711","0.881097561","273","False"
"3528","3780","Pituitary tumor__enh_1707","train","Pituitary tumor","","Pituitary tumor/enh_1707.png","Pituitary tumor__enh_1959","train","Pituitary tumor","","Pituitary tumor/enh_1959.png","6","0.999892","0.798077","flip_h","True","0.999597179","0.890263","1.23539","46.294724","169927","0.848099326","991","False"
"3529","3871","Pituitary tumor__enh_1708","train","Pituitary tumor","","Pituitary tumor/enh_1708.png","Pituitary tumor__enh_2050","val","Pituitary tumor","","Pituitary tumor/enh_2050.png","3","0.999885","0.4","flip_h","True","0.999552112","0.861614","1.247787","46.207994","158778","0.441554559","1868","False"
"3531","3877","Pituitary tumor__enh_1710","train","Pituitary tumor","","Pituitary tumor/enh_1710.png","Pituitary tumor__enh_2056","val","Pituitary tumor","","Pituitary tumor/enh_2056.png","5","0.999872","0.923077","flip_h","True","0.999501459","0.883305","1.23007","46.332205","168575","0.831155779","168","False"
"3533","3878","Pituitary tumor__enh_1712","train","Pituitary tumor","","Pituitary tumor/enh_1712.png","Pituitary tumor__enh_2057","val","Pituitary tumor","","Pituitary tumor/enh_2057.png","9","0.999877","0.625","flip_h","False","0.999503793","0.883564","1.235313","46.295266","167436","0.721380031","533","False"
"3534","3879","Pituitary tumor__enh_1713","train","Pituitary tumor","","Pituitary tumor/enh_1713.png","Pituitary tumor__enh_2058","train","Pituitary tumor","","Pituitary tumor/enh_2058.png","10","0.99989","0.8125","flip_h","False","0.999533036","0.892479","1.253985","46.164954","166993","0.850594822","427","False"
"3535","3880","Pituitary tumor__enh_1714","train","Pituitary tumor","","Pituitary tumor/enh_1714.png","Pituitary tumor__enh_2059","train","Pituitary tumor","","Pituitary tumor/enh_2059.png","10","0.999887","0.64","flip_h","False","0.999544593","0.875885","1.23054","46.328889","165861","0.653176471","2211","False"
"3536","3881","Pituitary tumor__enh_1715","train","Pituitary tumor","","Pituitary tumor/enh_1715.png","Pituitary tumor__enh_2060","train","Pituitary tumor","","Pituitary tumor/enh_2060.png","7","0.999929","0.813953","flip_h","True","0.999705865","0.834797","1.215596","46.435021","156251","0.872239748","324","False"
"3537","3883","Pituitary tumor__enh_1716","train","Pituitary tumor","","Pituitary tumor/enh_1716.png","Pituitary tumor__enh_2062","train","Pituitary tumor","","Pituitary tumor/enh_2062.png","7","0.999923","0.826923","flip_h","True","0.999671599","0.837082","1.224293","46.373095","156082","0.868628022","451","False"
"3538","3781","Pituitary tumor__enh_1717","train","Pituitary tumor","","Pituitary tumor/enh_1717.png","Pituitary tumor__enh_1960","train","Pituitary tumor","","Pituitary tumor/enh_1960.png","7","0.999884","0.892857","flip_h","True","0.999568419","0.887192","1.232748","46.313315","169584","0.913189897","464","True"
"3540","3885","Pituitary tumor__enh_1719","train","Pituitary tumor","","Pituitary tumor/enh_1719.png","Pituitary tumor__enh_2064","val","Pituitary tumor","","Pituitary tumor/enh_2064.png","3","0.999923","0.983333","flip_h","True","0.999675968","0.84811","1.232388","46.315856","157483","0.933922997","254","True"
"3541","3888","Pituitary tumor__enh_1720","train","Pituitary tumor","","Pituitary tumor/enh_1720.png","Pituitary tumor__enh_2067","train","Pituitary tumor","","Pituitary tumor/enh_2067.png","5","0.99993","0.859649","flip_h","True","0.999702933","0.842525","1.216606","46.427807","158625","0.86031746","528","False"
"3542","3889","Pituitary tumor__enh_1721","train","Pituitary tumor","","Pituitary tumor/enh_1721.png","Pituitary tumor__enh_2068","val","Pituitary tumor","","Pituitary tumor/enh_2068.png","6","0.999902","0.926829","flip_h","True","0.999632327","0.800018","1.164711","46.806439","153994","0.926391036","381","True"
"3543","3891","Pituitary tumor__enh_1722","val","Pituitary tumor","","Pituitary tumor/enh_1722.png","Pituitary tumor__enh_2070","train","Pituitary tumor","","Pituitary tumor/enh_2070.png","7","0.999932","0.887755","flip_h","True","0.999720289","0.84399","1.219255","46.408910","158269","0.895419603","653","False"
"3545","3892","Pituitary tumor__enh_1724","train","Pituitary tumor","","Pituitary tumor/enh_1724.png","Pituitary tumor__enh_2071","train","Pituitary tumor","","Pituitary tumor/enh_2071.png","7","0.999906","0.896907","flip_h","True","0.999611847","0.834305","1.208737","46.484170","157326","0.875079264","788","False"
"3546","3893","Pituitary tumor__enh_1725","train","Pituitary tumor","","Pituitary tumor/enh_1725.png","Pituitary tumor__enh_2072","train","Pituitary tumor","","Pituitary tumor/enh_2072.png","5","0.999903","0.792308","flip_h","True","0.999618641","0.837025","1.20325","46.523685","158657","0.806950726","1622","False"
"3547","3782","Pituitary tumor__enh_1726","train","Pituitary tumor","","Pituitary tumor/enh_1726.png","Pituitary tumor__enh_1961","train","Pituitary tumor","","Pituitary tumor/enh_1961.png","7","0.999871","0.831325","flip_h","True","0.999535432","0.87648","1.220536","46.399792","168204","0.853431563","756","False"
"3548","3894","Pituitary tumor__enh_1727","val","Pituitary tumor","","Pituitary tumor/enh_1727.png","Pituitary tumor__enh_2073","train","Pituitary tumor","","Pituitary tumor/enh_2073.png","6","0.999907","0.631206","flip_h","True","0.999626247","0.837509","1.209623","46.477802","157902","0.639640677","3129","False"
"3550","3895","Pituitary tumor__enh_1729","train","Pituitary tumor","","Pituitary tumor/enh_1729.png","Pituitary tumor__enh_2074","train","Pituitary tumor","","Pituitary tumor/enh_2074.png","10","0.999913","0.868421","flip_h","False","0.999629446","0.831482","1.2127","46.455734","155654","0.876194268","311","False"
"3551","3896","Pituitary tumor__enh_1730","train","Pituitary tumor","","Pituitary tumor/enh_1730.png","Pituitary tumor__enh_2075","train","Pituitary tumor","","Pituitary tumor/enh_2075.png","8","0.99987","0.666667","flip_h","True","0.999496144","0.819511","1.190279","46.617831","156195","0.714532872","825","False"
"3552","3897","Pituitary tumor__enh_1731","train","Pituitary tumor","","Pituitary tumor/enh_1731.png","Pituitary tumor__enh_2076","train","Pituitary tumor","","Pituitary tumor/enh_2076.png","7","0.999874","0.737705","flip_h","True","0.999501958","0.821518","1.191902","46.605989","155957","0.767394617","916","False"
"3554","3899","Pituitary tumor__enh_1733","train","Pituitary tumor","","Pituitary tumor/enh_1733.png","Pituitary tumor__enh_2078","train","Pituitary tumor","","Pituitary tumor/enh_2078.png","4","0.999907","0.733333","flip_h","True","0.999629812","0.833378","1.214902","46.439980","156471","0.853362734","133","False"
"3555","3900","Pituitary tumor__enh_1734","train","Pituitary tumor","","Pituitary tumor/enh_1734.png","Pituitary tumor__enh_2079","train","Pituitary tumor","","Pituitary tumor/enh_2079.png","8","0.99993","0.884615","flip_h","True","0.999717271","0.813099","1.185425","46.653325","154615","0.814946619","312","False"
"3557","3902","Pituitary tumor__enh_1736","train","Pituitary tumor","","Pituitary tumor/enh_1736.png","Pituitary tumor__enh_2081","train","Pituitary tumor","","Pituitary tumor/enh_2081.png","11","0.999913","0.622951","flip_h","False","0.999656751","0.815178","1.184241","46.661999","155484","0.63983463","1481","False"
"3558","3903","Pituitary tumor__enh_1737","train","Pituitary tumor","","Pituitary tumor/enh_1737.png","Pituitary tumor__enh_2082","train","Pituitary tumor","","Pituitary tumor/enh_2082.png","10","0.999887","0.875","flip_h","False","0.999567228","0.871571","1.217969","46.418080","166898","0.901745636","197","True"
"3560","3905","Pituitary tumor__enh_1739","train","Pituitary tumor","","Pituitary tumor/enh_1739.png","Pituitary tumor__enh_2084","train","Pituitary tumor","","Pituitary tumor/enh_2084.png","8","0.999883","0.836735","flip_h","True","0.999550917","0.874332","1.222305","46.387210","167132","0.848717094","454","False"
"3561","3906","Pituitary tumor__enh_1740","train","Pituitary tumor","","Pituitary tumor/enh_1740.png","Pituitary tumor__enh_2085","train","Pituitary tumor","","Pituitary tumor/enh_2085.png","8","0.999896","0.840909","flip_h","True","0.999595979","0.900158","1.24041","46.259501","171324","0.822672353","499","False"
"3562","3907","Pituitary tumor__enh_1741","train","Pituitary tumor","","Pituitary tumor/enh_1741.png","Pituitary tumor__enh_2086","val","Pituitary tumor","","Pituitary tumor/enh_2086.png","9","0.999875","0.8","flip_h","False","0.999532287","0.866268","1.21104","46.467635","166455","0.898379971","69","False"
"3563","3908","Pituitary tumor__enh_1742","train","Pituitary tumor","","Pituitary tumor/enh_1742.png","Pituitary tumor__enh_2087","train","Pituitary tumor","","Pituitary tumor/enh_2087.png","5","0.999897","0.448276","flip_h","True","0.999579005","0.902836","1.249012","46.199469","170786","0.483545648","973","False"
"3564","3909","Pituitary tumor__enh_1743","train","Pituitary tumor","","Pituitary tumor/enh_1743.png","Pituitary tumor__enh_2088","train","Pituitary tumor","","Pituitary tumor/enh_2088.png","8","0.999901","0.727273","flip_h","True","0.99960263","0.859848","1.21746","46.421711","163316","0.733129686","961","False"
"3565","3910","Pituitary tumor__enh_1744","train","Pituitary tumor","","Pituitary tumor/enh_1744.png","Pituitary tumor__enh_2089","train","Pituitary tumor","","Pituitary tumor/enh_2089.png","5","0.999908","0.92381","flip_h","True","0.999609722","0.867428","1.226163","46.359841","164216","0.901340563","655","True"
"3566","3912","Pituitary tumor__enh_1745","train","Pituitary tumor","","Pituitary tumor/enh_1745.png","Pituitary tumor__enh_2091","train","Pituitary tumor","","Pituitary tumor/enh_2091.png","8","0.999919","0.892857","flip_h","True","0.999669594","0.829426","1.207902","46.490172","155481","0.885889229","410","False"
"3568","3913","Pituitary tumor__enh_1747","train","Pituitary tumor","","Pituitary tumor/enh_1747.png","Pituitary tumor__enh_2092","train","Pituitary tumor","","Pituitary tumor/enh_2092.png","7","0.999911","0.9375","flip_h","True","0.999635077","0.85215","1.228349","46.344365","159236","0.89849711","439","False"
"3569","3812","Pituitary tumor__enh_1748","val","Pituitary tumor","","Pituitary tumor/enh_1748.png","Pituitary tumor__enh_1991","train","Pituitary tumor","","Pituitary tumor/enh_1991.png","7","0.999896","0.933333","flip_h","True","0.999590329","0.880043","1.227657","46.349264","167679","0.861755802","274","False"
"3570","3793","Pituitary tumor__enh_1749","train","Pituitary tumor","","Pituitary tumor/enh_1749.png","Pituitary tumor__enh_1972","train","Pituitary tumor","","Pituitary tumor/enh_1972.png","10","0.999925","0.923077","flip_h","False","0.999691675","0.905838","1.25897","46.130493","170146","0.930903328","218","True"
"3573","3754","Pituitary tumor__enh_1752","train","Pituitary tumor","","Pituitary tumor/enh_1752.png","Pituitary tumor__enh_1933","train","Pituitary tumor","","Pituitary tumor/enh_1933.png","12","0.999906","0.56383","flip_h","False","0.99965084","0.85984","1.200977","46.540113","167086","0.581563786","2542","False"
"3574","3755","Pituitary tumor__enh_1753","train","Pituitary tumor","","Pituitary tumor/enh_1753.png","Pituitary tumor__enh_1934","train","Pituitary tumor","","Pituitary tumor/enh_1934.png","8","0.99992","0.717391","flip_h","True","0.99967775","0.84306","1.230111","46.331920","156888","0.74704656","728","False"
"3577","3756","Pituitary tumor__enh_1756","train","Pituitary tumor","","Pituitary tumor/enh_1756.png","Pituitary tumor__enh_1935","train","Pituitary tumor","","Pituitary tumor/enh_1935.png","6","0.999913","0.72093","flip_h","True","0.999643311","0.844105","1.222199","46.387965","158201","0.686421605","836","False"
"3578","3808","Pituitary tumor__enh_1757","val","Pituitary tumor","","Pituitary tumor/enh_1757.png","Pituitary tumor__enh_1987","train","Pituitary tumor","","Pituitary tumor/enh_1987.png","11","0.999913","0.39","flip_h","False","0.999649451","0.874992","1.225128","46.367175","166618","0.406603774","3774","False"
"3579","3822","Pituitary tumor__enh_1758","train","Pituitary tumor","","Pituitary tumor/enh_1758.png","Pituitary tumor__enh_2001","train","Pituitary tumor","","Pituitary tumor/enh_2001.png","10","0.999916","0.909091","flip_h","False","0.999685613","0.801968","1.170883","46.760531","154041","0.947920501","283","True"
"3581","3844","Pituitary tumor__enh_1760","train","Pituitary tumor","","Pituitary tumor/enh_1760.png","Pituitary tumor__enh_2023","val","Pituitary tumor","","Pituitary tumor/enh_2023.png","5","0.99991","0.889831","flip_h","True","0.999664484","0.809898","1.177726","46.709916","155461","0.903444607","726","True"
"3582","3852","Pituitary tumor__enh_1761","val","Pituitary tumor","","Pituitary tumor/enh_1761.png","Pituitary tumor__enh_2031","train","Pituitary tumor","","Pituitary tumor/enh_2031.png","4","0.999912","0.969388","flip_h","True","0.999670078","0.807655","1.17851","46.704139","154068","0.956507937","274","True"
"3583","3860","Pituitary tumor__enh_1762","train","Pituitary tumor","","Pituitary tumor/enh_1762.png","Pituitary tumor__enh_2039","train","Pituitary tumor","","Pituitary tumor/enh_2039.png","7","0.999905","0.923077","flip_h","True","0.999648357","0.811199","1.183866","46.664752","154635","0.894716294","809","False"
"3586","3890","Pituitary tumor__enh_1765","train","Pituitary tumor","","Pituitary tumor/enh_1765.png","Pituitary tumor__enh_2069","train","Pituitary tumor","","Pituitary tumor/enh_2069.png","12","0.999921","0.769231","flip_h","False","0.999688051","0.879684","1.224053","46.374798","168519","0.778183589","911","False"
"3588","3757","Pituitary tumor__enh_1767","val","Pituitary tumor","","Pituitary tumor/enh_1767.png","Pituitary tumor__enh_1936","train","Pituitary tumor","","Pituitary tumor/enh_1936.png","6","0.999911","0.819672","flip_h","True","0.99963529","0.840912","1.224306","46.373007","157106","0.811818412","742","False"
"3590","3927","Pituitary tumor__enh_1769","train","Pituitary tumor","","Pituitary tumor/enh_1769.png","Pituitary tumor__enh_2106","train","Pituitary tumor","","Pituitary tumor/enh_2106.png","7","0.99992","0.622222","flip_h","True","0.999686504","0.861145","1.214897","46.440013","164486","0.636272209","1085","False"
"3592","3936","Pituitary tumor__enh_1771","train","Pituitary tumor","","Pituitary tumor/enh_1771.png","Pituitary tumor__enh_2115","train","Pituitary tumor","","Pituitary tumor/enh_2115.png","8","0.999925","0.786885","flip_h","True","0.999699273","0.8652","1.222255","46.387565","164348","0.851040822","551","False"
"3593","3937","Pituitary tumor__enh_1772","train","Pituitary tumor","","Pituitary tumor/enh_1772.png","Pituitary tumor__enh_2116","train","Pituitary tumor","","Pituitary tumor/enh_2116.png","11","0.999925","0.901639","flip_h","False","0.999686388","0.902203","1.250444","46.189519","170614","0.881360202","471","False"
"3595","3939","Pituitary tumor__enh_1774","train","Pituitary tumor","","Pituitary tumor/enh_1774.png","Pituitary tumor__enh_2118","train","Pituitary tumor","","Pituitary tumor/enh_2118.png","12","0.999913","0.405063","flip_h","False","0.999663178","0.875671","1.225343","46.365652","166482","0.407591415","2981","False"
"3596","3940","Pituitary tumor__enh_1775","train","Pituitary tumor","","Pituitary tumor/enh_1775.png","Pituitary tumor__enh_2119","train","Pituitary tumor","","Pituitary tumor/enh_2119.png","5","0.99991","0.846154","flip_h","True","0.999643916","0.87989","1.227032","46.353686","167922","0.834032145","950","False"
"3597","3942","Pituitary tumor__enh_1776","train","Pituitary tumor","","Pituitary tumor/enh_1776.png","Pituitary tumor__enh_2121","val","Pituitary tumor","","Pituitary tumor/enh_2121.png","11","0.999837","0.894737","flip_h","False","0.999460442","0.930141","1.28179","45.974464","173064","0.852201258","188","False"
"3599","3758","Pituitary tumor__enh_1778","train","Pituitary tumor","","Pituitary tumor/enh_1778.png","Pituitary tumor__enh_1937","train","Pituitary tumor","","Pituitary tumor/enh_1937.png","5","0.99991","0.666667","flip_h","True","0.999647858","0.831787","1.207976","46.489639","156696","0.765868263","782","False"
"3600","3944","Pituitary tumor__enh_1779","train","Pituitary tumor","","Pituitary tumor/enh_1779.png","Pituitary tumor__enh_2123","val","Pituitary tumor","","Pituitary tumor/enh_2123.png","7","0.999852","0.75","flip_h","True","0.999478696","1.015945","1.352398","45.508715","187016","0.827777778","248","False"
"3602","3945","Pituitary tumor__enh_1781","val","Pituitary tumor","","Pituitary tumor/enh_1781.png","Pituitary tumor__enh_2124","val","Pituitary tumor","","Pituitary tumor/enh_2124.png","7","0.999826","0.761905","flip_h","True","0.999445499","0.918068","1.263972","46.096053","171972","0.769470405","296","False"
"3603","3948","Pituitary tumor__enh_1782","train","Pituitary tumor","","Pituitary tumor/enh_1782.png","Pituitary tumor__enh_2127","train","Pituitary tumor","","Pituitary tumor/enh_2127.png","8","0.999929","0.864407","flip_h","True","0.999693725","0.847183","1.237045","46.283092","157275","0.872027785","479","False"
"3604","3949","Pituitary tumor__enh_1783","train","Pituitary tumor","","Pituitary tumor/enh_1783.png","Pituitary tumor__enh_2128","val","Pituitary tumor","","Pituitary tumor/enh_2128.png","11","0.999927","0.884615","flip_h","False","0.999697486","0.835274","1.226018","46.360866","155425","0.881941821","625","False"
"3605","3950","Pituitary tumor__enh_1784","train","Pituitary tumor","","Pituitary tumor/enh_1784.png","Pituitary tumor__enh_2129","train","Pituitary tumor","","Pituitary tumor/enh_2129.png","9","0.999895","0.894118","flip_h","False","0.999602331","0.814583","1.189689","46.622136","154496","0.894668401","567","False"
"3607","3951","Pituitary tumor__enh_1786","val","Pituitary tumor","","Pituitary tumor/enh_1786.png","Pituitary tumor__enh_2130","train","Pituitary tumor","","Pituitary tumor/enh_2130.png","6","0.999926","0.875","flip_h","True","0.999687257","0.843605","1.228495","46.343333","157118","0.864833575","467","False"
"3609","3954","Pituitary tumor__enh_1788","train","Pituitary tumor","","Pituitary tumor/enh_1788.png","Pituitary tumor__enh_2133","train","Pituitary tumor","","Pituitary tumor/enh_2133.png","12","0.999909","0.8375","flip_h","False","0.999635161","0.901745","1.257978","46.137344","168879","0.857979798","703","False"
"3611","3955","Pituitary tumor__enh_1790","val","Pituitary tumor","","Pituitary tumor/enh_1790.png","Pituitary tumor__enh_2134","train","Pituitary tumor","","Pituitary tumor/enh_2134.png","9","0.999852","0.553846","flip_h","False","0.999453512","0.839825","1.190152","46.618754","161744","0.594997705","1765","False"
"3612","3956","Pituitary tumor__enh_1791","train","Pituitary tumor","","Pituitary tumor/enh_1791.png","Pituitary tumor__enh_2135","train","Pituitary tumor","","Pituitary tumor/enh_2135.png","12","0.999879","0.756757","flip_h","False","0.999542389","0.847549","1.200332","46.544779","162886","0.703735144","698","False"
"3615","3721","Pituitary tumor__enh_1794","train","Pituitary tumor","","Pituitary tumor/enh_1794.png","Pituitary tumor__enh_1900","val","Pituitary tumor","","Pituitary tumor/enh_1900.png","2","0.999916","0.697674","flip_h","True","0.999652922","0.832153","1.210414","46.472122","156294","0.656599553","921","False"
"3616","3722","Pituitary tumor__enh_1795","val","Pituitary tumor","","Pituitary tumor/enh_1795.png","Pituitary tumor__enh_1901","train","Pituitary tumor","","Pituitary tumor/enh_1901.png","4","0.99992","0.529412","flip_h","True","0.999658081","0.861492","1.241046","46.255045","160267","0.536363636","1530","False"
"3618","3723","Pituitary tumor__enh_1797","val","Pituitary tumor","","Pituitary tumor/enh_1797.png","Pituitary tumor__enh_1902","train","Pituitary tumor","","Pituitary tumor/enh_1902.png","3","0.999923","0.545455","flip_h","True","0.99966299","0.864956","1.247894","46.207249","159691","0.522633745","1740","False"
"3619","3725","Pituitary tumor__enh_1798","train","Pituitary tumor","","Pituitary tumor/enh_1798.png","Pituitary tumor__enh_1904","train","Pituitary tumor","","Pituitary tumor/enh_1904.png","8","0.999907","0.529412","flip_h","True","0.999637312","0.82769","1.200564","46.543101","156900","0.580969808","458","False"
"3621","3726","Pituitary tumor__enh_1800","val","Pituitary tumor","","Pituitary tumor/enh_1800.png","Pituitary tumor__enh_1905","train","Pituitary tumor","","Pituitary tumor/enh_1905.png","7","0.999929","0.785714","flip_h","True","0.999692346","0.867523","1.255429","46.154957","159774","0.842105263","156","False"
"3622","3727","Pituitary tumor__enh_1801","val","Pituitary tumor","","Pituitary tumor/enh_1801.png","Pituitary tumor__enh_1906","train","Pituitary tumor","","Pituitary tumor/enh_1906.png","5","0.999925","0.529412","flip_h","True","0.999680084","0.856667","1.246262","46.218616","158037","0.504424779","2184","False"
"3623","3728","Pituitary tumor__enh_1802","train","Pituitary tumor","","Pituitary tumor/enh_1802.png","Pituitary tumor__enh_1907","val","Pituitary tumor","","Pituitary tumor/enh_1907.png","6","0.999922","0.358779","flip_h","True","0.999685508","0.850315","1.230325","46.330410","158647","0.351805206","5404","False"
"3625","3729","Pituitary tumor__enh_1804","train","Pituitary tumor","","Pituitary tumor/enh_1804.png","Pituitary tumor__enh_1908","train","Pituitary tumor","","Pituitary tumor/enh_1908.png","4","0.999919","0.892857","flip_h","True","0.999669293","0.848427","1.222379","46.386689","159365","0.866341991","247","False"
"3626","3730","Pituitary tumor__enh_1805","train","Pituitary tumor","","Pituitary tumor/enh_1805.png","Pituitary tumor__enh_1909","train","Pituitary tumor","","Pituitary tumor/enh_1909.png","4","0.999919","0.742857","flip_h","True","0.999652833","0.861156","1.245667","46.222767","159621","0.724820144","612","False"
"3627","3731","Pituitary tumor__enh_1806","train","Pituitary tumor","","Pituitary tumor/enh_1806.png","Pituitary tumor__enh_1910","train","Pituitary tumor","","Pituitary tumor/enh_1910.png","5","0.999908","0.69697","flip_h","True","0.999608419","0.85186","1.23813","46.275477","158092","0.801107754","395","False"
"3629","3732","Pituitary tumor__enh_1808","train","Pituitary tumor","","Pituitary tumor/enh_1808.png","Pituitary tumor__enh_1911","train","Pituitary tumor","","Pituitary tumor/enh_1911.png","6","0.99991","0.818182","flip_h","True","0.999624085","0.857899","1.239216","46.267864","159032","0.827345657","495","False"
"3630","3733","Pituitary tumor__enh_1809","val","Pituitary tumor","","Pituitary tumor/enh_1809.png","Pituitary tumor__enh_1912","train","Pituitary tumor","","Pituitary tumor/enh_1912.png","8","0.999875","0.675676","flip_h","True","0.999474297","0.860386","1.241025","46.255196","159430","0.748862602","552","False"
"3631","3760","Pituitary tumor__enh_1810","train","Pituitary tumor","","Pituitary tumor/enh_1810.png","Pituitary tumor__enh_1939","val","Pituitary tumor","","Pituitary tumor/enh_1939.png","7","0.999925","0.618182","flip_h","True","0.999698611","0.840889","1.220108","46.402840","157678","0.602786466","1397","False"
"3635","3736","Pituitary tumor__enh_1814","train","Pituitary tumor","","Pituitary tumor/enh_1814.png","Pituitary tumor__enh_1915","train","Pituitary tumor","","Pituitary tumor/enh_1915.png","9","0.999898","0.568182","flip_h","False","0.999617394","0.868877","1.210208","46.473603","167650","0.592422096","2302","False"
"3636","3737","Pituitary tumor__enh_1815","train","Pituitary tumor","","Pituitary tumor/enh_1815.png","Pituitary tumor__enh_1916","train","Pituitary tumor","","Pituitary tumor/enh_1916.png","12","0.999905","0.732283","flip_h","False","0.999635066","0.848618","1.196429","46.573065","163436","0.703542498","2452","False"
"3638","3738","Pituitary tumor__enh_1817","train","Pituitary tumor","","Pituitary tumor/enh_1817.png","Pituitary tumor__enh_1917","train","Pituitary tumor","","Pituitary tumor/enh_1917.png","10","0.99991","0.894737","flip_h","False","0.999652599","0.894375","1.238489","46.272959","170815","0.891837555","269","False"
"3639","3739","Pituitary tumor__enh_1818","train","Pituitary tumor","","Pituitary tumor/enh_1818.png","Pituitary tumor__enh_1918","train","Pituitary tumor","","Pituitary tumor/enh_1918.png","7","0.999904","0.82","flip_h","True","0.999623028","0.888714","1.2368","46.284813","169296","0.751453488","855","False"
"3640","3740","Pituitary tumor__enh_1819","train","Pituitary tumor","","Pituitary tumor/enh_1819.png","Pituitary tumor__enh_1919","train","Pituitary tumor","","Pituitary tumor/enh_1919.png","7","0.999876","0.39604","flip_h","True","0.999528709","0.871761","1.210038","46.474825","168622","0.402099571","3759","False"
"3643","3741","Pituitary tumor__enh_1822","train","Pituitary tumor","","Pituitary tumor/enh_1822.png","Pituitary tumor__enh_1920","train","Pituitary tumor","","Pituitary tumor/enh_1920.png","10","0.999869","0.617647","flip_h","False","0.999503308","0.859337","1.200281","46.545147","166351","0.63772242","1527","False"
"3644","3742","Pituitary tumor__enh_1823","train","Pituitary tumor","","Pituitary tumor/enh_1823.png","Pituitary tumor__enh_1921","train","Pituitary tumor","","Pituitary tumor/enh_1921.png","10","0.999893","0.478261","flip_h","False","0.999602356","0.873283","1.21952","46.407027","167380","0.451114143","2414","False"
"3646","3744","Pituitary tumor__enh_1825","train","Pituitary tumor","","Pituitary tumor/enh_1825.png","Pituitary tumor__enh_1923","train","Pituitary tumor","","Pituitary tumor/enh_1923.png","10","0.999916","0.436782","flip_h","False","0.999662119","0.86499","1.219792","46.405089","164908","0.437222518","3169","False"
"3649","3747","Pituitary tumor__enh_1828","train","Pituitary tumor","","Pituitary tumor/enh_1828.png","Pituitary tumor__enh_1926","train","Pituitary tumor","","Pituitary tumor/enh_1926.png","9","0.999916","0.797101","flip_h","False","0.999668046","0.71283","1.125983","47.100168","133950","0.797017012","871","False"
"3650","3748","Pituitary tumor__enh_1829","train","Pituitary tumor","","Pituitary tumor/enh_1829.png","Pituitary tumor__enh_1927","train","Pituitary tumor","","Pituitary tumor/enh_1927.png","6","0.999919","0.901408","flip_h","True","0.999681309","0.704304","1.115717","47.179726","132570","0.908716392","421","True"
"3651","3749","Pituitary tumor__enh_1830","train","Pituitary tumor","","Pituitary tumor/enh_1830.png","Pituitary tumor__enh_1928","train","Pituitary tumor","","Pituitary tumor/enh_1928.png","7","0.999901","0.958333","flip_h","True","0.999631174","0.705814","1.117254","47.167765","132690","0.941043084","182","True"
"3654","3750","Pituitary tumor__enh_1833","train","Pituitary tumor","","Pituitary tumor/enh_1833.png","Pituitary tumor__enh_1929","train","Pituitary tumor","","Pituitary tumor/enh_1929.png","10","0.999921","0.730769","flip_h","False","0.999682889","0.870831","1.225403","46.365222","165262","0.836253776","271","False"
"3655","3751","Pituitary tumor__enh_1834","train","Pituitary tumor","","Pituitary tumor/enh_1834.png","Pituitary tumor__enh_1930","train","Pituitary tumor","","Pituitary tumor/enh_1930.png","8","0.999905","0.591837","flip_h","True","0.999632605","0.865059","1.215895","46.432881","165985","0.636662286","1106","False"
"3656","3752","Pituitary tumor__enh_1835","train","Pituitary tumor","","Pituitary tumor/enh_1835.png","Pituitary tumor__enh_1931","train","Pituitary tumor","","Pituitary tumor/enh_1931.png","11","0.999902","0.627451","flip_h","False","0.999627452","0.875893","1.222541","46.385536","167817","0.668542839","1060","False"
"3657","3762","Pituitary tumor__enh_1836","train","Pituitary tumor","","Pituitary tumor/enh_1836.png","Pituitary tumor__enh_1941","train","Pituitary tumor","","Pituitary tumor/enh_1941.png","11","0.999902","0.75","flip_h","False","0.999600841","0.840801","1.226247","46.359246","156782","0.737156511","660","False"
"3658","3763","Pituitary tumor__enh_1837","train","Pituitary tumor","","Pituitary tumor/enh_1837.png","Pituitary tumor__enh_1942","val","Pituitary tumor","","Pituitary tumor/enh_1942.png","6","0.999915","0.567901","flip_h","True","0.999671025","0.889408","1.235242","46.295766","169485","0.608548708","1969","False"
"3659","3764","Pituitary tumor__enh_1838","train","Pituitary tumor","","Pituitary tumor/enh_1838.png","Pituitary tumor__enh_1943","val","Pituitary tumor","","Pituitary tumor/enh_1943.png","11","0.999903","0.813559","flip_h","False","0.999622977","0.860924","1.207622","46.492183","165366","0.838085273","619","False"
"3663","3766","Pituitary tumor__enh_1842","train","Pituitary tumor","","Pituitary tumor/enh_1842.png","Pituitary tumor__enh_1945","train","Pituitary tumor","","Pituitary tumor/enh_1945.png","9","0.999852","0.625","flip_h","False","0.999474824","0.851662","1.191361","46.609933","165768","0.654240766","1011","False"
"3664","3767","Pituitary tumor__enh_1843","train","Pituitary tumor","","Pituitary tumor/enh_1843.png","Pituitary tumor__enh_1946","val","Pituitary tumor","","Pituitary tumor/enh_1946.png","12","0.999895","0.775281","flip_h","False","0.999619244","0.858883","1.195336","46.581000","167148","0.791911511","1204","False"
"3666","3768","Pituitary tumor__enh_1845","train","Pituitary tumor","","Pituitary tumor/enh_1845.png","Pituitary tumor__enh_1947","train","Pituitary tumor","","Pituitary tumor/enh_1947.png","9","0.999936","0.831169","flip_h","False","0.99976598","0.800949","1.173079","46.744260","154188","0.835515873","829","False"
"3667","3769","Pituitary tumor__enh_1846","train","Pituitary tumor","","Pituitary tumor/enh_1846.png","Pituitary tumor__enh_1948","val","Pituitary tumor","","Pituitary tumor/enh_1948.png","7","0.999921","0.794521","flip_h","True","0.999703813","0.79752","1.168333","46.779472","153984","0.825115887","830","False"
"3668","3770","Pituitary tumor__enh_1847","train","Pituitary tumor","","Pituitary tumor/enh_1847.png","Pituitary tumor__enh_1949","train","Pituitary tumor","","Pituitary tumor/enh_1949.png","6","0.999921","0.930233","flip_h","True","0.999714685","0.792137","1.157417","46.861004","153625","0.895707698","294","False"
"3670","3771","Pituitary tumor__enh_1849","val","Pituitary tumor","","Pituitary tumor/enh_1849.png","Pituitary tumor__enh_1950","train","Pituitary tumor","","Pituitary tumor/enh_1950.png","9","0.999929","0.848101","flip_h","False","0.999697709","0.834549","1.221742","46.391215","156125","0.846612779","797","False"
"3671","3772","Pituitary tumor__enh_1850","train","Pituitary tumor","","Pituitary tumor/enh_1850.png","Pituitary tumor__enh_1951","val","Pituitary tumor","","Pituitary tumor/enh_1951.png","8","0.99992","0.917808","flip_h","True","0.999678239","0.838673","1.215096","46.438588","157869","0.901618399","462","True"
"3672","3773","Pituitary tumor__enh_1851","train","Pituitary tumor","","Pituitary tumor/enh_1851.png","Pituitary tumor__enh_1952","train","Pituitary tumor","","Pituitary tumor/enh_1952.png","5","0.999917","0.858491","flip_h","True","0.999672534","0.810829","1.187069","46.641281","153699","0.884468248","755","False"
"3674","3786","Pituitary tumor__enh_1853","train","Pituitary tumor","","Pituitary tumor/enh_1853.png","Pituitary tumor__enh_1965","train","Pituitary tumor","","Pituitary tumor/enh_1965.png","9","0.999882","0.678571","flip_h","False","0.999560373","0.881767","1.225772","46.362608","168826","0.693485523","1101","False"
"3675","3787","Pituitary tumor__enh_1854","train","Pituitary tumor","","Pituitary tumor/enh_1854.png","Pituitary tumor__enh_1966","train","Pituitary tumor","","Pituitary tumor/enh_1966.png","7","0.999883","0.693878","flip_h","True","0.999560956","0.877403","1.231745","46.320385","166575","0.721814543","834","False"
"3677","3789","Pituitary tumor__enh_1856","train","Pituitary tumor","","Pituitary tumor/enh_1856.png","Pituitary tumor__enh_1968","train","Pituitary tumor","","Pituitary tumor/enh_1968.png","8","0.999912","0.815385","flip_h","True","0.999582703","0.894199","1.29129","45.910325","161352","0.833333333","682","False"
"3678","3790","Pituitary tumor__enh_1857","val","Pituitary tumor","","Pituitary tumor/enh_1857.png","Pituitary tumor__enh_1969","train","Pituitary tumor","","Pituitary tumor/enh_1969.png","2","0.999911","0.90411","flip_h","True","0.999571504","0.903496","1.301077","45.844741","162154","0.879783784","556","False"
"3680","3796","Pituitary tumor__enh_1859","train","Pituitary tumor","","Pituitary tumor/enh_1859.png","Pituitary tumor__enh_1975","train","Pituitary tumor","","Pituitary tumor/enh_1975.png","7","0.999935","0.882353","flip_h","True","0.999735887","0.821106","1.18991","46.620521","156268","0.845306302","351","False"
"3682","3799","Pituitary tumor__enh_1861","val","Pituitary tumor","","Pituitary tumor/enh_1861.png","Pituitary tumor__enh_1978","train","Pituitary tumor","","Pituitary tumor/enh_1978.png","11","0.999902","0.508772","flip_h","False","0.999608055","0.911289","1.25558","46.153917","172142","0.501907837","1697","False"
"3683","3800","Pituitary tumor__enh_1862","train","Pituitary tumor","","Pituitary tumor/enh_1862.png","Pituitary tumor__enh_1979","train","Pituitary tumor","","Pituitary tumor/enh_1979.png","7","0.999901","0.672131","flip_h","True","0.99960435","0.852032","1.213142","46.452569","161913","0.644012127","1409","False"
"3685","3802","Pituitary tumor__enh_1864","train","Pituitary tumor","","Pituitary tumor/enh_1864.png","Pituitary tumor__enh_1981","train","Pituitary tumor","","Pituitary tumor/enh_1981.png","8","0.999838","0.740741","flip_h","True","0.999324135","0.90242","1.261459","46.113343","168787","0.733502538","420","False"
"3686","3814","Pituitary tumor__enh_1865","train","Pituitary tumor","","Pituitary tumor/enh_1865.png","Pituitary tumor__enh_1993","train","Pituitary tumor","","Pituitary tumor/enh_1993.png","9","0.999891","0.888889","flip_h","False","0.99958165","0.881294","1.225436","46.364990","168310","0.855519481","356","False"
"3688","3805","Pituitary tumor__enh_1867","train","Pituitary tumor","","Pituitary tumor/enh_1867.png","Pituitary tumor__enh_1984","val","Pituitary tumor","","Pituitary tumor/enh_1984.png","8","0.999904","0.923077","flip_h","True","0.999646649","0.866127","1.201494","46.536370","168413","0.852414542","272","False"
"3689","3806","Pituitary tumor__enh_1868","val","Pituitary tumor","","Pituitary tumor/enh_1868.png","Pituitary tumor__enh_1985","train","Pituitary tumor","","Pituitary tumor/enh_1985.png","3","0.999876","0.673913","flip_h","True","0.999536016","0.80785","1.184668","46.658870","153726","0.6922802","861","False"
"3690","3807","Pituitary tumor__enh_1869","train","Pituitary tumor","","Pituitary tumor/enh_1869.png","Pituitary tumor__enh_1986","train","Pituitary tumor","","Pituitary tumor/enh_1986.png","8","0.999856","0.896552","flip_h","True","0.999467023","0.808445","1.180681","46.688149","154899","0.902135712","362","True"
"3691","3809","Pituitary tumor__enh_1870","val","Pituitary tumor","","Pituitary tumor/enh_1870.png","Pituitary tumor__enh_1988","val","Pituitary tumor","","Pituitary tumor/enh_1988.png","6","0.999832","0.8","flip_h","True","0.999413087","0.799175","1.163907","46.812439","154168","0.872662961","252","False"
"3694","3775","Pituitary tumor__enh_1873","train","Pituitary tumor","","Pituitary tumor/enh_1873.png","Pituitary tumor__enh_1954","val","Pituitary tumor","","Pituitary tumor/enh_1954.png","8","0.999893","0.741935","flip_h","True","0.999578901","0.911972","1.254019","46.164723","172768","0.732244686","1033","False"
"3695","3816","Pituitary tumor__enh_1874","val","Pituitary tumor","","Pituitary tumor/enh_1874.png","Pituitary tumor__enh_1995","train","Pituitary tumor","","Pituitary tumor/enh_1995.png","7","0.999915","0.796296","flip_h","True","0.999671276","0.87627","1.215941","46.432556","168632","0.76463964","836","False"
"3696","3817","Pituitary tumor__enh_1875","train","Pituitary tumor","","Pituitary tumor/enh_1875.png","Pituitary tumor__enh_1996","train","Pituitary tumor","","Pituitary tumor/enh_1996.png","9","0.999928","0.726027","flip_h","False","0.999711229","0.872513","1.218011","46.417779","167121","0.707748759","1354","False"
"3697","3818","Pituitary tumor__enh_1876","train","Pituitary tumor","","Pituitary tumor/enh_1876.png","Pituitary tumor__enh_1997","train","Pituitary tumor","","Pituitary tumor/enh_1997.png","7","0.999924","0.681159","flip_h","True","0.999694357","0.885033","1.238879","46.270228","167488","0.695594126","1368","False"
"3699","3819","Pituitary tumor__enh_1878","train","Pituitary tumor","","Pituitary tumor/enh_1878.png","Pituitary tumor__enh_1998","val","Pituitary tumor","","Pituitary tumor/enh_1998.png","9","0.99992","0.735294","flip_h","False","0.999682862","0.827869","1.214412","46.443483","155158","0.737341772","581","False"
"3700","3820","Pituitary tumor__enh_1879","train","Pituitary tumor","","Pituitary tumor/enh_1879.png","Pituitary tumor__enh_1999","train","Pituitary tumor","","Pituitary tumor/enh_1999.png","8","0.999917","0.94","flip_h","True","0.999667154","0.84111","1.230785","46.327160","155682","0.89679506","351","False"
"3701","3821","Pituitary tumor__enh_1880","train","Pituitary tumor","","Pituitary tumor/enh_1880.png","Pituitary tumor__enh_2000","train","Pituitary tumor","","Pituitary tumor/enh_2000.png","8","0.999919","0.952381","flip_h","True","0.999678641","0.838879","1.221728","46.391315","157162","0.927868045","293","True"
"3703","3823","Pituitary tumor__enh_1882","train","Pituitary tumor","","Pituitary tumor/enh_1882.png","Pituitary tumor__enh_2002","train","Pituitary tumor","","Pituitary tumor/enh_2002.png","4","0.999907","0.9125","flip_h","True","0.999634986","0.831074","1.215887","46.432937","155616","0.946771037","272","True"
"3704","3824","Pituitary tumor__enh_1883","train","Pituitary tumor","","Pituitary tumor/enh_1883.png","Pituitary tumor__enh_2003","train","Pituitary tumor","","Pituitary tumor/enh_2003.png","8","0.999882","0.675439","flip_h","True","0.999546395","0.835361","1.214113","46.445618","156871","0.680271168","2311","False"
"3705","3825","Pituitary tumor__enh_1884","val","Pituitary tumor","","Pituitary tumor/enh_1884.png","Pituitary tumor__enh_2004","val","Pituitary tumor","","Pituitary tumor/enh_2004.png","4","0.999893","0.603604","flip_h","True","0.999583429","0.832306","1.211208","46.466426","156550","0.578303199","3032","False"
"3707","3826","Pituitary tumor__enh_1886","train","Pituitary tumor","","Pituitary tumor/enh_1886.png","Pituitary tumor__enh_2005","train","Pituitary tumor","","Pituitary tumor/enh_2005.png","9","0.999935","0.714286","flip_h","False","0.999740429","0.830036","1.203466","46.522129","156910","0.761209326","932","False"
"3709","3828","Pituitary tumor__enh_1888","train","Pituitary tumor","","Pituitary tumor/enh_1888.png","Pituitary tumor__enh_2007","train","Pituitary tumor","","Pituitary tumor/enh_2007.png","9","0.999931","0.9","flip_h","False","0.999738092","0.814594","1.180804","46.687246","155896","0.907059084","420","True"
"3711","3829","Pituitary tumor__enh_1890","val","Pituitary tumor","","Pituitary tumor/enh_1890.png","Pituitary tumor__enh_2008","train","Pituitary tumor","","Pituitary tumor/enh_2008.png","8","0.999932","0.9","flip_h","True","0.999729478","0.838936","1.219933","46.404087","156813","0.909786171","578","True"
"3712","3831","Pituitary tumor__enh_1891","train","Pituitary tumor","","Pituitary tumor/enh_1891.png","Pituitary tumor__enh_2010","train","Pituitary tumor","","Pituitary tumor/enh_2010.png","11","0.99991","0.773585","flip_h","False","0.999649105","0.904903","1.248056","46.206122","172437","0.750592417","842","False"
"3714","3832","Pituitary tumor__enh_1893","train","Pituitary tumor","","Pituitary tumor/enh_1893.png","Pituitary tumor__enh_2011","train","Pituitary tumor","","Pituitary tumor/enh_2011.png","4","0.999904","0.886364","flip_h","True","0.999642255","0.871544","1.210559","46.471081","168550","0.8509839","833","False"
"3715","3834","Pituitary tumor__enh_1894","train","Pituitary tumor","","Pituitary tumor/enh_1894.png","Pituitary tumor__enh_2013","train","Pituitary tumor","","Pituitary tumor/enh_2013.png","7","0.999912","0.840909","flip_h","True","0.999656382","0.822666","1.197556","46.564890","156355","0.840985442","426","False"
"3957","4458","Pituitary tumor__enh_2136","train","Pituitary tumor","","Pituitary tumor/enh_2136.png","Pituitary tumor__enh_2637","train","Pituitary tumor","","Pituitary tumor/enh_2637.png","5","0.999888","0.909091","flip_h","True","0.999586545","0.885578","1.249522","46.195923","166479","0.943081452","232","True"
"3959","4459","Pituitary tumor__enh_2138","train","Pituitary tumor","","Pituitary tumor/enh_2138.png","Pituitary tumor__enh_2638","train","Pituitary tumor","","Pituitary tumor/enh_2638.png","6","0.999881","0.915254","flip_h","True","0.999573706","0.887302","1.232731","46.313435","169150","0.898427086","381","False"
"3960","4460","Pituitary tumor__enh_2139","train","Pituitary tumor","","Pituitary tumor/enh_2139.png","Pituitary tumor__enh_2639","train","Pituitary tumor","","Pituitary tumor/enh_2639.png","8","0.999942","0.745455","flip_h","True","0.999792634","0.824799","1.163945","46.812158","162403","0.765920826","816","False"
"3961","4461","Pituitary tumor__enh_2140","train","Pituitary tumor","","Pituitary tumor/enh_2140.png","Pituitary tumor__enh_2640","train","Pituitary tumor","","Pituitary tumor/enh_2640.png","9","0.999938","0.875","flip_h","False","0.999778758","0.835747","1.171748","46.754119","164447","0.945042493","194","True"
"3963","4462","Pituitary tumor__enh_2142","val","Pituitary tumor","","Pituitary tumor/enh_2142.png","Pituitary tumor__enh_2641","train","Pituitary tumor","","Pituitary tumor/enh_2641.png","8","0.999911","0.944444","flip_h","True","0.999701769","0.824024","1.151749","46.903644","164267","0.952087419","171","True"
"3964","4463","Pituitary tumor__enh_2143","train","Pituitary tumor","","Pituitary tumor/enh_2143.png","Pituitary tumor__enh_2642","val","Pituitary tumor","","Pituitary tumor/enh_2642.png","7","0.999917","0.933333","flip_h","True","0.999733638","0.8013","1.128416","47.081418","160998","0.923653715","224","True"
"3965","4464","Pituitary tumor__enh_2144","train","Pituitary tumor","","Pituitary tumor/enh_2144.png","Pituitary tumor__enh_2643","train","Pituitary tumor","","Pituitary tumor/enh_2643.png","8","0.999923","0.821429","flip_h","True","0.999734394","0.816544","1.15451","46.882850","161909","0.899425287","175","False"
"3967","3968","Pituitary tumor__enh_2146","train","Pituitary tumor","","Pituitary tumor/enh_2146.png","Pituitary tumor__enh_2147","train","Pituitary tumor","","Pituitary tumor/enh_2147.png","9","0.999877","0.833333","identity","False","0.999122794","1.466686","2.256399","41.062487","181837","0.926259947","139","True"
"3972","4375","Pituitary tumor__enh_2151","train","Pituitary tumor","","Pituitary tumor/enh_2151.png","Pituitary tumor__enh_2554","train","Pituitary tumor","","Pituitary tumor/enh_2554.png","9","0.999901","0.833333","flip_h","False","0.999686195","0.806229","1.129528","47.072865","162849","0.873060649","180","False"
"3973","4376","Pituitary tumor__enh_2152","train","Pituitary tumor","","Pituitary tumor/enh_2152.png","Pituitary tumor__enh_2555","train","Pituitary tumor","","Pituitary tumor/enh_2555.png","8","0.9999","0.842105","flip_h","True","0.99968155","0.811573","1.143139","46.968824","162028","0.851880276","193","False"
"3974","4377","Pituitary tumor__enh_2153","train","Pituitary tumor","","Pituitary tumor/enh_2153.png","Pituitary tumor__enh_2556","train","Pituitary tumor","","Pituitary tumor/enh_2556.png","6","0.999895","0.875","flip_h","True","0.999668011","0.805706","1.131085","47.060896","162035","0.87296748","125","False"
"3975","4378","Pituitary tumor__enh_2154","train","Pituitary tumor","","Pituitary tumor/enh_2154.png","Pituitary tumor__enh_2557","val","Pituitary tumor","","Pituitary tumor/enh_2557.png","8","0.999914","0.912752","flip_h","True","0.999729342","0.770996","1.099788","47.304624","156475","0.883254474","1135","False"
"3976","4379","Pituitary tumor__enh_2155","train","Pituitary tumor","","Pituitary tumor/enh_2155.png","Pituitary tumor__enh_2558","val","Pituitary tumor","","Pituitary tumor/enh_2558.png","5","0.999906","0.834171","flip_h","True","0.999710823","0.774265","1.102568","47.282696","156925","0.841288595","2015","False"
"3977","4380","Pituitary tumor__enh_2156","train","Pituitary tumor","","Pituitary tumor/enh_2156.png","Pituitary tumor__enh_2559","train","Pituitary tumor","","Pituitary tumor/enh_2559.png","8","0.999907","0.949495","flip_h","True","0.999693966","0.791885","1.128426","47.081340","158204","0.957826121","537","True"
"3979","4381","Pituitary tumor__enh_2158","train","Pituitary tumor","","Pituitary tumor/enh_2158.png","Pituitary tumor__enh_2560","train","Pituitary tumor","","Pituitary tumor/enh_2560.png","4","0.999919","0.933333","flip_h","True","0.999726644","0.820496","1.152258","46.899811","162772","0.969716758","371","True"
"3980","4382","Pituitary tumor__enh_2159","train","Pituitary tumor","","Pituitary tumor/enh_2159.png","Pituitary tumor__enh_2561","train","Pituitary tumor","","Pituitary tumor/enh_2561.png","6","0.999924","0.920904","flip_h","True","0.999751654","0.809803","1.1384","47.004902","161685","0.901509831","1122","True"
"3981","4383","Pituitary tumor__enh_2160","train","Pituitary tumor","","Pituitary tumor/enh_2160.png","Pituitary tumor__enh_2562","train","Pituitary tumor","","Pituitary tumor/enh_2562.png","1","0.999923","0.903614","flip_h","True","0.999745697","0.814651","1.150784","46.910931","161665","0.909295775","483","True"
"3982","4384","Pituitary tumor__enh_2161","train","Pituitary tumor","","Pituitary tumor/enh_2161.png","Pituitary tumor__enh_2563","train","Pituitary tumor","","Pituitary tumor/enh_2563.png","12","0.999844","0.880597","flip_h","False","0.999476977","0.870575","1.215274","46.437320","166749","0.880833926","503","False"
"3983","4385","Pituitary tumor__enh_2162","train","Pituitary tumor","","Pituitary tumor/enh_2162.png","Pituitary tumor__enh_2564","train","Pituitary tumor","","Pituitary tumor/enh_2564.png","7","0.999839","0.910256","flip_h","True","0.999453232","0.874741","1.220967","46.396724","167298","0.929824561","344","True"
"3984","4386","Pituitary tumor__enh_2163","train","Pituitary tumor","","Pituitary tumor/enh_2163.png","Pituitary tumor__enh_2565","train","Pituitary tumor","","Pituitary tumor/enh_2565.png","5","0.999849","0.985915","flip_h","True","0.99947999","0.907795","1.252916","46.172367","171963","0.95371179","212","True"
"3986","4387","Pituitary tumor__enh_2165","train","Pituitary tumor","","Pituitary tumor/enh_2165.png","Pituitary tumor__enh_2566","train","Pituitary tumor","","Pituitary tumor/enh_2566.png","6","0.999839","0.971014","flip_h","True","0.999466332","0.873226","1.217179","46.423713","167481","0.924668316","335","True"
"3987","4388","Pituitary tumor__enh_2166","train","Pituitary tumor","","Pituitary tumor/enh_2166.png","Pituitary tumor__enh_2567","val","Pituitary tumor","","Pituitary tumor/enh_2567.png","6","0.999839","0.965517","flip_h","True","0.999468027","0.885044","1.220787","46.398002","171116","0.920146138","306","True"
"3988","4389","Pituitary tumor__enh_2167","train","Pituitary tumor","","Pituitary tumor/enh_2167.png","Pituitary tumor__enh_2568","train","Pituitary tumor","","Pituitary tumor/enh_2568.png","5","0.999841","0.837209","flip_h","True","0.99945996","0.88562","1.230633","46.328232","169138","0.804469274","560","False"
"3990","4390","Pituitary tumor__enh_2169","train","Pituitary tumor","","Pituitary tumor/enh_2169.png","Pituitary tumor__enh_2569","train","Pituitary tumor","","Pituitary tumor/enh_2569.png","12","0.99989","0.9","flip_h","False","0.999601563","0.882862","1.23823","46.274774","166954","0.910194175","111","True"
"3991","4391","Pituitary tumor__enh_2170","train","Pituitary tumor","","Pituitary tumor/enh_2170.png","Pituitary tumor__enh_2570","train","Pituitary tumor","","Pituitary tumor/enh_2570.png","7","0.999877","0.848485","flip_h","True","0.99956508","0.885796","1.23427","46.302601","168453","0.84017813","323","False"
"3992","4392","Pituitary tumor__enh_2171","val","Pituitary tumor","","Pituitary tumor/enh_2171.png","Pituitary tumor__enh_2571","train","Pituitary tumor","","Pituitary tumor/enh_2571.png","9","0.999887","0.606061","flip_h","False","0.999596077","0.871792","1.218082","46.417276","167403","0.632801822","806","False"
"3995","4394","Pituitary tumor__enh_2174","train","Pituitary tumor","","Pituitary tumor/enh_2174.png","Pituitary tumor__enh_2573","train","Pituitary tumor","","Pituitary tumor/enh_2573.png","7","0.999883","0.941176","flip_h","True","0.999586376","0.877106","1.215588","46.435078","169339","0.841675179","155","False"
"3996","4395","Pituitary tumor__enh_2175","val","Pituitary tumor","","Pituitary tumor/enh_2175.png","Pituitary tumor__enh_2574","train","Pituitary tumor","","Pituitary tumor/enh_2574.png","5","0.999839","0.875","flip_h","True","0.99954642","0.785435","1.114978","47.185479","157991","0.762287757","266","False"
"3998","4396","Pituitary tumor__enh_2177","train","Pituitary tumor","","Pituitary tumor/enh_2177.png","Pituitary tumor__enh_2575","train","Pituitary tumor","","Pituitary tumor/enh_2575.png","5","0.999845","0.772727","flip_h","True","0.999550472","0.811302","1.145814","46.948523","160902","0.845376845","199","False"
"3999","4397","Pituitary tumor__enh_2178","train","Pituitary tumor","","Pituitary tumor/enh_2178.png","Pituitary tumor__enh_2576","val","Pituitary tumor","","Pituitary tumor/enh_2576.png","3","0.99986","0.9","flip_h","True","0.999586321","0.808895","1.143359","46.967150","160439","0.898290598","119","False"
"4000","4398","Pituitary tumor__enh_2179","train","Pituitary tumor","","Pituitary tumor/enh_2179.png","Pituitary tumor__enh_2577","train","Pituitary tumor","","Pituitary tumor/enh_2577.png","3","0.999821","0.684211","flip_h","True","0.999474665","0.797382","1.129469","47.073319","159264","0.78514377","269","False"
"4002","4399","Pituitary tumor__enh_2181","train","Pituitary tumor","","Pituitary tumor/enh_2181.png","Pituitary tumor__enh_2578","train","Pituitary tumor","","Pituitary tumor/enh_2578.png","10","0.999926","1","flip_h","False","0.999745654","0.818993","1.143044","46.969546","164598","0.842433697","101","False"
"4003","4400","Pituitary tumor__enh_2182","train","Pituitary tumor","","Pituitary tumor/enh_2182.png","Pituitary tumor__enh_2579","train","Pituitary tumor","","Pituitary tumor/enh_2579.png","6","0.999907","1","flip_h","True","0.999700361","0.794079","1.116482","47.173768","161228","0.926470588","35","True"
"4004","4401","Pituitary tumor__enh_2183","train","Pituitary tumor","","Pituitary tumor/enh_2183.png","Pituitary tumor__enh_2580","train","Pituitary tumor","","Pituitary tumor/enh_2580.png","10","0.99991","0.9","flip_h","False","0.999702272","0.805172","1.133393","47.043191","161349","0.871517028","83","False"
"4006","4402","Pituitary tumor__enh_2185","train","Pituitary tumor","","Pituitary tumor/enh_2185.png","Pituitary tumor__enh_2581","train","Pituitary tumor","","Pituitary tumor/enh_2581.png","9","0.999927","1","flip_h","False","0.999751761","0.803001","1.136276","47.021129","160607","0.917721519","52","True"
"4007","4403","Pituitary tumor__enh_2186","train","Pituitary tumor","","Pituitary tumor/enh_2186.png","Pituitary tumor__enh_2582","val","Pituitary tumor","","Pituitary tumor/enh_2582.png","5","0.999915","0.333333","flip_h","True","0.999709187","0.815994","1.154289","46.884515","162622","0.329624478","1928","False"
"4009","4405","Pituitary tumor__enh_2188","val","Pituitary tumor","","Pituitary tumor/enh_2188.png","Pituitary tumor__enh_2584","train","Pituitary tumor","","Pituitary tumor/enh_2584.png","6","0.99985","0.894737","flip_h","True","0.999429659","0.874023","1.228949","46.340128","165598","0.848121503","190","False"
"4010","4406","Pituitary tumor__enh_2189","train","Pituitary tumor","","Pituitary tumor/enh_2189.png","Pituitary tumor__enh_2585","train","Pituitary tumor","","Pituitary tumor/enh_2585.png","2","0.999889","0.842105","flip_h","True","0.999553488","0.909828","1.267565","46.071402","169811","0.798706548","249","False"
"4011","4407","Pituitary tumor__enh_2190","train","Pituitary tumor","","Pituitary tumor/enh_2190.png","Pituitary tumor__enh_2586","train","Pituitary tumor","","Pituitary tumor/enh_2586.png","4","0.999854","0.785714","flip_h","True","0.999440775","0.904156","1.25558","46.153917","170380","0.884787472","103","False"
"4013","4408","Pituitary tumor__enh_2192","train","Pituitary tumor","","Pituitary tumor/enh_2192.png","Pituitary tumor__enh_2587","train","Pituitary tumor","","Pituitary tumor/enh_2587.png","8","0.999865","0.380952","flip_h","True","0.999567553","0.809921","1.137199","47.014078","161700","0.37531946","1711","False"
"4014","4409","Pituitary tumor__enh_2193","train","Pituitary tumor","","Pituitary tumor/enh_2193.png","Pituitary tumor__enh_2588","train","Pituitary tumor","","Pituitary tumor/enh_2588.png","5","0.999878","0.887097","flip_h","True","0.999584933","0.826153","1.162241","46.824882","162970","0.884851461","469","False"
"4015","4410","Pituitary tumor__enh_2194","train","Pituitary tumor","","Pituitary tumor/enh_2194.png","Pituitary tumor__enh_2589","train","Pituitary tumor","","Pituitary tumor/enh_2589.png","6","0.999877","0.916667","flip_h","True","0.999610708","0.820946","1.149765","46.918619","163236","0.911261028","342","True"
"4017","4411","Pituitary tumor__enh_2196","val","Pituitary tumor","","Pituitary tumor/enh_2196.png","Pituitary tumor__enh_2590","train","Pituitary tumor","","Pituitary tumor/enh_2590.png","4","0.999904","0.808824","flip_h","True","0.999680703","0.821644","1.154366","46.883931","162541","0.802676344","870","False"
"4018","4412","Pituitary tumor__enh_2197","val","Pituitary tumor","","Pituitary tumor/enh_2197.png","Pituitary tumor__enh_2591","train","Pituitary tumor","","Pituitary tumor/enh_2591.png","6","0.999903","0.828571","flip_h","True","0.999685134","0.81049","1.139673","46.995197","162290","0.895427795","231","False"
"4019","4413","Pituitary tumor__enh_2198","val","Pituitary tumor","","Pituitary tumor/enh_2198.png","Pituitary tumor__enh_2592","train","Pituitary tumor","","Pituitary tumor/enh_2592.png","4","0.999912","0.882353","flip_h","True","0.999716578","0.818573","1.150734","46.911306","162324","0.843330349","175","False"
"4020","4414","Pituitary tumor__enh_2199","val","Pituitary tumor","","Pituitary tumor/enh_2199.png","Pituitary tumor__enh_2593","train","Pituitary tumor","","Pituitary tumor/enh_2593.png","3","0.999936","0.877551","flip_h","True","0.99977426","0.817955","1.156059","46.871206","161363","0.865849827","427","False"
"4021","4418","Pituitary tumor__enh_2200","train","Pituitary tumor","","Pituitary tumor/enh_2200.png","Pituitary tumor__enh_2597","train","Pituitary tumor","","Pituitary tumor/enh_2597.png","7","0.999937","0.733333","flip_h","True","0.999780823","0.819736","1.15351","46.890376","162686","0.692728694","1179","False"
"4022","4419","Pituitary tumor__enh_2201","train","Pituitary tumor","","Pituitary tumor/enh_2201.png","Pituitary tumor__enh_2598","train","Pituitary tumor","","Pituitary tumor/enh_2598.png","8","0.999935","0.722222","flip_h","True","0.999772885","0.821087","1.1511","46.908542","163096","0.717959528","669","False"
"4023","4420","Pituitary tumor__enh_2202","train","Pituitary tumor","","Pituitary tumor/enh_2202.png","Pituitary tumor__enh_2599","train","Pituitary tumor","","Pituitary tumor/enh_2599.png","8","0.999913","0.93617","flip_h","True","0.99969728","0.826317","1.161737","46.828649","163354","0.927649457","213","True"
"4024","4421","Pituitary tumor__enh_2203","train","Pituitary tumor","","Pituitary tumor/enh_2203.png","Pituitary tumor__enh_2600","train","Pituitary tumor","","Pituitary tumor/enh_2600.png","8","0.999906","0.863636","flip_h","True","0.999663058","0.833611","1.17608","46.722069","162806","0.912582297","239","True"
"4026","4423","Pituitary tumor__enh_2205","train","Pituitary tumor","","Pituitary tumor/enh_2205.png","Pituitary tumor__enh_2602","train","Pituitary tumor","","Pituitary tumor/enh_2602.png","6","0.999878","0.857143","flip_h","True","0.99960363","0.816704","1.145984","46.947236","162268","0.922916667","37","True"
"4027","4424","Pituitary tumor__enh_2206","val","Pituitary tumor","","Pituitary tumor/enh_2206.png","Pituitary tumor__enh_2603","train","Pituitary tumor","","Pituitary tumor/enh_2603.png","5","0.999879","0.777778","flip_h","True","0.999608863","0.810341","1.142233","46.975713","161144","0.920542636","41","True"
"4029","4426","Pituitary tumor__enh_2208","train","Pituitary tumor","","Pituitary tumor/enh_2208.png","Pituitary tumor__enh_2605","val","Pituitary tumor","","Pituitary tumor/enh_2605.png","9","0.999935","0.727273","flip_h","False","0.999774448","0.835129","1.16589","46.797655","165706","0.881638847","78","False"
"4030","4427","Pituitary tumor__enh_2209","train","Pituitary tumor","","Pituitary tumor/enh_2209.png","Pituitary tumor__enh_2606","train","Pituitary tumor","","Pituitary tumor/enh_2606.png","5","0.999927","0.857143","flip_h","True","0.999751456","0.807117","1.140911","46.985769","160609","0.891414141","86","False"
"4031","4428","Pituitary tumor__enh_2210","train","Pituitary tumor","","Pituitary tumor/enh_2210.png","Pituitary tumor__enh_2607","train","Pituitary tumor","","Pituitary tumor/enh_2607.png","4","0.999922","0.933333","flip_h","True","0.999722225","0.835064","1.175971","46.722871","163568","0.855543113","129","False"
"4033","4429","Pituitary tumor__enh_2212","train","Pituitary tumor","","Pituitary tumor/enh_2212.png","Pituitary tumor__enh_2608","train","Pituitary tumor","","Pituitary tumor/enh_2608.png","8","0.999921","0.846154","flip_h","True","0.999742612","0.802055","1.130041","47.068919","161201","0.938388626","52","True"
"4034","4430","Pituitary tumor__enh_2213","train","Pituitary tumor","","Pituitary tumor/enh_2213.png","Pituitary tumor__enh_2609","val","Pituitary tumor","","Pituitary tumor/enh_2609.png","7","0.999889","0.580645","flip_h","True","0.999577208","0.890705","1.243064","46.240934","168224","0.574016563","823","False"
"4035","4431","Pituitary tumor__enh_2214","train","Pituitary tumor","","Pituitary tumor/enh_2214.png","Pituitary tumor__enh_2610","train","Pituitary tumor","","Pituitary tumor/enh_2610.png","5","0.999881","0.942857","flip_h","True","0.9995572","0.896297","1.253604","46.167600","168327","0.939029626","142","True"
"4037","4432","Pituitary tumor__enh_2216","train","Pituitary tumor","","Pituitary tumor/enh_2216.png","Pituitary tumor__enh_2611","train","Pituitary tumor","","Pituitary tumor/enh_2611.png","6","0.99981","0.911765","flip_h","True","0.999366786","0.865063","1.204404","46.515362","167281","0.943000456","125","True"
"4038","4433","Pituitary tumor__enh_2217","train","Pituitary tumor","","Pituitary tumor/enh_2217.png","Pituitary tumor__enh_2612","val","Pituitary tumor","","Pituitary tumor/enh_2612.png","7","0.999792","0.655172","flip_h","True","0.999319017","0.849781","1.183921","46.664350","166385","0.627212389","674","False"
"4039","4434","Pituitary tumor__enh_2218","train","Pituitary tumor","","Pituitary tumor/enh_2218.png","Pituitary tumor__enh_2613","train","Pituitary tumor","","Pituitary tumor/enh_2613.png","8","0.999875","0.944444","flip_h","True","0.999541665","0.893757","1.245275","46.225501","169324","0.910714286","100","True"
"4041","4435","Pituitary tumor__enh_2220","train","Pituitary tumor","","Pituitary tumor/enh_2220.png","Pituitary tumor__enh_2614","train","Pituitary tumor","","Pituitary tumor/enh_2614.png","2","0.999859","0.555556","flip_h","True","0.999470405","0.903629","1.276437","46.010816","166464","0.495543672","566","False"
"4043","4439","Pituitary tumor__enh_2222","train","Pituitary tumor","","Pituitary tumor/enh_2222.png","Pituitary tumor__enh_2618","train","Pituitary tumor","","Pituitary tumor/enh_2618.png","9","0.999926","0.842105","flip_h","False","0.999751699","0.822514","1.150742","46.911244","163916","0.864831553","329","False"
"4044","4440","Pituitary tumor__enh_2223","train","Pituitary tumor","","Pituitary tumor/enh_2223.png","Pituitary tumor__enh_2619","train","Pituitary tumor","","Pituitary tumor/enh_2619.png","9","0.999926","0.87931","flip_h","False","0.999757763","0.81842","1.144138","46.961236","163876","0.898257448","362","False"
"4046","4441","Pituitary tumor__enh_2225","val","Pituitary tumor","","Pituitary tumor/enh_2225.png","Pituitary tumor__enh_2620","train","Pituitary tumor","","Pituitary tumor/enh_2620.png","6","0.999919","0.875","flip_h","True","0.999724202","0.83482","1.169733","46.769071","164361","0.938138138","206","True"
"4047","4442","Pituitary tumor__enh_2226","train","Pituitary tumor","","Pituitary tumor/enh_2226.png","Pituitary tumor__enh_2621","train","Pituitary tumor","","Pituitary tumor/enh_2621.png","9","0.999912","0.711111","flip_h","False","0.99971106","0.831245","1.159275","46.847076","165485","0.726308587","800","False"
"4050","4445","Pituitary tumor__enh_2229","val","Pituitary tumor","","Pituitary tumor/enh_2229.png","Pituitary tumor__enh_2624","train","Pituitary tumor","","Pituitary tumor/enh_2624.png","9","0.999924","0.84375","flip_h","False","0.999756447","0.805183","1.133614","47.041502","161569","0.893450635","218","False"
"4051","4446","Pituitary tumor__enh_2230","val","Pituitary tumor","","Pituitary tumor/enh_2230.png","Pituitary tumor__enh_2625","val","Pituitary tumor","","Pituitary tumor/enh_2625.png","11","0.999928","0.971429","flip_h","False","0.999761083","0.811428","1.142371","46.974659","162256","0.931756142","150","True"
"4054","4448","Pituitary tumor__enh_2233","val","Pituitary tumor","","Pituitary tumor/enh_2233.png","Pituitary tumor__enh_2627","train","Pituitary tumor","","Pituitary tumor/enh_2627.png","10","0.99994","0.846154","flip_h","False","0.999797519","0.810471","1.128528","47.080559","164389","0.811812179","513","False"
"4055","4449","Pituitary tumor__enh_2234","train","Pituitary tumor","","Pituitary tumor/enh_2234.png","Pituitary tumor__enh_2628","train","Pituitary tumor","","Pituitary tumor/enh_2628.png","11","0.999942","0.829268","flip_h","False","0.999806108","0.802364","1.129698","47.071554","161334","0.880135695","318","False"
"4057","4450","Pituitary tumor__enh_2236","train","Pituitary tumor","","Pituitary tumor/enh_2236.png","Pituitary tumor__enh_2629","train","Pituitary tumor","","Pituitary tumor/enh_2629.png","12","0.999918","0.55","flip_h","False","0.999737466","0.767273","1.102044","47.286827","155269","0.585024631","2106","False"
"4058","4451","Pituitary tumor__enh_2237","train","Pituitary tumor","","Pituitary tumor/enh_2237.png","Pituitary tumor__enh_2630","val","Pituitary tumor","","Pituitary tumor/enh_2630.png","8","0.999939","0.8375","flip_h","True","0.999787347","0.816944","1.148436","46.928669","162625","0.838189588","833","False"
"4059","4452","Pituitary tumor__enh_2238","train","Pituitary tumor","","Pituitary tumor/enh_2238.png","Pituitary tumor__enh_2631","train","Pituitary tumor","","Pituitary tumor/enh_2631.png","9","0.999935","0.83","flip_h","False","0.99978336","0.814198","1.142371","46.974659","162864","0.84122738","1009","False"
"4061","4453","Pituitary tumor__enh_2240","train","Pituitary tumor","","Pituitary tumor/enh_2240.png","Pituitary tumor__enh_2632","train","Pituitary tumor","","Pituitary tumor/enh_2632.png","4","0.999926","0.846154","flip_h","True","0.999751402","0.813435","1.142601","46.972908","162889","0.844958151","1167","False"
"4062","4454","Pituitary tumor__enh_2241","train","Pituitary tumor","","Pituitary tumor/enh_2241.png","Pituitary tumor__enh_2633","train","Pituitary tumor","","Pituitary tumor/enh_2633.png","11","0.999917","0.941748","flip_h","False","0.999737165","0.803013","1.127714","47.086820","161851","0.969567212","199","True"
"4063","4455","Pituitary tumor__enh_2242","train","Pituitary tumor","","Pituitary tumor/enh_2242.png","Pituitary tumor__enh_2634","train","Pituitary tumor","","Pituitary tumor/enh_2634.png","8","0.999922","0.927083","flip_h","True","0.999744382","0.799519","1.128316","47.082185","160858","0.928945645","434","True"
"4065","4456","Pituitary tumor__enh_2244","train","Pituitary tumor","","Pituitary tumor/enh_2244.png","Pituitary tumor__enh_2635","train","Pituitary tumor","","Pituitary tumor/enh_2635.png","11","0.999889","0.7","flip_h","False","0.999610739","0.878632","1.226245","46.359257","167723","0.680284742","1033","False"
"4066","4457","Pituitary tumor__enh_2245","train","Pituitary tumor","","Pituitary tumor/enh_2245.png","Pituitary tumor__enh_2636","train","Pituitary tumor","","Pituitary tumor/enh_2636.png","6","0.999888","0.934426","flip_h","True","0.999599785","0.879601","1.236934","46.283871","166130","0.938983051","234","True"
"4067","4314","Pituitary tumor__enh_2246","train","Pituitary tumor","","Pituitary tumor/enh_2246.png","Pituitary tumor__enh_2493","val","Pituitary tumor","","Pituitary tumor/enh_2493.png","7","0.999881","0.764706","flip_h","True","0.999560961","0.869263","1.226758","46.355623","164856","0.738398544","575","False"
"4069","4315","Pituitary tumor__enh_2248","train","Pituitary tumor","","Pituitary tumor/enh_2248.png","Pituitary tumor__enh_2494","train","Pituitary tumor","","Pituitary tumor/enh_2494.png","4","0.999855","0.85","flip_h","True","0.999486999","0.883926","1.244544","46.230600","166534","0.866866118","356","False"
"4070","4316","Pituitary tumor__enh_2249","train","Pituitary tumor","","Pituitary tumor/enh_2249.png","Pituitary tumor__enh_2495","val","Pituitary tumor","","Pituitary tumor/enh_2495.png","6","0.999838","0.794118","flip_h","True","0.999435747","0.88678","1.241134","46.254432","167781","0.886756238","236","False"
"4071","4317","Pituitary tumor__enh_2250","val","Pituitary tumor","","Pituitary tumor/enh_2250.png","Pituitary tumor__enh_2496","train","Pituitary tumor","","Pituitary tumor/enh_2496.png","4","0.99991","0.828571","flip_h","True","0.999676889","0.845745","1.184707","46.658586","165088","0.890517241","254","False"
"4073","4318","Pituitary tumor__enh_2252","val","Pituitary tumor","","Pituitary tumor/enh_2252.png","Pituitary tumor__enh_2497","val","Pituitary tumor","","Pituitary tumor/enh_2497.png","3","0.99988","0.536585","flip_h","True","0.999590408","0.842419","1.180678","46.688173","164518","0.509715994","1312","False"
"4074","4319","Pituitary tumor__enh_2253","train","Pituitary tumor","","Pituitary tumor/enh_2253.png","Pituitary tumor__enh_2498","train","Pituitary tumor","","Pituitary tumor/enh_2498.png","6","0.999881","0.954545","flip_h","True","0.999589738","0.847252","1.189099","46.626446","164690","0.944264653","155","True"
"4075","4320","Pituitary tumor__enh_2254","train","Pituitary tumor","","Pituitary tumor/enh_2254.png","Pituitary tumor__enh_2499","train","Pituitary tumor","","Pituitary tumor/enh_2499.png","3","0.999876","0.928571","flip_h","True","0.999561121","0.85601","1.195941","46.576608","165826","0.936755952","170","True"
"4077","4321","Pituitary tumor__enh_2256","train","Pituitary tumor","","Pituitary tumor/enh_2256.png","Pituitary tumor__enh_2500","train","Pituitary tumor","","Pituitary tumor/enh_2500.png","2","0.999879","0.8","flip_h","True","0.999595432","0.811089","1.153422","46.891036","159433","0.826450601","332","False"
"4078","4322","Pituitary tumor__enh_2257","train","Pituitary tumor","","Pituitary tumor/enh_2257.png","Pituitary tumor__enh_2501","train","Pituitary tumor","","Pituitary tumor/enh_2501.png","6","0.999936","0.625","flip_h","True","0.999782754","0.797821","1.122756","47.125093","160800","0.863270777","51","False"
"4079","4323","Pituitary tumor__enh_2258","train","Pituitary tumor","","Pituitary tumor/enh_2258.png","Pituitary tumor__enh_2502","train","Pituitary tumor","","Pituitary tumor/enh_2502.png","9","0.999948","0.9","flip_h","False","0.999811487","0.815483","1.143544","46.965744","162831","0.873088685","83","False"
"4081","4324","Pituitary tumor__enh_2260","train","Pituitary tumor","","Pituitary tumor/enh_2260.png","Pituitary tumor__enh_2503","train","Pituitary tumor","","Pituitary tumor/enh_2503.png","7","0.999947","0.692308","flip_h","True","0.999809252","0.822773","1.154657","46.881743","163406","0.765667575","172","False"
"4082","4325","Pituitary tumor__enh_2261","val","Pituitary tumor","","Pituitary tumor/enh_2261.png","Pituitary tumor__enh_2504","train","Pituitary tumor","","Pituitary tumor/enh_2504.png","9","0.999868","1","flip_h","False","0.999529155","0.879868","1.22711","46.353135","168201","0.899575672","71","False"
"4083","4326","Pituitary tumor__enh_2262","train","Pituitary tumor","","Pituitary tumor/enh_2262.png","Pituitary tumor__enh_2505","val","Pituitary tumor","","Pituitary tumor/enh_2505.png","10","0.999867","0.857143","flip_h","False","0.999541124","0.878567","1.221812","46.390716","168391","0.878475798","118","False"
"4085","4327","Pituitary tumor__enh_2264","train","Pituitary tumor","","Pituitary tumor/enh_2264.png","Pituitary tumor__enh_2506","train","Pituitary tumor","","Pituitary tumor/enh_2506.png","7","0.999872","0.454545","flip_h","True","0.999543929","0.890278","1.240471","46.259070","168997","0.484626647","352","False"
"4086","4328","Pituitary tumor__enh_2265","val","Pituitary tumor","","Pituitary tumor/enh_2265.png","Pituitary tumor__enh_2507","val","Pituitary tumor","","Pituitary tumor/enh_2507.png","7","0.999904","0.666667","flip_h","True","0.999649262","0.884716","1.233372","46.308924","168666","0.5856","259","False"
"4087","4329","Pituitary tumor__enh_2266","train","Pituitary tumor","","Pituitary tumor/enh_2266.png","Pituitary tumor__enh_2508","train","Pituitary tumor","","Pituitary tumor/enh_2508.png","12","0.999903","0.933333","flip_h","False","0.999650261","0.906532","1.246929","46.213968","172772","0.842661035","149","False"
"4090","4331","Pituitary tumor__enh_2269","train","Pituitary tumor","","Pituitary tumor/enh_2269.png","Pituitary tumor__enh_2510","train","Pituitary tumor","","Pituitary tumor/enh_2510.png","12","0.999902","0.933333","flip_h","False","0.999659084","0.876064","1.206527","46.500062","171020","0.914257228","86","True"
"4093","4333","Pituitary tumor__enh_2272","train","Pituitary tumor","","Pituitary tumor/enh_2272.png","Pituitary tumor__enh_2512","train","Pituitary tumor","","Pituitary tumor/enh_2512.png","10","0.999867","0.85","flip_h","False","0.999498353","0.874165","1.23581","46.291772","165725","0.86086249","171","False"
"4094","4334","Pituitary tumor__enh_2273","train","Pituitary tumor","","Pituitary tumor/enh_2273.png","Pituitary tumor__enh_2513","train","Pituitary tumor","","Pituitary tumor/enh_2513.png","8","0.999857","0.925926","flip_h","True","0.999448973","0.881145","1.250127","46.191723","165923","0.902670623","164","True"
"4095","4335","Pituitary tumor__enh_2274","train","Pituitary tumor","","Pituitary tumor/enh_2274.png","Pituitary tumor__enh_2514","train","Pituitary tumor","","Pituitary tumor/enh_2514.png","5","0.999855","0.964286","flip_h","True","0.999463799","0.868946","1.232416","46.315659","164906","0.939988459","104","True"
"4097","4336","Pituitary tumor__enh_2276","train","Pituitary tumor","","Pituitary tumor/enh_2276.png","Pituitary tumor__enh_2515","train","Pituitary tumor","","Pituitary tumor/enh_2515.png","5","0.999876","0.9","flip_h","True","0.999527889","0.871246","1.237391","46.280667","164398","0.897643594","139","False"
"4098","4337","Pituitary tumor__enh_2277","train","Pituitary tumor","","Pituitary tumor/enh_2277.png","Pituitary tumor__enh_2516","train","Pituitary tumor","","Pituitary tumor/enh_2516.png","10","0.999858","0.789474","flip_h","False","0.999482417","0.841362","1.193888","46.591530","162631","0.818103448","211","False"
"4099","4338","Pituitary tumor__enh_2278","val","Pituitary tumor","","Pituitary tumor/enh_2278.png","Pituitary tumor__enh_2517","train","Pituitary tumor","","Pituitary tumor/enh_2517.png","10","0.999923","1","flip_h","False","0.999746496","0.809017","1.135858","47.024326","162043","0.892070485","49","False"
"4101","4341","Pituitary tumor__enh_2280","train","Pituitary tumor","","Pituitary tumor/enh_2280.png","Pituitary tumor__enh_2520","train","Pituitary tumor","","Pituitary tumor/enh_2520.png","4","0.999803","0.8","flip_h","True","0.999352837","0.871784","1.220716","46.398514","166352","0.752151463","288","False"
"4103","4342","Pituitary tumor__enh_2282","val","Pituitary tumor","","Pituitary tumor/enh_2282.png","Pituitary tumor__enh_2521","train","Pituitary tumor","","Pituitary tumor/enh_2521.png","4","0.999911","0.864865","flip_h","True","0.999658939","0.865349","1.225094","46.367418","164277","0.819023569","430","False"
"4104","4343","Pituitary tumor__enh_2283","val","Pituitary tumor","","Pituitary tumor/enh_2283.png","Pituitary tumor__enh_2522","val","Pituitary tumor","","Pituitary tumor/enh_2522.png","3","0.999899","0.87234","flip_h","True","0.999616781","0.892643","1.244107","46.233650","169322","0.886767169","338","False"
"4105","4344","Pituitary tumor__enh_2284","val","Pituitary tumor","","Pituitary tumor/enh_2284.png","Pituitary tumor__enh_2523","train","Pituitary tumor","","Pituitary tumor/enh_2523.png","5","0.999893","0.842105","flip_h","True","0.999596485","0.875423","1.231635","46.321160","165588","0.890519519","373","False"
"4107","4345","Pituitary tumor__enh_2286","train","Pituitary tumor","","Pituitary tumor/enh_2286.png","Pituitary tumor__enh_2524","train","Pituitary tumor","","Pituitary tumor/enh_2524.png","4","0.999899","0.825","flip_h","True","0.999619061","0.898136","1.247674","46.208782","170088","0.858452951","355","False"
"4108","4346","Pituitary tumor__enh_2287","train","Pituitary tumor","","Pituitary tumor/enh_2287.png","Pituitary tumor__enh_2525","train","Pituitary tumor","","Pituitary tumor/enh_2525.png","4","0.999897","0.645161","flip_h","True","0.99961256","0.909954","1.251603","46.181474","172866","0.775890411","409","False"
"4109","4347","Pituitary tumor__enh_2288","train","Pituitary tumor","","Pituitary tumor/enh_2288.png","Pituitary tumor__enh_2526","train","Pituitary tumor","","Pituitary tumor/enh_2526.png","5","0.999825","0.814815","flip_h","True","0.999505137","0.797333","1.122682","47.125671","161001","0.830519074","271","False"
"4111","4348","Pituitary tumor__enh_2290","train","Pituitary tumor","","Pituitary tumor/enh_2290.png","Pituitary tumor__enh_2527","train","Pituitary tumor","","Pituitary tumor/enh_2527.png","5","0.999785","0.928571","flip_h","True","0.999395481","0.81282","1.138747","47.002257","163000","0.93223102","291","True"
"4112","4349","Pituitary tumor__enh_2291","train","Pituitary tumor","","Pituitary tumor/enh_2291.png","Pituitary tumor__enh_2528","train","Pituitary tumor","","Pituitary tumor/enh_2528.png","4","0.999815","0.915493","flip_h","True","0.999469565","0.799664","1.129675","47.071735","159876","0.894689266","466","False"
"4113","4350","Pituitary tumor__enh_2292","train","Pituitary tumor","","Pituitary tumor/enh_2292.png","Pituitary tumor__enh_2529","val","Pituitary tumor","","Pituitary tumor/enh_2529.png","1","0.99986","0.914286","flip_h","True","0.99958421","0.826653","1.161944","46.827103","163157","0.902648699","419","True"
"4115","4351","Pituitary tumor__enh_2294","train","Pituitary tumor","","Pituitary tumor/enh_2294.png","Pituitary tumor__enh_2530","train","Pituitary tumor","","Pituitary tumor/enh_2530.png","6","0.999866","0.722222","flip_h","True","0.999598936","0.821636","1.158816","46.850517","162114","0.837406015","346","False"
"4116","4352","Pituitary tumor__enh_2295","val","Pituitary tumor","","Pituitary tumor/enh_2295.png","Pituitary tumor__enh_2531","train","Pituitary tumor","","Pituitary tumor/enh_2531.png","3","0.999888","0.815789","flip_h","True","0.999635852","0.841248","1.186292","46.646975","163422","0.842446335","389","False"
"4117","4353","Pituitary tumor__enh_2296","train","Pituitary tumor","","Pituitary tumor/enh_2296.png","Pituitary tumor__enh_2532","train","Pituitary tumor","","Pituitary tumor/enh_2532.png","6","0.999922","0.888889","flip_h","True","0.99974446","0.817783","1.150072","46.916301","162584","0.894688645","115","False"
"4118","4354","Pituitary tumor__enh_2297","train","Pituitary tumor","","Pituitary tumor/enh_2297.png","Pituitary tumor__enh_2533","train","Pituitary tumor","","Pituitary tumor/enh_2533.png","12","0.999902","0.727273","flip_h","False","0.999686976","0.811569","1.143404","46.966808","161976","0.686865917","1142","False"
"4119","4355","Pituitary tumor__enh_2298","train","Pituitary tumor","","Pituitary tumor/enh_2298.png","Pituitary tumor__enh_2534","train","Pituitary tumor","","Pituitary tumor/enh_2534.png","8","0.999886","0.906977","flip_h","True","0.999647538","0.789989","1.123736","47.117516","158081","0.92714497","197","True"
"4120","4356","Pituitary tumor__enh_2299","train","Pituitary tumor","","Pituitary tumor/enh_2299.png","Pituitary tumor__enh_2535","train","Pituitary tumor","","Pituitary tumor/enh_2535.png","5","0.999889","0.95","flip_h","True","0.999667113","0.77076","1.101992","47.287236","155736","0.896103896","264","False"
"4122","4357","Pituitary tumor__enh_2301","train","Pituitary tumor","","Pituitary tumor/enh_2301.png","Pituitary tumor__enh_2536","val","Pituitary tumor","","Pituitary tumor/enh_2536.png","5","0.999903","0.444444","flip_h","True","0.999701291","0.793903","1.12033","47.143887","160172","0.471952909","1525","False"
"4123","4358","Pituitary tumor__enh_2302","train","Pituitary tumor","","Pituitary tumor/enh_2302.png","Pituitary tumor__enh_2537","train","Pituitary tumor","","Pituitary tumor/enh_2537.png","9","0.999918","0.842105","flip_h","False","0.999733742","0.811684","1.138543","47.003816","163396","0.847382431","172","False"
"4124","4359","Pituitary tumor__enh_2303","train","Pituitary tumor","","Pituitary tumor/enh_2303.png","Pituitary tumor__enh_2538","train","Pituitary tumor","","Pituitary tumor/enh_2538.png","3","0.999865","0.791667","flip_h","True","0.999552941","0.86935","1.215188","46.437937","166997","0.903203343","139","True"
"4126","4360","Pituitary tumor__enh_2305","train","Pituitary tumor","","Pituitary tumor/enh_2305.png","Pituitary tumor__enh_2539","train","Pituitary tumor","","Pituitary tumor/enh_2539.png","6","0.999889","0.941176","flip_h","True","0.999606159","0.87923","1.238856","46.270389","166377","0.884083045","134","False"
"4127","4362","Pituitary tumor__enh_2306","train","Pituitary tumor","","Pituitary tumor/enh_2306.png","Pituitary tumor__enh_2541","train","Pituitary tumor","","Pituitary tumor/enh_2541.png","8","0.999921","0.878788","flip_h","True","0.99974584","0.79908","1.135785","47.024878","159584","0.867693702","292","False"
"4129","4363","Pituitary tumor__enh_2308","train","Pituitary tumor","","Pituitary tumor/enh_2308.png","Pituitary tumor__enh_2542","train","Pituitary tumor","","Pituitary tumor/enh_2542.png","4","0.999912","0.902439","flip_h","True","0.999709389","0.814846","1.152438","46.898452","161019","0.928076923","187","True"
"4130","4364","Pituitary tumor__enh_2309","train","Pituitary tumor","","Pituitary tumor/enh_2309.png","Pituitary tumor__enh_2543","val","Pituitary tumor","","Pituitary tumor/enh_2543.png","8","0.999917","0.828571","flip_h","True","0.999727096","0.824242","1.152102","46.900984","164231","0.858558559","314","False"
"4131","4365","Pituitary tumor__enh_2310","train","Pituitary tumor","","Pituitary tumor/enh_2310.png","Pituitary tumor__enh_2544","train","Pituitary tumor","","Pituitary tumor/enh_2544.png","3","0.999925","0.666667","flip_h","True","0.999757696","0.810211","1.145031","46.954458","160905","0.704521556","562","False"
"4133","4366","Pituitary tumor__enh_2312","train","Pituitary tumor","","Pituitary tumor/enh_2312.png","Pituitary tumor__enh_2545","train","Pituitary tumor","","Pituitary tumor/enh_2545.png","6","0.99987","0.888889","flip_h","True","0.999551368","0.864456","1.219429","46.407673","164835","0.891275465","491","False"
"4134","4367","Pituitary tumor__enh_2313","val","Pituitary tumor","","Pituitary tumor/enh_2313.png","Pituitary tumor__enh_2546","train","Pituitary tumor","","Pituitary tumor/enh_2546.png","9","0.999879","0.792208","flip_h","False","0.999575533","0.879662","1.228818","46.341050","167871","0.820523473","864","False"
"4135","4368","Pituitary tumor__enh_2314","train","Pituitary tumor","","Pituitary tumor/enh_2314.png","Pituitary tumor__enh_2547","train","Pituitary tumor","","Pituitary tumor/enh_2547.png","9","0.99988","0.739726","flip_h","False","0.99959191","0.861355","1.207387","46.493876","165941","0.75","1113","False"
"4137","4371","Pituitary tumor__enh_2316","val","Pituitary tumor","","Pituitary tumor/enh_2316.png","Pituitary tumor__enh_2550","train","Pituitary tumor","","Pituitary tumor/enh_2550.png","7","0.999893","0.916667","flip_h","True","0.99959585","0.87458","1.221364","46.393902","166926","0.921052632","189","True"
"4139","4372","Pituitary tumor__enh_2318","train","Pituitary tumor","","Pituitary tumor/enh_2318.png","Pituitary tumor__enh_2551","train","Pituitary tumor","","Pituitary tumor/enh_2551.png","8","0.999896","0.9375","flip_h","True","0.9996041","0.888161","1.24424","46.232719","167478","0.91023166","279","True"
"4140","4232","Pituitary tumor__enh_2319","train","Pituitary tumor","","Pituitary tumor/enh_2319.png","Pituitary tumor__enh_2411","train","Pituitary tumor","","Pituitary tumor/enh_2411.png","4","0.999864","0.943662","flip_h","True","0.999550025","0.860718","1.207752","46.491251","166148","0.962588028","170","True"
"4141","4233","Pituitary tumor__enh_2320","train","Pituitary tumor","","Pituitary tumor/enh_2320.png","Pituitary tumor__enh_2412","train","Pituitary tumor","","Pituitary tumor/enh_2412.png","5","0.999874","0.894737","flip_h","True","0.999560334","0.884968","1.228733","46.341653","169622","0.919965577","279","True"
"4143","4235","Pituitary tumor__enh_2322","train","Pituitary tumor","","Pituitary tumor/enh_2322.png","Pituitary tumor__enh_2414","train","Pituitary tumor","","Pituitary tumor/enh_2414.png","5","0.999829","0.788462","flip_h","True","0.999433999","0.869625","1.217505","46.421387","167037","0.794191919","652","False"
"4144","4236","Pituitary tumor__enh_2323","val","Pituitary tumor","","Pituitary tumor/enh_2323.png","Pituitary tumor__enh_2415","train","Pituitary tumor","","Pituitary tumor/enh_2415.png","6","0.999828","0.97561","flip_h","True","0.999418947","0.872505","1.225287","46.366049","166501","0.941729323","155","True"
"4145","4239","Pituitary tumor__enh_2324","train","Pituitary tumor","","Pituitary tumor/enh_2324.png","Pituitary tumor__enh_2418","train","Pituitary tumor","","Pituitary tumor/enh_2418.png","4","0.999916","0.923077","flip_h","True","0.99973478","0.775867","1.110556","47.219998","156015","0.917973462","340","True"
"4146","4240","Pituitary tumor__enh_2325","train","Pituitary tumor","","Pituitary tumor/enh_2325.png","Pituitary tumor__enh_2419","train","Pituitary tumor","","Pituitary tumor/enh_2419.png","10","0.999904","0.906667","flip_h","False","0.999705037","0.778419","1.108198","47.238453","157199","0.931917552","327","True"
"4148","4241","Pituitary tumor__enh_2327","val","Pituitary tumor","","Pituitary tumor/enh_2327.png","Pituitary tumor__enh_2420","train","Pituitary tumor","","Pituitary tumor/enh_2420.png","7","0.999916","0.912088","flip_h","True","0.999728669","0.804676","1.136281","47.021091","161034","0.926913156","425","True"
"4149","4242","Pituitary tumor__enh_2328","train","Pituitary tumor","","Pituitary tumor/enh_2328.png","Pituitary tumor__enh_2421","train","Pituitary tumor","","Pituitary tumor/enh_2421.png","6","0.999906","0.987342","flip_h","True","0.999711416","0.790783","1.112992","47.200965","160135","0.952165354","243","True"
"4150","4243","Pituitary tumor__enh_2329","val","Pituitary tumor","","Pituitary tumor/enh_2329.png","Pituitary tumor__enh_2422","train","Pituitary tumor","","Pituitary tumor/enh_2422.png","6","0.999904","0.790323","flip_h","True","0.999698074","0.788658","1.113696","47.195472","159837","0.899605782","382","False"
"4151","4244","Pituitary tumor__enh_2330","train","Pituitary tumor","","Pituitary tumor/enh_2330.png","Pituitary tumor__enh_2423","train","Pituitary tumor","","Pituitary tumor/enh_2423.png","4","0.999859","0.630435","flip_h","True","0.999529572","0.870712","1.223112","46.381481","166385","0.663903282","973","False"
"4152","4245","Pituitary tumor__enh_2331","train","Pituitary tumor","","Pituitary tumor/enh_2331.png","Pituitary tumor__enh_2424","train","Pituitary tumor","","Pituitary tumor/enh_2424.png","10","0.999844","0.586207","flip_h","False","0.999478703","0.871498","1.220092","46.402952","167121","0.629456939","1351","False"
"4153","4246","Pituitary tumor__enh_2332","train","Pituitary tumor","","Pituitary tumor/enh_2332.png","Pituitary tumor__enh_2425","train","Pituitary tumor","","Pituitary tumor/enh_2425.png","9","0.999867","0.912281","flip_h","False","0.999548483","0.864033","1.215828","46.433362","165372","0.914516129","318","True"
"4155","4250","Pituitary tumor__enh_2334","train","Pituitary tumor","","Pituitary tumor/enh_2334.png","Pituitary tumor__enh_2429","train","Pituitary tumor","","Pituitary tumor/enh_2429.png","6","0.999895","0.666667","flip_h","True","0.999622052","0.878925","1.221828","46.390605","168501","0.794460641","141","False"
"4156","4251","Pituitary tumor__enh_2335","train","Pituitary tumor","","Pituitary tumor/enh_2335.png","Pituitary tumor__enh_2430","val","Pituitary tumor","","Pituitary tumor/enh_2430.png","2","0.99989","0.842105","flip_h","True","0.999611283","0.8465","1.193161","46.596821","163117","0.789814066","260","False"
"4157","4252","Pituitary tumor__enh_2336","train","Pituitary tumor","","Pituitary tumor/enh_2336.png","Pituitary tumor__enh_2431","val","Pituitary tumor","","Pituitary tumor/enh_2431.png","10","0.999896","0.875","flip_h","False","0.999613996","0.870441","1.224992","46.368135","165314","0.912171508","127","True"
"4159","4253","Pituitary tumor__enh_2338","train","Pituitary tumor","","Pituitary tumor/enh_2338.png","Pituitary tumor__enh_2432","train","Pituitary tumor","","Pituitary tumor/enh_2432.png","6","0.999892","0.521739","flip_h","True","0.9996203","0.858608","1.202857","46.526523","165702","0.568694463","631","False"
"4160","4254","Pituitary tumor__enh_2339","train","Pituitary tumor","","Pituitary tumor/enh_2339.png","Pituitary tumor__enh_2433","train","Pituitary tumor","","Pituitary tumor/enh_2433.png","4","0.999821","0.692308","flip_h","True","0.999395285","0.983025","1.357342","45.477019","175779","0.64957265","328","False"
"4161","4255","Pituitary tumor__enh_2340","train","Pituitary tumor","","Pituitary tumor/enh_2340.png","Pituitary tumor__enh_2434","val","Pituitary tumor","","Pituitary tumor/enh_2434.png","4","0.999813","0.705882","flip_h","True","0.999366224","0.96257","1.339664","45.590883","172476","0.770072993","252","False"
"4163","4256","Pituitary tumor__enh_2342","val","Pituitary tumor","","Pituitary tumor/enh_2342.png","Pituitary tumor__enh_2435","train","Pituitary tumor","","Pituitary tumor/enh_2435.png","2","0.999822","0.75","flip_h","True","0.999402238","0.950588","1.328167","45.665752","171001","0.724806202","284","False"
"4164","4257","Pituitary tumor__enh_2343","val","Pituitary tumor","","Pituitary tumor/enh_2343.png","Pituitary tumor__enh_2436","train","Pituitary tumor","","Pituitary tumor/enh_2436.png","5","0.999805","0.818182","flip_h","True","0.999426714","0.936844","1.292553","45.901839","174056","0.842424242","104","False"
"4165","4258","Pituitary tumor__enh_2344","train","Pituitary tumor","","Pituitary tumor/enh_2344.png","Pituitary tumor__enh_2437","train","Pituitary tumor","","Pituitary tumor/enh_2437.png","7","0.999907","0.95","flip_h","True","0.999705281","0.812534","1.143866","46.963300","162404","0.894136808","130","False"
"4167","4259","Pituitary tumor__enh_2346","train","Pituitary tumor","","Pituitary tumor/enh_2346.png","Pituitary tumor__enh_2438","train","Pituitary tumor","","Pituitary tumor/enh_2438.png","11","0.999905","0.952381","flip_h","False","0.999683209","0.829842","1.165962","46.797118","164029","0.94068001","246","True"
"4168","4260","Pituitary tumor__enh_2347","train","Pituitary tumor","","Pituitary tumor/enh_2347.png","Pituitary tumor__enh_2439","val","Pituitary tumor","","Pituitary tumor/enh_2439.png","5","0.999896","0.907692","flip_h","True","0.999664959","0.819462","1.146604","46.942533","163450","0.921201674","320","True"
"4169","4261","Pituitary tumor__enh_2348","train","Pituitary tumor","","Pituitary tumor/enh_2348.png","Pituitary tumor__enh_2440","train","Pituitary tumor","","Pituitary tumor/enh_2440.png","10","0.999902","0.910714","flip_h","False","0.999684402","0.818108","1.153575","46.889890","162187","0.9395218","215","True"
"4171","4262","Pituitary tumor__enh_2350","train","Pituitary tumor","","Pituitary tumor/enh_2350.png","Pituitary tumor__enh_2441","train","Pituitary tumor","","Pituitary tumor/enh_2441.png","7","0.999833","0.666667","flip_h","True","0.999443418","0.870056","1.216425","46.429095","166623","0.639632747","471","False"
"4172","4263","Pituitary tumor__enh_2351","train","Pituitary tumor","","Pituitary tumor/enh_2351.png","Pituitary tumor__enh_2442","train","Pituitary tumor","","Pituitary tumor/enh_2442.png","2","0.999807","0.857143","flip_h","True","0.999378762","0.881077","1.227556","46.349979","168230","0.901296112","99","True"
"4173","4265","Pituitary tumor__enh_2352","val","Pituitary tumor","","Pituitary tumor/enh_2352.png","Pituitary tumor__enh_2444","train","Pituitary tumor","","Pituitary tumor/enh_2444.png","5","0.999814","0.8","flip_h","True","0.999381576","0.865891","1.213527","46.449812","166262","0.810007819","243","False"
"4174","4266","Pituitary tumor__enh_2353","val","Pituitary tumor","","Pituitary tumor/enh_2353.png","Pituitary tumor__enh_2445","val","Pituitary tumor","","Pituitary tumor/enh_2445.png","8","0.999779","0.833333","flip_h","True","0.999334199","0.838348","1.181168","46.684573","163441","0.894713262","235","False"
"4175","4267","Pituitary tumor__enh_2354","train","Pituitary tumor","","Pituitary tumor/enh_2354.png","Pituitary tumor__enh_2446","train","Pituitary tumor","","Pituitary tumor/enh_2446.png","9","0.999766","0.891892","flip_h","False","0.999282459","0.844677","1.188118","46.633610","164065","0.913925192","191","True"
"4177","4269","Pituitary tumor__enh_2356","val","Pituitary tumor","","Pituitary tumor/enh_2356.png","Pituitary tumor__enh_2448","train","Pituitary tumor","","Pituitary tumor/enh_2448.png","3","0.999894","1","flip_h","True","0.999641987","0.828327","1.157722","46.858717","163908","0.916002452","137","True"
"4178","4270","Pituitary tumor__enh_2357","val","Pituitary tumor","","Pituitary tumor/enh_2357.png","Pituitary tumor__enh_2449","val","Pituitary tumor","","Pituitary tumor/enh_2449.png","1","0.999894","0.653846","flip_h","True","0.999634625","0.828106","1.165328","46.801837","162681","0.692442882","525","False"
"4180","4271","Pituitary tumor__enh_2359","train","Pituitary tumor","","Pituitary tumor/enh_2359.png","Pituitary tumor__enh_2450","val","Pituitary tumor","","Pituitary tumor/enh_2450.png","5","0.999919","0.888889","flip_h","True","0.99972832","0.820198","1.149331","46.921904","162955","0.804379562","134","False"
"4181","4272","Pituitary tumor__enh_2360","train","Pituitary tumor","","Pituitary tumor/enh_2360.png","Pituitary tumor__enh_2451","train","Pituitary tumor","","Pituitary tumor/enh_2451.png","7","0.999902","0.866667","flip_h","True","0.999678495","0.807854","1.136732","47.017641","161616","0.901916573","87","True"
"4182","4273","Pituitary tumor__enh_2361","train","Pituitary tumor","","Pituitary tumor/enh_2361.png","Pituitary tumor__enh_2452","train","Pituitary tumor","","Pituitary tumor/enh_2452.png","3","0.999923","0.714286","flip_h","True","0.999724644","0.842426","1.178948","46.700908","165076","0.711494253","251","False"
"4184","4275","Pituitary tumor__enh_2363","train","Pituitary tumor","","Pituitary tumor/enh_2363.png","Pituitary tumor__enh_2454","val","Pituitary tumor","","Pituitary tumor/enh_2454.png","6","0.999898","0.625","flip_h","True","0.999659937","0.818707","1.155826","46.872955","161539","0.568160153","453","False"
"4185","4276","Pituitary tumor__enh_2364","train","Pituitary tumor","","Pituitary tumor/enh_2364.png","Pituitary tumor__enh_2455","train","Pituitary tumor","","Pituitary tumor/enh_2455.png","7","0.999892","0.909091","flip_h","True","0.999635418","0.834293","1.1629","46.819955","165294","0.825301205","145","False"
"4186","4279","Pituitary tumor__enh_2365","val","Pituitary tumor","","Pituitary tumor/enh_2365.png","Pituitary tumor__enh_2458","val","Pituitary tumor","","Pituitary tumor/enh_2458.png","4","0.999882","0.846154","flip_h","True","0.999585007","0.86924","1.21518","46.437994","166817","0.859545837","334","False"
"4188","4280","Pituitary tumor__enh_2367","train","Pituitary tumor","","Pituitary tumor/enh_2367.png","Pituitary tumor__enh_2459","train","Pituitary tumor","","Pituitary tumor/enh_2459.png","4","0.999869","0.965517","flip_h","True","0.999551293","0.893028","1.232297","46.316499","171420","0.883986928","213","False"
"4189","4281","Pituitary tumor__enh_2368","train","Pituitary tumor","","Pituitary tumor/enh_2368.png","Pituitary tumor__enh_2460","train","Pituitary tumor","","Pituitary tumor/enh_2460.png","3","0.999852","0.964286","flip_h","True","0.999496394","0.882385","1.239177","46.268134","166829","0.849794239","292","False"
"4190","4282","Pituitary tumor__enh_2369","train","Pituitary tumor","","Pituitary tumor/enh_2369.png","Pituitary tumor__enh_2461","train","Pituitary tumor","","Pituitary tumor/enh_2461.png","5","0.999861","0.933333","flip_h","True","0.999532925","0.897934","1.234196","46.303123","171958","0.915547025","176","True"
"4192","4283","Pituitary tumor__enh_2371","val","Pituitary tumor","","Pituitary tumor/enh_2371.png","Pituitary tumor__enh_2462","train","Pituitary tumor","","Pituitary tumor/enh_2462.png","5","0.999908","0.944444","flip_h","True","0.999654113","0.877617","1.229517","46.336116","167255","0.905957447","221","True"
"4193","4284","Pituitary tumor__enh_2372","train","Pituitary tumor","","Pituitary tumor/enh_2372.png","Pituitary tumor__enh_2463","train","Pituitary tumor","","Pituitary tumor/enh_2463.png","5","0.999858","0.828571","flip_h","True","0.999510887","0.849323","1.187396","46.638895","165223","0.913104089","187","True"
"4194","4285","Pituitary tumor__enh_2373","val","Pituitary tumor","","Pituitary tumor/enh_2373.png","Pituitary tumor__enh_2464","train","Pituitary tumor","","Pituitary tumor/enh_2464.png","8","0.999841","0.882353","flip_h","True","0.999462871","0.854664","1.188924","46.627723","167149","0.924392439","168","True"
"4197","4287","Pituitary tumor__enh_2376","val","Pituitary tumor","","Pituitary tumor/enh_2376.png","Pituitary tumor__enh_2466","train","Pituitary tumor","","Pituitary tumor/enh_2466.png","8","0.999895","0.9375","flip_h","True","0.999644008","0.834988","1.184159","46.662601","162728","0.954996691","136","True"
"4198","4288","Pituitary tumor__enh_2377","train","Pituitary tumor","","Pituitary tumor/enh_2377.png","Pituitary tumor__enh_2467","train","Pituitary tumor","","Pituitary tumor/enh_2467.png","6","0.99989","0.980392","flip_h","True","0.99960445","0.876392","1.229081","46.339196","167422","0.952180451","159","True"
"4200","4289","Pituitary tumor__enh_2379","train","Pituitary tumor","","Pituitary tumor/enh_2379.png","Pituitary tumor__enh_2468","train","Pituitary tumor","","Pituitary tumor/enh_2468.png","9","0.999893","0.916667","flip_h","False","0.999637733","0.822971","1.169054","46.774111","161252","0.901222332","299","True"
"4201","4290","Pituitary tumor__enh_2380","train","Pituitary tumor","","Pituitary tumor/enh_2380.png","Pituitary tumor__enh_2469","val","Pituitary tumor","","Pituitary tumor/enh_2469.png","9","0.999896","0.904762","flip_h","False","0.999620479","0.856037","1.209609","46.477904","163726","0.919434629","114","True"
"4202","4291","Pituitary tumor__enh_2381","train","Pituitary tumor","","Pituitary tumor/enh_2381.png","Pituitary tumor__enh_2470","train","Pituitary tumor","","Pituitary tumor/enh_2470.png","8","0.999885","0.88","flip_h","True","0.999605106","0.855965","1.201358","46.537357","164927","0.911369193","145","True"
"4204","4292","Pituitary tumor__enh_2383","train","Pituitary tumor","","Pituitary tumor/enh_2383.png","Pituitary tumor__enh_2471","train","Pituitary tumor","","Pituitary tumor/enh_2471.png","7","0.999886","0.913043","flip_h","True","0.999597401","0.895103","1.242369","46.245794","170456","0.922174182","126","True"
"4206","4296","Pituitary tumor__enh_2385","train","Pituitary tumor","","Pituitary tumor/enh_2385.png","Pituitary tumor__enh_2475","train","Pituitary tumor","","Pituitary tumor/enh_2475.png","5","0.999911","0.903226","flip_h","True","0.999691905","0.843433","1.178929","46.701051","165216","0.92884097","132","True"
"4207","4295","Pituitary tumor__enh_2386","train","Pituitary tumor","","Pituitary tumor/enh_2386.png","Pituitary tumor__enh_2474","train","Pituitary tumor","","Pituitary tumor/enh_2474.png","2","0.999916","0.826087","flip_h","True","0.999714051","0.84557","1.175552","46.725963","166297","0.916485113","115","True"
"4208","4300","Pituitary tumor__enh_2387","train","Pituitary tumor","","Pituitary tumor/enh_2387.png","Pituitary tumor__enh_2479","val","Pituitary tumor","","Pituitary tumor/enh_2479.png","4","0.999901","0.923077","flip_h","True","0.999695792","0.803741","1.131013","47.061453","161556","0.930490654","119","True"
"4210","4301","Pituitary tumor__enh_2389","train","Pituitary tumor","","Pituitary tumor/enh_2389.png","Pituitary tumor__enh_2480","train","Pituitary tumor","","Pituitary tumor/enh_2480.png","10","0.99992","1","flip_h","False","0.999746335","0.78891","1.114237","47.191253","160846","0.89516129","52","False"
"4213","4305","Pituitary tumor__enh_2392","train","Pituitary tumor","","Pituitary tumor/enh_2392.png","Pituitary tumor__enh_2484","train","Pituitary tumor","","Pituitary tumor/enh_2484.png","6","0.999884","0.674419","flip_h","True","0.999582913","0.914997","1.266063","46.081694","172320","0.68384157","902","False"
"4214","4307","Pituitary tumor__enh_2393","val","Pituitary tumor","","Pituitary tumor/enh_2393.png","Pituitary tumor__enh_2486","val","Pituitary tumor","","Pituitary tumor/enh_2486.png","9","0.999865","0.966667","flip_h","False","0.999544539","0.874153","1.221945","46.389773","167262","0.938568376","115","True"
"4215","4308","Pituitary tumor__enh_2394","train","Pituitary tumor","","Pituitary tumor/enh_2394.png","Pituitary tumor__enh_2487","train","Pituitary tumor","","Pituitary tumor/enh_2487.png","6","0.999889","0.933333","flip_h","True","0.99962343","0.780201","1.141887","46.978342","151884","0.884533898","218","False"
"4216","4309","Pituitary tumor__enh_2395","train","Pituitary tumor","","Pituitary tumor/enh_2395.png","Pituitary tumor__enh_2488","train","Pituitary tumor","","Pituitary tumor/enh_2488.png","6","0.999899","0.862069","flip_h","True","0.999696167","0.778145","1.107424","47.244528","157391","0.921286031","284","True"
"4217","4310","Pituitary tumor__enh_2396","train","Pituitary tumor","","Pituitary tumor/enh_2396.png","Pituitary tumor__enh_2489","train","Pituitary tumor","","Pituitary tumor/enh_2489.png","7","0.999903","0.947368","flip_h","True","0.99970421","0.796032","1.126557","47.095740","159982","0.957683742","152","True"
"4218","4311","Pituitary tumor__enh_2397","train","Pituitary tumor","","Pituitary tumor/enh_2397.png","Pituitary tumor__enh_2490","train","Pituitary tumor","","Pituitary tumor/enh_2490.png","9","0.9999","0.593407","flip_h","False","0.99967231","0.821678","1.159459","46.845696","161966","0.593171395","2395","False"
"4219","4312","Pituitary tumor__enh_2398","train","Pituitary tumor","","Pituitary tumor/enh_2398.png","Pituitary tumor__enh_2491","train","Pituitary tumor","","Pituitary tumor/enh_2491.png","9","0.999902","0.683761","flip_h","False","0.999684374","0.809361","1.146568","46.942811","160805","0.685502056","2371","False"
"4221","4229","Pituitary tumor__enh_2400","train","Pituitary tumor","","Pituitary tumor/enh_2400.png","Pituitary tumor__enh_2408","train","Pituitary tumor","","Pituitary tumor/enh_2408.png","9","0.999848","0.918919","flip_h","False","0.999495896","0.873047","1.221564","46.392481","166981","0.935700777","306","True"
"4222","4230","Pituitary tumor__enh_2401","val","Pituitary tumor","","Pituitary tumor/enh_2401.png","Pituitary tumor__enh_2409","train","Pituitary tumor","","Pituitary tumor/enh_2409.png","3","0.999842","0.952941","flip_h","True","0.999467644","0.883339","1.236962","46.283676","167523","0.940223464","321","True"
"4223","4231","Pituitary tumor__enh_2402","train","Pituitary tumor","","Pituitary tumor/enh_2402.png","Pituitary tumor__enh_2410","train","Pituitary tumor","","Pituitary tumor/enh_2410.png","4","0.999867","0.964706","flip_h","True","0.999521016","0.90369","1.25782","46.138433","170598","0.957951785","225","True"
"4225","4293","Pituitary tumor__enh_2404","train","Pituitary tumor","","Pituitary tumor/enh_2404.png","Pituitary tumor__enh_2472","train","Pituitary tumor","","Pituitary tumor/enh_2472.png","6","0.999906","0.952381","flip_h","True","0.9996494","0.868221","1.225665","46.363369","164977","0.906637491","128","True"
"4505","4521","Pituitary tumor__enh_962","test","Pituitary tumor","","Pituitary tumor/enh_962.png","Pituitary tumor__enh_978","test","Pituitary tumor","","Pituitary tumor/enh_978.png","6","0.999934","0.904762","flip_h","True","0.999771165","0.635422","1.051021","47.698577","122454","0.928553202","280","True"
"4506","4522","Pituitary tumor__enh_963","test","Pituitary tumor","","Pituitary tumor/enh_963.png","Pituitary tumor__enh_979","test","Pituitary tumor","","Pituitary tumor/enh_979.png","12","0.999932","0.842105","flip_h","False","0.999743829","0.798225","1.159281","46.847027","154944","0.838095238","374","False"
