"first_index","second_index","first_sample_id","first_split","first_class","second_sample_id","second_split","second_class","hamming_distance","pixel_correlation","mask_iou","transform","full_pixel_correlation","full_image_mae","full_image_rmse","full_mask_iou","full_mask_mismatch_pixels","full_verified_likely_duplicate","full_image_psnr","full_image_mismatch_pixels"
"223","443","Glioma__enh_316","train","Glioma","Glioma__enh_634","train","Glioma","11","0.983553","0","identity","0.975358829","25.498207","36.471332","0","3581","False","16.891771","260491"
"224","878","Glioma__enh_319","train","Glioma","Glioma__enh_1235","train","Glioma","10","0.988575","0.836735","flip_h","0.975880083","19.742554","29.217335","0.867724003","809","False","18.817992","259943"
"280","5106","Glioma__enh_402","train","Glioma","Meningioma__enh_880","val","Meningioma","10","0.974589","0.833333","flip_h","","","","","","","17.347566","260714"
"290","5180","Glioma__enh_416","train","Glioma","Meningioma__enh_1474","val","Meningioma","12","0.985683","0.89011","identity","0.976479897","21.194344","30.026749","0.868001357","778","False","18.580637","259926"
"301","2440","Glioma__enh_430","train","Glioma","Meningioma__enh_1706","train","Meningioma","11","0.982851","0.894737","flip_h","0.972139025","19.822479","27.560979","0.914446003","610","False","19.324911","259852"
"301","6193","Glioma__enh_430","train","Glioma","Meningioma__enh_1486","test","Meningioma","12","0.982949","0.884956","identity","0.972244498","19.498661","27.232776","0.910140845","638","False","19.428965","259728"
"308","2446","Glioma__enh_443","train","Glioma","Meningioma__enh_1714","train","Meningioma","9","0.981475","0.919075","flip_h","0.972258574","22.275024","30.715528","0.923242661","855","False","18.383644","260380"
"308","6215","Glioma__enh_443","train","Glioma","Meningioma__enh_1633","test","Meningioma","11","0.981584","0.919075","identity","0.972415669","21.894482","30.36186","0.91630309","940","False","18.484236","260124"
"328","5183","Glioma__enh_472","train","Glioma","Meningioma__enh_1523","val","Meningioma","12","0.987533","0.868421","identity","0.979091429","17.153912","24.846805","0.863422074","985","False","20.225392","259869"
"332","2317","Glioma__enh_479","train","Glioma","Meningioma__enh_1531","train","Meningioma","12","0.983982","0.846154","identity","0.974818308","19.532764","27.876072","0.875152501","614","False","19.226172","259796"
"352","6201","Glioma__enh_504","train","Glioma","Meningioma__enh_1555","test","Meningioma","12","0.984358","0.857143","identity","0.977359467","17.873287","27.142501","0.829301814","621","False","19.457806","259253"
"353","2477","Glioma__enh_505","train","Glioma","Meningioma__enh_1763","train","Meningioma","12","0.986308","0.88","flip_h","0.977544311","19.877392","28.64213","0.869700103","630","False","18.990698","260203"
"364","2348","Glioma__enh_525","train","Glioma","Meningioma__enh_1576","train","Meningioma","11","0.986706","0.951923","identity","0.975974548","18.894508","26.703343","0.931566337","457","False","19.599491","259700"
"374","626","Glioma__enh_537","train","Glioma","Glioma__enh_882","train","Glioma","9","0.999921","0","flip_h","0.999701594","0.590008","1.024017","0","6349","False","47.924661","111772"
"382","411","Glioma__enh_548","train","Glioma","Glioma__enh_589","train","Glioma","12","0.999889","0","flip_h","0.9997491","0.541668","0.899034","0","2098","False","49.055283","115615"
"383","691","Glioma__enh_550","train","Glioma","Glioma__enh_980","train","Glioma","7","0.999907","0.928571","flip_h","0.999724626","0.593178","0.981394","0.927743626","717","True","48.293933","119472"
"384","696","Glioma__enh_551","train","Glioma","Glioma__enh_986","train","Glioma","6","0.999905","0.821429","flip_h","0.999723101","0.504478","0.898637","0.80112202","709","False","49.059117","102093"
"386","709","Glioma__enh_553","train","Glioma","Glioma__enh_1004","train","Glioma","11","0.999918","0.652174","flip_h","0.999743709","0.532387","0.948716","0.631506849","538","False","48.588077","104618"
"387","419","Glioma__enh_555","train","Glioma","Glioma__enh_599","train","Glioma","12","0.999907","0.924855","flip_h","0.999728301","0.549435","0.941761","0.909090909","1021","True","48.651992","110618"
"390","623","Glioma__enh_560","train","Glioma","Glioma__enh_879","train","Glioma","12","0.999885","0.934066","flip_h","0.999675755","0.506321","0.910783","0.924898512","444","True","48.942509","101310"
"392","5857","Glioma__enh_565","train","Glioma","Glioma__enh_1107","test","Glioma","7","0.999885","0.518519","flip_h","0.999723194","0.532032","0.891483","0.535529972","2340","False","49.128539","112916"
"394","725","Glioma__enh_567","train","Glioma","Glioma__enh_1026","train","Glioma","12","0.999881","0.770492","flip_h","0.999680026","0.522655","0.903677","0.78484577","1681","False","49.010543","107371"
"395","729","Glioma__enh_568","train","Glioma","Glioma__enh_1031","train","Glioma","10","0.99992","0.795918","flip_h","0.999762644","0.478325","0.895665","0.807540984","1761","False","49.087893","94113"
"397","744","Glioma__enh_570","train","Glioma","Glioma__enh_1049","train","Glioma","12","0.999885","0.444444","flip_h","0.999643593","0.539192","0.941864","0.513480089","1967","False","48.651039","107253"
"398","748","Glioma__enh_571","train","Glioma","Glioma__enh_1053","train","Glioma","12","0.99989","0.521277","flip_h","0.999674757","0.514324","0.906774","0.541271989","2712","False","48.980823","103738"
"400","4840","Glioma__enh_573","train","Glioma","Glioma__enh_1060","val","Glioma","11","0.99988","0.956897","flip_h","0.999688907","0.536861","0.890649","0.957294181","637","True","49.136676","114153"
"422","577","Glioma__enh_602","train","Glioma","Glioma__enh_816","train","Glioma","8","0.999919","0.779412","flip_h","0.999764853","0.577774","0.966195","0.790140845","1788","False","48.429508","116634"
"423","581","Glioma__enh_603","train","Glioma","Glioma__enh_824","train","Glioma","9","0.999889","0.066667","flip_h","0.999693984","0.544876","0.929794","0.09006764","2556","False","48.763067","111484"
"428","557","Glioma__enh_611","train","Glioma","Glioma__enh_791","train","Glioma","10","0.999912","0.888889","flip_h","0.999725803","0.513763","0.924127","0.887997209","321","False","48.816166","101798"
"429","558","Glioma__enh_612","train","Glioma","Glioma__enh_792","train","Glioma","12","0.999836","0.75","flip_h","0.999621958","0.518703","0.873859","0.814572247","453","False","49.301974","110827"
"430","559","Glioma__enh_613","train","Glioma","Glioma__enh_793","train","Glioma","10","0.999915","0.576271","flip_h","0.999738633","0.568981","0.969217","0.590034274","1555","False","48.402388","113661"
"431","560","Glioma__enh_614","train","Glioma","Glioma__enh_794","train","Glioma","10","0.999926","0.901639","flip_h","0.999776625","0.52277","0.917235","0.886909373","438","False","48.881191","106234"
"438","5896","Glioma__enh_622","train","Glioma","Glioma__enh_1321","test","Glioma","7","0.999931","1","flip_h","0.999744637","0.680023","1.083029","0.958597764","137","True","47.438006","129943"
"440","5899","Glioma__enh_627","train","Glioma","Glioma__enh_1349","test","Glioma","4","0.999935","0.921429","flip_h","0.999787772","0.643005","1.02747","0.944620971","488","True","47.895421","128254"
"441","1111","Glioma__enh_630","train","Glioma","Glioma__enh_1579","train","Glioma","8","0.999933","0.933333","flip_h","0.999796293","0.65876","1.018929","0.914059814","250","True","47.967928","134349"
"443","460","Glioma__enh_634","train","Glioma","Glioma__enh_652","train","Glioma","12","0.999896","0","flip_h","0.999648835","0.645851","1.028895","0","3021","False","47.883385","127620"
"444","881","Glioma__enh_636","train","Glioma","Glioma__enh_1241","train","Glioma","9","0.999918","0.8","flip_h","0.999719814","0.665188","1.05123","0.8465063","268","False","47.696853","130451"
"445","884","Glioma__enh_637","train","Glioma","Glioma__enh_1244","train","Glioma","6","0.999891","0.891892","flip_h","0.999637361","0.645039","1.031437","0.91700448","389","True","47.861951","126094"
"447","4863","Glioma__enh_639","train","Glioma","Glioma__enh_1251","val","Glioma","8","0.999886","0.822222","flip_h","0.999657412","0.642799","1.008308","0.838020648","910","False","48.058937","130498"
"448","464","Glioma__enh_640","train","Glioma","Glioma__enh_658","train","Glioma","12","0.999911","0.466667","flip_h","0.999719968","0.614452","1.000082","0.509713882","1388","False","48.130091","122806"
"449","897","Glioma__enh_641","train","Glioma","Glioma__enh_1264","train","Glioma","9","0.999874","0.676136","flip_h","0.999598809","0.663185","1.036059","0.700254176","3302","False","47.823116","132712"
"450","903","Glioma__enh_642","train","Glioma","Glioma__enh_1273","train","Glioma","9","0.999895","0.905028","flip_h","0.999643629","0.653957","1.039872","0.900210822","1136","True","47.791208","129103"
"451","906","Glioma__enh_643","train","Glioma","Glioma__enh_1279","train","Glioma","9","0.9999","0.890625","flip_h","0.999694583","0.638035","1.002722","0.924272324","307","True","48.107194","129827"
"451","1812","Glioma__enh_643","train","Glioma","Meningioma__enh_663","train","Meningioma","12","0.984918","0.6","identity","0.97582107","21.695423","31.12709","0.586078955","2789","False","18.268033","260243"
"452","909","Glioma__enh_644","train","Glioma","Glioma__enh_1283","train","Glioma","5","0.999915","0.921569","flip_h","0.999722199","0.6684","1.04221","0.953167217","156","True","47.771703","133046"
"453","913","Glioma__enh_645","train","Glioma","Glioma__enh_1287","train","Glioma","12","0.999929","0.923077","flip_h","0.999801448","0.61689","0.979001","0.959173127","237","True","48.315142","127111"
"454","920","Glioma__enh_646","train","Glioma","Glioma__enh_1295","train","Glioma","11","0.999902","0.8","flip_h","0.999661242","0.665882","1.061191","0.864983535","123","False","47.614936","128817"
"455","5895","Glioma__enh_647","train","Glioma","Glioma__enh_1313","test","Glioma","4","0.999922","0.516129","flip_h","0.999745322","0.632286","1.025664","0.524150566","2857","False","47.910701","124386"
"457","4782","Glioma__enh_649","train","Glioma","Glioma__enh_633","val","Glioma","12","0.999886","0.896552","flip_h","0.999639696","0.641918","1.023305","0.906435911","173","True","47.930700","128112"
"468","5874","Glioma__enh_663","train","Glioma","Glioma__enh_1214","test","Glioma","11","0.99987","0.957447","flip_h","0.999643531","0.629456","0.982913","0.924694708","222","True","48.280503","131482"
"469","852","Glioma__enh_664","train","Glioma","Glioma__enh_1199","train","Glioma","10","0.999866","0.6875","flip_h","0.9995816","0.647949","1.028472","0.680486769","2258","False","47.886955","128326"
"478","846","Glioma__enh_676","train","Glioma","Glioma__enh_1193","train","Glioma","12","0.999918","0.777778","flip_h","0.999735516","0.623138","1.016564","0.828696925","117","False","47.988113","123340"
"487","869","Glioma__enh_688","train","Glioma","Glioma__enh_1219","train","Glioma","7","0.99991","0.774194","flip_h","0.999723228","0.667946","1.028961","0.819799585","1043","False","47.882822","136065"
"547","5935","Glioma__enh_777","train","Glioma","Glioma__enh_1613","test","Glioma","10","0.999909","0.831776","flip_h","0.99970287","0.79649","1.127569","0.819653508","1270","False","47.087941","159909"
"552","1133","Glioma__enh_783","train","Glioma","Glioma__enh_1615","train","Glioma","9","0.999909","0.9","flip_h","0.999683992","0.836006","1.179833","0.884398977","226","False","46.694393","163368"
"555","5787","Glioma__enh_789","train","Glioma","Glioma__enh_608","test","Glioma","11","0.999942","0.868327","flip_h","0.999800298","0.608307","1.017614","0.872672872","2298","False","47.979144","118016"
"556","807","Glioma__enh_790","train","Glioma","Glioma__enh_1136","train","Glioma","9","0.99987","0.915058","flip_h","0.999633285","0.52734","0.916815","0.937796099","1011","True","48.885171","106527"
"562","835","Glioma__enh_796","train","Glioma","Glioma__enh_1177","train","Glioma","8","0.999923","0.823529","flip_h","0.999755509","0.544376","0.947322","0.815240834","1028","False","48.600851","107773"
"564","588","Glioma__enh_798","train","Glioma","Glioma__enh_832","train","Glioma","11","0.999881","0.894737","flip_h","0.999634238","0.544868","0.944473","0.944391635","468","True","48.627015","108473"
"566","5821","Glioma__enh_801","train","Glioma","Glioma__enh_856","test","Glioma","8","0.999888","0.841772","flip_h","0.999675451","0.505116","0.892822","0.855397047","2899","False","49.115509","102586"
"567","611","Glioma__enh_802","train","Glioma","Glioma__enh_862","train","Glioma","9","0.999906","0.653846","flip_h","0.999717704","0.521351","0.924649","0.64590929","2428","False","48.811261","103975"
"568","4818","Glioma__enh_803","train","Glioma","Glioma__enh_904","val","Glioma","7","0.999802","0.636364","flip_h","0.999559722","0.467457","0.830046","0.657752308","2150","False","49.748761","99810"
"571","675","Glioma__enh_808","train","Glioma","Glioma__enh_952","train","Glioma","11","0.999845","0.755906","flip_h","0.999567472","0.507347","0.897188","0.758479314","1944","False","49.073131","103145"
"572","5836","Glioma__enh_809","train","Glioma","Glioma__enh_956","test","Glioma","11","0.999917","0.724138","flip_h","0.999763927","0.527279","0.902874","0.790619765","375","False","49.018259","108973"
"574","711","Glioma__enh_813","train","Glioma","Glioma__enh_1006","train","Glioma","9","0.999928","0.708333","flip_h","0.999797069","0.587353","0.962986","0.777698864","313","False","48.458407","121503"
"575","5847","Glioma__enh_814","train","Glioma","Glioma__enh_1016","test","Glioma","12","0.999909","0.903226","flip_h","0.999719939","0.529579","0.9345","0.934832609","255","True","48.719214","105300"
"578","622","Glioma__enh_819","train","Glioma","Glioma__enh_878","train","Glioma","7","0.999898","0.923077","flip_h","0.999709989","0.512798","0.917871","0.902352344","577","True","48.875170","102646"
"579","5856","Glioma__enh_821","train","Glioma","Glioma__enh_1097","test","Glioma","10","0.999843","0.906832","flip_h","0.999632327","0.532505","0.901834","0.923753666","780","True","49.028270","111933"
"582","731","Glioma__enh_825","train","Glioma","Glioma__enh_1034","train","Glioma","11","0.999925","0.842105","flip_h","0.999807938","0.507862","0.88564","0.757337743","587","False","49.185655","105885"
"584","753","Glioma__enh_828","train","Glioma","Glioma__enh_1059","train","Glioma","11","0.999916","0.067308","flip_h","0.999757898","0.54763","0.917557","0.071693632","12508","False","48.878140","113778"
"585","761","Glioma__enh_829","train","Glioma","Glioma__enh_1070","train","Glioma","10","0.999887","0.742857","flip_h","0.999633459","0.539429","0.94837","0.769631236","531","False","48.591244","106658"
"617","5780","Glioma__enh_870","train","Glioma","Glioma__enh_558","test","Glioma","9","0.999899","0.60241","flip_h","0.999683939","0.58255","0.990926","0.620845921","2008","False","48.209982","113880"
"619","4808","Glioma__enh_873","train","Glioma","Glioma__enh_818","val","Glioma","7","0.999851","0.304348","flip_h","0.99962393","0.548157","0.918966","0.271466314","1103","False","48.864819","114125"
"621","4773","Glioma__enh_875","train","Glioma","Glioma__enh_559","val","Glioma","5","0.999872","0.8","flip_h","0.999671819","0.531906","0.900372","0.8141542","646","False","49.042368","111012"
"674","4771","Glioma__enh_951","train","Glioma","Glioma__enh_545","val","Glioma","11","0.999893","0.367021","flip_h","0.999689923","0.552219","0.945633","0.362535494","7633","False","48.616349","110789"
"771","5817","Glioma__enh_1084","train","Glioma","Glioma__enh_820","test","Glioma","7","0.999893","0.759036","flip_h","0.999715441","0.526585","0.899403","0.792944785","1080","False","49.051718","109243"
"775","4774","Glioma__enh_1088","train","Glioma","Glioma__enh_561","val","Glioma","9","0.999906","1","flip_h","0.999728911","0.540451","0.935773","0.812888199","241","False","48.707392","108666"
"776","5781","Glioma__enh_1091","train","Glioma","Glioma__enh_562","test","Glioma","5","0.999891","0.21978","flip_h","0.999698082","0.501354","0.897679","0.220608575","4508","False","49.068380","101119"
"838","1005","Glioma__enh_1182","train","Glioma","Glioma__enh_1431","train","Glioma","11","0.999929","0.901099","flip_h","0.9997769","0.615719","0.994662","0.888484848","644","False","48.177290","123974"
"839","1025","Glioma__enh_1183","train","Glioma","Glioma__enh_1459","train","Glioma","12","0.999813","0.86","flip_h","0.999470618","0.613087","0.987225","0.883207071","370","False","48.242481","124782"
"840","4907","Glioma__enh_1184","train","Glioma","Glioma__enh_1467","val","Glioma","9","0.999877","0.095238","flip_h","0.999606866","0.632915","1.017102","0.086803371","7259","False","47.983514","125571"
"841","1043","Glioma__enh_1186","train","Glioma","Glioma__enh_1487","train","Glioma","7","0.99993","0.407407","flip_h","0.999758748","0.629623","1.020874","0.439187817","2762","False","47.951364","123819"
"842","1049","Glioma__enh_1187","train","Glioma","Glioma__enh_1494","train","Glioma","7","0.999876","0.934579","flip_h","0.999615062","0.613541","0.995205","0.927323041","499","True","48.172554","122614"
"842","1526","Glioma__enh_1187","train","Glioma","Meningioma__enh_268","train","Meningioma","9","0.98204","0.842105","identity","0.97354603","23.511635","33.972463","0.864309211","990","False","17.508263","259759"
"843","1054","Glioma__enh_1188","train","Glioma","Glioma__enh_1499","train","Glioma","8","0.999907","0.921053","flip_h","0.999730559","0.623013","0.989764","0.941163793","273","True","48.220168","127254"
"843","1538","Glioma__enh_1188","train","Glioma","Meningioma__enh_283","train","Meningioma","6","0.980486","0.734694","identity","0.972797696","19.337978","28.757294","0.69958081","1935","False","18.955843","258815"
"844","4911","Glioma__enh_1189","train","Glioma","Glioma__enh_1504","val","Glioma","10","0.999896","0.467532","flip_h","0.999694453","0.613262","0.992251","0.468155418","5311","False","48.198373","123818"
"845","1075","Glioma__enh_1191","train","Glioma","Glioma__enh_1530","train","Glioma","7","0.999907","0.904762","flip_h","0.999689066","0.66177","1.054783","0.932685116","90","True","47.667538","128780"
"847","1085","Glioma__enh_1194","train","Glioma","Glioma__enh_1545","train","Glioma","9","0.999916","0.918182","flip_h","0.999746217","0.648754","1.025446","0.935750544","443","True","47.912544","129306"
"848","5924","Glioma__enh_1195","train","Glioma","Glioma__enh_1550","test","Glioma","9","0.999887","0.756757","flip_h","0.999650277","0.610909","0.988767","0.730438521","1254","False","48.228920","122400"
"849","1092","Glioma__enh_1196","train","Glioma","Glioma__enh_1554","train","Glioma","7","0.999905","0.712644","flip_h","0.999670773","0.67675","1.072584","0.7056423","1659","False","47.522177","130898"
"849","5039","Glioma__enh_1196","train","Glioma","Meningioma__enh_358","val","Meningioma","10","0.978762","0.794118","identity","","","","","","","17.342227","259914"
"850","4922","Glioma__enh_1197","train","Glioma","Glioma__enh_1558","val","Glioma","1","0.999929","0.908602","flip_h","0.999722447","0.686981","1.094277","0.91522272","1003","True","47.348262","130085"
"851","1098","Glioma__enh_1198","train","Glioma","Glioma__enh_1562","train","Glioma","4","0.999923","0.862745","flip_h","0.999763189","0.633369","1.002157","0.888661094","706","False","48.112090","127804"
"852","1394","Glioma__enh_1199","train","Glioma","Meningioma__enh_59","train","Meningioma","12","0.978035","0.645161","identity","","","","","","","17.450656","259566"
"853","4881","Glioma__enh_1200","train","Glioma","Glioma__enh_1361","val","Glioma","6","0.999919","0.712644","flip_h","0.999726287","0.64756","1.042208","0.714360955","1627","False","47.771718","126314"
"854","5994","Glioma__enh_1201","train","Glioma","Meningioma__enh_71","test","Meningioma","9","0.979462","0.205882","identity","","","","","","","17.518902","259363"
"855","969","Glioma__enh_1202","train","Glioma","Glioma__enh_1367","train","Glioma","11","0.999896","0.747475","flip_h","0.999723451","0.572681","0.930338","0.777350016","1388","False","48.757992","119726"
"856","975","Glioma__enh_1203","train","Glioma","Glioma__enh_1380","train","Glioma","10","0.999877","0.913043","flip_h","0.999654477","0.616837","0.983173","0.922110553","341","True","48.278205","126375"
"857","5904","Glioma__enh_1205","train","Glioma","Glioma__enh_1385","test","Glioma","8","0.999943","0.935484","flip_h","0.999792981","0.679668","1.073876","0.933824592","916","True","47.511721","131258"
"859","4893","Glioma__enh_1207","train","Glioma","Glioma__enh_1409","val","Glioma","12","0.99993","0.695238","flip_h","0.99978631","0.6092","0.985386","0.703004681","1967","False","48.258677","123598"
"860","997","Glioma__enh_1208","train","Glioma","Glioma__enh_1419","train","Glioma","6","0.999897","0.920455","flip_h","0.999702839","0.595684","0.968279","0.903788014","541","True","48.410790","121778"
"862","936","Glioma__enh_1211","train","Glioma","Glioma__enh_1320","train","Glioma","8","0.999891","0.836364","flip_h","0.999628708","0.669365","1.056563","0.917832168","282","True","47.652896","130845"
"862","4982","Glioma__enh_1211","train","Glioma","Meningioma__enh_11","val","Meningioma","8","0.985262","0.770492","identity","0.973828385","22.623829","32.454024","0.846052977","587","False","17.905433","259480"
"863","939","Glioma__enh_1212","train","Glioma","Glioma__enh_1325","train","Glioma","7","0.999889","0.829268","flip_h","0.999656957","0.656189","1.035204","0.860126084","355","False","47.830283","130656"
"864","943","Glioma__enh_1213","train","Glioma","Glioma__enh_1329","train","Glioma","4","0.999909","0.864865","flip_h","0.999684075","0.647659","1.040611","0.833473154","794","False","47.785038","126523"
"865","5898","Glioma__enh_1215","train","Glioma","Glioma__enh_1346","test","Glioma","12","0.999932","0.9375","flip_h","0.999791513","0.625004","1.001496","0.938274265","573","True","48.117818","126712"
"866","1108","Glioma__enh_1216","train","Glioma","Glioma__enh_1573","train","Glioma","8","0.999929","0.774194","flip_h","0.999777474","0.670246","1.035387","0.827891533","311","False","47.828753","135463"
"867","5926","Glioma__enh_1217","train","Glioma","Glioma__enh_1577","test","Glioma","11","0.999923","0.890411","flip_h","0.999754089","0.692211","1.052216","0.911063373","414","True","47.688705","139986"
"868","4788","Glioma__enh_1218","train","Glioma","Glioma__enh_687","val","Glioma","12","0.999931","0.916667","flip_h","0.999770418","0.647892","1.029256","0.932896521","297","True","47.880335","129299"
"870","878","Glioma__enh_1221","train","Glioma","Glioma__enh_1235","train","Glioma","9","0.999924","0.774775","flip_h","0.999751569","0.620121","1.017128","0.77430604","1618","False","47.983290","122343"
"872","907","Glioma__enh_1227","train","Glioma","Glioma__enh_1281","train","Glioma","6","0.999928","0.884615","flip_h","0.999759207","0.639042","1.025406","0.912990196","142","True","47.912891","126079"
"874","921","Glioma__enh_1229","train","Glioma","Glioma__enh_1296","train","Glioma","10","0.999903","0.727273","flip_h","0.999678037","0.679127","1.073709","0.758241758","330","False","47.513071","131333"
"875","4860","Glioma__enh_1231","train","Glioma","Glioma__enh_1220","val","Glioma","7","0.999913","0.858974","flip_h","0.999731587","0.600967","0.981546","0.849196539","732","False","48.292592","120834"
"880","5746","Glioma__enh_1240","train","Glioma","Glioma__enh_325","test","Glioma","12","0.98265","0.320513","flip_h","0.970929162","22.895477","32.011407","0.324064813","3379","False","18.024708","260541"
"883","5875","Glioma__enh_1243","train","Glioma","Glioma__enh_1222","test","Glioma","3","0.999888","0.97619","flip_h","0.99962518","0.651703","1.038941","0.940660112","169","True","47.798983","127629"
"886","5876","Glioma__enh_1248","train","Glioma","Glioma__enh_1223","test","Glioma","9","0.999884","0.775281","flip_h","0.999644201","0.615257","0.995695","0.817582026","1023","False","48.168274","123234"
"889","5877","Glioma__enh_1252","train","Glioma","Glioma__enh_1224","test","Glioma","11","0.99986","0.739394","flip_h","0.999593702","0.626629","0.992693","0.739310605","2768","False","48.194505","127738"
"919","4996","Glioma__enh_1294","train","Glioma","Meningioma__enh_133","val","Meningioma","10","0.98528","0.704348","flip_h","0.973242313","23.109615","33.306966","0.671072151","2439","False","17.680102","260403"
"930","4861","Glioma__enh_1311","train","Glioma","Glioma__enh_1230","val","Glioma","11","0.999907","0.42","flip_h","0.999730278","0.589569","0.959746","0.421913965","3709","False","48.487679","120439"
"938","5788","Glioma__enh_1324","train","Glioma","Glioma__enh_623","test","Glioma","8","0.999896","0.590164","flip_h","0.999681889","0.647499","1.025117","0.622933613","1437","False","47.915334","129274"
"941","5789","Glioma__enh_1327","train","Glioma","Glioma__enh_624","test","Glioma","7","0.999928","0.43617","flip_h","0.999757611","0.670959","1.057516","0.428782895","3473","False","47.645067","131840"
"951","4781","Glioma__enh_1341","train","Glioma","Glioma__enh_626","val","Glioma","9","0.9999","0.906977","flip_h","0.999719944","0.606514","0.970167","0.912634876","251","True","48.393878","125819"
"977","5873","Glioma__enh_1383","train","Glioma","Glioma__enh_1204","test","Glioma","7","0.999882","0.875","flip_h","0.99964394","0.619617","0.988665","0.896943574","263","False","48.229818","126042"
"1019","5009","Glioma__enh_1448","train","Glioma","Meningioma__enh_201","val","Meningioma","10","0.982438","0.745098","flip_h","0.975818088","19.440639","29.383191","0.708444444","984","False","18.768824","259423"
"1033","5870","Glioma__enh_1473","train","Glioma","Glioma__enh_1185","test","Glioma","11","0.999738","0.851852","flip_h","0.999312391","0.626095","0.978878","0.778988544","791","False","48.316231","129313"
"1069","1556","Glioma__enh_1521","train","Glioma","Meningioma__enh_307","train","Meningioma","12","0.98076","0.494118","flip_h","0.970393999","22.678307","32.207551","0.464344337","2937","False","17.971649","260145"
"1093","1592","Glioma__enh_1556","train","Glioma","Meningioma__enh_361","train","Meningioma","11","0.980969","0.512346","flip_h","0.971218459","23.314926","32.946991","0.509360374","5032","False","17.774488","260096"
"1110","5791","Glioma__enh_1576","train","Glioma","Glioma__enh_629","test","Glioma","11","0.999934","0.818182","flip_h","0.999782351","0.679981","1.048661","0.752515091","369","False","47.718103","136133"
"1129","4931","Glioma__enh_1608","train","Glioma","Glioma__enh_1630","val","Glioma","10","0.999931","0.307018","flip_h","0.999766449","0.766338","1.10991","0.307116615","5092","False","47.225052","153928"
"1130","1309","Glioma__enh_1609","train","Glioma","Glioma__enh_1882","train","Glioma","10","0.999924","0.927711","flip_h","0.999736333","0.776825","1.11335","0.935211808","338","True","47.198171","156589"
"1131","1313","Glioma__enh_1610","train","Glioma","Glioma__enh_1886","train","Glioma","8","0.999893","0.785714","flip_h","0.999646686","0.785023","1.126337","0.795599305","353","False","47.097437","156505"
"1134","5813","Glioma__enh_1616","train","Glioma","Glioma__enh_784","test","Glioma","7","0.999937","0.916667","flip_h","0.999781131","0.786755","1.125924","0.914024191","263","True","47.100625","157089"
"1315","4930","Glioma__enh_1888","train","Glioma","Glioma__enh_1611","val","Glioma","10","0.999908","0.882353","flip_h","0.999714912","0.763592","1.093759","0.896045198","552","False","47.352373","156865"
"1357","4785","Meningioma__enh_14","train","Meningioma","Glioma__enh_661","val","Glioma","10","0.977502","0.788462","flip_h","","","","","","","17.961911","259689"
"1358","4873","Meningioma__enh_15","train","Meningioma","Glioma__enh_1322","val","Glioma","8","0.977064","0.545455","flip_h","","","","","","","17.862120","259726"
"1457","4897","Meningioma__enh_155","train","Meningioma","Glioma__enh_1423","val","Glioma","12","0.981943","0.646341","flip_h","0.972924801","17.843296","25.916969","0.645741627","1851","False","19.859119","259551"
"1496","5915","Meningioma__enh_228","train","Meningioma","Glioma__enh_1465","test","Glioma","9","0.981306","0.717742","flip_h","0.969856886","22.201469","32.009855","0.708266004","2347","False","18.025129","259577"
"1500","5916","Meningioma__enh_233","train","Meningioma","Glioma__enh_1468","test","Glioma","7","0.986839","0.792079","flip_h","0.975478709","21.747257","31.198329","0.778448605","2899","False","18.248177","259763"
"1578","4919","Meningioma__enh_337","train","Meningioma","Glioma__enh_1539","val","Glioma","11","0.983047","0.583333","flip_h","0.974324934","22.070335","32.22224","0.492286115","362","False","17.967689","260204"
"1844","2079","Meningioma__enh_717","train","Meningioma","Meningioma__enh_1112","train","Meningioma","1","0.999896","0.937173","identity","0.999842565","0.82415","1.488409","0.940764279","727","True","44.676356","133248"
"1856","2214","Meningioma__enh_774","train","Meningioma","Meningioma__enh_1362","train","Meningioma","7","0.999914","0.849057","flip_h","0.999738638","0.57394","0.965439","0.889362999","363","False","48.436310","115148"
"1858","2151","Meningioma__enh_776","train","Meningioma","Meningioma__enh_1274","train","Meningioma","9","0.999944","0.75","flip_h","0.999815612","0.623764","1.019123","0.710640347","601","False","47.966269","123772"
"1859","5152","Meningioma__enh_777","train","Meningioma","Meningioma__enh_1282","val","Meningioma","8","0.999915","0.965517","flip_h","0.999784368","0.525818","0.888489","0.939512962","231","True","49.157758","111361"
"1861","2179","Meningioma__enh_779","train","Meningioma","Meningioma__enh_1317","train","Meningioma","11","0.999929","0.872727","flip_h","0.999782119","0.538692","0.945327","0.90183513","337","True","48.619166","107537"
"1862","2216","Meningioma__enh_782","train","Meningioma","Meningioma__enh_1365","train","Meningioma","10","0.999923","0.880597","flip_h","0.999760204","0.576019","0.978903","0.908286039","404","True","48.316006","113960"
"1866","2230","Meningioma__enh_787","train","Meningioma","Meningioma__enh_1389","train","Meningioma","11","0.999932","0.953846","flip_h","0.999823388","0.4907","0.861344","0.951820819","598","True","49.427275","103209"
"1870","2245","Meningioma__enh_791","train","Meningioma","Meningioma__enh_1405","train","Meningioma","10","0.999928","0.976331","flip_h","0.99982476","0.528057","0.88938","0.959832407","441","True","49.149058","111876"
"1873","2255","Meningioma__enh_794","train","Meningioma","Meningioma__enh_1420","train","Meningioma","10","0.99993","0.9125","flip_h","0.99980228","0.575958","0.951803","0.957643814","215","True","48.559859","118367"
"1874","2142","Meningioma__enh_795","train","Meningioma","Meningioma__enh_1258","train","Meningioma","12","0.999903","0.907895","flip_h","0.999734046","0.560177","0.924654","0.92578986","707","True","48.811222","117230"
"1878","5130","Meningioma__enh_804","train","Meningioma","Meningioma__enh_1081","val","Meningioma","8","0.999928","0.972973","flip_h","0.9997298","0.625969","1.051322","0.926680244","180","True","47.696088","118960"
"1880","2062","Meningioma__enh_806","train","Meningioma","Meningioma__enh_1086","train","Meningioma","10","0.999931","0.933775","flip_h","0.999807485","0.552414","0.926416","0.948833789","487","True","48.794686","114195"
"1881","2091","Meningioma__enh_807","train","Meningioma","Meningioma__enh_1167","train","Meningioma","11","0.999884","0.89899","flip_h","0.999700002","0.499207","0.890115","0.89452496","655","False","49.141880","102424"
"1882","5135","Meningioma__enh_808","train","Meningioma","Meningioma__enh_1169","val","Meningioma","7","0.99994","0.827586","flip_h","0.999802691","0.546814","0.958342","0.858757062","500","False","48.500396","107339"
"1887","6140","Meningioma__enh_815","train","Meningioma","Meningioma__enh_1190","test","Meningioma","12","0.999935","0.929412","flip_h","0.999830112","0.575001","0.924868","0.946232558","289","True","48.809208","121235"
"1888","6142","Meningioma__enh_817","train","Meningioma","Meningioma__enh_1195","test","Meningioma","9","0.999934","0.94186","flip_h","0.999801687","0.588791","0.984828","0.941572625","321","True","48.263593","117834"
"1890","6146","Meningioma__enh_820","train","Meningioma","Meningioma__enh_1206","test","Meningioma","9","0.999923","0.864865","flip_h","0.999727861","0.633305","1.043888","0.906189762","438","True","47.757724","120796"
"1891","2083","Meningioma__enh_822","train","Meningioma","Meningioma__enh_1154","train","Meningioma","9","0.999931","0.642857","flip_h","0.999720774","0.652775","1.086438","0.671067961","847","False","47.410705","121499"
"1893","2069","Meningioma__enh_827","train","Meningioma","Meningioma__enh_1094","train","Meningioma","12","0.999944","0.959459","flip_h","0.999822271","0.564095","0.961497","0.91273162","438","True","48.471844","112768"
"1894","2074","Meningioma__enh_829","train","Meningioma","Meningioma__enh_1100","train","Meningioma","10","0.999917","0.93617","flip_h","0.999706203","0.644608","1.058003","0.918116684","240","True","47.641069","123415"
"1898","2052","Meningioma__enh_838","train","Meningioma","Meningioma__enh_1072","train","Meningioma","12","0.999936","0.920635","flip_h","0.999808578","0.606346","0.991841","0.924928067","287","True","48.201959","123204"
"1913","5171","Meningioma__enh_873","train","Meningioma","Meningioma__enh_1436","val","Meningioma","4","0.999926","0.939759","flip_h","0.999760825","0.684544","1.058426","0.946988891","272","True","47.637592","136089"
"1916","2275","Meningioma__enh_876","train","Meningioma","Meningioma__enh_1448","train","Meningioma","10","0.999939","0.793103","flip_h","0.999766676","0.798508","1.167243","0.804118268","371","False","46.787575","153431"
"1918","2281","Meningioma__enh_879","train","Meningioma","Meningioma__enh_1458","train","Meningioma","12","0.99988","0.90566","flip_h","0.999561332","0.847515","1.188991","0.885168869","391","False","46.627231","164722"
"1919","5179","Meningioma__enh_881","train","Meningioma","Meningioma__enh_1465","val","Meningioma","3","0.99993","0.893939","flip_h","0.999751877","0.726994","1.111936","0.962059621","154","True","47.209212","140454"
"1920","2287","Meningioma__enh_882","train","Meningioma","Meningioma__enh_1468","train","Meningioma","8","0.999957","0.871795","flip_h","0.999859188","0.682289","1.040534","0.894916702","246","False","47.785681","138707"
"1921","2289","Meningioma__enh_883","train","Meningioma","Meningioma__enh_1471","train","Meningioma","8","0.99995","0.944444","flip_h","0.999831371","0.669941","1.041184","0.937586926","359","True","47.780252","133697"
"1922","5180","Meningioma__enh_884","train","Meningioma","Meningioma__enh_1474","val","Meningioma","9","0.999928","0.922222","flip_h","0.999775526","0.694717","1.045869","0.918082095","463","True","47.741259","141932"
"1923","2296","Meningioma__enh_885","train","Meningioma","Meningioma__enh_1480","train","Meningioma","10","0.999916","0.733333","flip_h","0.999730707","0.671524","1.056599","0.862569832","123","False","47.652599","132770"
"1924","6192","Meningioma__enh_887","train","Meningioma","Meningioma__enh_1485","test","Meningioma","12","0.999948","0.891304","flip_h","0.999800696","0.699577","1.090061","0.91538192","483","True","47.381790","135073"
"1925","2392","Meningioma__enh_891","train","Meningioma","Meningioma__enh_1640","train","Meningioma","10","0.999922","0.843478","flip_h","0.999748159","0.667503","1.043002","0.873604911","906","False","47.765104","133072"
"1927","2303","Meningioma__enh_893","train","Meningioma","Meningioma__enh_1509","train","Meningioma","8","0.999901","0.933333","flip_h","0.999666","0.700302","1.073704","0.925916161","281","True","47.513115","138558"
"1928","2308","Meningioma__enh_894","train","Meningioma","Meningioma__enh_1516","train","Meningioma","9","0.999929","0.888889","flip_h","0.999764322","0.659393","1.029095","0.828318584","485","False","47.881695","132496"
"1929","2312","Meningioma__enh_895","train","Meningioma","Meningioma__enh_1520","train","Meningioma","8","0.999932","0.880342","flip_h","0.999768376","0.677864","1.06098","0.921157274","575","True","47.616658","133614"
"1931","6197","Meningioma__enh_899","train","Meningioma","Meningioma__enh_1535","test","Meningioma","8","0.999911","0.835821","flip_h","0.999741531","0.624058","0.984668","0.805136664","827","False","48.265011","128335"
"1932","2322","Meningioma__enh_900","train","Meningioma","Meningioma__enh_1540","train","Meningioma","8","0.99994","0.415385","flip_h","0.999766627","0.789494","1.162743","0.393903592","2565","False","46.821131","151782"
"1934","5189","Meningioma__enh_902","train","Meningioma","Meningioma__enh_1545","val","Meningioma","9","0.999949","0.965517","flip_h","0.999811981","0.7234","1.111874","0.92244898","152","True","47.209694","139573"
"1935","5192","Meningioma__enh_906","train","Meningioma","Meningioma__enh_1566","val","Meningioma","11","0.999933","0.932099","flip_h","0.999778152","0.674309","1.046091","0.953001077","480","True","47.739412","134335"
"1936","2344","Meningioma__enh_907","train","Meningioma","Meningioma__enh_1571","train","Meningioma","8","0.999913","0.9375","flip_h","0.999726506","0.694309","1.063105","0.931837699","635","True","47.599282","138789"
"1937","2347","Meningioma__enh_908","train","Meningioma","Meningioma__enh_1574","train","Meningioma","12","0.999944","0.953488","flip_h","0.999828272","0.665726","1.026404","0.909184373","265","True","47.904438","135297"
"1938","2350","Meningioma__enh_909","train","Meningioma","Meningioma__enh_1579","train","Meningioma","12","0.999926","0.953947","flip_h","0.999759653","0.688141","1.061534","0.955929404","427","True","47.612127","137889"
"1940","6207","Meningioma__enh_911","train","Meningioma","Meningioma__enh_1586","test","Meningioma","7","0.99991","0.904762","flip_h","0.999750316","0.664436","1.011726","0.908284024","124","True","48.029543","138342"
"1941","2369","Meningioma__enh_912","train","Meningioma","Meningioma__enh_1611","train","Meningioma","9","0.999938","0.893048","flip_h","0.999767559","0.809208","1.167346","0.892689746","1305","False","46.786809","156919"
"1942","2328","Meningioma__enh_914","train","Meningioma","Meningioma__enh_1547","train","Meningioma","12","0.999939","0.907895","flip_h","0.99982162","0.610603","0.969836","0.948101266","246","True","48.396836","126085"
"1944","5196","Meningioma__enh_916","train","Meningioma","Meningioma__enh_1595","val","Meningioma","10","0.999929","0.319149","flip_h","0.999742097","0.726131","1.108417","0.324720893","2117","False","47.236741","141018"
"1946","2363","Meningioma__enh_918","train","Meningioma","Meningioma__enh_1602","train","Meningioma","9","0.999911","0.933775","flip_h","0.999702322","0.693058","1.060342","0.943611404","534","True","47.621886","137969"
"1948","2368","Meningioma__enh_920","train","Meningioma","Meningioma__enh_1609","train","Meningioma","9","0.999927","0.878788","flip_h","0.999765454","0.683239","1.039901","0.940114068","126","True","47.790963","138256"
"1957","2566","Meningioma__enh_948","train","Meningioma","Meningioma__enh_1909","train","Meningioma","11","0.999918","0.892857","flip_h","0.999722881","0.820602","1.162636","0.879088785","207","False","46.821927","162836"
"1958","2569","Meningioma__enh_949","train","Meningioma","Meningioma__enh_1912","train","Meningioma","11","0.999947","0.909091","flip_h","0.999824233","0.773739","1.095553","0.918858002","108","True","47.338133","160090"
"1961","2577","Meningioma__enh_952","train","Meningioma","Meningioma__enh_1924","train","Meningioma","11","0.999897","0.914894","flip_h","0.999665017","0.809845","1.143678","0.910181582","277","True","46.964731","161410"
"1966","6255","Meningioma__enh_960","train","Meningioma","Meningioma__enh_1958","test","Meningioma","8","0.999934","1","flip_h","0.999746385","0.854771","1.205037","0.961971601","233","True","46.510796","165157"
"1968","2610","Meningioma__enh_963","train","Meningioma","Meningioma__enh_1970","train","Meningioma","7","0.999908","0.966102","flip_h","0.999702123","0.778931","1.105872","0.962979056","426","True","47.256703","158744"
"1969","2616","Meningioma__enh_964","train","Meningioma","Meningioma__enh_1977","train","Meningioma","11","0.99993","0.873563","flip_h","0.999758337","0.799015","1.145995","0.89896608","557","False","46.947148","158956"
"1973","2626","Meningioma__enh_968","train","Meningioma","Meningioma__enh_1993","train","Meningioma","11","0.999915","0.75","flip_h","0.999729974","0.794369","1.123013","0.89787234","192","False","47.123109","161643"
"1976","2638","Meningioma__enh_973","train","Meningioma","Meningioma__enh_2011","train","Meningioma","7","0.999915","0.891892","flip_h","0.999722685","0.795708","1.139203","0.879396985","576","False","46.998783","158658"
"1980","2611","Meningioma__enh_978","train","Meningioma","Meningioma__enh_1972","train","Meningioma","9","0.999927","0.867925","flip_h","0.999735015","0.820625","1.162456","0.88448176","399","False","46.823276","162158"
"1982","2645","Meningioma__enh_981","train","Meningioma","Meningioma__enh_2020","train","Meningioma","10","0.999901","0.957672","flip_h","0.999692828","0.770645","1.102428","0.952725479","575","True","47.283800","156377"
"1984","2651","Meningioma__enh_984","train","Meningioma","Meningioma__enh_2034","train","Meningioma","12","0.999923","0.915254","flip_h","0.9997365","0.774776","1.116144","0.939591078","455","True","47.176400","155228"
"1986","5263","Meningioma__enh_986","train","Meningioma","Meningioma__enh_2042","val","Meningioma","10","0.999894","0.833333","flip_h","0.999683871","0.729961","1.069979","0.861248455","898","False","47.543297","149317"
"1989","5267","Meningioma__enh_990","train","Meningioma","Meningioma__enh_2057","val","Meningioma","11","0.999922","0.88764","flip_h","0.999758011","0.796555","1.127642","0.88725142","635","False","47.087381","160482"
"1992","2676","Meningioma__enh_993","train","Meningioma","Meningioma__enh_2069","train","Meningioma","12","0.999944","0.940476","flip_h","0.999799052","0.816505","1.145711","0.912210846","463","True","46.949306","163702"
"1996","2536","Meningioma__enh_999","train","Meningioma","Meningioma__enh_1872","train","Meningioma","10","0.999943","0.987179","flip_h","0.999792279","0.782074","1.132678","0.968681209","313","True","47.048676","155393"
"1997","2540","Meningioma__enh_1000","train","Meningioma","Meningioma__enh_1876","train","Meningioma","7","0.999877","0.901961","flip_h","0.999595025","0.802589","1.143284","0.908656808","593","True","46.967721","160211"
"2001","2555","Meningioma__enh_1004","train","Meningioma","Meningioma__enh_1895","train","Meningioma","9","0.999944","0.744186","flip_h","0.999824881","0.732819","1.053736","0.697598253","831","False","47.676169","153247"
"2003","2208","Meningioma__enh_1006","train","Meningioma","Meningioma__enh_1354","train","Meningioma","9","0.999919","0.878049","flip_h","0.999708189","0.626171","1.046698","0.869815668","339","False","47.734374","119733"
"2005","5161","Meningioma__enh_1008","train","Meningioma","Meningioma__enh_1350","val","Meningioma","4","0.999936","0.847826","flip_h","0.999775322","0.59478","1.014719","0.845762712","455","False","48.003884","114913"
"2006","2173","Meningioma__enh_1010","train","Meningioma","Meningioma__enh_1310","train","Meningioma","8","0.999935","0.742268","flip_h","0.999783288","0.5695","0.970255","0.745691738","1579","False","48.393086","113014"
"2007","6177","Meningioma__enh_1011","train","Meningioma","Meningioma__enh_1374","test","Meningioma","10","0.999926","0.924528","flip_h","0.999792351","0.577351","0.955653","0.877844311","408","False","48.524798","118026"
"2008","2238","Meningioma__enh_1013","train","Meningioma","Meningioma__enh_1397","train","Meningioma","10","0.999924","0.841667","flip_h","0.999791536","0.590778","0.953843","0.854543074","1111","False","48.541264","123162"
"2011","6160","Meningioma__enh_1017","train","Meningioma","Meningioma__enh_1276","test","Meningioma","9","0.99993","0.684211","flip_h","0.999778581","0.573086","0.979525","0.70670148","674","False","48.310495","112841"
"2014","2157","Meningioma__enh_1021","train","Meningioma","Meningioma__enh_1286","train","Meningioma","11","0.999928","0.828125","flip_h","0.999804375","0.535271","0.900973","0.888438134","440","False","49.036568","112314"
"2020","2210","Meningioma__enh_1029","train","Meningioma","Meningioma__enh_1356","train","Meningioma","9","0.999919","0.884615","flip_h","0.9997609","0.53392","0.943151","0.888097043","738","False","48.639178","106766"
"2025","5163","Meningioma__enh_1036","train","Meningioma","Meningioma__enh_1367","val","Meningioma","12","0.999932","0.816092","flip_h","0.999798274","0.574444","0.957161","0.813713486","1065","False","48.511106","117155"
"2030","2221","Meningioma__enh_1041","train","Meningioma","Meningioma__enh_1376","train","Meningioma","11","0.999949","0.918367","flip_h","0.999835388","0.547455","0.949528","0.910543131","280","True","48.580647","109153"
"2031","2222","Meningioma__enh_1042","train","Meningioma","Meningioma__enh_1377","train","Meningioma","11","0.999944","0.938202","flip_h","0.999828583","0.529884","0.922165","0.92773729","823","True","48.834635","107051"
"2032","2223","Meningioma__enh_1043","train","Meningioma","Meningioma__enh_1378","train","Meningioma","10","0.999944","0.960177","flip_h","0.999834528","0.503345","0.891351","0.955180921","654","True","49.129831","102328"
"2033","5165","Meningioma__enh_1044","train","Meningioma","Meningioma__enh_1380","val","Meningioma","11","0.999946","0.941964","flip_h","0.999847918","0.568447","0.933257","0.944239214","800","True","48.730782","118496"
"2035","6178","Meningioma__enh_1048","train","Meningioma","Meningioma__enh_1387","test","Meningioma","11","0.999931","0.958333","flip_h","0.999789078","0.628399","1.002965","0.905778894","300","True","48.105085","127224"
"2036","6179","Meningioma__enh_1049","train","Meningioma","Meningioma__enh_1388","test","Meningioma","10","0.99993","0.914286","flip_h","0.999813817","0.500237","0.874926","0.934872772","581","True","49.291378","104457"
"2040","2236","Meningioma__enh_1053","train","Meningioma","Meningioma__enh_1395","train","Meningioma","11","0.999924","0.973684","flip_h","0.999817346","0.530804","0.880283","0.908288565","239","True","49.238355","114513"
"2051","5168","Meningioma__enh_1070","train","Meningioma","Meningioma__enh_1418","val","Meningioma","9","0.999936","0.921053","flip_h","0.999796604","0.546024","0.94696","0.867001255","318","False","48.604175","109046"
"2053","2139","Meningioma__enh_1073","train","Meningioma","Meningioma__enh_1255","train","Meningioma","11","0.999927","0.923077","flip_h","0.999789057","0.572075","0.960767","0.92686643","432","True","48.478444","115868"
"2057","2145","Meningioma__enh_1079","train","Meningioma","Meningioma__enh_1262","train","Meningioma","8","0.99995","0.531646","flip_h","0.999801293","0.643826","1.084906","0.52195122","2450","False","47.422961","120026"
"2066","2198","Meningioma__enh_1091","train","Meningioma","Meningioma__enh_1342","train","Meningioma","11","0.999949","0.930556","flip_h","0.999850595","0.495579","0.876257","0.913544669","810","True","49.278175","102748"
"2071","2202","Meningioma__enh_1096","train","Meningioma","Meningioma__enh_1346","train","Meningioma","11","0.99994","0.934426","flip_h","0.999809739","0.553921","0.956547","0.941388038","440","True","48.516679","110466"
"2075","2206","Meningioma__enh_1101","train","Meningioma","Meningioma__enh_1351","train","Meningioma","10","0.999926","0.826087","flip_h","0.999741565","0.617451","1.032221","0.783903676","341","False","47.855354","118518"
"2076","2207","Meningioma__enh_1102","train","Meningioma","Meningioma__enh_1353","train","Meningioma","12","0.999912","0.833333","flip_h","0.999693055","0.614868","1.027507","0.856914894","269","False","47.895107","118812"
"2081","2159","Meningioma__enh_1133","train","Meningioma","Meningioma__enh_1291","train","Meningioma","10","0.999937","0.97006","flip_h","0.999799625","0.558517","0.96702","0.949499673","540","True","48.422096","110889"
"2082","2181","Meningioma__enh_1143","train","Meningioma","Meningioma__enh_1319","train","Meningioma","10","0.999926","0.806452","flip_h","0.999720266","0.655796","1.088627","0.832164329","335","False","47.393224","122280"
"2084","6103","Meningioma__enh_1156","train","Meningioma","Meningioma__enh_825","test","Meningioma","12","0.999933","0.64","flip_h","0.999733369","0.647781","1.087531","0.702489757","944","False","47.401970","120523"
"2090","5149","Meningioma__enh_1166","train","Meningioma","Meningioma__enh_1264","val","Meningioma","11","0.999898","0.906667","flip_h","0.999724503","0.515781","0.91815","0.870714581","626","False","48.872536","104387"
"2092","5151","Meningioma__enh_1168","train","Meningioma","Meningioma__enh_1275","val","Meningioma","9","0.999915","0.933962","flip_h","0.999774023","0.562027","0.943005","0.96137273","251","True","48.640519","116001"
"2093","2155","Meningioma__enh_1170","train","Meningioma","Meningioma__enh_1281","train","Meningioma","10","0.999943","0.909091","flip_h","0.999813324","0.557549","0.966957","0.873400673","376","False","48.422663","109471"
"2094","6162","Meningioma__enh_1171","train","Meningioma","Meningioma__enh_1283","test","Meningioma","7","0.999891","0.769231","flip_h","0.99971157","0.538311","0.921082","0.901763224","78","True","48.844835","110196"
"2097","6164","Meningioma__enh_1174","train","Meningioma","Meningioma__enh_1289","test","Meningioma","8","0.999927","0.962963","flip_h","0.999754063","0.585819","0.995084","0.934515689","240","True","48.173608","115019"
"2098","2160","Meningioma__enh_1176","train","Meningioma","Meningioma__enh_1292","train","Meningioma","6","0.999925","0.916667","flip_h","0.999756907","0.587311","0.987922","0.946829811","239","True","48.236349","116324"
"2099","2161","Meningioma__enh_1177","train","Meningioma","Meningioma__enh_1294","train","Meningioma","4","0.999927","0.901408","flip_h","0.999769814","0.58382","0.980451","0.944648599","241","True","48.302284","116083"
"2106","2167","Meningioma__enh_1187","train","Meningioma","Meningioma__enh_1303","train","Meningioma","6","0.999949","0.953125","flip_h","0.999798291","0.665092","1.09278","0.951573255","197","True","47.360149","125183"
"2107","2168","Meningioma__enh_1188","train","Meningioma","Meningioma__enh_1304","train","Meningioma","11","0.999927","0.920635","flip_h","0.999750111","0.649879","1.058651","0.954964176","176","True","47.635744","125718"
"2108","2169","Meningioma__enh_1189","train","Meningioma","Meningioma__enh_1305","train","Meningioma","5","0.99994","0.825","flip_h","0.999778128","0.63253","1.05245","0.863763484","341","False","47.686775","121045"
"2110","6101","Meningioma__enh_1194","train","Meningioma","Meningioma__enh_816","test","Meningioma","10","0.99993","0.833333","flip_h","0.999794325","0.582676","0.974132","0.826017131","325","False","48.358450","117731"
"2115","2184","Meningioma__enh_1208","train","Meningioma","Meningioma__enh_1322","train","Meningioma","11","0.999927","0.922222","flip_h","0.999736372","0.628654","1.036718","0.938924656","351","True","47.817594","120711"
"2120","2192","Meningioma__enh_1219","train","Meningioma","Meningioma__enh_1331","train","Meningioma","9","0.999923","0.923077","flip_h","0.999780053","0.548351","0.937665","0.941184516","430","True","48.689852","111180"
"2121","6168","Meningioma__enh_1221","train","Meningioma","Meningioma__enh_1333","test","Meningioma","10","0.999929","0.972527","flip_h","0.999806904","0.555988","0.927755","0.970237065","344","True","48.782138","114754"
"2149","5131","Meningioma__enh_1270","train","Meningioma","Meningioma__enh_1085","val","Meningioma","10","0.999928","0.878261","flip_h","0.999797252","0.575134","0.952861","0.89687981","737","False","48.550214","117749"
"2152","6126","Meningioma__enh_1277","train","Meningioma","Meningioma__enh_1009","test","Meningioma","5","0.999944","0.916667","flip_h","0.999803004","0.584858","1.004151","0.889917695","428","False","48.094820","112943"
"2165","6139","Meningioma__enh_1299","train","Meningioma","Meningioma__enh_1181","test","Meningioma","11","0.999924","0.9","flip_h","0.999727382","0.803776","1.172033","0.911401598","244","True","46.752008","154356"
"2170","6141","Meningioma__enh_1306","train","Meningioma","Meningioma__enh_1191","test","Meningioma","12","0.999943","0.950495","flip_h","0.999852178","0.559509","0.910592","0.948955916","330","True","48.944327","118150"
"2175","6143","Meningioma__enh_1313","train","Meningioma","Meningioma__enh_1197","test","Meningioma","11","0.999947","0.965517","flip_h","0.999846383","0.544247","0.932275","0.960826211","220","True","48.739922","110537"
"2180","5139","Meningioma__enh_1318","train","Meningioma","Meningioma__enh_1202","val","Meningioma","12","0.999936","0.8125","flip_h","0.999805434","0.581623","0.974249","0.912512716","86","True","48.357402","117272"
"2187","6148","Meningioma__enh_1326","train","Meningioma","Meningioma__enh_1212","test","Meningioma","11","0.999873","0.973684","flip_h","0.999665015","0.532394","0.914488","0.913617021","203","True","48.907243","109155"
"2193","6127","Meningioma__enh_1334","train","Meningioma","Meningioma__enh_1027","test","Meningioma","12","0.999939","0.755102","flip_h","0.999811727","0.584084","0.977445","0.753765553","752","False","48.328958","116991"
"2205","6137","Meningioma__enh_1349","train","Meningioma","Meningioma__enh_1099","test","Meningioma","10","0.999933","0.88","flip_h","0.999739364","0.637264","1.06953","0.88960412","343","False","47.546945","120151"
"2209","5092","Meningioma__enh_1355","train","Meningioma","Meningioma__enh_773","val","Meningioma","11","0.999943","0.774194","flip_h","0.99979484","0.617973","1.048193","0.743970315","552","False","47.721976","117026"
"2212","5093","Meningioma__enh_1360","train","Meningioma","Meningioma__enh_781","val","Meningioma","12","0.999908","0.9","flip_h","0.999747694","0.529221","0.913303","0.931075937","344","True","48.918509","108661"
"2231","3104","Meningioma__enh_1390","train","Meningioma","Pituitary tumor__enh_389","train","Pituitary tumor","10","0.992958","0.926108","flip_h","0.986927501","12.096283","17.667488","0.928812002","930","True","23.187307","259455"
"2240","6130","Meningioma__enh_1399","train","Meningioma","Meningioma__enh_1056","test","Meningioma","12","0.999916","0.88","flip_h","0.999738557","0.576584","0.968648","0.89984639","326","False","48.407487","115266"
"2247","6132","Meningioma__enh_1407","train","Meningioma","Meningioma__enh_1062","test","Meningioma","12","0.999943","0.967742","flip_h","0.999853061","0.490986","0.862572","0.957261495","422","True","49.414899","103569"
"2256","2399","Meningioma__enh_1421","train","Meningioma","Meningioma__enh_1647","train","Meningioma","12","0.999942","0.574468","flip_h","0.999821362","0.639854","1.003397","0.5840809","2550","False","48.101348","130807"
"2257","5202","Meningioma__enh_1422","train","Meningioma","Meningioma__enh_1648","val","Meningioma","11","0.999945","0.827869","flip_h","0.999830162","0.632721","1.002572","0.833526012","1296","False","48.108496","128624"
"2259","5104","Meningioma__enh_1424","train","Meningioma","Meningioma__enh_868","val","Meningioma","9","0.999941","0.969697","flip_h","0.999808805","0.662792","1.027282","0.946990741","458","True","47.897006","134440"
"2260","2401","Meningioma__enh_1425","train","Meningioma","Meningioma__enh_1650","train","Meningioma","8","0.999937","0.903704","flip_h","0.999792698","0.67952","1.045708","0.902758298","832","True","47.742592","136565"
"2261","2402","Meningioma__enh_1426","train","Meningioma","Meningioma__enh_1651","train","Meningioma","9","0.999932","0.284091","flip_h","0.999775897","0.671803","1.04774","0.283348666","3895","False","47.725733","133901"
"2262","2403","Meningioma__enh_1427","train","Meningioma","Meningioma__enh_1652","train","Meningioma","7","0.999917","0.357143","flip_h","0.999743565","0.677979","1.043035","0.362235067","2317","False","47.764829","136442"
"2263","2404","Meningioma__enh_1428","train","Meningioma","Meningioma__enh_1653","train","Meningioma","10","0.999913","0.9","flip_h","0.999696816","0.703186","1.081375","0.856471816","275","False","47.451275","137325"
"2263","5736","Meningioma__enh_1428","train","Meningioma","Glioma__enh_250","test","Glioma","9","0.982872","0.806452","identity","0.972103969","27.447014","36.682165","0.824613852","352","False","16.841704","260552"
"2264","2406","Meningioma__enh_1430","train","Meningioma","Meningioma__enh_1655","train","Meningioma","11","0.999919","0.933333","flip_h","0.99975532","0.654713","1.017173","0.962169553","249","True","47.982906","133896"
"2271","2417","Meningioma__enh_1444","train","Meningioma","Meningioma__enh_1670","train","Meningioma","12","0.999923","0.916667","flip_h","0.999770682","0.648735","1.006817","0.918542337","380","True","48.071797","133311"
"2273","2418","Meningioma__enh_1446","train","Meningioma","Meningioma__enh_1672","train","Meningioma","11","0.99992","0.869565","flip_h","0.999749881","0.699467","1.060885","0.859226379","222","False","47.617438","141140"
"2274","2419","Meningioma__enh_1447","train","Meningioma","Meningioma__enh_1673","train","Meningioma","4","0.999937","0.826087","flip_h","0.999756756","0.80254","1.175828","0.845454545","204","False","46.723925","153187"
"2276","2420","Meningioma__enh_1450","train","Meningioma","Meningioma__enh_1675","train","Meningioma","6","0.99992","0.923077","flip_h","0.999706409","0.795513","1.152458","0.927519819","192","True","46.898302","155257"
"2276","4744","Meningioma__enh_1450","train","Meningioma","Glioma__enh_389","val","Glioma","10","0.980143","0.840909","identity","0.966189563","27.340885","35.974502","0.876873662","345","False","17.010908","260208"
"2278","6221","Meningioma__enh_1455","train","Meningioma","Meningioma__enh_1679","test","Meningioma","8","0.999902","0.790698","flip_h","0.999624141","0.884747","1.228621","0.916832471","209","True","46.342444","169360"
"2279","2423","Meningioma__enh_1456","train","Meningioma","Meningioma__enh_1680","train","Meningioma","7","0.999893","0.811321","flip_h","0.999593817","0.849327","1.196732","0.830035971","567","False","46.570867","163818"
"2282","2426","Meningioma__enh_1460","train","Meningioma","Meningioma__enh_1683","train","Meningioma","7","0.999867","0.826087","flip_h","0.999513829","0.849815","1.19446","0.849540079","229","False","46.587371","164373"
"2283","5106","Meningioma__enh_1461","train","Meningioma","Meningioma__enh_880","val","Meningioma","7","0.999936","0.75","flip_h","0.999759384","0.723354","1.119257","0.851851852","336","False","47.152211","138589"
"2284","5205","Meningioma__enh_1463","train","Meningioma","Meningioma__enh_1685","val","Meningioma","10","0.999938","0.885714","flip_h","0.999770537","0.7155","1.107048","0.856963087","341","False","47.247474","137135"
"2285","5206","Meningioma__enh_1464","train","Meningioma","Meningioma__enh_1686","val","Meningioma","10","0.999917","0.830986","flip_h","0.999719405","0.699032","1.077387","0.836419081","751","False","47.483369","137249"
"2286","6223","Meningioma__enh_1466","train","Meningioma","Meningioma__enh_1688","test","Meningioma","12","0.999924","0.909091","flip_h","0.99973499","0.710232","1.099987","0.95483871","189","True","47.303049","138036"
"2290","2431","Meningioma__enh_1472","train","Meningioma","Meningioma__enh_1692","train","Meningioma","10","0.999951","0.943662","flip_h","0.999832508","0.668488","1.039642","0.947988442","234","True","47.793124","133236"
"2291","5207","Meningioma__enh_1473","train","Meningioma","Meningioma__enh_1694","val","Meningioma","11","0.999909","0.92","flip_h","0.999724031","0.647148","1.008009","0.903888025","309","True","48.061513","132333"
"2292","2433","Meningioma__enh_1475","train","Meningioma","Meningioma__enh_1696","train","Meningioma","11","0.999937","0.910112","flip_h","0.999806634","0.675583","1.032163","0.924452235","431","True","47.855836","138138"
"2294","2434","Meningioma__enh_1478","train","Meningioma","Meningioma__enh_1699","train","Meningioma","10","0.99994","0.833333","flip_h","0.999795273","0.676781","1.057476","0.915679443","121","True","47.645393","133729"
"2297","2436","Meningioma__enh_1481","train","Meningioma","Meningioma__enh_1701","train","Meningioma","12","0.999893","0.888889","flip_h","0.999678126","0.668903","1.036245","0.880658436","145","False","47.821558","134346"
"2298","5211","Meningioma__enh_1482","train","Meningioma","Meningioma__enh_1703","val","Meningioma","9","0.99995","0.925","flip_h","0.999819502","0.709785","1.083715","0.914783253","230","True","47.432501","139685"
"2299","2438","Meningioma__enh_1484","train","Meningioma","Meningioma__enh_1704","train","Meningioma","7","0.999917","0.967742","flip_h","0.999729651","0.686172","1.048543","0.958354624","163","True","47.719082","137342"
"2304","2453","Meningioma__enh_1510","train","Meningioma","Meningioma__enh_1727","train","Meningioma","10","0.999881","0.846154","flip_h","0.999624336","0.683945","1.050955","0.909273183","362","True","47.699117","137280"
"2306","2454","Meningioma__enh_1512","train","Meningioma","Meningioma__enh_1729","train","Meningioma","11","0.99992","0.880952","flip_h","0.999753237","0.669891","1.037078","0.861901198","369","False","47.814574","134839"
"2309","2494","Meningioma__enh_1517","train","Meningioma","Meningioma__enh_1792","train","Meningioma","11","0.999924","0.97037","flip_h","0.999772713","0.660526","1.020748","0.963985033","308","True","47.952429","135246"
"2310","2458","Meningioma__enh_1518","train","Meningioma","Meningioma__enh_1734","train","Meningioma","7","0.999934","0.757576","flip_h","0.999772386","0.7131","1.082266","0.75574977","531","False","47.444126","141244"
"2311","6226","Meningioma__enh_1519","train","Meningioma","Meningioma__enh_1735","test","Meningioma","10","0.999933","0.974684","flip_h","0.999776415","0.675007","1.046585","0.945783133","288","True","47.735311","134937"
"2313","2459","Meningioma__enh_1521","train","Meningioma","Meningioma__enh_1736","train","Meningioma","9","0.999936","0.931624","flip_h","0.999792794","0.674706","1.045004","0.956427015","320","True","47.748444","135039"
"2315","2462","Meningioma__enh_1525","train","Meningioma","Meningioma__enh_1739","train","Meningioma","12","0.999941","0.8","flip_h","0.999804826","0.672318","1.042698","0.839810924","305","False","47.767632","134935"
"2318","5109","Meningioma__enh_1532","train","Meningioma","Meningioma__enh_898","val","Meningioma","6","0.999915","0.920635","flip_h","0.999754855","0.669838","1.017543","0.927580894","282","True","47.979752","138515"
"2319","2467","Meningioma__enh_1534","train","Meningioma","Meningioma__enh_1745","train","Meningioma","8","0.999931","0.8","flip_h","0.999766989","0.69862","1.071799","0.782234957","76","False","47.528533","138738"
"2320","5220","Meningioma__enh_1536","train","Meningioma","Meningioma__enh_1746","val","Meningioma","10","0.999932","0.903226","flip_h","0.999785781","0.657211","1.024078","0.921215242","459","True","47.924139","133367"
"2321","5221","Meningioma__enh_1538","train","Meningioma","Meningioma__enh_1748","val","Meningioma","11","0.99994","0.961538","flip_h","0.999817878","0.633358","1.004368","0.939883268","309","True","48.092948","128773"
"2323","2469","Meningioma__enh_1541","train","Meningioma","Meningioma__enh_1749","train","Meningioma","9","0.999933","0.866667","flip_h","0.999735152","0.818756","1.191208","0.869930658","619","False","46.611054","155484"
"2324","2470","Meningioma__enh_1542","train","Meningioma","Meningioma__enh_1750","train","Meningioma","10","0.999917","0.723684","flip_h","0.999678867","0.80238","1.171629","0.72406639","1330","False","46.755000","153955"
"2325","2471","Meningioma__enh_1543","train","Meningioma","Meningioma__enh_1751","train","Meningioma","8","0.999922","0.790698","flip_h","0.999698951","0.818043","1.180142","0.847971781","431","False","46.692120","156915"
"2326","5222","Meningioma__enh_1544","train","Meningioma","Meningioma__enh_1753","val","Meningioma","11","0.999946","0.933333","flip_h","0.999805948","0.718822","1.109129","0.947785548","112","True","47.231162","138770"
"2329","2473","Meningioma__enh_1548","train","Meningioma","Meningioma__enh_1756","train","Meningioma","6","0.999932","0.962963","flip_h","0.999789785","0.666035","1.028236","0.93194925","354","True","47.888944","135132"
"2331","5224","Meningioma__enh_1552","train","Meningioma","Meningioma__enh_1759","val","Meningioma","11","0.999921","0.940299","flip_h","0.99976136","0.658478","1.010621","0.940860215","253","True","48.039038","135627"
"2333","6231","Meningioma__enh_1558","train","Meningioma","Meningioma__enh_1764","test","Meningioma","8","0.999946","0.733333","flip_h","0.999811117","0.683903","1.068684","0.710220191","1395","False","47.553815","133989"
"2340","2497","Meningioma__enh_1567","train","Meningioma","Meningioma__enh_1796","train","Meningioma","7","0.999927","0.854545","flip_h","0.99975703","0.719322","1.088138","0.871875","451","False","47.397126","141500"
"2341","2481","Meningioma__enh_1568","train","Meningioma","Meningioma__enh_1771","train","Meningioma","11","0.999933","0.944444","flip_h","0.999775597","0.686382","1.05603","0.944425057","637","True","47.657276","137177"
"2343","2483","Meningioma__enh_1570","train","Meningioma","Meningioma__enh_1773","train","Meningioma","6","0.999905","0.945652","flip_h","0.999700192","0.673279","1.04279","0.946590045","632","True","47.766870","134765"
"2345","5227","Meningioma__enh_1572","train","Meningioma","Meningioma__enh_1774","val","Meningioma","9","0.999915","0.92","flip_h","0.999719766","0.700169","1.064725","0.908362704","286","True","47.586051","140456"
"2346","6233","Meningioma__enh_1573","train","Meningioma","Meningioma__enh_1775","test","Meningioma","6","0.999947","0.964912","flip_h","0.999819258","0.663116","1.043707","0.93615257","231","True","47.759229","131256"
"2348","2484","Meningioma__enh_1576","train","Meningioma","Meningioma__enh_1777","train","Meningioma","10","0.999934","0.953271","flip_h","0.999778751","0.676857","1.049822","0.952395255","317","True","47.708487","134960"
"2352","2487","Meningioma__enh_1582","train","Meningioma","Meningioma__enh_1781","train","Meningioma","9","0.999929","0.931507","flip_h","0.999794473","0.644878","0.994551","0.946869275","493","True","48.178261","134062"
"2354","2488","Meningioma__enh_1584","train","Meningioma","Meningioma__enh_1782","train","Meningioma","10","0.99991","0.875","flip_h","0.999731869","0.632156","1.006847","0.899307741","160","False","48.071535","128140"
"2355","2499","Meningioma__enh_1587","train","Meningioma","Meningioma__enh_1798","train","Meningioma","11","0.999936","0.948052","flip_h","0.99978413","0.706455","1.070802","0.968183649","158","True","47.536616","140717"
"2357","2500","Meningioma__enh_1590","train","Meningioma","Meningioma__enh_1800","train","Meningioma","12","0.999942","0.92","flip_h","0.999811219","0.687233","1.049801","0.938297241","208","True","47.708667","138183"
"2358","2502","Meningioma__enh_1593","train","Meningioma","Meningioma__enh_1802","train","Meningioma","11","0.999927","0.75","flip_h","0.999732846","0.713711","1.105691","0.714640199","575","False","47.258126","138046"
"2359","2503","Meningioma__enh_1594","train","Meningioma","Meningioma__enh_1803","train","Meningioma","10","0.999929","0.59375","flip_h","0.999750528","0.714268","1.097974","0.598440546","824","False","47.318961","139069"
"2362","5232","Meningioma__enh_1601","train","Meningioma","Meningioma__enh_1808","val","Meningioma","12","0.999919","0.961538","flip_h","0.999732541","0.687336","1.053553","0.923110915","522","True","47.677676","137652"
"2364","2506","Meningioma__enh_1603","train","Meningioma","Meningioma__enh_1809","train","Meningioma","10","0.999925","0.941176","flip_h","0.999741737","0.701927","1.074503","0.936121742","701","True","47.506653","139228"
"2365","5233","Meningioma__enh_1604","train","Meningioma","Meningioma__enh_1810","val","Meningioma","5","0.999927","0.963415","flip_h","0.999749365","0.705017","1.076305","0.953573097","497","True","47.492098","139780"
"2370","2509","Meningioma__enh_1612","train","Meningioma","Meningioma__enh_1815","train","Meningioma","12","0.999903","0.903846","flip_h","0.999654315","0.720467","1.09774","0.920454545","266","True","47.320817","140716"
"2371","5235","Meningioma__enh_1613","train","Meningioma","Meningioma__enh_1816","val","Meningioma","10","0.999905","0.98","flip_h","0.999650444","0.720745","1.103892","0.938588722","208","True","47.272269","139628"
"2372","5236","Meningioma__enh_1616","train","Meningioma","Meningioma__enh_1818","val","Meningioma","8","0.999939","0.9","flip_h","0.999825209","0.619865","0.961616","0.890432099","71","False","48.470769","130663"
"2373","2510","Meningioma__enh_1617","train","Meningioma","Meningioma__enh_1819","train","Meningioma","9","0.999932","0.943925","flip_h","0.999775312","0.68808","1.062927","0.9286128","493","True","47.600734","136909"
"2374","6116","Meningioma__enh_1618","train","Meningioma","Meningioma__enh_922","test","Meningioma","11","0.999936","0.932331","flip_h","0.99979476","0.671993","1.044016","0.908822487","772","True","47.756660","134257"
"2376","2511","Meningioma__enh_1620","train","Meningioma","Meningioma__enh_1821","train","Meningioma","7","0.99992","0.897638","flip_h","0.999776673","0.632332","0.980399","0.909529703","731","True","48.302749","131928"
"2378","2441","Meningioma__enh_1622","train","Meningioma","Meningioma__enh_1707","train","Meningioma","12","0.99995","0.962264","flip_h","0.999801044","0.7449","1.137988","0.956740741","292","True","47.008048","141628"
"2381","5212","Meningioma__enh_1628","train","Meningioma","Meningioma__enh_1711","val","Meningioma","11","0.99995","0.833333","flip_h","0.999841741","0.63522","0.995697","0.701823949","376","False","48.168257","130231"
"2382","6112","Meningioma__enh_1629","train","Meningioma","Meningioma__enh_889","test","Meningioma","11","0.999951","1","flip_h","0.999855247","0.610413","0.973961","0.849206349","171","False","48.359969","125703"
"2383","5213","Meningioma__enh_1630","train","Meningioma","Meningioma__enh_1712","val","Meningioma","11","0.999934","0.950495","flip_h","0.999777523","0.675385","1.04515","0.946510913","348","True","47.747231","135238"
"2386","2448","Meningioma__enh_1634","train","Meningioma","Meningioma__enh_1716","train","Meningioma","7","0.999917","0.95302","flip_h","0.999739183","0.659462","1.016534","0.947373895","506","True","47.988369","134882"
"2387","2493","Meningioma__enh_1635","train","Meningioma","Meningioma__enh_1791","train","Meningioma","11","0.999938","0.952703","flip_h","0.999817462","0.632889","0.989439","0.95738576","401","True","48.223027","131174"
"2388","2449","Meningioma__enh_1636","train","Meningioma","Meningioma__enh_1717","train","Meningioma","11","0.999933","0.928571","flip_h","0.999790163","0.668606","1.023954","0.93006993","880","True","47.925198","136499"
"2390","5215","Meningioma__enh_1638","train","Meningioma","Meningioma__enh_1720","val","Meningioma","9","0.999921","0.859375","flip_h","0.999750127","0.669464","1.031716","0.843934373","1931","False","47.859600","135285"
"2391","6224","Meningioma__enh_1639","train","Meningioma","Meningioma__enh_1721","test","Meningioma","10","0.99992","0.916129","flip_h","0.999748258","0.667118","1.031481","0.922243596","768","True","47.861578","134213"
"2393","2451","Meningioma__enh_1641","train","Meningioma","Meningioma__enh_1722","train","Meningioma","12","0.999928","0.859375","flip_h","0.999774031","0.661484","1.027934","0.911993769","339","True","47.891499","133869"
"2394","5216","Meningioma__enh_1642","train","Meningioma","Meningioma__enh_1723","val","Meningioma","10","0.999936","0.94","flip_h","0.999799119","0.64027","1.014894","0.941386816","377","True","48.002388","129201"
"2396","5217","Meningioma__enh_1644","train","Meningioma","Meningioma__enh_1724","val","Meningioma","11","0.999945","0.903226","flip_h","0.999844398","0.609959","0.960399","0.905599729","558","True","48.481766","128319"
"2425","6186","Meningioma__enh_1682","train","Meningioma","Meningioma__enh_1459","test","Meningioma","8","0.999889","0.97619","flip_h","0.999572354","0.830223","1.189067","0.92747942","185","True","46.626680","159471"
"2428","6188","Meningioma__enh_1689","train","Meningioma","Meningioma__enh_1467","test","Meningioma","8","0.999914","0.883721","flip_h","0.999714801","0.689804","1.068618","0.914254703","237","True","47.554352","135727"
"2429","6189","Meningioma__enh_1690","train","Meningioma","Meningioma__enh_1469","test","Meningioma","6","0.999947","0.802326","flip_h","0.999833243","0.646122","1.009954","0.861079437","731","False","48.044767","131126"
"2440","6193","Meningioma__enh_1706","train","Meningioma","Meningioma__enh_1486","test","Meningioma","10","0.999955","0.919643","flip_h","0.999818191","0.725979","1.118704","0.933812139","470","True","47.156498","138477"
"2442","5201","Meningioma__enh_1708","train","Meningioma","Meningioma__enh_1623","val","Meningioma","10","0.999947","0.905882","flip_h","0.999788827","0.728764","1.129634","0.924271109","400","True","47.072047","137825"
"2446","6215","Meningioma__enh_1714","train","Meningioma","Meningioma__enh_1633","test","Meningioma","9","0.99993","0.964072","flip_h","0.99976851","0.690228","1.065188","0.960855081","423","True","47.582282","136628"
"2455","6195","Meningioma__enh_1730","train","Meningioma","Meningioma__enh_1513","test","Meningioma","10","0.999945","0.758621","flip_h","0.999826964","0.646221","1.018571","0.899616018","183","False","47.970977","130957"
"2456","5181","Meningioma__enh_1731","train","Meningioma","Meningioma__enh_1514","val","Meningioma","11","0.999942","0.861111","flip_h","0.999805777","0.683544","1.057442","0.909847434","195","True","47.645674","135919"
"2460","5182","Meningioma__enh_1737","train","Meningioma","Meningioma__enh_1522","val","Meningioma","10","0.99994","0.920354","flip_h","0.999809372","0.66806","1.034426","0.924605894","550","True","47.836812","135457"
"2474","5190","Meningioma__enh_1760","train","Meningioma","Meningioma__enh_1553","val","Meningioma","8","0.999921","0.971831","flip_h","0.99975569","0.679699","1.033956","0.962525095","168","True","47.840762","138776"
"2475","5191","Meningioma__enh_1761","train","Meningioma","Meningioma__enh_1554","val","Meningioma","10","0.999917","0.87931","flip_h","0.99974462","0.630013","1.000843","0.897414966","377","False","48.123487","128393"
"2476","6201","Meningioma__enh_1762","train","Meningioma","Meningioma__enh_1555","test","Meningioma","11","0.999946","0.915254","flip_h","0.999829757","0.638302","1.009142","0.934364995","246","True","48.051757","129573"
"2477","6202","Meningioma__enh_1763","train","Meningioma","Meningioma__enh_1556","test","Meningioma","8","0.999942","0.928571","flip_h","0.999797242","0.665009","1.053127","0.904433922","444","True","47.681185","131394"
"2496","6198","Meningioma__enh_1794","train","Meningioma","Meningioma__enh_1539","test","Meningioma","8","0.999934","0.958904","flip_h","0.999792794","0.672165","1.037586","0.966695316","155","True","47.810325","135660"
"2498","5193","Meningioma__enh_1797","train","Meningioma","Meningioma__enh_1578","val","Meningioma","7","0.999926","0.958904","flip_h","0.999744245","0.706722","1.081437","0.959415933","189","True","47.450779","138981"
"2504","6209","Meningioma__enh_1804","train","Meningioma","Meningioma__enh_1596","test","Meningioma","10","0.999949","0.921053","flip_h","0.999847134","0.618881","0.982389","0.908368201","438","True","48.285135","127109"
"2518","5278","Meningioma__enh_1847","train","Meningioma","Meningioma__enh_2097","val","Meningioma","12","0.999915","0.835443","flip_h","0.999734459","0.757118","1.096241","0.85543131","724","False","47.332684","153840"
"2519","2691","Meningioma__enh_1848","train","Meningioma","Meningioma__enh_2099","train","Meningioma","7","0.999904","0.83871","flip_h","0.999648751","0.860409","1.21046","0.850714664","282","False","46.471794","165668"
"2523","2695","Meningioma__enh_1853","train","Meningioma","Meningioma__enh_2103","train","Meningioma","10","0.999923","0.925926","flip_h","0.999723249","0.81889","1.158638","0.894902635","367","False","46.851850","161824"
"2527","2698","Meningioma__enh_1857","train","Meningioma","Meningioma__enh_2106","train","Meningioma","11","0.999922","0.888889","flip_h","0.999768243","0.737766","1.059809","0.898628185","569","False","47.626249","153734"
"2530","2701","Meningioma__enh_1862","train","Meningioma","Meningioma__enh_2110","train","Meningioma","11","0.999906","0.6","flip_h","0.999668349","0.840073","1.19315","0.619498344","804","False","46.596903","163518"
"2531","5114","Meningioma__enh_1867","train","Meningioma","Meningioma__enh_946","val","Meningioma","12","0.999898","0.858974","flip_h","0.999671466","0.804577","1.150155","0.934047469","314","True","46.915675","159942"
"2532","2705","Meningioma__enh_1868","train","Meningioma","Meningioma__enh_2114","train","Meningioma","11","0.999894","0.854545","flip_h","0.999671043","0.777195","1.113304","0.863941769","486","False","47.198532","157058"
"2533","6282","Meningioma__enh_1869","train","Meningioma","Meningioma__enh_2115","test","Meningioma","12","0.999901","0.848485","flip_h","0.999699001","0.758545","1.092103","0.933591857","137","True","47.365535","154335"
"2537","2826","Meningioma__enh_1873","train","Meningioma","Meningioma__enh_2274","train","Meningioma","11","0.999928","0.936416","flip_h","0.99975024","0.802513","1.13857","0.959923837","442","True","47.003611","160866"
"2538","2827","Meningioma__enh_1874","train","Meningioma","Meningioma__enh_2275","train","Meningioma","9","0.999917","0.931034","flip_h","0.999719489","0.782974","1.117751","0.952558055","523","True","47.163904","157823"
"2541","5297","Meningioma__enh_1878","train","Meningioma","Meningioma__enh_2278","val","Meningioma","6","0.999925","0.891892","flip_h","0.99974862","0.791042","1.119014","0.93545611","150","True","47.154089","159943"
"2549","2832","Meningioma__enh_1887","train","Meningioma","Meningioma__enh_2284","train","Meningioma","12","0.99991","0.757576","flip_h","0.999691118","0.810974","1.150747","0.751937984","544","False","46.911206","160894"
"2551","2833","Meningioma__enh_1889","train","Meningioma","Meningioma__enh_2285","train","Meningioma","12","0.999905","0.948276","flip_h","0.999696296","0.770588","1.112601","0.926261147","554","True","47.204016","155175"
"2554","2775","Meningioma__enh_1893","train","Meningioma","Meningioma__enh_2206","train","Meningioma","12","0.999916","0.878788","flip_h","0.999760243","0.742554","1.055873","0.930244271","277","True","47.658568","156155"
"2562","5115","Meningioma__enh_1904","train","Meningioma","Meningioma__enh_947","val","Meningioma","10","0.999937","0.888889","flip_h","0.999775264","0.786102","1.140304","0.860450563","223","False","46.990391","155057"
"2563","5281","Meningioma__enh_1905","train","Meningioma","Meningioma__enh_2116","val","Meningioma","9","0.999923","0.921053","flip_h","0.999740038","0.793228","1.13285","0.934774067","166","True","47.047359","158465"
"2568","2710","Meningioma__enh_1911","train","Meningioma","Meningioma__enh_2121","train","Meningioma","12","0.999962","0.875","flip_h","0.999864578","0.727184","1.077444","0.801587302","200","False","47.482912","147085"
"2576","2717","Meningioma__enh_1921","train","Meningioma","Meningioma__enh_2129","train","Meningioma","11","0.999905","0.928571","flip_h","0.999699097","0.777603","1.111052","0.931034483","58","True","47.216118","157585"
"2578","2721","Meningioma__enh_1925","train","Meningioma","Meningioma__enh_2133","train","Meningioma","9","0.999889","0.76","flip_h","0.999642186","0.818741","1.149726","0.820987654","290","False","46.918920","163027"
"2581","2723","Meningioma__enh_1928","train","Meningioma","Meningioma__enh_2135","train","Meningioma","6","0.999777","0.926829","flip_h","0.99932945","0.820099","1.156316","0.938184664","158","True","46.869273","161914"
"2583","2724","Meningioma__enh_1930","train","Meningioma","Meningioma__enh_2136","train","Meningioma","8","0.999716","0.907895","flip_h","0.999160749","0.807774","1.141653","0.901701323","468","True","46.980122","160518"
"2584","5282","Meningioma__enh_1931","train","Meningioma","Meningioma__enh_2137","val","Meningioma","9","0.999792","0.676471","flip_h","0.999345343","0.866627","1.205626","0.666890681","1487","False","46.506554","168121"
"2585","2725","Meningioma__enh_1932","train","Meningioma","Meningioma__enh_2138","train","Meningioma","12","0.999787","0.867925","flip_h","0.999349184","0.834476","1.168594","0.890577508","360","False","46.777530","164668"
"2586","2726","Meningioma__enh_1934","train","Meningioma","Meningioma__enh_2140","train","Meningioma","6","0.999894","0.954545","flip_h","0.999647137","0.802876","1.151839","0.955002393","188","True","46.902969","158578"
"2589","5284","Meningioma__enh_1937","train","Meningioma","Meningioma__enh_2143","val","Meningioma","12","0.999966","0.878049","flip_h","0.999882167","0.726852","1.066435","0.885980592","893","False","47.572117","147778"
"2598","2734","Meningioma__enh_1953","train","Meningioma","Meningioma__enh_2153","train","Meningioma","11","0.999929","0.915254","flip_h","0.999738381","0.83424","1.178058","0.959411604","149","True","46.707468","163629"
"2600","5286","Meningioma__enh_1956","train","Meningioma","Meningioma__enh_2155","val","Meningioma","7","0.999915","0.934959","flip_h","0.999678368","0.856197","1.211481","0.925373134","585","True","46.464473","163870"
"2601","5287","Meningioma__enh_1957","train","Meningioma","Meningioma__enh_2156","val","Meningioma","8","0.999927","0.944954","flip_h","0.999712685","0.857849","1.22196","0.967942238","222","True","46.389662","163487"
"2602","2735","Meningioma__enh_1959","train","Meningioma","Meningioma__enh_2157","train","Meningioma","11","0.999936","0.848101","flip_h","0.999747022","0.836052","1.190811","0.862387161","686","False","46.613950","161719"
"2604","2737","Meningioma__enh_1963","train","Meningioma","Meningioma__enh_2159","train","Meningioma","12","0.999937","0.859375","flip_h","0.999791679","0.755615","1.088604","0.860878145","564","False","47.393405","154252"
"2605","6121","Meningioma__enh_1964","train","Meningioma","Meningioma__enh_961","test","Meningioma","12","0.999936","0.910448","flip_h","0.99977886","0.779236","1.1275","0.933605966","276","True","47.088475","155284"
"2606","2738","Meningioma__enh_1965","train","Meningioma","Meningioma__enh_2160","train","Meningioma","9","0.999921","0.842105","flip_h","0.999736878","0.80761","1.134616","0.881589619","146","False","47.033825","163668"
"2609","2742","Meningioma__enh_1969","train","Meningioma","Meningioma__enh_2164","train","Meningioma","12","0.999935","0.984733","flip_h","0.999774451","0.78783","1.121766","0.956184659","373","True","47.132761","159086"
"2613","2744","Meningioma__enh_1974","train","Meningioma","Meningioma__enh_2167","train","Meningioma","12","0.999902","0.923077","flip_h","0.999676748","0.824123","1.154591","0.927106721","487","True","46.882241","164567"
"2621","2781","Meningioma__enh_1983","train","Meningioma","Meningioma__enh_2213","train","Meningioma","4","0.999908","0.887324","flip_h","0.999676672","0.829678","1.171046","0.925643897","332","True","46.759323","163319"
"2623","6290","Meningioma__enh_1986","train","Meningioma","Meningioma__enh_2176","test","Meningioma","12","0.99993","0.956522","flip_h","0.999740969","0.815834","1.161559","0.909153476","264","True","46.829975","160607"
"2624","6291","Meningioma__enh_1987","train","Meningioma","Meningioma__enh_2177","test","Meningioma","11","0.999909","0.873016","flip_h","0.99968283","0.819111","1.15952","0.848707612","638","False","46.845240","162051"
"2627","5118","Meningioma__enh_1994","train","Meningioma","Meningioma__enh_979","val","Meningioma","6","0.999892","0.962963","flip_h","0.999644468","0.829033","1.172389","0.953869615","242","True","46.749367","162710"
"2633","2782","Meningioma__enh_2004","train","Meningioma","Meningioma__enh_2214","train","Meningioma","9","0.999878","0.911392","flip_h","0.999625208","0.803112","1.146341","0.935977451","318","True","46.944525","159172"
"2634","2762","Meningioma__enh_2005","train","Meningioma","Meningioma__enh_2190","train","Meningioma","10","0.999926","0.8","flip_h","0.999753219","0.785885","1.126455","0.837017995","317","False","47.096523","157302"
"2643","2784","Meningioma__enh_2016","train","Meningioma","Meningioma__enh_2217","train","Meningioma","11","0.99992","0.885714","flip_h","0.999751582","0.753048","1.088508","0.917234664","170","True","47.394174","153641"
"2654","2770","Meningioma__enh_2040","train","Meningioma","Meningioma__enh_2200","train","Meningioma","12","0.999941","0.932584","flip_h","0.999795644","0.795227","1.131664","0.96525838","199","True","47.056457","159841"
"2656","2799","Meningioma__enh_2043","train","Meningioma","Meningioma__enh_2236","train","Meningioma","11","0.999923","0","flip_h","0.99976256","0.783283","1.105709","0.012943163","1754","False","47.257990","161421"
"2658","5119","Meningioma__enh_2046","train","Meningioma","Meningioma__enh_987","val","Meningioma","7","0.999923","0.730769","flip_h","0.99975464","0.801075","1.135999","0.821451104","283","False","47.023247","161088"
"2664","2805","Meningioma__enh_2054","train","Meningioma","Meningioma__enh_2244","train","Meningioma","9","0.999932","0.918919","flip_h","0.999784555","0.778065","1.0961","0.877525773","297","False","47.333800","159877"
"2666","2807","Meningioma__enh_2058","train","Meningioma","Meningioma__enh_2247","train","Meningioma","12","0.999919","0.75","flip_h","0.999739862","0.796692","1.12772","0.748415623","1707","False","47.086781","160351"
"2667","6302","Meningioma__enh_2059","train","Meningioma","Meningioma__enh_2248","test","Meningioma","8","0.999913","0.931034","flip_h","0.999702848","0.804562","1.152792","0.92266048","300","True","46.895783","157919"
"2678","6303","Meningioma__enh_2071","train","Meningioma","Meningioma__enh_2256","test","Meningioma","11","0.999938","0.943662","flip_h","0.999771501","0.811836","1.16258","0.927191679","343","True","46.822344","158701"
"2679","2815","Meningioma__enh_2074","train","Meningioma","Meningioma__enh_2258","train","Meningioma","9","0.999907","0.960784","flip_h","0.999699192","0.810989","1.139996","0.960907039","381","True","46.992736","163227"
"2686","2821","Meningioma__enh_2087","train","Meningioma","Meningioma__enh_2267","train","Meningioma","12","0.999901","0.892857","flip_h","0.999650267","0.829239","1.172376","0.893611033","378","False","46.749464","163014"
"2692","6243","Meningioma__enh_2100","train","Meningioma","Meningioma__enh_1849","test","Meningioma","11","0.999925","0.92","flip_h","0.999730011","0.763905","1.107983","0.928867813","120","True","47.240140","152467"
"2703","6246","Meningioma__enh_2112","train","Meningioma","Meningioma__enh_1865","test","Meningioma","8","0.999915","0.91954","flip_h","0.999713862","0.81398","1.171439","0.939767913","327","True","46.756412","159188"
"2704","5242","Meningioma__enh_2113","train","Meningioma","Meningioma__enh_1866","val","Meningioma","8","0.999903","0.978261","flip_h","0.999673865","0.832832","1.176631","0.972273567","165","True","46.717998","163649"
"2715","5248","Meningioma__enh_2127","train","Meningioma","Meningioma__enh_1919","val","Meningioma","12","0.999919","0.918367","flip_h","0.999734968","0.818733","1.145191","0.926620599","223","True","46.953245","164936"
"2755","6262","Meningioma__enh_2182","train","Meningioma","Meningioma__enh_1995","test","Meningioma","7","0.999886","0.954545","flip_h","0.999661396","0.785561","1.104133","0.886687307","183","False","47.270380","161601"
"2763","6266","Meningioma__enh_2191","train","Meningioma","Meningioma__enh_2006","test","Meningioma","10","0.999921","0.758621","flip_h","0.999745394","0.746181","1.097279","0.879804759","197","False","47.324461","150174"
"2769","6273","Meningioma__enh_2199","train","Meningioma","Meningioma__enh_2029","test","Meningioma","10","0.99994","0.95122","flip_h","0.999800415","0.774715","1.099273","0.94943927","266","True","47.308694","158899"
"2778","5250","Meningioma__enh_2210","train","Meningioma","Meningioma__enh_1938","val","Meningioma","10","0.999903","0.916667","flip_h","0.999687403","0.802322","1.142336","0.907032181","78","True","46.974926","160199"
"2795","5261","Meningioma__enh_2230","train","Meningioma","Meningioma__enh_2033","val","Meningioma","11","0.9999","0.801802","flip_h","0.999678666","0.779842","1.111586","0.837586009","1133","False","47.211946","157877"
"2806","6277","Meningioma__enh_2246","train","Meningioma","Meningioma__enh_2056","test","Meningioma","11","0.999938","0.827957","flip_h","0.999789941","0.796967","1.128531","0.827498732","1020","False","47.080533","160411"
"2818","6280","Meningioma__enh_2263","train","Meningioma","Meningioma__enh_2080","test","Meningioma","12","0.999934","0.916667","flip_h","0.999783145","0.798321","1.124652","0.933995585","299","True","47.110437","162495"
"2823","5275","Meningioma__enh_2271","train","Meningioma","Meningioma__enh_2090","val","Meningioma","12","0.999947","0.932584","flip_h","0.99982104","0.79084","1.119773","0.965742251","189","True","47.148206","160735"
"2836","6247","Meningioma__enh_2289","train","Meningioma","Meningioma__enh_1894","test","Meningioma","10","0.999928","0.935065","flip_h","0.999777722","0.73103","1.06417","0.947722024","249","True","47.590584","150456"
"2856","4497","Pituitary tumor__enh_23","train","Pituitary tumor","Pituitary tumor__enh_2361","train","Pituitary tumor","10","0.971588","0.909091","identity","","","","","","","17.240838","259741"
"2856","4560","Pituitary tumor__enh_23","train","Pituitary tumor","Pituitary tumor__enh_2452","train","Pituitary tumor","9","0.97153","0.769231","flip_h","","","","","","","17.143173","259963"
"2872","4509","Pituitary tumor__enh_45","train","Pituitary tumor","Pituitary tumor__enh_2377","train","Pituitary tumor","11","0.9641","0.96","identity","","","","","","","15.674758","259848"
"2873","3661","Pituitary tumor__enh_46","train","Pituitary tumor","Pituitary tumor__enh_1157","train","Pituitary tumor","12","0.966507","0.833333","flip_h","","","","","","","16.182924","260187"
"2873","4510","Pituitary tumor__enh_46","train","Pituitary tumor","Pituitary tumor__enh_2378","train","Pituitary tumor","12","0.966642","0.9375","identity","","","","","","","16.268475","260045"
"2897","3903","Pituitary tumor__enh_84","train","Pituitary tumor","Pituitary tumor__enh_1498","train","Pituitary tumor","12","0.988171","0.896552","flip_h","0.975014027","27.132633","37.851485","0.916382253","147","False","16.569145","260934"
"2897","6447","Pituitary tumor__enh_84","train","Pituitary tumor","Pituitary tumor__enh_923","test","Pituitary tumor","12","0.988308","0.896552","identity","0.975151466","26.803505","37.51485","0.935125658","111","False","16.646739","260784"
"2898","6535","Pituitary tumor__enh_85","train","Pituitary tumor","Pituitary tumor__enh_1499","test","Pituitary tumor","11","0.987069","0.652174","flip_h","0.972818792","27.673237","38.23956","0.826185102","231","False","16.480546","260949"
"2990","3504","Pituitary tumor__enh_221","train","Pituitary tumor","Pituitary tumor__enh_947","train","Pituitary tumor","9","0.992537","0.421053","identity","0.979914137","22.163017","31.991334","0.397496763","1396","False","18.030157","260270"
"2990","5525","Pituitary tumor__enh_221","train","Pituitary tumor","Pituitary tumor__enh_1598","val","Pituitary tumor","11","0.992474","0.326087","flip_h","0.979905801","22.472126","32.31719","0.369467367","1681","False","17.942132","260538"
"3062","5453","Pituitary tumor__enh_329","train","Pituitary tumor","Pituitary tumor__enh_1087","val","Pituitary tumor","11","0.978344","0.126126","flip_h","","","","","","","15.277788","260882"
"3062","6595","Pituitary tumor__enh_329","train","Pituitary tumor","Pituitary tumor__enh_1885","test","Pituitary tumor","12","0.978414","0.185185","identity","","","","","","","15.355936","260667"
"3102","6471","Pituitary tumor__enh_386","train","Pituitary tumor","Pituitary tumor__enh_1101","test","Pituitary tumor","11","0.980957","0.6","flip_h","0.964541337","33.26075","41.481955","0.700471698","127","False","15.773619","260469"
"3201","4605","Pituitary tumor__enh_526","train","Pituitary tumor","Pituitary tumor__enh_2527","train","Pituitary tumor","12","0.965634","0.833333","flip_h","","","","","","","15.748081","260169"
"3201","6657","Pituitary tumor__enh_526","train","Pituitary tumor","Pituitary tumor__enh_2290","test","Pituitary tumor","11","0.965656","0.869565","identity","","","","","","","15.835015","259741"
"3215","4457","Pituitary tumor__enh_547","train","Pituitary tumor","Pituitary tumor__enh_2306","train","Pituitary tumor","12","0.973271","0.8","identity","","","","","","","18.080048","259097"
"3245","6694","Pituitary tumor__enh_585","train","Pituitary tumor","Pituitary tumor__enh_2567","test","Pituitary tumor","12","0.958489","0.824561","flip_h","","","","","","","15.560693","260590"
"3305","4402","Pituitary tumor__enh_665","train","Pituitary tumor","Pituitary tumor__enh_2226","train","Pituitary tumor","11","0.971454","0.594595","identity","","","","","","","16.518488","259272"
"3305","5690","Pituitary tumor__enh_665","train","Pituitary tumor","Pituitary tumor__enh_2621","val","Pituitary tumor","12","0.971449","0.560976","flip_h","","","","","","","16.430966","259808"
"3485","3847","Pituitary tumor__enh_922","train","Pituitary tumor","Pituitary tumor__enh_1424","train","Pituitary tumor","4","0.999943","0.827586","flip_h","0.999753411","0.681961","1.119517","0.780225989","389","False","47.150188","125188"
"3491","6542","Pituitary tumor__enh_930","train","Pituitary tumor","Pituitary tumor__enh_1523","test","Pituitary tumor","10","0.999936","0.92","flip_h","0.999783985","0.628922","1.033216","0.9029971","301","True","47.846981","122385"
"3492","6455","Pituitary tumor__enh_932","train","Pituitary tumor","Pituitary tumor__enh_1006","test","Pituitary tumor","10","0.999937","0.857143","flip_h","0.999800185","0.618858","1.016871","0.902728351","82","True","47.985484","121206"
"3493","3926","Pituitary tumor__enh_933","train","Pituitary tumor","Pituitary tumor__enh_1533","train","Pituitary tumor","8","0.99993","0.472222","flip_h","0.999765827","0.627228","1.034854","0.537592351","1064","False","47.833222","121919"
"3496","3561","Pituitary tumor__enh_937","train","Pituitary tumor","Pituitary tumor__enh_1015","train","Pituitary tumor","5","0.999935","0.911392","flip_h","0.999760651","0.640175","1.054528","0.949574601","243","True","47.669638","122060"
"3497","6457","Pituitary tumor__enh_938","train","Pituitary tumor","Pituitary tumor__enh_1016","test","Pituitary tumor","5","0.999953","0.95614","flip_h","0.999821477","0.626213","1.03671","0.972563077","199","True","47.817656","120345"
"3498","5516","Pituitary tumor__enh_939","train","Pituitary tumor","Pituitary tumor__enh_1564","val","Pituitary tumor","10","0.999891","0.743243","flip_h","0.999606695","0.80558","1.172799","0.743519494","1217","False","46.746331","154664"
"3499","5518","Pituitary tumor__enh_940","train","Pituitary tumor","Pituitary tumor__enh_1572","val","Pituitary tumor","9","0.999912","0.875","flip_h","0.999682925","0.791985","1.155009","0.890374332","205","False","46.879097","153391"
"3500","3956","Pituitary tumor__enh_942","train","Pituitary tumor","Pituitary tumor__enh_1578","train","Pituitary tumor","11","0.999943","0.696429","flip_h","0.99980219","0.583317","0.983501","0.726301736","1025","False","48.275310","115342"
"3501","6550","Pituitary tumor__enh_943","train","Pituitary tumor","Pituitary tumor__enh_1581","test","Pituitary tumor","7","0.999887","0.388889","flip_h","0.999572541","0.794823","1.163627","0.354746318","1577","False","46.814531","152740"
"3503","3570","Pituitary tumor__enh_946","train","Pituitary tumor","Pituitary tumor__enh_1028","train","Pituitary tumor","9","0.999947","0.972222","flip_h","0.999797348","0.662441","1.083393","0.946320346","124","True","47.435083","125083"
"3504","5525","Pituitary tumor__enh_947","train","Pituitary tumor","Pituitary tumor__enh_1598","val","Pituitary tumor","4","0.999933","0.723404","flip_h","0.999725442","0.664295","1.094975","0.797378277","541","False","47.342718","123664"
"3505","3971","Pituitary tumor__enh_948","train","Pituitary tumor","Pituitary tumor__enh_1602","train","Pituitary tumor","12","0.999942","0.647059","flip_h","0.999774475","0.661541","1.077355","0.809049774","211","False","47.483626","125217"
"3506","3574","Pituitary tumor__enh_950","train","Pituitary tumor","Pituitary tumor__enh_1033","train","Pituitary tumor","10","0.999905","0.428571","flip_h","0.999636288","0.828693","1.193411","0.443932412","724","False","46.595006","158120"
"3507","3575","Pituitary tumor__enh_951","train","Pituitary tumor","Pituitary tumor__enh_1034","train","Pituitary tumor","8","0.999916","0.65625","flip_h","0.999693803","0.641521","1.055983","0.669665167","661","False","47.657662","122492"
"3508","3576","Pituitary tumor__enh_952","train","Pituitary tumor","Pituitary tumor__enh_1035","train","Pituitary tumor","4","0.999925","0.944444","flip_h","0.999732216","0.643276","1.04735","0.902008032","122","True","47.728963","123821"
"3509","3577","Pituitary tumor__enh_953","train","Pituitary tumor","Pituitary tumor__enh_1036","train","Pituitary tumor","5","0.999943","0.875","flip_h","0.999809268","0.620804","1.01265","0.915570934","122","True","48.021619","122961"
"3510","3984","Pituitary tumor__enh_954","train","Pituitary tumor","Pituitary tumor__enh_1621","train","Pituitary tumor","8","0.999937","0.916667","flip_h","0.999798157","0.624859","1.016483","0.941409343","222","True","47.988802","124615"
"3511","3987","Pituitary tumor__enh_955","train","Pituitary tumor","Pituitary tumor__enh_1625","train","Pituitary tumor","10","0.999928","0.786667","flip_h","0.999737521","0.779846","1.14583","0.768084647","1074","False","46.948397","151141"
"3512","5529","Pituitary tumor__enh_956","train","Pituitary tumor","Pituitary tumor__enh_1629","val","Pituitary tumor","10","0.999895","0.92","flip_h","0.999643614","0.6129","1.022546","0.942857143","92","True","47.937144","118866"
"3515","3855","Pituitary tumor__enh_959","train","Pituitary tumor","Pituitary tumor__enh_1435","train","Pituitary tumor","11","0.999913","0.83871","flip_h","0.999691227","0.813156","1.177862","0.86244321","545","False","46.708913","156310"
"3517","3862","Pituitary tumor__enh_961","train","Pituitary tumor","Pituitary tumor__enh_1445","train","Pituitary tumor","10","0.999912","0.892857","flip_h","0.999674724","0.790604","1.163223","0.84351145","287","False","46.817542","151751"
"3518","3531","Pituitary tumor__enh_962","train","Pituitary tumor","Pituitary tumor__enh_978","train","Pituitary tumor","7","0.999934","0.904762","flip_h","0.999771165","0.635422","1.051021","0.928553202","280","True","47.698577","122454"
"3519","3532","Pituitary tumor__enh_963","train","Pituitary tumor","Pituitary tumor__enh_979","train","Pituitary tumor","12","0.999932","0.842105","flip_h","0.999743829","0.798225","1.159281","0.838095238","374","False","46.847027","154944"
"3522","3875","Pituitary tumor__enh_967","train","Pituitary tumor","Pituitary tumor__enh_1465","train","Pituitary tumor","7","0.999843","0.638889","flip_h","0.999523434","0.947453","1.306734","0.65202109","792","False","45.807059","173803"
"3523","5506","Pituitary tumor__enh_969","train","Pituitary tumor","Pituitary tumor__enh_1471","val","Pituitary tumor","7","0.999887","0.8125","flip_h","0.999607338","0.789158","1.154085","0.819900498","362","False","46.886045","152561"
"3524","3733","Pituitary tumor__enh_970","train","Pituitary tumor","Pituitary tumor__enh_1263","train","Pituitary tumor","10","0.99994","0.8","flip_h","0.999794284","0.600117","0.998009","0.874380165","228","False","48.148117","117883"
"3526","3708","Pituitary tumor__enh_972","train","Pituitary tumor","Pituitary tumor__enh_1229","train","Pituitary tumor","12","0.999891","0.947368","flip_h","0.99964218","0.771221","1.12907","0.867306155","166","False","47.076385","151215"
"3527","3711","Pituitary tumor__enh_973","train","Pituitary tumor","Pituitary tumor__enh_1234","train","Pituitary tumor","7","0.999918","0.826087","flip_h","0.999721222","0.61261","1.012405","0.857579023","793","False","48.023720","120411"
"3528","3822","Pituitary tumor__enh_974","train","Pituitary tumor","Pituitary tumor__enh_1383","train","Pituitary tumor","7","0.999917","0.933333","flip_h","0.999700846","0.815239","1.179662","0.940250447","167","True","46.695655","156448"
"3533","3714","Pituitary tumor__enh_980","train","Pituitary tumor","Pituitary tumor__enh_1237","train","Pituitary tumor","9","0.999902","0.931034","flip_h","0.999622813","0.823986","1.196309","0.910100476","170","True","46.573933","155756"
"3536","3839","Pituitary tumor__enh_985","train","Pituitary tumor","Pituitary tumor__enh_1412","train","Pituitary tumor","9","0.999939","0.457143","flip_h","0.999787116","0.624561","1.027999","0.445617256","1208","False","47.890950","121584"
"3539","6500","Pituitary tumor__enh_990","train","Pituitary tumor","Pituitary tumor__enh_1246","test","Pituitary tumor","3","0.999935","0.770833","flip_h","0.999714339","0.690502","1.129914","0.819633943","542","False","47.069892","125924"
"3540","3796","Pituitary tumor__enh_991","train","Pituitary tumor","Pituitary tumor__enh_1348","train","Pituitary tumor","11","0.999931","0.852941","flip_h","0.999737235","0.797077","1.166971","0.81047051","858","False","46.789606","153291"
"3545","6504","Pituitary tumor__enh_996","train","Pituitary tumor","Pituitary tumor__enh_1271","test","Pituitary tumor","8","0.99995","0.416667","flip_h","0.999813896","0.631012","1.050178","0.44239338","876","False","47.705542","120218"
"3549","5476","Pituitary tumor__enh_1000","train","Pituitary tumor","Pituitary tumor__enh_1283","val","Pituitary tumor","8","0.999907","0.882353","flip_h","0.999638543","0.824615","1.196569","0.926059513","82","True","46.572047","156126"
"3553","5438","Pituitary tumor__enh_1005","train","Pituitary tumor","Pituitary tumor__enh_931","val","Pituitary tumor","10","0.999945","0.7","flip_h","0.999802149","0.632488","1.055376","0.816326531","450","False","47.662657","120264"
"3555","3763","Pituitary tumor__enh_1008","train","Pituitary tumor","Pituitary tumor__enh_1303","train","Pituitary tumor","11","0.999928","0.92","flip_h","0.999759591","0.617516","1.027849","0.867203219","198","False","47.892220","119801"
"3559","3771","Pituitary tumor__enh_1013","train","Pituitary tumor","Pituitary tumor__enh_1313","train","Pituitary tumor","11","0.999928","0.615385","flip_h","0.999734428","0.666565","1.088485","0.886430678","77","False","47.394356","125754"
"3560","3720","Pituitary tumor__enh_1014","train","Pituitary tumor","Pituitary tumor__enh_1244","train","Pituitary tumor","8","0.999907","0.754717","flip_h","0.999604465","0.691032","1.132624","0.769606347","755","False","47.049089","125966"
"3567","3783","Pituitary tumor__enh_1023","train","Pituitary tumor","Pituitary tumor__enh_1331","train","Pituitary tumor","8","0.999931","0.555556","flip_h","0.99976998","0.581032","0.986021","0.559126743","727","False","48.253084","114843"
"3571","5485","Pituitary tumor__enh_1029","train","Pituitary tumor","Pituitary tumor__enh_1344","val","Pituitary tumor","7","0.999935","0.75","flip_h","0.999746084","0.638706","1.060169","0.770970095","628","False","47.623301","121191"
"3572","3794","Pituitary tumor__enh_1030","train","Pituitary tumor","Pituitary tumor__enh_1346","train","Pituitary tumor","12","0.999914","0.866667","flip_h","0.999712005","0.635895","1.040204","0.794253939","222","False","47.788436","123028"
"3573","5440","Pituitary tumor__enh_1032","train","Pituitary tumor","Pituitary tumor__enh_949","val","Pituitary tumor","10","0.999894","0.75","flip_h","0.999618659","0.804752","1.168098","0.809674861","240","False","46.781220","154927"
"3578","3810","Pituitary tumor__enh_1037","train","Pituitary tumor","Pituitary tumor__enh_1367","train","Pituitary tumor","9","0.999944","0.7","flip_h","0.999814341","0.627373","1.023676","0.709098959","1314","False","47.927553","123341"
"3580","6518","Pituitary tumor__enh_1040","train","Pituitary tumor","Pituitary tumor__enh_1374","test","Pituitary tumor","3","0.999938","0.96875","flip_h","0.999759276","0.646275","1.078852","0.9361167","127","True","47.471567","120723"
"3581","3817","Pituitary tumor__enh_1041","train","Pituitary tumor","Pituitary tumor__enh_1377","train","Pituitary tumor","8","0.999906","0.875","flip_h","0.999678066","0.635925","1.034942","0.913612565","132","True","47.832479","124193"
"3583","4230","Pituitary tumor__enh_1044","train","Pituitary tumor","Pituitary tumor__enh_1967","train","Pituitary tumor","8","0.999895","0.794118","flip_h","0.999597087","0.872311","1.22541","0.837242248","1034","False","46.365177","166073"
"3584","4233","Pituitary tumor__enh_1045","train","Pituitary tumor","Pituitary tumor__enh_1970","train","Pituitary tumor","2","0.999908","0.785714","flip_h","0.99955336","0.896614","1.297986","0.809695603","844","False","45.865401","160618"
"3585","5584","Pituitary tumor__enh_1046","train","Pituitary tumor","Pituitary tumor__enh_1977","val","Pituitary tumor","10","0.999882","0.7","flip_h","0.999547266","0.885624","1.225463","0.755154639","285","False","46.364802","169415"
"3586","4240","Pituitary tumor__enh_1047","train","Pituitary tumor","Pituitary tumor__enh_1980","train","Pituitary tumor","11","0.999729","0.842105","flip_h","0.998996225","0.829674","1.176278","0.843384338","174","False","46.720608","161081"
"3588","3611","Pituitary tumor__enh_1049","train","Pituitary tumor","Pituitary tumor__enh_1081","train","Pituitary tumor","9","0.999839","0.918919","flip_h","0.999432504","0.802216","1.172012","0.905164737","213","True","46.752165","154703"
"3590","4102","Pituitary tumor__enh_1052","train","Pituitary tumor","Pituitary tumor__enh_1796","train","Pituitary tumor","5","0.999922","0.882353","flip_h","0.999674318","0.864174","1.246406","0.878490334","396","False","46.217613","159454"
"3591","4105","Pituitary tumor__enh_1053","train","Pituitary tumor","Pituitary tumor__enh_1799","train","Pituitary tumor","3","0.999919","0.230769","flip_h","0.999665759","0.843449","1.224229","0.272490222","558","False","46.373548","157585"
"3592","4114","Pituitary tumor__enh_1056","train","Pituitary tumor","Pituitary tumor__enh_1812","train","Pituitary tumor","9","0.999917","0.838235","flip_h","0.999676075","0.87495","1.218204","0.85120038","626","False","46.416405","167790"
"3593","4117","Pituitary tumor__enh_1057","train","Pituitary tumor","Pituitary tumor__enh_1816","train","Pituitary tumor","10","0.999875","0.756757","flip_h","0.999546683","0.873875","1.193954","0.728476821","615","False","46.591053","172044"
"3598","6576","Pituitary tumor__enh_1063","train","Pituitary tumor","Pituitary tumor__enh_1754","test","Pituitary tumor","6","0.999919","0.837209","flip_h","0.999679446","0.847935","1.224619","0.874277457","348","False","46.370786","158926"
"3599","4096","Pituitary tumor__enh_1064","train","Pituitary tumor","Pituitary tumor__enh_1789","train","Pituitary tumor","8","0.999921","0.769231","flip_h","0.999690834","0.837559","1.219499","0.774725275","738","False","46.407172","156569"
"3600","4127","Pituitary tumor__enh_1065","train","Pituitary tumor","Pituitary tumor__enh_1832","train","Pituitary tumor","9","0.999882","0.75","flip_h","0.999542458","0.820435","1.198687","0.8775","196","False","46.556685","155208"
"3601","4132","Pituitary tumor__enh_1066","train","Pituitary tumor","Pituitary tumor__enh_1840","train","Pituitary tumor","8","0.99991","0.611111","flip_h","0.999656915","0.870945","1.215756","0.657886949","1156","False","46.433878","167227"
"3602","4136","Pituitary tumor__enh_1067","train","Pituitary tumor","Pituitary tumor__enh_1844","train","Pituitary tumor","9","0.999916","0.911111","flip_h","0.999707593","0.754963","1.11546","0.908038147","270","True","47.181723","149182"
"3604","5541","Pituitary tumor__enh_1071","train","Pituitary tumor","Pituitary tumor__enh_1696","val","Pituitary tumor","9","0.999865","0.94382","flip_h","0.999505378","0.828621","1.184093","0.943236074","321","True","46.663086","159623"
"3605","4060","Pituitary tumor__enh_1072","train","Pituitary tumor","Pituitary tumor__enh_1735","train","Pituitary tumor","9","0.999854","0.961538","flip_h","0.999473831","0.873554","1.221028","0.918341709","130","True","46.396291","166953"
"3607","4145","Pituitary tumor__enh_1075","train","Pituitary tumor","Pituitary tumor__enh_1858","train","Pituitary tumor","2","0.999935","0.983607","flip_h","0.999649891","0.933914","1.343381","0.933349433","276","True","45.566820","164434"
"3612","6593","Pituitary tumor__enh_1082","train","Pituitary tumor","Pituitary tumor__enh_1871","test","Pituitary tumor","12","0.999889","0.9","flip_h","0.999573656","0.869587","1.217593","0.87823186","146","False","46.420761","166190"
"3613","4154","Pituitary tumor__enh_1083","train","Pituitary tumor","Pituitary tumor__enh_1872","train","Pituitary tumor","12","0.999911","0.794118","flip_h","0.999651338","0.857967","1.206347","0.814143246","410","False","46.501360","164807"
"3614","4159","Pituitary tumor__enh_1084","train","Pituitary tumor","Pituitary tumor__enh_1877","train","Pituitary tumor","10","0.99993","0.706897","flip_h","0.999720827","0.874676","1.228084","0.758001123","862","False","46.346243","166170"
"3615","4162","Pituitary tumor__enh_1085","train","Pituitary tumor","Pituitary tumor__enh_1881","train","Pituitary tumor","12","0.999895","0.893333","flip_h","0.999607546","0.819969","1.194942","0.919758233","385","True","46.583865","155430"
"3617","4018","Pituitary tumor__enh_1092","train","Pituitary tumor","Pituitary tumor__enh_1677","train","Pituitary tumor","12","0.999899","0.9125","flip_h","0.999621804","0.845413","1.188422","0.914473684","442","True","46.631393","164085"
"3620","4029","Pituitary tumor__enh_1096","train","Pituitary tumor","Pituitary tumor__enh_1689","train","Pituitary tumor","6","0.99994","0.954774","flip_h","0.999758825","0.816101","1.187519","0.959170854","520","True","46.637990","155586"
"3621","4081","Pituitary tumor__enh_1098","train","Pituitary tumor","Pituitary tumor__enh_1763","train","Pituitary tumor","7","0.999898","0.759259","flip_h","0.999620634","0.810585","1.185024","0.717889908","984","False","46.656262","154291"
"3623","5543","Pituitary tumor__enh_1102","train","Pituitary tumor","Pituitary tumor__enh_1706","val","Pituitary tumor","6","0.999893","1","flip_h","0.999581282","0.852516","1.245634","0.915970516","171","True","46.222991","157143"
"3624","5546","Pituitary tumor__enh_1104","train","Pituitary tumor","Pituitary tumor__enh_1711","val","Pituitary tumor","8","0.999876","0.882353","flip_h","0.999509747","0.887234","1.236479","0.911290323","110","True","46.287067","168260"
"3626","4049","Pituitary tumor__enh_1106","train","Pituitary tumor","Pituitary tumor__enh_1718","train","Pituitary tumor","4","0.999922","0.912281","flip_h","0.999674254","0.838329","1.223506","0.93739658","227","True","46.378680","156209"
"3628","6569","Pituitary tumor__enh_1109","train","Pituitary tumor","Pituitary tumor__enh_1723","test","Pituitary tumor","9","0.999905","0.846154","flip_h","0.999623273","0.819977","1.191957","0.879851301","808","False","46.605593","155305"
"3632","3997","Pituitary tumor__enh_1116","train","Pituitary tumor","Pituitary tumor__enh_1640","train","Pituitary tumor","9","0.999907","0.648148","flip_h","0.999620413","0.835411","1.213779","0.6424972","1277","False","46.448013","156696"
"3633","6560","Pituitary tumor__enh_1117","train","Pituitary tumor","Pituitary tumor__enh_1642","test","Pituitary tumor","12","0.99994","0.944444","flip_h","0.999760282","0.814484","1.185565","0.923639318","94","True","46.652299","155355"
"3634","6562","Pituitary tumor__enh_1118","train","Pituitary tumor","Pituitary tumor__enh_1646","test","Pituitary tumor","6","0.999925","0.481481","flip_h","0.999729072","0.768063","1.129391","0.498729352","789","False","47.073917","150251"
"3637","5537","Pituitary tumor__enh_1123","train","Pituitary tumor","Pituitary tumor__enh_1667","val","Pituitary tumor","11","0.999922","0.917808","flip_h","0.999688666","0.830574","1.207723","0.935215583","296","True","46.491456","156721"
"3639","4090","Pituitary tumor__enh_1126","train","Pituitary tumor","Pituitary tumor__enh_1780","train","Pituitary tumor","3","0.99993","0.75","flip_h","0.999824706","1.012215","1.202123","0.834269663","236","False","46.531828","216633"
"3640","4094","Pituitary tumor__enh_1128","train","Pituitary tumor","Pituitary tumor__enh_1785","train","Pituitary tumor","5","0.999908","0.851351","flip_h","0.999640019","0.818371","1.192931","0.84168252","749","False","46.598497","155234"
"3641","4095","Pituitary tumor__enh_1129","train","Pituitary tumor","Pituitary tumor__enh_1787","train","Pituitary tumor","8","0.999903","0.830189","flip_h","0.99962697","0.872524","1.221419","0.846016647","518","False","46.393513","166744"
"3642","4576","Pituitary tumor__enh_1131","train","Pituitary tumor","Pituitary tumor__enh_2476","train","Pituitary tumor","5","0.99988","1","flip_h","0.999633236","0.803757","1.120304","0.91345617","155","True","47.144085","162880"
"3643","4578","Pituitary tumor__enh_1132","train","Pituitary tumor","Pituitary tumor__enh_2478","train","Pituitary tumor","9","0.999896","0.933333","flip_h","0.999675475","0.811752","1.143908","0.935230618","132","True","46.962983","161844"
"3645","4524","Pituitary tumor__enh_1136","train","Pituitary tumor","Pituitary tumor__enh_2399","train","Pituitary tumor","5","0.999844","0.866667","flip_h","0.999478696","0.863407","1.214927","0.863378099","529","False","46.439800","165179"
"3646","4526","Pituitary tumor__enh_1137","train","Pituitary tumor","Pituitary tumor__enh_2403","train","Pituitary tumor","4","0.999869","0.890244","flip_h","0.999546258","0.886494","1.234256","0.951427439","245","True","46.302699","169069"
"3647","4465","Pituitary tumor__enh_1138","train","Pituitary tumor","Pituitary tumor__enh_2321","train","Pituitary tumor","11","0.999868","0.894737","flip_h","0.999528415","0.897335","1.252407","0.909017713","226","True","46.175894","168842"
"3649","5641","Pituitary tumor__enh_1140","train","Pituitary tumor","Pituitary tumor__enh_2326","val","Pituitary tumor","8","0.999908","0.928571","flip_h","0.999691257","0.817871","1.152923","0.964964592","188","True","46.894798","162212"
"3651","4473","Pituitary tumor__enh_1142","train","Pituitary tumor","Pituitary tumor__enh_2333","train","Pituitary tumor","6","0.999858","0.885714","flip_h","0.99951453","0.872055","1.216403","0.888484297","245","False","46.429251","168045"
"3652","4480","Pituitary tumor__enh_1145","train","Pituitary tumor","Pituitary tumor__enh_2341","train","Pituitary tumor","7","0.999815","1","flip_h","0.999426278","0.932468","1.307423","0.885714286","128","False","45.802482","168901"
"3653","5645","Pituitary tumor__enh_1146","train","Pituitary tumor","Pituitary tumor__enh_2345","val","Pituitary tumor","5","0.999907","0.807018","flip_h","0.999712418","0.824921","1.14861","0.768315261","876","False","46.927350","164684"
"3654","4485","Pituitary tumor__enh_1147","train","Pituitary tumor","Pituitary tumor__enh_2349","train","Pituitary tumor","7","0.999914","0.595745","flip_h","0.999725863","0.79652","1.13494","0.595647596","1152","False","47.031342","158961"
"3656","4491","Pituitary tumor__enh_1149","train","Pituitary tumor","Pituitary tumor__enh_2355","train","Pituitary tumor","7","0.999792","0.911111","flip_h","0.999362252","0.862148","1.208442","0.913402062","252","True","46.486291","165841"
"3658","4500","Pituitary tumor__enh_1154","train","Pituitary tumor","Pituitary tumor__enh_2366","train","Pituitary tumor","6","0.99987","1","flip_h","0.999543696","0.87648","1.21951","0.926132837","119","True","46.407094","168819"
"3659","5647","Pituitary tumor__enh_1155","train","Pituitary tumor","Pituitary tumor__enh_2370","val","Pituitary tumor","10","0.999867","0.724138","flip_h","0.99953985","0.895695","1.240889","0.655605832","685","False","46.256143","171104"
"3660","4507","Pituitary tumor__enh_1156","train","Pituitary tumor","Pituitary tumor__enh_2374","train","Pituitary tumor","6","0.999902","0.83871","flip_h","0.999632905","0.871391","1.22172","0.803229062","390","False","46.391371","166812"
"3661","4510","Pituitary tumor__enh_1157","train","Pituitary tumor","Pituitary tumor__enh_2378","train","Pituitary tumor","12","0.99989","0.888889","flip_h","0.999625319","0.826229","1.168189","0.880592593","403","False","46.780540","162146"
"3663","4515","Pituitary tumor__enh_1159","train","Pituitary tumor","Pituitary tumor__enh_2384","train","Pituitary tumor","4","0.99991","0.875","flip_h","0.999680326","0.848137","1.186546","0.855932203","221","False","46.645115","165702"
"3665","5650","Pituitary tumor__enh_1161","train","Pituitary tumor","Pituitary tumor__enh_2388","val","Pituitary tumor","12","0.999897","1","flip_h","0.999683874","0.807709","1.138409","0.930781759","85","True","47.004838","161525"
"3668","4417","Pituitary tumor__enh_1166","train","Pituitary tumor","Pituitary tumor__enh_2247","train","Pituitary tumor","5","0.99986","0.945946","flip_h","0.999529051","0.869114","1.213582","0.915027208","203","True","46.449419","166767"
"3669","6653","Pituitary tumor__enh_1169","train","Pituitary tumor","Pituitary tumor__enh_2259","test","Pituitary tumor","8","0.999939","0.785714","flip_h","0.999779388","0.843555","1.166899","0.871410737","103","False","46.790141","167522"
"3670","5631","Pituitary tumor__enh_1172","train","Pituitary tumor","Pituitary tumor__enh_2271","val","Pituitary tumor","9","0.999814","0.6875","flip_h","0.999365562","0.833649","1.18261","0.763374486","230","False","46.673970","162686"
"3671","4434","Pituitary tumor__enh_1173","train","Pituitary tumor","Pituitary tumor__enh_2275","train","Pituitary tumor","9","0.999866","0.956522","flip_h","0.999503976","0.868793","1.23039","0.912374582","131","True","46.329950","164661"
"3672","5634","Pituitary tumor__enh_1174","train","Pituitary tumor","Pituitary tumor__enh_2279","val","Pituitary tumor","8","0.999842","0.84","flip_h","0.999471704","0.871323","1.213081","0.892466194","167","False","46.453008","167935"
"3673","6656","Pituitary tumor__enh_1177","train","Pituitary tumor","Pituitary tumor__enh_2289","test","Pituitary tumor","8","0.999839","0.593407","flip_h","0.999529304","0.800053","1.131696","0.593232044","2356","False","47.056211","160377"
"3674","4447","Pituitary tumor__enh_1178","train","Pituitary tumor","Pituitary tumor__enh_2293","train","Pituitary tumor","7","0.999877","0.888889","flip_h","0.999629169","0.824493","1.160781","0.920451258","275","True","46.835799","162635"
"3675","5639","Pituitary tumor__enh_1185","train","Pituitary tumor","Pituitary tumor__enh_2317","val","Pituitary tumor","4","0.999894","0.58209","flip_h","0.999593616","0.879627","1.231533","0.673145295","1379","False","46.321881","167244"
"3676","4351","Pituitary tumor__enh_1186","train","Pituitary tumor","Pituitary tumor__enh_2150","train","Pituitary tumor","12","0.999909","0.809524","flip_h","0.999716554","0.792961","1.116289","0.819940476","242","False","47.175270","160478"
"3677","6636","Pituitary tumor__enh_1188","train","Pituitary tumor","Pituitary tumor__enh_2157","test","Pituitary tumor","6","0.999918","0.945813","flip_h","0.999725485","0.80637","1.136392","0.956541769","566","True","47.020244","161264"
"3679","5614","Pituitary tumor__enh_1190","train","Pituitary tumor","Pituitary tumor__enh_2164","val","Pituitary tumor","4","0.999861","0.959459","flip_h","0.999502033","0.898472","1.247157","0.936695724","305","True","46.212380","170211"
"3680","5615","Pituitary tumor__enh_1191","train","Pituitary tumor","Pituitary tumor__enh_2168","val","Pituitary tumor","11","0.999894","0.235294","flip_h","0.999622517","0.88448","1.231264","0.302262443","771","False","46.323782","168820"
"3681","6640","Pituitary tumor__enh_1192","train","Pituitary tumor","Pituitary tumor__enh_2172","test","Pituitary tumor","12","0.999887","0.961538","flip_h","0.999591188","0.868343","1.215153","0.923778851","142","True","46.438184","166061"
"3682","5616","Pituitary tumor__enh_1193","train","Pituitary tumor","Pituitary tumor__enh_2176","val","Pituitary tumor","11","0.999846","0.833333","flip_h","0.999562296","0.811024","1.137314","0.887149918","137","False","47.013194","162215"
"3683","4367","Pituitary tumor__enh_1194","train","Pituitary tumor","Pituitary tumor__enh_2180","train","Pituitary tumor","6","0.999864","0.916667","flip_h","0.999602288","0.791985","1.130163","0.835784314","134","False","47.067985","157448"
"3684","4369","Pituitary tumor__enh_1195","train","Pituitary tumor","Pituitary tumor__enh_2184","train","Pituitary tumor","7","0.99992","0.888889","flip_h","0.99973756","0.805702","1.133065","0.877408056","70","False","47.045707","162056"
"3685","4375","Pituitary tumor__enh_1197","train","Pituitary tumor","Pituitary tumor__enh_2191","train","Pituitary tumor","4","0.999879","0.625","flip_h","0.999533207","0.880096","1.231346","0.848543689","78","False","46.323203","167175"
"3686","6646","Pituitary tumor__enh_1198","train","Pituitary tumor","Pituitary tumor__enh_2195","test","Pituitary tumor","9","0.999892","0.909091","flip_h","0.999650812","0.798996","1.130595","0.916787265","345","True","47.064666","160117"
"3689","5620","Pituitary tumor__enh_1203","train","Pituitary tumor","Pituitary tumor__enh_2207","val","Pituitary tumor","12","0.999935","0.7","flip_h","0.999773853","0.811501","1.14873","0.88028169","68","False","46.926446","160736"
"3690","4390","Pituitary tumor__enh_1204","train","Pituitary tumor","Pituitary tumor__enh_2211","train","Pituitary tumor","10","0.999913","0.928571","flip_h","0.999712033","0.812065","1.140715","0.918072289","68","True","46.987258","162929"
"3691","4395","Pituitary tumor__enh_1206","train","Pituitary tumor","Pituitary tumor__enh_2219","train","Pituitary tumor","6","0.999854","0.714286","flip_h","0.999457859","0.904118","1.256494","0.825966851","126","False","46.147595","170122"
"3692","4397","Pituitary tumor__enh_1207","train","Pituitary tumor","Pituitary tumor__enh_2221","train","Pituitary tumor","7","0.999864","0.666667","flip_h","0.999511515","0.870438","1.219354","0.792763158","63","False","46.408208","166148"
"3695","4409","Pituitary tumor__enh_1211","train","Pituitary tumor","Pituitary tumor__enh_2235","train","Pituitary tumor","8","0.999918","0.416667","flip_h","0.999738122","0.799431","1.120124","0.406643018","1840","False","47.145485","162206"
"3696","4414","Pituitary tumor__enh_1213","train","Pituitary tumor","Pituitary tumor__enh_2243","train","Pituitary tumor","3","0.99993","0.884058","flip_h","0.999766868","0.805813","1.135004","0.878478002","511","False","47.030854","161779"
"3697","4344","Pituitary tumor__enh_1215","train","Pituitary tumor","Pituitary tumor__enh_2141","train","Pituitary tumor","4","0.999931","0.888889","flip_h","0.999752477","0.83849","1.179641","0.936175778","244","True","46.695809","163847"
"3707","3850","Pituitary tumor__enh_1228","train","Pituitary tumor","Pituitary tumor__enh_1428","train","Pituitary tumor","9","0.999913","0.769231","flip_h","0.999687794","0.812023","1.169064","0.788697789","344","False","46.774038","157338"
"3709","3887","Pituitary tumor__enh_1230","train","Pituitary tumor","Pituitary tumor__enh_1480","train","Pituitary tumor","10","0.999924","0.795455","flip_h","0.999671782","0.710827","1.152978","0.794139194","562","False","46.894387","129023"
"3710","5497","Pituitary tumor__enh_1233","train","Pituitary tumor","Pituitary tumor__enh_1431","val","Pituitary tumor","6","0.99993","0.961538","flip_h","0.999791069","0.576122","0.963659","0.955921246","150","True","48.452337","116151"
"3712","6530","Pituitary tumor__enh_1235","train","Pituitary tumor","Pituitary tumor__enh_1437","test","Pituitary tumor","11","0.999894","0.873563","flip_h","0.999681638","0.59507","0.979324","0.873565312","694","False","48.312274","119379"
"3713","3857","Pituitary tumor__enh_1236","train","Pituitary tumor","Pituitary tumor__enh_1438","train","Pituitary tumor","11","0.9999","0.818182","flip_h","0.999698513","0.599392","0.981657","0.826724731","756","False","48.291611","120491"
"3715","3909","Pituitary tumor__enh_1239","train","Pituitary tumor","Pituitary tumor__enh_1509","train","Pituitary tumor","8","0.999889","0.75","flip_h","0.999575456","0.81617","1.189006","0.799537232","953","False","46.627125","155030"
"3716","5511","Pituitary tumor__enh_1240","train","Pituitary tumor","Pituitary tumor__enh_1537","val","Pituitary tumor","7","0.999936","0.867925","flip_h","0.999702154","0.713284","1.171541","0.87703222","416","False","46.755652","127252"
"3717","3888","Pituitary tumor__enh_1241","train","Pituitary tumor","Pituitary tumor__enh_1481","train","Pituitary tumor","5","0.999917","0.321429","flip_h","0.999662179","0.700413","1.134184","0.327838828","1101","False","47.037134","128045"
"3718","3931","Pituitary tumor__enh_1242","train","Pituitary tumor","Pituitary tumor__enh_1545","train","Pituitary tumor","5","0.999921","0.753846","flip_h","0.999668695","0.706535","1.147899","0.804213135","790","False","46.932728","128443"
"3719","3936","Pituitary tumor__enh_1243","train","Pituitary tumor","Pituitary tumor__enh_1553","train","Pituitary tumor","9","0.999914","0.938776","flip_h","0.999644049","0.704502","1.151941","0.928832117","234","True","46.902195","127181"
"3722","3899","Pituitary tumor__enh_1248","train","Pituitary tumor","Pituitary tumor__enh_1494","train","Pituitary tumor","12","0.999937","0.893617","flip_h","0.999767399","0.620144","1.055333","0.905755851","298","True","47.663014","117104"
"3724","3900","Pituitary tumor__enh_1250","train","Pituitary tumor","Pituitary tumor__enh_1495","train","Pituitary tumor","12","0.999904","0.953488","flip_h","0.99968437","0.587971","1.00436","0.956868431","119","True","48.093013","114072"
"3725","3901","Pituitary tumor__enh_1251","train","Pituitary tumor","Pituitary tumor__enh_1496","train","Pituitary tumor","8","0.99992","0.923077","flip_h","0.999728259","0.543747","0.965729","0.854462763","256","False","48.433698","105056"
"3728","5531","Pituitary tumor__enh_1257","train","Pituitary tumor","Pituitary tumor__enh_1636","val","Pituitary tumor","9","0.999937","0.731707","flip_h","0.999780058","0.592384","1.003116","0.769094139","650","False","48.103784","115108"
"3729","3994","Pituitary tumor__enh_1258","train","Pituitary tumor","Pituitary tumor__enh_1637","train","Pituitary tumor","9","0.999938","0.861111","flip_h","0.999779489","0.590595","1.008057","0.836379848","367","False","48.061105","114728"
"3731","3995","Pituitary tumor__enh_1260","train","Pituitary tumor","Pituitary tumor__enh_1638","train","Pituitary tumor","9","0.999931","0.522727","flip_h","0.999760603","0.618359","1.025353","0.559443056","1234","False","47.913332","119578"
"3732","5495","Pituitary tumor__enh_1262","train","Pituitary tumor","Pituitary tumor__enh_1422","val","Pituitary tumor","10","0.999937","1","flip_h","0.99977644","0.621925","1.035808","0.912273476","213","True","47.825216","119674"
"3734","3848","Pituitary tumor__enh_1265","train","Pituitary tumor","Pituitary tumor__enh_1425","train","Pituitary tumor","4","0.999936","0.25","flip_h","0.999725874","0.668991","1.097684","0.240955392","2161","False","47.321257","123695"
"3737","3853","Pituitary tumor__enh_1268","train","Pituitary tumor","Pituitary tumor__enh_1432","train","Pituitary tumor","8","0.999921","0.958333","flip_h","0.999682528","0.825504","1.194944","0.823777912","292","False","46.583854","156667"
"3738","3854","Pituitary tumor__enh_1269","train","Pituitary tumor","Pituitary tumor__enh_1433","train","Pituitary tumor","10","0.999908","0.74359","flip_h","0.999641711","0.829597","1.196394","0.844621514","351","False","46.573320","157692"
"3739","6535","Pituitary tumor__enh_1270","train","Pituitary tumor","Pituitary tumor__enh_1499","test","Pituitary tumor","9","0.999906","0.894737","flip_h","0.999637601","0.677223","1.102248","0.86676876","174","False","47.285218","125793"
"3741","5508","Pituitary tumor__enh_1273","train","Pituitary tumor","Pituitary tumor__enh_1500","val","Pituitary tumor","9","0.999951","0.875","flip_h","0.999815383","0.64579","1.059645","0.8101029","203","False","47.627592","122979"
"3746","3911","Pituitary tumor__enh_1282","train","Pituitary tumor","Pituitary tumor__enh_1512","train","Pituitary tumor","12","0.999918","0.913043","flip_h","0.999719889","0.655487","1.04748","0.910678308","133","True","47.727891","129339"
"3752","3917","Pituitary tumor__enh_1290","train","Pituitary tumor","Pituitary tumor__enh_1521","train","Pituitary tumor","9","0.999945","0.853333","flip_h","0.99979392","0.649055","1.078387","0.831065025","782","False","47.475312","121718"
"3754","6454","Pituitary tumor__enh_1292","train","Pituitary tumor","Pituitary tumor__enh_1004","test","Pituitary tumor","8","0.999938","0.870968","flip_h","0.999776215","0.639473","1.052109","0.917355372","160","True","47.689588","122618"
"3755","3919","Pituitary tumor__enh_1293","train","Pituitary tumor","Pituitary tumor__enh_1524","train","Pituitary tumor","8","0.999904","1","flip_h","0.999696749","0.595474","0.989041","0.941354904","116","True","48.226515","118604"
"3756","3921","Pituitary tumor__enh_1295","train","Pituitary tumor","Pituitary tumor__enh_1527","train","Pituitary tumor","10","0.999944","0.843137","flip_h","0.999793863","0.616665","1.048959","0.899908731","329","False","47.715633","116371"
"3757","3922","Pituitary tumor__enh_1296","train","Pituitary tumor","Pituitary tumor__enh_1528","train","Pituitary tumor","12","0.999944","0.914894","flip_h","0.999786631","0.643505","1.070781","0.907494936","274","True","47.536790","121544"
"3758","3923","Pituitary tumor__enh_1297","train","Pituitary tumor","Pituitary tumor__enh_1529","train","Pituitary tumor","11","0.999929","0.866667","flip_h","0.999756572","0.608101","1.018004","0.884653962","230","False","47.975818","118096"
"3759","6543","Pituitary tumor__enh_1298","train","Pituitary tumor","Pituitary tumor__enh_1531","test","Pituitary tumor","11","0.999913","0.909091","flip_h","0.999685245","0.8139","1.171948","0.868421053","100","False","46.752635","157327"
"3761","3927","Pituitary tumor__enh_1301","train","Pituitary tumor","Pituitary tumor__enh_1534","train","Pituitary tumor","9","0.999923","0.875","flip_h","0.999747964","0.608906","1.009622","0.906930693","141","True","48.047627","119882"
"3762","6544","Pituitary tumor__enh_1302","train","Pituitary tumor","Pituitary tumor__enh_1535","test","Pituitary tumor","8","0.999937","0.961538","flip_h","0.999791333","0.629238","1.040169","0.901334881","170","True","47.788727","121656"
"3769","5514","Pituitary tumor__enh_1310","train","Pituitary tumor","Pituitary tumor__enh_1546","val","Pituitary tumor","10","0.99993","0.451613","flip_h","0.999728649","0.813374","1.175299","0.433035714","1143","False","46.727834","156296"
"3772","3937","Pituitary tumor__enh_1314","train","Pituitary tumor","Pituitary tumor__enh_1554","train","Pituitary tumor","9","0.999938","0.9","flip_h","0.999764914","0.65313","1.077017","0.875404531","77","False","47.486353","123007"
"3773","3940","Pituitary tumor__enh_1316","train","Pituitary tumor","Pituitary tumor__enh_1557","train","Pituitary tumor","6","0.999942","0.915789","flip_h","0.99977334","0.628967","1.051826","0.916875732","497","True","47.691923","118853"
"3774","3941","Pituitary tumor__enh_1317","train","Pituitary tumor","Pituitary tumor__enh_1558","train","Pituitary tumor","9","0.999911","0.899083","flip_h","0.999717494","0.616241","1.002887","0.891781593","769","False","48.105760","122846"
"3775","3945","Pituitary tumor__enh_1320","train","Pituitary tumor","Pituitary tumor__enh_1562","train","Pituitary tumor","6","0.999943","0.985507","flip_h","0.999804507","0.596485","0.997909","0.940979955","265","True","48.148982","116901"
"3777","3947","Pituitary tumor__enh_1322","train","Pituitary tumor","Pituitary tumor__enh_1565","train","Pituitary tumor","8","0.999898","0.882353","flip_h","0.999624752","0.807865","1.177297","0.892106234","585","False","46.713083","154693"
"3778","3948","Pituitary tumor__enh_1323","train","Pituitary tumor","Pituitary tumor__enh_1566","train","Pituitary tumor","7","0.999878","0.958333","flip_h","0.999560917","0.785088","1.147816","0.945543501","256","True","46.933357","152475"
"3779","6549","Pituitary tumor__enh_1324","train","Pituitary tumor","Pituitary tumor__enh_1571","test","Pituitary tumor","7","0.999913","0.73913","flip_h","0.999689284","0.799679","1.159911","0.774204947","639","False","46.842308","155409"
"3780","3952","Pituitary tumor__enh_1326","train","Pituitary tumor","Pituitary tumor__enh_1573","train","Pituitary tumor","7","0.999933","0.452381","flip_h","0.99974871","0.634998","1.05834","0.466902655","1506","False","47.638302","119837"
"3781","3953","Pituitary tumor__enh_1327","train","Pituitary tumor","Pituitary tumor__enh_1574","train","Pituitary tumor","6","0.999931","0.844444","flip_h","0.999733257","0.645054","1.073592","0.822299652","510","False","47.514020","120977"
"3782","5519","Pituitary tumor__enh_1330","train","Pituitary tumor","Pituitary tumor__enh_1577","val","Pituitary tumor","11","0.99994","0.571429","flip_h","0.99977639","0.64077","1.062855","0.663019694","616","False","47.601320","120938"
"3784","3957","Pituitary tumor__enh_1332","train","Pituitary tumor","Pituitary tumor__enh_1579","train","Pituitary tumor","10","0.999921","0.736842","flip_h","0.999761848","0.62418","1.011977","0.816292602","221","False","48.027391","125185"
"3784","5333","Pituitary tumor__enh_1332","train","Pituitary tumor","Pituitary tumor__enh_193","val","Pituitary tumor","12","0.981864","0.647059","identity","0.973919494","20.703075","30.958635","0.708566108","313","False","18.315168","260767"
"3785","3958","Pituitary tumor__enh_1333","train","Pituitary tumor","Pituitary tumor__enh_1580","train","Pituitary tumor","8","0.999905","0.761905","flip_h","0.999632025","0.821289","1.192993","0.785662034","293","False","46.598043","155766"
"3786","5520","Pituitary tumor__enh_1334","train","Pituitary tumor","Pituitary tumor__enh_1582","val","Pituitary tumor","11","0.999922","0.45283","flip_h","0.999699785","0.649139","1.080193","0.410168523","2065","False","47.460777","121106"
"3787","5521","Pituitary tumor__enh_1336","train","Pituitary tumor","Pituitary tumor__enh_1584","val","Pituitary tumor","11","0.99993","0.690476","flip_h","0.999741677","0.668537","1.090979","0.690485145","823","False","47.374476","126510"
"3788","3959","Pituitary tumor__enh_1337","train","Pituitary tumor","Pituitary tumor__enh_1585","train","Pituitary tumor","10","0.999932","0.955556","flip_h","0.999737728","0.672333","1.096551","0.937632884","176","True","47.330231","126140"
"3789","3960","Pituitary tumor__enh_1338","train","Pituitary tumor","Pituitary tumor__enh_1586","train","Pituitary tumor","8","0.99991","0.86","flip_h","0.999676059","0.628071","1.040147","0.916638655","248","True","47.788911","120769"
"3790","5522","Pituitary tumor__enh_1339","train","Pituitary tumor","Pituitary tumor__enh_1587","val","Pituitary tumor","12","0.999932","0.972973","flip_h","0.99974197","0.655849","1.074576","0.924279835","184","True","47.506064","124348"
"3792","3965","Pituitary tumor__enh_1342","train","Pituitary tumor","Pituitary tumor__enh_1593","train","Pituitary tumor","4","0.99994","0.5","flip_h","0.999767681","0.646416","1.065103","0.475891512","2087","False","47.582968","122404"
"3793","6552","Pituitary tumor__enh_1345","train","Pituitary tumor","Pituitary tumor__enh_1597","test","Pituitary tumor","1","0.999926","0.84","flip_h","0.999710169","0.650772","1.07758","0.817912414","553","False","47.481813","122158"
"3794","6345","Pituitary tumor__enh_1346","train","Pituitary tumor","Pituitary tumor__enh_223","test","Pituitary tumor","12","0.985644","0.733333","identity","0.976618116","20.779663","29.963917","0.676669894","334","False","18.598832","260860"
"3795","3969","Pituitary tumor__enh_1347","train","Pituitary tumor","Pituitary tumor__enh_1600","train","Pituitary tumor","9","0.999914","0.787879","flip_h","0.999699132","0.649082","1.058152","0.872579919","283","False","47.639841","125036"
"3799","5526","Pituitary tumor__enh_1351","train","Pituitary tumor","Pituitary tumor__enh_1604","val","Pituitary tumor","11","0.999884","0.902439","flip_h","0.999593095","0.809807","1.165078","0.896720694","274","False","46.803704","157195"
"3801","6553","Pituitary tumor__enh_1353","train","Pituitary tumor","Pituitary tumor__enh_1606","test","Pituitary tumor","9","0.999895","0.954545","flip_h","0.999624171","0.788467","1.150793","0.923179693","115","True","46.910856","153185"
"3802","3974","Pituitary tumor__enh_1354","train","Pituitary tumor","Pituitary tumor__enh_1607","train","Pituitary tumor","7","0.999899","0.869565","flip_h","0.999652522","0.782051","1.13804","0.889506602","159","False","47.007652","152910"
"3803","5527","Pituitary tumor__enh_1355","train","Pituitary tumor","Pituitary tumor__enh_1608","val","Pituitary tumor","11","0.999889","0.823529","flip_h","0.99960443","0.807808","1.164682","0.851042701","150","False","46.806659","156644"
"3804","3977","Pituitary tumor__enh_1358","train","Pituitary tumor","Pituitary tumor__enh_1611","train","Pituitary tumor","11","0.999917","0.844828","flip_h","0.99968354","0.669048","1.083083","0.824666485","644","False","47.437568","126666"
"3805","3978","Pituitary tumor__enh_1359","train","Pituitary tumor","Pituitary tumor__enh_1612","train","Pituitary tumor","9","0.999939","0.736842","flip_h","0.999759171","0.661041","1.086994","0.796737767","486","False","47.406258","123779"
"3806","6554","Pituitary tumor__enh_1361","train","Pituitary tumor","Pituitary tumor__enh_1614","test","Pituitary tumor","11","0.999934","0.967742","flip_h","0.999748005","0.656891","1.07263","0.957932083","83","True","47.521803","124410"
"3807","6555","Pituitary tumor__enh_1363","train","Pituitary tumor","Pituitary tumor__enh_1616","test","Pituitary tumor","7","0.999943","0.765957","flip_h","0.999808438","0.633617","1.032339","0.720102597","873","False","47.854359","124443"
"3808","5528","Pituitary tumor__enh_1364","train","Pituitary tumor","Pituitary tumor__enh_1617","val","Pituitary tumor","7","0.999944","0.684211","flip_h","0.999812771","0.618992","1.016344","0.850708924","179","False","47.989989","121784"
"3809","3983","Pituitary tumor__enh_1366","train","Pituitary tumor","Pituitary tumor__enh_1620","train","Pituitary tumor","5","0.999946","0.943182","flip_h","0.999806083","0.640179","1.049857","0.920186949","444","True","47.708201","124068"
"3811","6556","Pituitary tumor__enh_1368","train","Pituitary tumor","Pituitary tumor__enh_1622","test","Pituitary tumor","11","0.999924","0.934426","flip_h","0.999771691","0.611286","1.001694","0.973449068","104","True","48.116100","122149"
"3814","6459","Pituitary tumor__enh_1372","train","Pituitary tumor","Pituitary tumor__enh_1039","test","Pituitary tumor","11","0.999933","0.893617","flip_h","0.999748043","0.805702","1.172666","0.963054187","105","True","46.747319","154852"
"3815","5530","Pituitary tumor__enh_1375","train","Pituitary tumor","Pituitary tumor__enh_1630","val","Pituitary tumor","8","0.999918","0.897436","flip_h","0.999709869","0.630573","1.049719","0.902818679","231","True","47.709344","120718"
"3816","6557","Pituitary tumor__enh_1376","train","Pituitary tumor","Pituitary tumor__enh_1631","test","Pituitary tumor","7","0.999938","0.8","flip_h","0.999772266","0.635437","1.056343","0.838561271","386","False","47.654707","120858"
"3821","6529","Pituitary tumor__enh_1382","train","Pituitary tumor","Pituitary tumor__enh_1434","test","Pituitary tumor","5","0.999919","0.316667","flip_h","0.999679508","0.835957","1.206685","0.283856159","2808","False","46.498924","158235"
"3823","3858","Pituitary tumor__enh_1386","train","Pituitary tumor","Pituitary tumor__enh_1440","train","Pituitary tumor","8","0.999861","0.913793","flip_h","0.999558098","0.745331","1.090907","0.950983107","177","True","47.375047","150121"
"3824","3859","Pituitary tumor__enh_1387","train","Pituitary tumor","Pituitary tumor__enh_1441","train","Pituitary tumor","8","0.999874","0.909091","flip_h","0.999594766","0.757305","1.105588","0.915180197","233","True","47.258939","151067"
"3825","5442","Pituitary tumor__enh_1388","train","Pituitary tumor","Pituitary tumor__enh_976","val","Pituitary tumor","9","0.999929","0.627907","flip_h","0.999734774","0.79953","1.172418","0.62614841","1058","False","46.749150","152798"
"3828","6531","Pituitary tumor__enh_1395","train","Pituitary tumor","Pituitary tumor__enh_1450","test","Pituitary tumor","4","0.999894","0.96","flip_h","0.999675523","0.583267","0.979947","0.959367246","131","True","48.306750","116261"
"3831","3891","Pituitary tumor__enh_1399","train","Pituitary tumor","Pituitary tumor__enh_1486","train","Pituitary tumor","9","0.999929","0.901961","flip_h","0.99973107","0.801796","1.166511","0.881604697","363","False","46.793026","154498"
"3833","3870","Pituitary tumor__enh_1403","train","Pituitary tumor","Pituitary tumor__enh_1458","train","Pituitary tumor","11","0.999909","0.551724","flip_h","0.999667327","0.791054","1.157882","0.555978261","1634","False","46.857518","152883"
"3836","5443","Pituitary tumor__enh_1409","train","Pituitary tumor","Pituitary tumor__enh_984","val","Pituitary tumor","5","0.999843","0.7","flip_h","0.999488017","0.957649","1.325126","0.85467128","168","False","45.685661","172863"
"3837","3876","Pituitary tumor__enh_1410","train","Pituitary tumor","Pituitary tumor__enh_1466","train","Pituitary tumor","9","0.999811","0.457143","flip_h","0.999404621","0.857388","1.233854","0.545816733","912","False","46.305527","158963"
"3838","3877","Pituitary tumor__enh_1411","train","Pituitary tumor","Pituitary tumor__enh_1467","train","Pituitary tumor","10","0.999939","0.891892","flip_h","0.999775015","0.654976","1.074304","0.903212851","241","True","47.508260","124119"
"3840","3879","Pituitary tumor__enh_1413","train","Pituitary tumor","Pituitary tumor__enh_1469","train","Pituitary tumor","4","0.999937","0.970588","flip_h","0.999779922","0.622753","1.021712","0.951029748","107","True","47.944232","121701"
"3843","5507","Pituitary tumor__enh_1416","train","Pituitary tumor","Pituitary tumor__enh_1472","val","Pituitary tumor","7","0.999909","0.75","flip_h","0.999673875","0.814312","1.185396","0.823458283","146","False","46.653537","155181"
"3844","3880","Pituitary tumor__enh_1417","train","Pituitary tumor","Pituitary tumor__enh_1473","train","Pituitary tumor","9","0.999918","0.655172","flip_h","0.999674688","0.829353","1.207663","0.767020971","811","False","46.491887","156137"
"3846","6503","Pituitary tumor__enh_1423","train","Pituitary tumor","Pituitary tumor__enh_1264","test","Pituitary tumor","5","0.999924","0.772727","flip_h","0.999708861","0.653988","1.074742","0.888888889","152","False","47.504716","123199"
"3851","5472","Pituitary tumor__enh_1429","train","Pituitary tumor","Pituitary tumor__enh_1231","val","Pituitary tumor","8","0.999941","0.945946","flip_h","0.999808442","0.6049","0.998647","0.922822947","187","True","48.142566","119932"
"3852","6497","Pituitary tumor__enh_1430","train","Pituitary tumor","Pituitary tumor__enh_1232","test","Pituitary tumor","4","0.999925","0.960784","flip_h","0.999764938","0.578808","0.973834","0.967238212","107","True","48.361104","115049"
"3856","6520","Pituitary tumor__enh_1436","train","Pituitary tumor","Pituitary tumor__enh_1384","test","Pituitary tumor","4","0.999914","0.877551","flip_h","0.999689914","0.785278","1.157025","0.93245366","215","True","46.863948","151390"
"3864","6523","Pituitary tumor__enh_1451","train","Pituitary tumor","Pituitary tumor__enh_1396","test","Pituitary tumor","8","0.999911","0.857143","flip_h","0.999722227","0.595715","0.991913","0.864421416","314","False","48.201336","118140"
"3878","5441","Pituitary tumor__enh_1468","train","Pituitary tumor","Pituitary tumor__enh_968","val","Pituitary tumor","6","0.999932","0.875","flip_h","0.999753972","0.625645","1.032453","0.933467742","132","True","47.853395","121405"
"3897","5470","Pituitary tumor__enh_1492","train","Pituitary tumor","Pituitary tumor__enh_1225","val","Pituitary tumor","9","0.999922","0.954545","flip_h","0.999720816","0.792702","1.167299","0.937138728","87","True","46.787161","151700"
"3898","5471","Pituitary tumor__enh_1493","train","Pituitary tumor","Pituitary tumor__enh_1226","val","Pituitary tumor","12","0.999919","0.95","flip_h","0.999717146","0.802429","1.167126","0.923622047","97","True","46.788450","154535"
"3903","6447","Pituitary tumor__enh_1498","train","Pituitary tumor","Pituitary tumor__enh_923","test","Pituitary tumor","2","0.999857","1","flip_h","0.99947424","0.647419","1.065886","0.950941244","86","True","47.576591","122043"
"3904","6498","Pituitary tumor__enh_1501","train","Pituitary tumor","Pituitary tumor__enh_1238","test","Pituitary tumor","9","0.999886","0.9","flip_h","0.999575547","0.820797","1.195534","0.936213161","158","True","46.579563","155085"
"3913","5477","Pituitary tumor__enh_1514","train","Pituitary tumor","Pituitary tumor__enh_1284","val","Pituitary tumor","6","0.999897","0.73913","flip_h","0.999596835","0.824978","1.201502","0.727039178","425","False","46.536313","155454"
"3920","5478","Pituitary tumor__enh_1525","train","Pituitary tumor","Pituitary tumor__enh_1294","val","Pituitary tumor","4","0.999897","1","flip_h","0.999676377","0.63401","1.031575","0.911975435","172","True","47.860783","124128"
"3938","5481","Pituitary tumor__enh_1555","train","Pituitary tumor","Pituitary tumor__enh_1315","val","Pituitary tumor","6","0.999938","0.5","flip_h","0.999750923","0.661957","1.095694","0.508607199","314","False","47.337015","123016"
"3942","5482","Pituitary tumor__enh_1559","train","Pituitary tumor","Pituitary tumor__enh_1318","val","Pituitary tumor","5","0.999948","0.961905","flip_h","0.999806907","0.605648","1.015912","0.94990451","341","True","47.993679","116735"
"3943","6509","Pituitary tumor__enh_1560","train","Pituitary tumor","Pituitary tumor__enh_1319","test","Pituitary tumor","3","0.999948","0.969388","flip_h","0.999818122","0.611206","1.01818","0.972477064","171","True","47.974316","118543"
"3951","6519","Pituitary tumor__enh_1570","train","Pituitary tumor","Pituitary tumor__enh_1378","test","Pituitary tumor","6","0.999931","0.381818","flip_h","0.99971508","0.777222","1.16549","0.377585243","2227","False","46.800629","147328"
"3954","6450","Pituitary tumor__enh_1575","train","Pituitary tumor","Pituitary tumor__enh_941","test","Pituitary tumor","6","0.999937","0.789474","flip_h","0.999765182","0.63969","1.061241","0.899920572","126","False","47.614524","120867"
"3955","6510","Pituitary tumor__enh_1576","train","Pituitary tumor","Pituitary tumor__enh_1329","test","Pituitary tumor","7","0.999934","0.541667","flip_h","0.999753823","0.656765","1.075392","0.497601918","838","False","47.499470","124511"
"3966","6513","Pituitary tumor__enh_1594","train","Pituitary tumor","Pituitary tumor__enh_1343","test","Pituitary tumor","9","0.999946","0.923077","flip_h","0.99980157","0.65403","1.066828","0.916117436","140","True","47.568913","124727"
"3979","5487","Pituitary tumor__enh_1613","train","Pituitary tumor","Pituitary tumor__enh_1360","val","Pituitary tumor","5","0.999926","0.914286","flip_h","0.999724681","0.642761","1.05089","0.968158745","69","True","47.699657","122883"
"3980","6515","Pituitary tumor__enh_1615","train","Pituitary tumor","Pituitary tumor__enh_1362","test","Pituitary tumor","8","0.999947","0.393617","flip_h","0.999812112","0.628025","1.032993","0.400278212","3449","False","47.848859","122402"
"3985","5488","Pituitary tumor__enh_1623","train","Pituitary tumor","Pituitary tumor__enh_1369","val","Pituitary tumor","10","0.999923","0.928571","flip_h","0.999760852","0.607922","0.999689","0.927068215","201","True","48.133505","121126"
"3999","6623","Pituitary tumor__enh_1645","train","Pituitary tumor","Pituitary tumor__enh_2099","test","Pituitary tumor","8","0.999937","0.75","flip_h","0.999735335","0.832439","1.209842","0.761435223","871","False","46.476228","156868"
"4000","5605","Pituitary tumor__enh_1647","train","Pituitary tumor","Pituitary tumor__enh_2100","val","Pituitary tumor","7","0.999926","1","flip_h","0.999730607","0.777115","1.138791","0.921105326","197","True","47.001925","151562"
"4001","4319","Pituitary tumor__enh_1648","train","Pituitary tumor","Pituitary tumor__enh_2101","train","Pituitary tumor","10","0.999935","0.954545","flip_h","0.999761256","0.785027","1.149573","0.925978902","414","True","46.920073","152460"
"4002","6474","Pituitary tumor__enh_1650","train","Pituitary tumor","Pituitary tumor__enh_1119","test","Pituitary tumor","9","0.99994","0.943262","flip_h","0.999771522","0.796555","1.172903","0.955275874","398","True","46.745560","152257"
"4003","6625","Pituitary tumor__enh_1651","train","Pituitary tumor","Pituitary tumor__enh_2103","test","Pituitary tumor","10","0.999933","0.961538","flip_h","0.999744982","0.794189","1.161868","0.949690033","422","True","46.827667","153263"
"4004","4320","Pituitary tumor__enh_1652","train","Pituitary tumor","Pituitary tumor__enh_2104","train","Pituitary tumor","9","0.999924","0.761194","flip_h","0.999721948","0.795319","1.150817","0.790547672","1786","False","46.910681","155174"
"4005","6475","Pituitary tumor__enh_1653","train","Pituitary tumor","Pituitary tumor__enh_1121","test","Pituitary tumor","11","0.999883","0.895833","flip_h","0.999572659","0.835785","1.173251","0.91883221","253","True","46.742984","163539"
"4008","5606","Pituitary tumor__enh_1662","train","Pituitary tumor","Pituitary tumor__enh_2107","val","Pituitary tumor","11","0.9999","0.869565","flip_h","0.999619302","0.867794","1.208991","0.92550738","323","True","46.482345","167658"
"4009","5609","Pituitary tumor__enh_1664","train","Pituitary tumor","Pituitary tumor__enh_2111","val","Pituitary tumor","9","0.999905","0.978723","flip_h","0.999634835","0.799789","1.176067","0.920409511","241","True","46.722164","152504"
"4011","4322","Pituitary tumor__enh_1666","train","Pituitary tumor","Pituitary tumor__enh_2112","train","Pituitary tumor","5","0.999918","1","flip_h","0.999675743","0.822651","1.195065","0.948166259","212","True","46.582972","156232"
"4013","4323","Pituitary tumor__enh_1669","train","Pituitary tumor","Pituitary tumor__enh_2114","train","Pituitary tumor","6","0.999926","0.929825","flip_h","0.999696263","0.83231","1.211437","0.930540243","252","True","46.464789","156447"
"4014","5590","Pituitary tumor__enh_1672","train","Pituitary tumor","Pituitary tumor__enh_2016","val","Pituitary tumor","8","0.999923","0.823529","flip_h","0.999681493","0.841362","1.220017","0.848715509","159","False","46.403486","157997"
"4016","4269","Pituitary tumor__enh_1675","train","Pituitary tumor","Pituitary tumor__enh_2018","train","Pituitary tumor","11","0.999908","0.898305","flip_h","0.999653533","0.859329","1.206819","0.882969914","424","False","46.497957","165408"
"4019","4271","Pituitary tumor__enh_1678","train","Pituitary tumor","Pituitary tumor__enh_2020","train","Pituitary tumor","9","0.999886","0.886364","flip_h","0.999592567","0.821053","1.167939","0.881714876","687","False","46.782398","160308"
"4020","4273","Pituitary tumor__enh_1680","train","Pituitary tumor","Pituitary tumor__enh_2024","train","Pituitary tumor","9","0.999925","0.895833","flip_h","0.999710574","0.873219","1.214666","0.901315789","285","True","46.441664","167741"
"4021","4274","Pituitary tumor__enh_1681","train","Pituitary tumor","Pituitary tumor__enh_2025","train","Pituitary tumor","9","0.999922","0.702703","flip_h","0.999691903","0.877979","1.215332","0.715999143","1326","False","46.436905","169295"
"4023","4276","Pituitary tumor__enh_1683","train","Pituitary tumor","Pituitary tumor__enh_2027","train","Pituitary tumor","10","0.999912","0.83871","flip_h","0.999621103","0.867947","1.255981","0.909090909","176","True","46.151143","159336"
"4024","5592","Pituitary tumor__enh_1684","train","Pituitary tumor","Pituitary tumor__enh_2028","val","Pituitary tumor","8","0.999904","0.848485","flip_h","0.999598784","0.855324","1.248106","0.891347099","221","False","46.205771","157779"
"4025","4222","Pituitary tumor__enh_1685","train","Pituitary tumor","Pituitary tumor__enh_1958","train","Pituitary tumor","7","0.999892","0.853933","flip_h","0.999600254","0.874123","1.215807","0.864546104","758","False","46.433508","168005"
"4026","6607","Pituitary tumor__enh_1686","train","Pituitary tumor","Pituitary tumor__enh_2030","test","Pituitary tumor","8","0.999935","0.755725","flip_h","0.999747011","0.792736","1.169602","0.785485212","1806","False","46.770039","151712"
"4027","6608","Pituitary tumor__enh_1687","train","Pituitary tumor","Pituitary tumor__enh_2032","test","Pituitary tumor","4","0.99994","0.928571","flip_h","0.999753784","0.800034","1.180273","0.95216089","559","True","46.691157","151869"
"4028","6609","Pituitary tumor__enh_1688","train","Pituitary tumor","Pituitary tumor__enh_2033","test","Pituitary tumor","9","0.999936","0.965174","flip_h","0.999746316","0.807983","1.183146","0.955140043","583","True","46.670039","154248"
"4030","4279","Pituitary tumor__enh_1690","train","Pituitary tumor","Pituitary tumor__enh_2034","train","Pituitary tumor","8","0.999918","0.911458","flip_h","0.999694789","0.792713","1.151007","0.923478545","938","True","46.909243","154344"
"4031","6610","Pituitary tumor__enh_1691","train","Pituitary tumor","Pituitary tumor__enh_2035","test","Pituitary tumor","4","0.999916","0.959184","flip_h","0.999677839","0.800102","1.169826","0.96855853","195","True","46.768381","153412"
"4038","6614","Pituitary tumor__enh_1702","train","Pituitary tumor","Pituitary tumor__enh_2045","test","Pituitary tumor","11","0.999905","0.825","flip_h","0.999634284","0.883362","1.230723","0.805863708","490","False","46.327598","168544"
"4040","4287","Pituitary tumor__enh_1704","train","Pituitary tumor","Pituitary tumor__enh_2048","train","Pituitary tumor","4","0.999885","0.84375","flip_h","0.999570634","0.831768","1.211075","0.815599422","383","False","46.467386","156106"
"4041","6615","Pituitary tumor__enh_1705","train","Pituitary tumor","Pituitary tumor__enh_2049","test","Pituitary tumor","5","0.9999","0.882353","flip_h","0.999598256","0.858818","1.251558","0.881097561","273","False","46.181781","157711"
"4042","6616","Pituitary tumor__enh_1708","train","Pituitary tumor","Pituitary tumor__enh_2050","test","Pituitary tumor","3","0.999885","0.4","flip_h","0.999552112","0.861614","1.247787","0.441554559","1868","False","46.207994","158778"
"4043","4290","Pituitary tumor__enh_1710","train","Pituitary tumor","Pituitary tumor__enh_2056","train","Pituitary tumor","8","0.999872","0.923077","flip_h","0.999501459","0.883305","1.23007","0.831155779","168","False","46.332205","168575"
"4044","4292","Pituitary tumor__enh_1713","train","Pituitary tumor","Pituitary tumor__enh_2058","train","Pituitary tumor","10","0.99989","0.8125","flip_h","0.999533036","0.892479","1.253985","0.850594822","427","False","46.164954","166993"
"4045","5597","Pituitary tumor__enh_1714","train","Pituitary tumor","Pituitary tumor__enh_2059","val","Pituitary tumor","10","0.999887","0.64","flip_h","0.999544593","0.875885","1.23054","0.653176471","2211","False","46.328889","165861"
"4046","4293","Pituitary tumor__enh_1715","train","Pituitary tumor","Pituitary tumor__enh_2060","train","Pituitary tumor","7","0.999929","0.813953","flip_h","0.999705865","0.834797","1.215596","0.872239748","324","False","46.435021","156251"
"4047","4295","Pituitary tumor__enh_1716","train","Pituitary tumor","Pituitary tumor__enh_2062","train","Pituitary tumor","7","0.999923","0.826923","flip_h","0.999671599","0.837082","1.224293","0.868628022","451","False","46.373095","156082"
"4048","4224","Pituitary tumor__enh_1717","train","Pituitary tumor","Pituitary tumor__enh_1960","train","Pituitary tumor","11","0.999884","0.892857","flip_h","0.999568419","0.887192","1.232748","0.913189897","464","True","46.313315","169584"
"4049","6370","Pituitary tumor__enh_1718","train","Pituitary tumor","Pituitary tumor__enh_407","test","Pituitary tumor","11","0.977353","0.745455","identity","","","","","","","16.857414","260098"
"4050","4297","Pituitary tumor__enh_1719","train","Pituitary tumor","Pituitary tumor__enh_2064","train","Pituitary tumor","8","0.999923","0.983333","flip_h","0.999675968","0.84811","1.232388","0.933922997","254","True","46.315856","157483"
"4051","4300","Pituitary tumor__enh_1720","train","Pituitary tumor","Pituitary tumor__enh_2067","train","Pituitary tumor","9","0.99993","0.859649","flip_h","0.999702933","0.842525","1.216606","0.86031746","528","False","46.427807","158625"
"4052","5598","Pituitary tumor__enh_1721","train","Pituitary tumor","Pituitary tumor__enh_2068","val","Pituitary tumor","6","0.999902","0.926829","flip_h","0.999632327","0.800018","1.164711","0.926391036","381","True","46.806439","153994"
"4053","4301","Pituitary tumor__enh_1722","train","Pituitary tumor","Pituitary tumor__enh_2070","train","Pituitary tumor","9","0.999932","0.887755","flip_h","0.999720289","0.84399","1.219255","0.895419603","653","False","46.408910","158269"
"4054","4225","Pituitary tumor__enh_1726","train","Pituitary tumor","Pituitary tumor__enh_1961","train","Pituitary tumor","12","0.999871","0.831325","flip_h","0.999535432","0.87648","1.220536","0.853431563","756","False","46.399792","168204"
"4055","4302","Pituitary tumor__enh_1727","train","Pituitary tumor","Pituitary tumor__enh_2073","train","Pituitary tumor","6","0.999907","0.631206","flip_h","0.999626247","0.837509","1.209623","0.639640677","3129","False","46.477802","157902"
"4056","6473","Pituitary tumor__enh_1728","train","Pituitary tumor","Pituitary tumor__enh_1110","test","Pituitary tumor","1","0.999895","0.828571","flip_h","0.999571847","0.830734","1.209749","0.808999521","399","False","46.476896","156203"
"4057","5602","Pituitary tumor__enh_1729","train","Pituitary tumor","Pituitary tumor__enh_2074","val","Pituitary tumor","11","0.999913","0.868421","flip_h","0.999629446","0.831482","1.2127","0.876194268","311","False","46.455734","155654"
"4058","4304","Pituitary tumor__enh_1731","train","Pituitary tumor","Pituitary tumor__enh_2076","train","Pituitary tumor","10","0.999874","0.737705","flip_h","0.999501958","0.821518","1.191902","0.767394617","916","False","46.605989","155957"
"4059","5603","Pituitary tumor__enh_1734","train","Pituitary tumor","Pituitary tumor__enh_2079","val","Pituitary tumor","8","0.99993","0.884615","flip_h","0.999717271","0.813099","1.185425","0.814946619","312","False","46.653325","154615"
"4061","4308","Pituitary tumor__enh_1737","train","Pituitary tumor","Pituitary tumor__enh_2082","train","Pituitary tumor","10","0.999887","0.875","flip_h","0.999567228","0.871571","1.217969","0.901745636","197","True","46.418080","166898"
"4063","4310","Pituitary tumor__enh_1739","train","Pituitary tumor","Pituitary tumor__enh_2084","train","Pituitary tumor","10","0.999883","0.836735","flip_h","0.999550917","0.874332","1.222305","0.848717094","454","False","46.387210","167132"
"4064","4311","Pituitary tumor__enh_1740","train","Pituitary tumor","Pituitary tumor__enh_2085","train","Pituitary tumor","8","0.999896","0.840909","flip_h","0.999595979","0.900158","1.24041","0.822672353","499","False","46.259501","171324"
"4065","4313","Pituitary tumor__enh_1742","train","Pituitary tumor","Pituitary tumor__enh_2087","train","Pituitary tumor","10","0.999897","0.448276","flip_h","0.999579005","0.902836","1.249012","0.483545648","973","False","46.199469","170786"
"4067","4315","Pituitary tumor__enh_1744","train","Pituitary tumor","Pituitary tumor__enh_2089","train","Pituitary tumor","5","0.999908","0.92381","flip_h","0.999609722","0.867428","1.226163","0.901340563","655","True","46.359841","164216"
"4068","6619","Pituitary tumor__enh_1745","train","Pituitary tumor","Pituitary tumor__enh_2091","test","Pituitary tumor","10","0.999919","0.892857","flip_h","0.999669594","0.829426","1.207902","0.885889229","410","False","46.490172","155481"
"4070","6620","Pituitary tumor__enh_1747","train","Pituitary tumor","Pituitary tumor__enh_2092","test","Pituitary tumor","9","0.999911","0.9375","flip_h","0.999635077","0.85215","1.228349","0.89849711","439","False","46.344365","159236"
"4071","4235","Pituitary tumor__enh_1749","train","Pituitary tumor","Pituitary tumor__enh_1972","train","Pituitary tumor","11","0.999925","0.923077","flip_h","0.999691675","0.905838","1.25897","0.930903328","218","True","46.130493","170146"
"4074","4204","Pituitary tumor__enh_1753","train","Pituitary tumor","Pituitary tumor__enh_1934","train","Pituitary tumor","8","0.99992","0.717391","flip_h","0.99967775","0.84306","1.230111","0.74704656","728","False","46.331920","156888"
"4076","4246","Pituitary tumor__enh_1757","train","Pituitary tumor","Pituitary tumor__enh_1987","train","Pituitary tumor","11","0.999913","0.39","flip_h","0.999649451","0.874992","1.225128","0.406603774","3774","False","46.367175","166618"
"4077","4256","Pituitary tumor__enh_1758","train","Pituitary tumor","Pituitary tumor__enh_2001","train","Pituitary tumor","10","0.999916","0.909091","flip_h","0.999685613","0.801968","1.170883","0.947920501","283","True","46.760531","154041"
"4078","5452","Pituitary tumor__enh_1759","train","Pituitary tumor","Pituitary tumor__enh_1086","val","Pituitary tumor","11","0.999911","0.953704","flip_h","0.999665156","0.816727","1.186082","0.917057903","583","True","46.648506","155893"
"4079","6606","Pituitary tumor__enh_1760","train","Pituitary tumor","Pituitary tumor__enh_2023","test","Pituitary tumor","8","0.99991","0.889831","flip_h","0.999664484","0.809898","1.177726","0.903444607","726","True","46.709916","155461"
"4080","6613","Pituitary tumor__enh_1762","train","Pituitary tumor","Pituitary tumor__enh_2039","test","Pituitary tumor","7","0.999905","0.923077","flip_h","0.999648357","0.811199","1.183866","0.894716294","809","False","46.664752","154635"
"4085","6476","Pituitary tumor__enh_1773","train","Pituitary tumor","Pituitary tumor__enh_1124","test","Pituitary tumor","7","0.999895","0.8","flip_h","0.999598386","0.837311","1.184","0.764264264","471","False","46.663771","161898"
"4088","4205","Pituitary tumor__enh_1778","train","Pituitary tumor","Pituitary tumor__enh_1937","train","Pituitary tumor","5","0.99991","0.666667","flip_h","0.999647858","0.831787","1.207976","0.765868263","782","False","46.489639","156696"
"4089","4330","Pituitary tumor__enh_1779","train","Pituitary tumor","Pituitary tumor__enh_2123","train","Pituitary tumor","9","0.999852","0.75","flip_h","0.999478696","1.015945","1.352398","0.827777778","248","False","45.508715","187016"
"4091","6632","Pituitary tumor__enh_1782","train","Pituitary tumor","Pituitary tumor__enh_2127","test","Pituitary tumor","8","0.999929","0.864407","flip_h","0.999693725","0.847183","1.237045","0.872027785","479","False","46.283092","157275"
"4092","4333","Pituitary tumor__enh_1783","train","Pituitary tumor","Pituitary tumor__enh_2128","train","Pituitary tumor","11","0.999927","0.884615","flip_h","0.999697486","0.835274","1.226018","0.881941821","625","False","46.360866","155425"
"4097","4339","Pituitary tumor__enh_1791","train","Pituitary tumor","Pituitary tumor__enh_2135","train","Pituitary tumor","12","0.999879","0.756757","flip_h","0.999542389","0.847549","1.200332","0.703735144","698","False","46.544779","162886"
"4100","4177","Pituitary tumor__enh_1794","train","Pituitary tumor","Pituitary tumor__enh_1900","train","Pituitary tumor","5","0.999916","0.697674","flip_h","0.999652922","0.832153","1.210414","0.656599553","921","False","46.472122","156294"
"4101","6597","Pituitary tumor__enh_1795","train","Pituitary tumor","Pituitary tumor__enh_1901","test","Pituitary tumor","4","0.99992","0.529412","flip_h","0.999658081","0.861492","1.241046","0.536363636","1530","False","46.255045","160267"
"4103","4178","Pituitary tumor__enh_1797","train","Pituitary tumor","Pituitary tumor__enh_1902","train","Pituitary tumor","6","0.999923","0.545455","flip_h","0.99966299","0.864956","1.247894","0.522633745","1740","False","46.207249","159691"
"4104","4180","Pituitary tumor__enh_1798","train","Pituitary tumor","Pituitary tumor__enh_1904","train","Pituitary tumor","11","0.999907","0.529412","flip_h","0.999637312","0.82769","1.200564","0.580969808","458","False","46.543101","156900"
"4106","4181","Pituitary tumor__enh_1800","train","Pituitary tumor","Pituitary tumor__enh_1905","train","Pituitary tumor","10","0.999929","0.785714","flip_h","0.999692346","0.867523","1.255429","0.842105263","156","False","46.154957","159774"
"4107","4182","Pituitary tumor__enh_1801","train","Pituitary tumor","Pituitary tumor__enh_1906","train","Pituitary tumor","5","0.999925","0.529412","flip_h","0.999680084","0.856667","1.246262","0.504424779","2184","False","46.218616","158037"
"4108","4183","Pituitary tumor__enh_1802","train","Pituitary tumor","Pituitary tumor__enh_1907","train","Pituitary tumor","11","0.999922","0.358779","flip_h","0.999685508","0.850315","1.230325","0.351805206","5404","False","46.330410","158647"
"4109","6598","Pituitary tumor__enh_1804","train","Pituitary tumor","Pituitary tumor__enh_1908","test","Pituitary tumor","4","0.999919","0.892857","flip_h","0.999669293","0.848427","1.222379","0.866341991","247","False","46.386689","159365"
"4110","4184","Pituitary tumor__enh_1805","train","Pituitary tumor","Pituitary tumor__enh_1909","train","Pituitary tumor","4","0.999919","0.742857","flip_h","0.999652833","0.861156","1.245667","0.724820144","612","False","46.222767","159621"
"4111","4187","Pituitary tumor__enh_1809","train","Pituitary tumor","Pituitary tumor__enh_1912","train","Pituitary tumor","8","0.999875","0.675676","flip_h","0.999474297","0.860386","1.241025","0.748862602","552","False","46.255196","159430"
"4112","5578","Pituitary tumor__enh_1810","train","Pituitary tumor","Pituitary tumor__enh_1939","val","Pituitary tumor","7","0.999925","0.618182","flip_h","0.999698611","0.840889","1.220108","0.602786466","1397","False","46.402840","157678"
"4120","4194","Pituitary tumor__enh_1823","train","Pituitary tumor","Pituitary tumor__enh_1921","train","Pituitary tumor","10","0.999893","0.478261","flip_h","0.999602356","0.873283","1.21952","0.451114143","2414","False","46.407027","167380"
"4121","4195","Pituitary tumor__enh_1825","train","Pituitary tumor","Pituitary tumor__enh_1923","train","Pituitary tumor","10","0.999916","0.436782","flip_h","0.999662119","0.86499","1.219792","0.437222518","3169","False","46.405089","164908"
"4124","6600","Pituitary tumor__enh_1828","train","Pituitary tumor","Pituitary tumor__enh_1926","test","Pituitary tumor","9","0.999916","0.797101","flip_h","0.999668046","0.71283","1.125983","0.797017012","871","False","47.100168","133950"
"4125","4198","Pituitary tumor__enh_1829","train","Pituitary tumor","Pituitary tumor__enh_1927","train","Pituitary tumor","9","0.999919","0.901408","flip_h","0.999681309","0.704304","1.115717","0.908716392","421","True","47.179726","132570"
"4126","6462","Pituitary tumor__enh_1831","train","Pituitary tumor","Pituitary tumor__enh_1061","test","Pituitary tumor","5","0.999899","0.882353","flip_h","0.999618468","0.700508","1.100045","0.927059883","162","True","47.302597","133665"
"4128","4201","Pituitary tumor__enh_1834","train","Pituitary tumor","Pituitary tumor__enh_1930","train","Pituitary tumor","11","0.999905","0.591837","flip_h","0.999632605","0.865059","1.215895","0.636662286","1106","False","46.432881","165985"
"4129","4202","Pituitary tumor__enh_1835","train","Pituitary tumor","Pituitary tumor__enh_1931","train","Pituitary tumor","11","0.999902","0.627451","flip_h","0.999627452","0.875893","1.222541","0.668542839","1060","False","46.385536","167817"
"4130","4208","Pituitary tumor__enh_1837","train","Pituitary tumor","Pituitary tumor__enh_1942","train","Pituitary tumor","9","0.999915","0.567901","flip_h","0.999671025","0.889408","1.235242","0.608548708","1969","False","46.295766","169485"
"4137","4213","Pituitary tumor__enh_1845","train","Pituitary tumor","Pituitary tumor__enh_1947","train","Pituitary tumor","9","0.999936","0.831169","flip_h","0.99976598","0.800949","1.173079","0.835515873","829","False","46.744260","154188"
"4138","4214","Pituitary tumor__enh_1846","train","Pituitary tumor","Pituitary tumor__enh_1948","train","Pituitary tumor","7","0.999921","0.794521","flip_h","0.999703813","0.79752","1.168333","0.825115887","830","False","46.779472","153984"
"4139","6602","Pituitary tumor__enh_1847","train","Pituitary tumor","Pituitary tumor__enh_1949","test","Pituitary tumor","6","0.999921","0.930233","flip_h","0.999714685","0.792137","1.157417","0.895707698","294","False","46.861004","153625"
"4140","4215","Pituitary tumor__enh_1849","train","Pituitary tumor","Pituitary tumor__enh_1950","train","Pituitary tumor","9","0.999929","0.848101","flip_h","0.999697709","0.834549","1.221742","0.846612779","797","False","46.391215","156125"
"4141","4217","Pituitary tumor__enh_1851","train","Pituitary tumor","Pituitary tumor__enh_1952","train","Pituitary tumor","5","0.999917","0.858491","flip_h","0.999672534","0.810829","1.187069","0.884468248","755","False","46.641281","153699"
"4142","4229","Pituitary tumor__enh_1854","train","Pituitary tumor","Pituitary tumor__enh_1966","train","Pituitary tumor","10","0.999883","0.693878","flip_h","0.999560956","0.877403","1.231745","0.721814543","834","False","46.320385","166575"
"4143","6465","Pituitary tumor__enh_1855","train","Pituitary tumor","Pituitary tumor__enh_1074","test","Pituitary tumor","9","0.999844","0.793333","flip_h","0.999444031","0.849083","1.196722","0.795931274","1936","False","46.570936","163523"
"4144","4232","Pituitary tumor__enh_1857","train","Pituitary tumor","Pituitary tumor__enh_1969","train","Pituitary tumor","5","0.999911","0.90411","flip_h","0.999571504","0.903496","1.301077","0.879783784","556","False","45.844741","162154"
"4146","4236","Pituitary tumor__enh_1859","train","Pituitary tumor","Pituitary tumor__enh_1975","train","Pituitary tumor","7","0.999935","0.882353","flip_h","0.999735887","0.821106","1.18991","0.845306302","351","False","46.620521","156268"
"4149","4241","Pituitary tumor__enh_1864","train","Pituitary tumor","Pituitary tumor__enh_1981","train","Pituitary tumor","10","0.999838","0.740741","flip_h","0.999324135","0.90242","1.261459","0.733502538","420","False","46.113343","168787"
"4150","4252","Pituitary tumor__enh_1865","train","Pituitary tumor","Pituitary tumor__enh_1993","train","Pituitary tumor","9","0.999891","0.888889","flip_h","0.99958165","0.881294","1.225436","0.855519481","356","False","46.364990","168310"
"4152","5585","Pituitary tumor__enh_1868","train","Pituitary tumor","Pituitary tumor__enh_1985","val","Pituitary tumor","3","0.999876","0.673913","flip_h","0.999536016","0.80785","1.184668","0.6922802","861","False","46.658870","153726"
"4153","4247","Pituitary tumor__enh_1870","train","Pituitary tumor","Pituitary tumor__enh_1988","train","Pituitary tumor","7","0.999832","0.8","flip_h","0.999413087","0.799175","1.163907","0.872662961","252","False","46.812439","154168"
"4155","4219","Pituitary tumor__enh_1873","train","Pituitary tumor","Pituitary tumor__enh_1954","train","Pituitary tumor","10","0.999893","0.741935","flip_h","0.999578901","0.911972","1.254019","0.732244686","1033","False","46.164723","172768"
"4156","5587","Pituitary tumor__enh_1874","train","Pituitary tumor","Pituitary tumor__enh_1995","val","Pituitary tumor","8","0.999915","0.796296","flip_h","0.999671276","0.87627","1.215941","0.76463964","836","False","46.432556","168632"
"4157","6603","Pituitary tumor__enh_1875","train","Pituitary tumor","Pituitary tumor__enh_1996","test","Pituitary tumor","9","0.999928","0.726027","flip_h","0.999711229","0.872513","1.218011","0.707748759","1354","False","46.417779","167121"
"4160","4254","Pituitary tumor__enh_1878","train","Pituitary tumor","Pituitary tumor__enh_1998","train","Pituitary tumor","11","0.99992","0.735294","flip_h","0.999682862","0.827869","1.214412","0.737341772","581","False","46.443483","155158"
"4163","5588","Pituitary tumor__enh_1882","train","Pituitary tumor","Pituitary tumor__enh_2002","val","Pituitary tumor","4","0.999907","0.9125","flip_h","0.999634986","0.831074","1.215887","0.946771037","272","True","46.432937","155616"
"4164","4257","Pituitary tumor__enh_1883","train","Pituitary tumor","Pituitary tumor__enh_2003","train","Pituitary tumor","9","0.999882","0.675439","flip_h","0.999546395","0.835361","1.214113","0.680271168","2311","False","46.445618","156871"
"4165","4258","Pituitary tumor__enh_1884","train","Pituitary tumor","Pituitary tumor__enh_2004","train","Pituitary tumor","5","0.999893","0.603604","flip_h","0.999583429","0.832306","1.211208","0.578303199","3032","False","46.466426","156550"
"4166","4259","Pituitary tumor__enh_1886","train","Pituitary tumor","Pituitary tumor__enh_2005","train","Pituitary tumor","9","0.999935","0.714286","flip_h","0.999740429","0.830036","1.203466","0.761209326","932","False","46.522129","156910"
"4168","5589","Pituitary tumor__enh_1888","train","Pituitary tumor","Pituitary tumor__enh_2007","val","Pituitary tumor","11","0.999931","0.9","flip_h","0.999738092","0.814594","1.180804","0.907059084","420","True","46.687246","155896"
"4169","4261","Pituitary tumor__enh_1890","train","Pituitary tumor","Pituitary tumor__enh_2008","train","Pituitary tumor","8","0.999932","0.9","flip_h","0.999729478","0.838936","1.219933","0.909786171","578","True","46.404087","156813"
"4170","4263","Pituitary tumor__enh_1891","train","Pituitary tumor","Pituitary tumor__enh_2010","train","Pituitary tumor","11","0.99991","0.773585","flip_h","0.999649105","0.904903","1.248056","0.750592417","842","False","46.206122","172437"
"4171","6466","Pituitary tumor__enh_1892","train","Pituitary tumor","Pituitary tumor__enh_1089","test","Pituitary tumor","9","0.9999","0.756757","flip_h","0.999620607","0.87611","1.217765","0.831730769","385","False","46.419532","168189"
"4173","6467","Pituitary tumor__enh_1895","train","Pituitary tumor","Pituitary tumor__enh_1090","test","Pituitary tumor","11","0.999911","0.930233","flip_h","0.999666996","0.805016","1.169712","0.946153846","147","True","46.769228","154821"
"4185","6583","Pituitary tumor__enh_1910","train","Pituitary tumor","Pituitary tumor__enh_1806","test","Pituitary tumor","5","0.999908","0.69697","flip_h","0.999608419","0.85186","1.23813","0.801107754","395","False","46.275477","158092"
"4186","6584","Pituitary tumor__enh_1911","train","Pituitary tumor","Pituitary tumor__enh_1808","test","Pituitary tumor","6","0.99991","0.818182","flip_h","0.999624085","0.857899","1.239216","0.827345657","495","False","46.267864","159032"
"4190","5562","Pituitary tumor__enh_1917","train","Pituitary tumor","Pituitary tumor__enh_1817","val","Pituitary tumor","10","0.99991","0.894737","flip_h","0.999652599","0.894375","1.238489","0.891837555","269","False","46.272959","170815"
"4191","5563","Pituitary tumor__enh_1918","train","Pituitary tumor","Pituitary tumor__enh_1818","val","Pituitary tumor","11","0.999904","0.82","flip_h","0.999623028","0.888714","1.2368","0.751453488","855","False","46.284813","169296"
"4192","5564","Pituitary tumor__enh_1919","train","Pituitary tumor","Pituitary tumor__enh_1819","val","Pituitary tumor","7","0.999876","0.39604","flip_h","0.999528709","0.871761","1.210038","0.402099571","3759","False","46.474825","168622"
"4193","6585","Pituitary tumor__enh_1920","train","Pituitary tumor","Pituitary tumor__enh_1822","test","Pituitary tumor","10","0.999869","0.617647","flip_h","0.999503308","0.859337","1.200281","0.63772242","1527","False","46.545147","166351"
"4199","6587","Pituitary tumor__enh_1928","train","Pituitary tumor","Pituitary tumor__enh_1830","test","Pituitary tumor","8","0.999901","0.958333","flip_h","0.999631174","0.705814","1.117254","0.941043084","182","True","47.167765","132690"
"4200","5565","Pituitary tumor__enh_1929","train","Pituitary tumor","Pituitary tumor__enh_1833","val","Pituitary tumor","10","0.999921","0.730769","flip_h","0.999682889","0.870831","1.225403","0.836253776","271","False","46.365222","165262"
"4203","5550","Pituitary tumor__enh_1933","train","Pituitary tumor","Pituitary tumor__enh_1752","val","Pituitary tumor","12","0.999906","0.56383","flip_h","0.99965084","0.85984","1.200977","0.581563786","2542","False","46.540113","167086"
"4209","5567","Pituitary tumor__enh_1943","train","Pituitary tumor","Pituitary tumor__enh_1838","val","Pituitary tumor","11","0.999903","0.813559","flip_h","0.999622977","0.860924","1.207622","0.838085273","619","False","46.492183","165366"
"4216","5569","Pituitary tumor__enh_1951","train","Pituitary tumor","Pituitary tumor__enh_1850","val","Pituitary tumor","8","0.99992","0.917808","flip_h","0.999678239","0.838673","1.215096","0.901618399","462","True","46.438588","157869"
"4221","6566","Pituitary tumor__enh_1957","train","Pituitary tumor","Pituitary tumor__enh_1674","test","Pituitary tumor","12","0.999898","0.873016","flip_h","0.999615378","0.865982","1.214815","0.938717949","239","True","46.440597","165940"
"4223","5544","Pituitary tumor__enh_1959","train","Pituitary tumor","Pituitary tumor__enh_1707","val","Pituitary tumor","6","0.999892","0.798077","flip_h","0.999597179","0.890263","1.23539","0.848099326","991","False","46.294724","169927"
"4228","5570","Pituitary tumor__enh_1965","train","Pituitary tumor","Pituitary tumor__enh_1853","val","Pituitary tumor","9","0.999882","0.678571","flip_h","0.999560373","0.881767","1.225772","0.693485523","1101","False","46.362608","168826"
"4231","6589","Pituitary tumor__enh_1968","train","Pituitary tumor","Pituitary tumor__enh_1856","test","Pituitary tumor","9","0.999912","0.815385","flip_h","0.999582703","0.894199","1.29129","0.833333333","682","False","45.910325","161352"
"4233","5347","Pituitary tumor__enh_1970","train","Pituitary tumor","Pituitary tumor__enh_283","val","Pituitary tumor","11","0.968272","0.811594","flip_h","","","","","","","15.855394","260212"
"4239","6590","Pituitary tumor__enh_1979","train","Pituitary tumor","Pituitary tumor__enh_1862","test","Pituitary tumor","11","0.999901","0.672131","flip_h","0.99960435","0.852032","1.213142","0.644012127","1409","False","46.452569","161913"
"4245","6592","Pituitary tumor__enh_1986","train","Pituitary tumor","Pituitary tumor__enh_1869","test","Pituitary tumor","11","0.999856","0.896552","flip_h","0.999467023","0.808445","1.180681","0.902135712","362","True","46.688149","154899"
"4250","6575","Pituitary tumor__enh_1991","train","Pituitary tumor","Pituitary tumor__enh_1748","test","Pituitary tumor","7","0.999896","0.933333","flip_h","0.999590329","0.880043","1.227657","0.861755802","274","False","46.349264","167679"
"4255","6594","Pituitary tumor__enh_2000","train","Pituitary tumor","Pituitary tumor__enh_1880","test","Pituitary tumor","8","0.999919","0.952381","flip_h","0.999678641","0.838879","1.221728","0.927868045","293","True","46.391315","157162"
"4257","5354","Pituitary tumor__enh_2003","train","Pituitary tumor","Pituitary tumor__enh_327","val","Pituitary tumor","12","0.979469","0.567568","flip_h","","","","","","","15.668206","260887"
"4264","5572","Pituitary tumor__enh_2011","train","Pituitary tumor","Pituitary tumor__enh_1893","val","Pituitary tumor","4","0.999904","0.886364","flip_h","0.999642255","0.871544","1.210559","0.8509839","833","False","46.471081","168550"
"4267","5539","Pituitary tumor__enh_2015","train","Pituitary tumor","Pituitary tumor__enh_1671","val","Pituitary tumor","11","0.999917","0.95122","flip_h","0.999675752","0.83181","1.206174","0.942315137","149","True","46.502601","157169"
"4278","5552","Pituitary tumor__enh_2031","train","Pituitary tumor","Pituitary tumor__enh_1761","val","Pituitary tumor","5","0.999912","0.969388","flip_h","0.999670078","0.807655","1.17851","0.956507937","274","True","46.704139","154068"
"4281","6568","Pituitary tumor__enh_2040","train","Pituitary tumor","Pituitary tumor__enh_1695","test","Pituitary tumor","12","0.999899","0.855556","flip_h","0.999608241","0.892944","1.239177","0.889474609","629","False","46.268134","169534"
"4291","5547","Pituitary tumor__enh_2057","train","Pituitary tumor","Pituitary tumor__enh_1712","val","Pituitary tumor","9","0.999877","0.625","flip_h","0.999503793","0.883564","1.235313","0.721380031","533","False","46.295266","167436"
"4303","6572","Pituitary tumor__enh_2075","train","Pituitary tumor","Pituitary tumor__enh_1730","test","Pituitary tumor","8","0.99987","0.666667","flip_h","0.999496144","0.819511","1.190279","0.714532872","825","False","46.617831","156195"
"4306","5549","Pituitary tumor__enh_2078","train","Pituitary tumor","Pituitary tumor__enh_1733","val","Pituitary tumor","4","0.999907","0.733333","flip_h","0.999629812","0.833378","1.214902","0.853362734","133","False","46.439980","156471"
"4316","5538","Pituitary tumor__enh_2093","train","Pituitary tumor","Pituitary tumor__enh_1670","val","Pituitary tumor","8","0.999895","0.725","flip_h","0.999584806","0.820007","1.190404","0.750049281","1268","False","46.616919","155695"
"4317","6559","Pituitary tumor__enh_2094","train","Pituitary tumor","Pituitary tumor__enh_1641","test","Pituitary tumor","7","0.999914","0.659574","flip_h","0.999648728","0.840668","1.215883","0.596317763","1184","False","46.432970","157580"
"4324","6580","Pituitary tumor__enh_2115","train","Pituitary tumor","Pituitary tumor__enh_1771","test","Pituitary tumor","9","0.999925","0.786885","flip_h","0.999699273","0.8652","1.222255","0.851040822","551","False","46.387565","164348"
"4325","5554","Pituitary tumor__enh_2116","train","Pituitary tumor","Pituitary tumor__enh_1772","val","Pituitary tumor","11","0.999925","0.901639","flip_h","0.999686388","0.902203","1.250444","0.881360202","471","False","46.189519","170614"
"4326","5555","Pituitary tumor__enh_2118","train","Pituitary tumor","Pituitary tumor__enh_1774","val","Pituitary tumor","12","0.999913","0.405063","flip_h","0.999663178","0.875671","1.225343","0.407591415","2981","False","46.365652","166482"
"4327","5556","Pituitary tumor__enh_2119","train","Pituitary tumor","Pituitary tumor__enh_1775","val","Pituitary tumor","5","0.99991","0.846154","flip_h","0.999643916","0.87989","1.227032","0.834032145","950","False","46.353686","167922"
"4331","5557","Pituitary tumor__enh_2124","train","Pituitary tumor","Pituitary tumor__enh_1781","val","Pituitary tumor","9","0.999826","0.761905","flip_h","0.999445499","0.918068","1.263972","0.769470405","296","False","46.096053","171972"
"4335","5558","Pituitary tumor__enh_2130","train","Pituitary tumor","Pituitary tumor__enh_1786","val","Pituitary tumor","6","0.999926","0.875","flip_h","0.999687257","0.843605","1.228495","0.864833575","467","False","46.343333","157118"
"4337","6581","Pituitary tumor__enh_2133","train","Pituitary tumor","Pituitary tumor__enh_1788","test","Pituitary tumor","12","0.999909","0.8375","flip_h","0.999635161","0.901745","1.257978","0.857979798","703","False","46.137344","168879"
"4338","6582","Pituitary tumor__enh_2134","train","Pituitary tumor","Pituitary tumor__enh_1790","test","Pituitary tumor","12","0.999852","0.553846","flip_h","0.999453512","0.839825","1.190152","0.594997705","1765","False","46.618754","161744"
"4340","6496","Pituitary tumor__enh_2137","train","Pituitary tumor","Pituitary tumor__enh_1214","test","Pituitary tumor","6","0.999876","0.954545","flip_h","0.999556435","0.88649","1.234872","0.937530384","257","True","46.298362","168969"
"4341","5695","Pituitary tumor__enh_2138","train","Pituitary tumor","Pituitary tumor__enh_2638","val","Pituitary tumor","6","0.999881","0.915254","flip_h","0.999573706","0.887302","1.232731","0.898427086","381","False","46.313435","169150"
"4342","4687","Pituitary tumor__enh_2139","train","Pituitary tumor","Pituitary tumor__enh_2639","train","Pituitary tumor","12","0.999942","0.745455","flip_h","0.999792634","0.824799","1.163945","0.765920826","816","False","46.812158","162403"
"4343","6704","Pituitary tumor__enh_2140","train","Pituitary tumor","Pituitary tumor__enh_2640","test","Pituitary tumor","9","0.999938","0.875","flip_h","0.999778758","0.835747","1.171748","0.945042493","194","True","46.754119","164447"
"4345","4688","Pituitary tumor__enh_2142","train","Pituitary tumor","Pituitary tumor__enh_2641","train","Pituitary tumor","9","0.999911","0.944444","flip_h","0.999701769","0.824024","1.151749","0.952087419","171","True","46.903644","164267"
"4346","6705","Pituitary tumor__enh_2143","train","Pituitary tumor","Pituitary tumor__enh_2642","test","Pituitary tumor","8","0.999917","0.933333","flip_h","0.999733638","0.8013","1.128416","0.923653715","224","True","47.081418","160998"
"4347","5696","Pituitary tumor__enh_2144","train","Pituitary tumor","Pituitary tumor__enh_2643","val","Pituitary tumor","8","0.999923","0.821429","flip_h","0.999734394","0.816544","1.15451","0.899425287","175","False","46.882850","161909"
"4349","4350","Pituitary tumor__enh_2146","train","Pituitary tumor","Pituitary tumor__enh_2147","train","Pituitary tumor","9","0.999877","0.833333","identity","0.999122794","1.466686","2.256399","0.926259947","139","True","41.062487","181837"
"4353","4626","Pituitary tumor__enh_2152","train","Pituitary tumor","Pituitary tumor__enh_2555","train","Pituitary tumor","9","0.9999","0.842105","flip_h","0.99968155","0.811573","1.143139","0.851880276","193","False","46.968824","162028"
"4354","6693","Pituitary tumor__enh_2153","train","Pituitary tumor","Pituitary tumor__enh_2556","test","Pituitary tumor","11","0.999895","0.875","flip_h","0.999668011","0.805706","1.131085","0.87296748","125","False","47.060896","162035"
"4355","4627","Pituitary tumor__enh_2154","train","Pituitary tumor","Pituitary tumor__enh_2557","train","Pituitary tumor","12","0.999914","0.912752","flip_h","0.999729342","0.770996","1.099788","0.883254474","1135","False","47.304624","156475"
"4356","4628","Pituitary tumor__enh_2155","train","Pituitary tumor","Pituitary tumor__enh_2558","train","Pituitary tumor","8","0.999906","0.834171","flip_h","0.999710823","0.774265","1.102568","0.841288595","2015","False","47.282696","156925"
"4357","4629","Pituitary tumor__enh_2156","train","Pituitary tumor","Pituitary tumor__enh_2559","train","Pituitary tumor","8","0.999907","0.949495","flip_h","0.999693966","0.791885","1.128426","0.957826121","537","True","47.081340","158204"
"4358","4632","Pituitary tumor__enh_2160","train","Pituitary tumor","Pituitary tumor__enh_2562","train","Pituitary tumor","6","0.999923","0.903614","flip_h","0.999745697","0.814651","1.150784","0.909295775","483","True","46.910931","161665"
"4359","4635","Pituitary tumor__enh_2163","train","Pituitary tumor","Pituitary tumor__enh_2565","train","Pituitary tumor","9","0.999849","0.985915","flip_h","0.99947999","0.907795","1.252916","0.95371179","212","True","46.172367","171963"
"4360","4636","Pituitary tumor__enh_2165","train","Pituitary tumor","Pituitary tumor__enh_2566","train","Pituitary tumor","6","0.999839","0.971014","flip_h","0.999466332","0.873226","1.217179","0.924668316","335","True","46.423713","167481"
"4361","6694","Pituitary tumor__enh_2166","train","Pituitary tumor","Pituitary tumor__enh_2567","test","Pituitary tumor","6","0.999839","0.965517","flip_h","0.999468027","0.885044","1.220787","0.920146138","306","True","46.398002","171116"
"4363","4639","Pituitary tumor__enh_2170","train","Pituitary tumor","Pituitary tumor__enh_2570","train","Pituitary tumor","9","0.999877","0.848485","flip_h","0.99956508","0.885796","1.23427","0.84017813","323","False","46.302601","168453"
"4365","4643","Pituitary tumor__enh_2175","train","Pituitary tumor","Pituitary tumor__enh_2574","train","Pituitary tumor","5","0.999839","0.875","flip_h","0.99954642","0.785435","1.114978","0.762287757","266","False","47.185479","157991"
"4366","5684","Pituitary tumor__enh_2178","train","Pituitary tumor","Pituitary tumor__enh_2576","val","Pituitary tumor","3","0.99986","0.9","flip_h","0.999586321","0.808895","1.143359","0.898290598","119","False","46.967150","160439"
"4368","4645","Pituitary tumor__enh_2181","train","Pituitary tumor","Pituitary tumor__enh_2578","train","Pituitary tumor","10","0.999926","1","flip_h","0.999745654","0.818993","1.143044","0.842433697","101","False","46.969546","164598"
"4370","6696","Pituitary tumor__enh_2185","train","Pituitary tumor","Pituitary tumor__enh_2581","test","Pituitary tumor","9","0.999927","1","flip_h","0.999751761","0.803001","1.136276","0.917721519","52","True","47.021129","160607"
"4371","4648","Pituitary tumor__enh_2186","train","Pituitary tumor","Pituitary tumor__enh_2582","train","Pituitary tumor","5","0.999915","0.333333","flip_h","0.999709187","0.815994","1.154289","0.329624478","1928","False","46.884515","162622"
"4372","6492","Pituitary tumor__enh_2187","train","Pituitary tumor","Pituitary tumor__enh_1196","test","Pituitary tumor","7","0.999881","1","flip_h","0.999530192","0.895859","1.255812","0.900826446","72","True","46.152309","168473"
"4373","4649","Pituitary tumor__enh_2188","train","Pituitary tumor","Pituitary tumor__enh_2584","train","Pituitary tumor","6","0.99985","0.894737","flip_h","0.999429659","0.874023","1.228949","0.848121503","190","False","46.340128","165598"
"4374","4650","Pituitary tumor__enh_2189","train","Pituitary tumor","Pituitary tumor__enh_2585","train","Pituitary tumor","4","0.999889","0.842105","flip_h","0.999553488","0.909828","1.267565","0.798706548","249","False","46.071402","169811"
"4376","4653","Pituitary tumor__enh_2193","train","Pituitary tumor","Pituitary tumor__enh_2588","train","Pituitary tumor","5","0.999878","0.887097","flip_h","0.999584933","0.826153","1.162241","0.884851461","469","False","46.824882","162970"
"4377","4654","Pituitary tumor__enh_2194","train","Pituitary tumor","Pituitary tumor__enh_2589","train","Pituitary tumor","6","0.999877","0.916667","flip_h","0.999610708","0.820946","1.149765","0.911261028","342","True","46.918619","163236"
"4378","6697","Pituitary tumor__enh_2196","train","Pituitary tumor","Pituitary tumor__enh_2590","test","Pituitary tumor","4","0.999904","0.808824","flip_h","0.999680703","0.821644","1.154366","0.802676344","870","False","46.883931","162541"
"4379","4655","Pituitary tumor__enh_2197","train","Pituitary tumor","Pituitary tumor__enh_2591","train","Pituitary tumor","6","0.999903","0.828571","flip_h","0.999685134","0.81049","1.139673","0.895427795","231","False","46.995197","162290"
"4380","5686","Pituitary tumor__enh_2198","train","Pituitary tumor","Pituitary tumor__enh_2592","val","Pituitary tumor","4","0.999912","0.882353","flip_h","0.999716578","0.818573","1.150734","0.843330349","175","False","46.911306","162324"
"4381","4656","Pituitary tumor__enh_2199","train","Pituitary tumor","Pituitary tumor__enh_2593","train","Pituitary tumor","3","0.999936","0.877551","flip_h","0.99977426","0.817955","1.156059","0.865849827","427","False","46.871206","161363"
"4382","4660","Pituitary tumor__enh_2201","train","Pituitary tumor","Pituitary tumor__enh_2598","train","Pituitary tumor","11","0.999935","0.722222","flip_h","0.999772885","0.821087","1.1511","0.717959528","669","False","46.908542","163096"
"4383","4661","Pituitary tumor__enh_2202","train","Pituitary tumor","Pituitary tumor__enh_2599","train","Pituitary tumor","12","0.999913","0.93617","flip_h","0.99969728","0.826317","1.161737","0.927649457","213","True","46.828649","163354"
"4384","4662","Pituitary tumor__enh_2203","train","Pituitary tumor","Pituitary tumor__enh_2600","train","Pituitary tumor","11","0.999906","0.863636","flip_h","0.999663058","0.833611","1.17608","0.912582297","239","True","46.722069","162806"
"4385","5467","Pituitary tumor__enh_2204","train","Pituitary tumor","Pituitary tumor__enh_1202","val","Pituitary tumor","9","0.999907","0.791667","flip_h","0.999663511","0.831753","1.180164","0.84807418","213","False","46.691954","161384"
"4386","6698","Pituitary tumor__enh_2205","train","Pituitary tumor","Pituitary tumor__enh_2602","test","Pituitary tumor","6","0.999878","0.857143","flip_h","0.99960363","0.816704","1.145984","0.922916667","37","True","46.947236","162268"
"4387","4664","Pituitary tumor__enh_2206","train","Pituitary tumor","Pituitary tumor__enh_2603","train","Pituitary tumor","5","0.999879","0.777778","flip_h","0.999608863","0.810341","1.142233","0.920542636","41","True","46.975713","161144"
"4388","5688","Pituitary tumor__enh_2209","train","Pituitary tumor","Pituitary tumor__enh_2606","val","Pituitary tumor","5","0.999927","0.857143","flip_h","0.999751456","0.807117","1.140911","0.891414141","86","False","46.985769","160609"
"4389","4667","Pituitary tumor__enh_2210","train","Pituitary tumor","Pituitary tumor__enh_2607","train","Pituitary tumor","4","0.999922","0.933333","flip_h","0.999722225","0.835064","1.175971","0.855543113","129","False","46.722871","163568"
"4391","4668","Pituitary tumor__enh_2212","train","Pituitary tumor","Pituitary tumor__enh_2608","train","Pituitary tumor","8","0.999921","0.846154","flip_h","0.999742612","0.802055","1.130041","0.938388626","52","True","47.068919","161201"
"4392","6494","Pituitary tumor__enh_2215","train","Pituitary tumor","Pituitary tumor__enh_1205","test","Pituitary tumor","5","0.99976","0.923077","flip_h","0.999220579","0.853371","1.194291","0.897029703","260","False","46.588602","165737"
"4393","4672","Pituitary tumor__enh_2217","train","Pituitary tumor","Pituitary tumor__enh_2612","train","Pituitary tumor","8","0.999792","0.655172","flip_h","0.999319017","0.849781","1.183921","0.627212389","674","False","46.664350","166385"
"4394","4673","Pituitary tumor__enh_2218","train","Pituitary tumor","Pituitary tumor__enh_2613","train","Pituitary tumor","10","0.999875","0.944444","flip_h","0.999541665","0.893757","1.245275","0.910714286","100","True","46.225501","169324"
"4396","4674","Pituitary tumor__enh_2220","train","Pituitary tumor","Pituitary tumor__enh_2614","train","Pituitary tumor","9","0.999859","0.555556","flip_h","0.999470405","0.903629","1.276437","0.495543672","566","False","46.010816","166464"
"4398","6700","Pituitary tumor__enh_2222","train","Pituitary tumor","Pituitary tumor__enh_2618","test","Pituitary tumor","11","0.999926","0.842105","flip_h","0.999751699","0.822514","1.150742","0.864831553","329","False","46.911244","163916"
"4399","4676","Pituitary tumor__enh_2223","train","Pituitary tumor","Pituitary tumor__enh_2619","train","Pituitary tumor","10","0.999926","0.87931","flip_h","0.999757763","0.81842","1.144138","0.898257448","362","False","46.961236","163876"
"4401","6701","Pituitary tumor__enh_2225","train","Pituitary tumor","Pituitary tumor__enh_2620","test","Pituitary tumor","6","0.999919","0.875","flip_h","0.999724202","0.83482","1.169733","0.938138138","206","True","46.769071","164361"
"4402","5690","Pituitary tumor__enh_2226","train","Pituitary tumor","Pituitary tumor__enh_2621","val","Pituitary tumor","11","0.999912","0.711111","flip_h","0.99971106","0.831245","1.159275","0.726308587","800","False","46.847076","165485"
"4405","6702","Pituitary tumor__enh_2230","train","Pituitary tumor","Pituitary tumor__enh_2625","test","Pituitary tumor","11","0.999928","0.971429","flip_h","0.999761083","0.811428","1.142371","0.931756142","150","True","46.974659","162256"
"4408","5692","Pituitary tumor__enh_2234","train","Pituitary tumor","Pituitary tumor__enh_2628","val","Pituitary tumor","11","0.999942","0.829268","flip_h","0.999806108","0.802364","1.129698","0.880135695","318","False","47.071554","161334"
"4410","4681","Pituitary tumor__enh_2236","train","Pituitary tumor","Pituitary tumor__enh_2629","train","Pituitary tumor","12","0.999918","0.55","flip_h","0.999737466","0.767273","1.102044","0.585024631","2106","False","47.286827","155269"
"4412","4683","Pituitary tumor__enh_2240","train","Pituitary tumor","Pituitary tumor__enh_2632","train","Pituitary tumor","12","0.999926","0.846154","flip_h","0.999751402","0.813435","1.142601","0.844958151","1167","False","46.972908","162889"
"4413","4684","Pituitary tumor__enh_2241","train","Pituitary tumor","Pituitary tumor__enh_2633","train","Pituitary tumor","12","0.999917","0.941748","flip_h","0.999737165","0.803013","1.127714","0.969567212","199","True","47.086820","161851"
"4415","6703","Pituitary tumor__enh_2244","train","Pituitary tumor","Pituitary tumor__enh_2635","test","Pituitary tumor","11","0.999889","0.7","flip_h","0.999610739","0.878632","1.226245","0.680284742","1033","False","46.359257","167723"
"4416","5694","Pituitary tumor__enh_2245","train","Pituitary tumor","Pituitary tumor__enh_2636","val","Pituitary tumor","9","0.999888","0.934426","flip_h","0.999599785","0.879601","1.236934","0.938983051","234","True","46.283871","166130"
"4418","4589","Pituitary tumor__enh_2249","train","Pituitary tumor","Pituitary tumor__enh_2495","train","Pituitary tumor","7","0.999838","0.794118","flip_h","0.999435747","0.88678","1.241134","0.886756238","236","False","46.254432","167781"
"4419","5669","Pituitary tumor__enh_2250","train","Pituitary tumor","Pituitary tumor__enh_2496","val","Pituitary tumor","4","0.99991","0.828571","flip_h","0.999676889","0.845745","1.184707","0.890517241","254","False","46.658586","165088"
"4420","4590","Pituitary tumor__enh_2252","train","Pituitary tumor","Pituitary tumor__enh_2497","train","Pituitary tumor","7","0.99988","0.536585","flip_h","0.999590408","0.842419","1.180678","0.509715994","1312","False","46.688173","164518"
"4421","5670","Pituitary tumor__enh_2253","train","Pituitary tumor","Pituitary tumor__enh_2498","val","Pituitary tumor","8","0.999881","0.954545","flip_h","0.999589738","0.847252","1.189099","0.944264653","155","True","46.626446","164690"
"4422","6485","Pituitary tumor__enh_2255","train","Pituitary tumor","Pituitary tumor__enh_1168","test","Pituitary tumor","1","0.999876","0.891892","flip_h","0.999580798","0.83625","1.177904","0.940346084","131","True","46.708603","163387"
"4423","4591","Pituitary tumor__enh_2256","train","Pituitary tumor","Pituitary tumor__enh_2500","train","Pituitary tumor","4","0.999879","0.8","flip_h","0.999595432","0.811089","1.153422","0.826450601","332","False","46.891036","159433"
"4424","4592","Pituitary tumor__enh_2258","train","Pituitary tumor","Pituitary tumor__enh_2502","train","Pituitary tumor","9","0.999948","0.9","flip_h","0.999811487","0.815483","1.143544","0.873088685","83","False","46.965744","162831"
"4425","6687","Pituitary tumor__enh_2262","train","Pituitary tumor","Pituitary tumor__enh_2505","test","Pituitary tumor","11","0.999867","0.857143","flip_h","0.999541124","0.878567","1.221812","0.878475798","118","False","46.390716","168391"
"4426","6486","Pituitary tumor__enh_2263","train","Pituitary tumor","Pituitary tumor__enh_1170","test","Pituitary tumor","9","0.999868","0.923077","flip_h","0.999529908","0.888714","1.240972","0.79825518","185","False","46.255562","168288"
"4427","5673","Pituitary tumor__enh_2264","train","Pituitary tumor","Pituitary tumor__enh_2506","val","Pituitary tumor","7","0.999872","0.454545","flip_h","0.999543929","0.890278","1.240471","0.484626647","352","False","46.259070","168997"
"4435","4598","Pituitary tumor__enh_2276","train","Pituitary tumor","Pituitary tumor__enh_2515","train","Pituitary tumor","5","0.999876","0.9","flip_h","0.999527889","0.871246","1.237391","0.897643594","139","False","46.280667","164398"
"4437","5676","Pituitary tumor__enh_2280","train","Pituitary tumor","Pituitary tumor__enh_2520","val","Pituitary tumor","5","0.999803","0.8","flip_h","0.999352837","0.871784","1.220716","0.752151463","288","False","46.398514","166352"
"4438","6488","Pituitary tumor__enh_2281","train","Pituitary tumor","Pituitary tumor__enh_1175","test","Pituitary tumor","5","0.999915","0.619048","flip_h","0.999656613","0.887058","1.244355","0.602316602","515","False","46.231916","167933"
"4439","4601","Pituitary tumor__enh_2282","train","Pituitary tumor","Pituitary tumor__enh_2521","train","Pituitary tumor","8","0.999911","0.864865","flip_h","0.999658939","0.865349","1.225094","0.819023569","430","False","46.367418","164277"
"4440","4602","Pituitary tumor__enh_2283","train","Pituitary tumor","Pituitary tumor__enh_2522","train","Pituitary tumor","3","0.999899","0.87234","flip_h","0.999616781","0.892643","1.244107","0.886767169","338","False","46.233650","169322"
"4441","5462","Pituitary tumor__enh_2285","train","Pituitary tumor","Pituitary tumor__enh_1176","val","Pituitary tumor","4","0.999895","0.924528","flip_h","0.999606715","0.905132","1.254203","0.891380315","373","False","46.163448","170805"
"4442","4603","Pituitary tumor__enh_2286","train","Pituitary tumor","Pituitary tumor__enh_2524","train","Pituitary tumor","4","0.999899","0.825","flip_h","0.999619061","0.898136","1.247674","0.858452951","355","False","46.208782","170088"
"4443","4604","Pituitary tumor__enh_2287","train","Pituitary tumor","Pituitary tumor__enh_2525","train","Pituitary tumor","4","0.999897","0.645161","flip_h","0.99961256","0.909954","1.251603","0.775890411","409","False","46.181474","172866"
"4444","5678","Pituitary tumor__enh_2288","train","Pituitary tumor","Pituitary tumor__enh_2526","val","Pituitary tumor","10","0.999825","0.814815","flip_h","0.999505137","0.797333","1.122682","0.830519074","271","False","47.125671","161001"
"4445","4606","Pituitary tumor__enh_2291","train","Pituitary tumor","Pituitary tumor__enh_2528","train","Pituitary tumor","6","0.999815","0.915493","flip_h","0.999469565","0.799664","1.129675","0.894689266","466","False","47.071735","159876"
"4446","4607","Pituitary tumor__enh_2292","train","Pituitary tumor","Pituitary tumor__enh_2529","train","Pituitary tumor","1","0.99986","0.914286","flip_h","0.99958421","0.826653","1.161944","0.902648699","419","True","46.827103","163157"
"4448","4608","Pituitary tumor__enh_2295","train","Pituitary tumor","Pituitary tumor__enh_2531","train","Pituitary tumor","5","0.999888","0.815789","flip_h","0.999635852","0.841248","1.186292","0.842446335","389","False","46.646975","163422"
"4449","4609","Pituitary tumor__enh_2296","train","Pituitary tumor","Pituitary tumor__enh_2532","train","Pituitary tumor","6","0.999922","0.888889","flip_h","0.99974446","0.817783","1.150072","0.894688645","115","False","46.916301","162584"
"4451","4610","Pituitary tumor__enh_2298","train","Pituitary tumor","Pituitary tumor__enh_2534","train","Pituitary tumor","8","0.999886","0.906977","flip_h","0.999647538","0.789989","1.123736","0.92714497","197","True","47.117516","158081"
"4452","4612","Pituitary tumor__enh_2301","train","Pituitary tumor","Pituitary tumor__enh_2536","train","Pituitary tumor","7","0.999903","0.444444","flip_h","0.999701291","0.793903","1.12033","0.471952909","1525","False","47.143887","160172"
"4453","4613","Pituitary tumor__enh_2302","train","Pituitary tumor","Pituitary tumor__enh_2537","train","Pituitary tumor","9","0.999918","0.842105","flip_h","0.999733742","0.811684","1.138543","0.847382431","172","False","47.003816","163396"
"4454","4614","Pituitary tumor__enh_2303","train","Pituitary tumor","Pituitary tumor__enh_2538","train","Pituitary tumor","3","0.999865","0.791667","flip_h","0.999552941","0.86935","1.215188","0.903203343","139","True","46.437937","166997"
"4455","5463","Pituitary tumor__enh_2304","train","Pituitary tumor","Pituitary tumor__enh_1181","val","Pituitary tumor","8","0.999867","0.857143","flip_h","0.999536999","0.882423","1.236268","0.918994413","116","True","46.288551","167641"
"4456","4615","Pituitary tumor__enh_2305","train","Pituitary tumor","Pituitary tumor__enh_2539","train","Pituitary tumor","6","0.999889","0.941176","flip_h","0.999606159","0.87923","1.238856","0.884083045","134","False","46.270389","166377"
"4457","5680","Pituitary tumor__enh_2306","train","Pituitary tumor","Pituitary tumor__enh_2541","val","Pituitary tumor","10","0.999921","0.878788","flip_h","0.99974584","0.79908","1.135785","0.867693702","292","False","47.024878","159584"
"4458","6491","Pituitary tumor__enh_2307","train","Pituitary tumor","Pituitary tumor__enh_1182","test","Pituitary tumor","11","0.999915","0.941176","flip_h","0.999718035","0.825245","1.164474","0.936413541","139","True","46.808210","162627"
"4459","4618","Pituitary tumor__enh_2309","train","Pituitary tumor","Pituitary tumor__enh_2543","train","Pituitary tumor","9","0.999917","0.828571","flip_h","0.999727096","0.824242","1.152102","0.858558559","314","False","46.900984","164231"
"4460","4619","Pituitary tumor__enh_2310","train","Pituitary tumor","Pituitary tumor__enh_2544","train","Pituitary tumor","3","0.999925","0.666667","flip_h","0.999757696","0.810211","1.145031","0.704521556","562","False","46.954458","160905"
"4461","5464","Pituitary tumor__enh_2311","train","Pituitary tumor","Pituitary tumor__enh_1183","val","Pituitary tumor","5","0.99989","0.630769","flip_h","0.999605702","0.864471","1.22557","0.59587233","1684","False","46.364041","163774"
"4462","5465","Pituitary tumor__enh_2315","train","Pituitary tumor","Pituitary tumor__enh_1184","val","Pituitary tumor","6","0.999906","0.8","flip_h","0.999676255","0.875488","1.218218","0.859515111","423","False","46.416305","168584"
"4463","4624","Pituitary tumor__enh_2316","train","Pituitary tumor","Pituitary tumor__enh_2550","train","Pituitary tumor","7","0.999893","0.916667","flip_h","0.99959585","0.87458","1.221364","0.921052632","189","True","46.393902","166926"
"4464","5682","Pituitary tumor__enh_2318","train","Pituitary tumor","Pituitary tumor__enh_2551","val","Pituitary tumor","8","0.999896","0.9375","flip_h","0.9996041","0.888161","1.24424","0.91023166","279","True","46.232719","167478"
"4466","4536","Pituitary tumor__enh_2324","train","Pituitary tumor","Pituitary tumor__enh_2418","train","Pituitary tumor","4","0.999916","0.923077","flip_h","0.99973478","0.775867","1.110556","0.917973462","340","True","47.219998","156015"
"4467","5655","Pituitary tumor__enh_2325","train","Pituitary tumor","Pituitary tumor__enh_2419","val","Pituitary tumor","10","0.999904","0.906667","flip_h","0.999705037","0.778419","1.108198","0.931917552","327","True","47.238453","157199"
"4468","5656","Pituitary tumor__enh_2327","train","Pituitary tumor","Pituitary tumor__enh_2420","val","Pituitary tumor","8","0.999916","0.912088","flip_h","0.999728669","0.804676","1.136281","0.926913156","425","True","47.021091","161034"
"4469","4537","Pituitary tumor__enh_2328","train","Pituitary tumor","Pituitary tumor__enh_2421","train","Pituitary tumor","11","0.999906","0.987342","flip_h","0.999711416","0.790783","1.112992","0.952165354","243","True","47.200965","160135"
"4470","6675","Pituitary tumor__enh_2329","train","Pituitary tumor","Pituitary tumor__enh_2422","test","Pituitary tumor","6","0.999904","0.790323","flip_h","0.999698074","0.788658","1.113696","0.899605782","382","False","47.195472","159837"
"4471","4538","Pituitary tumor__enh_2330","train","Pituitary tumor","Pituitary tumor__enh_2423","train","Pituitary tumor","12","0.999859","0.630435","flip_h","0.999529572","0.870712","1.223112","0.663903282","973","False","46.381481","166385"
"4472","4539","Pituitary tumor__enh_2331","train","Pituitary tumor","Pituitary tumor__enh_2424","train","Pituitary tumor","10","0.999844","0.586207","flip_h","0.999478703","0.871498","1.220092","0.629456939","1351","False","46.402952","167121"
"4474","6676","Pituitary tumor__enh_2335","train","Pituitary tumor","Pituitary tumor__enh_2430","test","Pituitary tumor","2","0.99989","0.842105","flip_h","0.999611283","0.8465","1.193161","0.789814066","260","False","46.596821","163117"
"4475","4545","Pituitary tumor__enh_2336","train","Pituitary tumor","Pituitary tumor__enh_2431","train","Pituitary tumor","10","0.999896","0.875","flip_h","0.999613996","0.870441","1.224992","0.912171508","127","True","46.368135","165314"
"4476","6481","Pituitary tumor__enh_2337","train","Pituitary tumor","Pituitary tumor__enh_1144","test","Pituitary tumor","8","0.999893","0.526316","flip_h","0.999615296","0.866081","1.21782","0.530541012","538","False","46.419141","165157"
"4477","5657","Pituitary tumor__enh_2338","train","Pituitary tumor","Pituitary tumor__enh_2432","val","Pituitary tumor","6","0.999892","0.521739","flip_h","0.9996203","0.858608","1.202857","0.568694463","631","False","46.526523","165702"
"4478","4546","Pituitary tumor__enh_2339","train","Pituitary tumor","Pituitary tumor__enh_2433","train","Pituitary tumor","4","0.999821","0.692308","flip_h","0.999395285","0.983025","1.357342","0.64957265","328","False","45.477019","175779"
"4479","4547","Pituitary tumor__enh_2340","train","Pituitary tumor","Pituitary tumor__enh_2434","train","Pituitary tumor","4","0.999813","0.705882","flip_h","0.999366224","0.96257","1.339664","0.770072993","252","False","45.590883","172476"
"4481","6677","Pituitary tumor__enh_2343","train","Pituitary tumor","Pituitary tumor__enh_2436","test","Pituitary tumor","5","0.999805","0.818182","flip_h","0.999426714","0.936844","1.292553","0.842424242","104","False","45.901839","174056"
"4482","4549","Pituitary tumor__enh_2344","train","Pituitary tumor","Pituitary tumor__enh_2437","train","Pituitary tumor","7","0.999907","0.95","flip_h","0.999705281","0.812534","1.143866","0.894136808","130","False","46.963300","162404"
"4486","4551","Pituitary tumor__enh_2350","train","Pituitary tumor","Pituitary tumor__enh_2441","train","Pituitary tumor","12","0.999833","0.666667","flip_h","0.999443418","0.870056","1.216425","0.639632747","471","False","46.429095","166623"
"4487","4552","Pituitary tumor__enh_2351","train","Pituitary tumor","Pituitary tumor__enh_2442","train","Pituitary tumor","2","0.999807","0.857143","flip_h","0.999378762","0.881077","1.227556","0.901296112","99","True","46.349979","168230"
"4487","5301","Pituitary tumor__enh_2351","train","Pituitary tumor","Pituitary tumor__enh_9","val","Pituitary tumor","12","0.964191","0.857143","identity","","","","","","","14.938172","260501"
"4488","6678","Pituitary tumor__enh_2352","train","Pituitary tumor","Pituitary tumor__enh_2444","test","Pituitary tumor","7","0.999814","0.8","flip_h","0.999381576","0.865891","1.213527","0.810007819","243","False","46.449812","166262"
"4489","4553","Pituitary tumor__enh_2353","train","Pituitary tumor","Pituitary tumor__enh_2445","train","Pituitary tumor","11","0.999779","0.833333","flip_h","0.999334199","0.838348","1.181168","0.894713262","235","False","46.684573","163441"
"4490","4554","Pituitary tumor__enh_2354","train","Pituitary tumor","Pituitary tumor__enh_2446","train","Pituitary tumor","9","0.999766","0.891892","flip_h","0.999282459","0.844677","1.188118","0.913925192","191","True","46.633610","164065"
"4492","4556","Pituitary tumor__enh_2356","train","Pituitary tumor","Pituitary tumor__enh_2448","train","Pituitary tumor","6","0.999894","1","flip_h","0.999641987","0.828327","1.157722","0.916002452","137","True","46.858717","163908"
"4493","4557","Pituitary tumor__enh_2357","train","Pituitary tumor","Pituitary tumor__enh_2449","train","Pituitary tumor","2","0.999894","0.653846","flip_h","0.999634625","0.828106","1.165328","0.692442882","525","False","46.801837","162681"
"4494","5459","Pituitary tumor__enh_2358","train","Pituitary tumor","Pituitary tumor__enh_1150","val","Pituitary tumor","5","0.999867","0.894737","flip_h","0.99956539","0.807487","1.133355","0.833081571","221","False","47.043488","161752"
"4495","4558","Pituitary tumor__enh_2359","train","Pituitary tumor","Pituitary tumor__enh_2450","train","Pituitary tumor","5","0.999919","0.888889","flip_h","0.99972832","0.820198","1.149331","0.804379562","134","False","46.921904","162955"
"4497","4560","Pituitary tumor__enh_2361","train","Pituitary tumor","Pituitary tumor__enh_2452","train","Pituitary tumor","3","0.999923","0.714286","flip_h","0.999724644","0.842426","1.178948","0.711494253","251","False","46.700908","165076"
"4498","4562","Pituitary tumor__enh_2364","train","Pituitary tumor","Pituitary tumor__enh_2455","train","Pituitary tumor","7","0.999892","0.909091","flip_h","0.999635418","0.834293","1.1629","0.825301205","145","False","46.819955","165294"
"4499","6680","Pituitary tumor__enh_2365","train","Pituitary tumor","Pituitary tumor__enh_2458","test","Pituitary tumor","6","0.999882","0.846154","flip_h","0.999585007","0.86924","1.21518","0.859545837","334","False","46.437994","166817"
"4501","4565","Pituitary tumor__enh_2367","train","Pituitary tumor","Pituitary tumor__enh_2459","train","Pituitary tumor","4","0.999869","0.965517","flip_h","0.999551293","0.893028","1.232297","0.883986928","213","False","46.316499","171420"
"4502","5661","Pituitary tumor__enh_2368","train","Pituitary tumor","Pituitary tumor__enh_2460","val","Pituitary tumor","5","0.999852","0.964286","flip_h","0.999496394","0.882385","1.239177","0.849794239","292","False","46.268134","166829"
"4503","4566","Pituitary tumor__enh_2369","train","Pituitary tumor","Pituitary tumor__enh_2461","train","Pituitary tumor","5","0.999861","0.933333","flip_h","0.999532925","0.897934","1.234196","0.915547025","176","True","46.303123","171958"
"4504","6681","Pituitary tumor__enh_2371","train","Pituitary tumor","Pituitary tumor__enh_2462","test","Pituitary tumor","10","0.999908","0.944444","flip_h","0.999654113","0.877617","1.229517","0.905957447","221","True","46.336116","167255"
"4505","4567","Pituitary tumor__enh_2372","train","Pituitary tumor","Pituitary tumor__enh_2463","train","Pituitary tumor","8","0.999858","0.828571","flip_h","0.999510887","0.849323","1.187396","0.913104089","187","True","46.638895","165223"
"4506","5662","Pituitary tumor__enh_2373","train","Pituitary tumor","Pituitary tumor__enh_2464","val","Pituitary tumor","12","0.999841","0.882353","flip_h","0.999462871","0.854664","1.188924","0.924392439","168","True","46.627723","167149"
"4509","4568","Pituitary tumor__enh_2377","train","Pituitary tumor","Pituitary tumor__enh_2467","train","Pituitary tumor","6","0.99989","0.980392","flip_h","0.99960445","0.876392","1.229081","0.952180451","159","True","46.339196","167422"
"4511","4570","Pituitary tumor__enh_2380","train","Pituitary tumor","Pituitary tumor__enh_2469","train","Pituitary tumor","9","0.999896","0.904762","flip_h","0.999620479","0.856037","1.209609","0.919434629","114","True","46.477904","163726"
"4512","5665","Pituitary tumor__enh_2381","train","Pituitary tumor","Pituitary tumor__enh_2470","val","Pituitary tumor","8","0.999885","0.88","flip_h","0.999605106","0.855965","1.201358","0.911369193","145","True","46.537357","164927"
"4514","4571","Pituitary tumor__enh_2383","train","Pituitary tumor","Pituitary tumor__enh_2471","train","Pituitary tumor","7","0.999886","0.913043","flip_h","0.999597401","0.895103","1.242369","0.922174182","126","True","46.245794","170456"
"4516","4575","Pituitary tumor__enh_2385","train","Pituitary tumor","Pituitary tumor__enh_2475","train","Pituitary tumor","7","0.999911","0.903226","flip_h","0.999691905","0.843433","1.178929","0.92884097","132","True","46.701051","165216"
"4517","6682","Pituitary tumor__enh_2387","train","Pituitary tumor","Pituitary tumor__enh_2479","test","Pituitary tumor","9","0.999901","0.923077","flip_h","0.999695792","0.803741","1.131013","0.930490654","119","True","47.061453","161556"
"4518","4579","Pituitary tumor__enh_2389","train","Pituitary tumor","Pituitary tumor__enh_2480","train","Pituitary tumor","10","0.99992","1","flip_h","0.999746335","0.78891","1.114237","0.89516129","52","False","47.191253","160846"
"4521","4584","Pituitary tumor__enh_2394","train","Pituitary tumor","Pituitary tumor__enh_2487","train","Pituitary tumor","6","0.999889","0.933333","flip_h","0.99962343","0.780201","1.141887","0.884533898","218","False","46.978342","151884"
"4522","4586","Pituitary tumor__enh_2396","train","Pituitary tumor","Pituitary tumor__enh_2489","train","Pituitary tumor","9","0.999903","0.947368","flip_h","0.99970421","0.796032","1.126557","0.957683742","152","True","47.095740","159982"
"4523","5666","Pituitary tumor__enh_2397","train","Pituitary tumor","Pituitary tumor__enh_2490","val","Pituitary tumor","11","0.9999","0.593407","flip_h","0.99967231","0.821678","1.159459","0.593171395","2395","False","46.845696","161966"
"4525","4531","Pituitary tumor__enh_2401","train","Pituitary tumor","Pituitary tumor__enh_2409","train","Pituitary tumor","3","0.999842","0.952941","flip_h","0.999467644","0.883339","1.236962","0.940223464","321","True","46.283676","167523"
"4530","6671","Pituitary tumor__enh_2408","train","Pituitary tumor","Pituitary tumor__enh_2400","test","Pituitary tumor","9","0.999848","0.918919","flip_h","0.999495896","0.873047","1.221564","0.935700777","306","True","46.392481","166981"
"4532","5640","Pituitary tumor__enh_2411","train","Pituitary tumor","Pituitary tumor__enh_2319","val","Pituitary tumor","4","0.999864","0.943662","flip_h","0.999550025","0.860718","1.207752","0.962588028","170","True","46.491251","166148"
"4533","6662","Pituitary tumor__enh_2412","train","Pituitary tumor","Pituitary tumor__enh_2320","test","Pituitary tumor","5","0.999874","0.894737","flip_h","0.999560334","0.884968","1.228733","0.919965577","279","True","46.341653","169622"
"4534","6664","Pituitary tumor__enh_2415","train","Pituitary tumor","Pituitary tumor__enh_2323","test","Pituitary tumor","8","0.999828","0.97561","flip_h","0.999418947","0.872505","1.225287","0.941729323","155","True","46.366049","166501"
"4540","5642","Pituitary tumor__enh_2425","train","Pituitary tumor","Pituitary tumor__enh_2332","val","Pituitary tumor","9","0.999867","0.912281","flip_h","0.999548483","0.864033","1.215828","0.914516129","318","True","46.433362","165372"
"4544","5643","Pituitary tumor__enh_2429","train","Pituitary tumor","Pituitary tumor__enh_2334","val","Pituitary tumor","6","0.999895","0.666667","flip_h","0.999622052","0.878925","1.221828","0.794460641","141","False","46.390605","168501"
"4548","5644","Pituitary tumor__enh_2435","train","Pituitary tumor","Pituitary tumor__enh_2342","val","Pituitary tumor","2","0.999822","0.75","flip_h","0.999402238","0.950588","1.328167","0.724806202","284","False","45.665752","171001"
"4561","5646","Pituitary tumor__enh_2454","train","Pituitary tumor","Pituitary tumor__enh_2363","val","Pituitary tumor","9","0.999898","0.625","flip_h","0.999659937","0.818707","1.155826","0.568160153","453","False","46.872955","161539"
"4572","6673","Pituitary tumor__enh_2472","train","Pituitary tumor","Pituitary tumor__enh_2404","test","Pituitary tumor","6","0.999906","0.952381","flip_h","0.9996494","0.868221","1.225665","0.906637491","128","True","46.363369","164977"
"4573","6478","Pituitary tumor__enh_2473","train","Pituitary tumor","Pituitary tumor__enh_1130","test","Pituitary tumor","1","0.99991","0.727273","flip_h","0.999704955","0.820404","1.1529","0.846846847","204","False","46.894973","162690"
"4574","6667","Pituitary tumor__enh_2474","train","Pituitary tumor","Pituitary tumor__enh_2386","test","Pituitary tumor","5","0.999916","0.826087","flip_h","0.999714051","0.84557","1.175552","0.916485113","115","True","46.725963","166297"
"4581","6669","Pituitary tumor__enh_2484","train","Pituitary tumor","Pituitary tumor__enh_2392","test","Pituitary tumor","7","0.999884","0.674419","flip_h","0.999582913","0.914997","1.266063","0.68384157","902","False","46.081694","172320"
"4585","6670","Pituitary tumor__enh_2488","train","Pituitary tumor","Pituitary tumor__enh_2395","test","Pituitary tumor","6","0.999899","0.862069","flip_h","0.999696167","0.778145","1.107424","0.921286031","284","True","47.244528","157391"
"4588","5627","Pituitary tumor__enh_2494","train","Pituitary tumor","Pituitary tumor__enh_2248","val","Pituitary tumor","6","0.999855","0.85","flip_h","0.999486999","0.883926","1.244544","0.866866118","356","False","46.230600","166534"
"4596","5632","Pituitary tumor__enh_2513","train","Pituitary tumor","Pituitary tumor__enh_2273","val","Pituitary tumor","8","0.999857","0.925926","flip_h","0.999448973","0.881145","1.250127","0.902670623","164","True","46.191723","165923"
"4597","6655","Pituitary tumor__enh_2514","train","Pituitary tumor","Pituitary tumor__enh_2274","test","Pituitary tumor","8","0.999855","0.964286","flip_h","0.999463799","0.868946","1.232416","0.939988459","104","True","46.315659","164906"
"4605","6657","Pituitary tumor__enh_2527","train","Pituitary tumor","Pituitary tumor__enh_2290","test","Pituitary tumor","6","0.999785","0.928571","flip_h","0.999395481","0.81282","1.138747","0.93223102","291","True","47.002257","163000"
"4611","5636","Pituitary tumor__enh_2535","train","Pituitary tumor","Pituitary tumor__enh_2299","val","Pituitary tumor","5","0.999889","0.95","flip_h","0.999667113","0.77076","1.101992","0.896103896","264","False","47.287236","155736"
"4617","5637","Pituitary tumor__enh_2542","train","Pituitary tumor","Pituitary tumor__enh_2308","val","Pituitary tumor","4","0.999912","0.902439","flip_h","0.999709389","0.814846","1.152438","0.928076923","187","True","46.898452","161019"
"4620","6660","Pituitary tumor__enh_2545","train","Pituitary tumor","Pituitary tumor__enh_2312","test","Pituitary tumor","6","0.99987","0.888889","flip_h","0.999551368","0.864456","1.219429","0.891275465","491","False","46.407673","164835"
"4621","5638","Pituitary tumor__enh_2546","train","Pituitary tumor","Pituitary tumor__enh_2313","val","Pituitary tumor","9","0.999879","0.792208","flip_h","0.999575533","0.879662","1.228818","0.820523473","864","False","46.341050","167871"
"4622","6661","Pituitary tumor__enh_2547","train","Pituitary tumor","Pituitary tumor__enh_2314","test","Pituitary tumor","12","0.99988","0.739726","flip_h","0.99959191","0.861355","1.207387","0.75","1113","False","46.493876","165941"
"4630","5611","Pituitary tumor__enh_2560","train","Pituitary tumor","Pituitary tumor__enh_2158","val","Pituitary tumor","5","0.999919","0.933333","flip_h","0.999726644","0.820496","1.152258","0.969716758","371","True","46.899811","162772"
"4631","5612","Pituitary tumor__enh_2561","train","Pituitary tumor","Pituitary tumor__enh_2159","val","Pituitary tumor","6","0.999924","0.920904","flip_h","0.999751654","0.809803","1.1384","0.901509831","1122","True","47.004902","161685"
"4634","5613","Pituitary tumor__enh_2564","train","Pituitary tumor","Pituitary tumor__enh_2162","val","Pituitary tumor","7","0.999839","0.910256","flip_h","0.999453232","0.874741","1.220967","0.929824561","344","True","46.396724","167298"
"4637","6638","Pituitary tumor__enh_2568","train","Pituitary tumor","Pituitary tumor__enh_2167","test","Pituitary tumor","5","0.999841","0.837209","flip_h","0.99945996","0.88562","1.230633","0.804469274","560","False","46.328232","169138"
"4640","6639","Pituitary tumor__enh_2571","train","Pituitary tumor","Pituitary tumor__enh_2171","test","Pituitary tumor","10","0.999887","0.606061","flip_h","0.999596077","0.871792","1.218082","0.632801822","806","False","46.417276","167403"
"4644","6643","Pituitary tumor__enh_2577","train","Pituitary tumor","Pituitary tumor__enh_2179","test","Pituitary tumor","7","0.999821","0.684211","flip_h","0.999474665","0.797382","1.129469","0.78514377","269","False","47.073319","159264"
"4646","5617","Pituitary tumor__enh_2579","train","Pituitary tumor","Pituitary tumor__enh_2182","val","Pituitary tumor","6","0.999907","1","flip_h","0.999700361","0.794079","1.116482","0.926470588","35","True","47.173768","161228"
"4647","6644","Pituitary tumor__enh_2580","train","Pituitary tumor","Pituitary tumor__enh_2183","test","Pituitary tumor","12","0.99991","0.9","flip_h","0.999702272","0.805172","1.133393","0.871517028","83","False","47.043191","161349"
"4651","5618","Pituitary tumor__enh_2586","train","Pituitary tumor","Pituitary tumor__enh_2190","val","Pituitary tumor","6","0.999854","0.785714","flip_h","0.999440775","0.904156","1.25558","0.884787472","103","False","46.153917","170380"
"4652","6645","Pituitary tumor__enh_2587","train","Pituitary tumor","Pituitary tumor__enh_2192","test","Pituitary tumor","9","0.999865","0.380952","flip_h","0.999567553","0.809921","1.137199","0.37531946","1711","False","47.014078","161700"
"4659","5619","Pituitary tumor__enh_2597","train","Pituitary tumor","Pituitary tumor__enh_2200","val","Pituitary tumor","7","0.999937","0.733333","flip_h","0.999780823","0.819736","1.15351","0.692728694","1179","False","46.890376","162686"
"4666","5621","Pituitary tumor__enh_2605","train","Pituitary tumor","Pituitary tumor__enh_2208","val","Pituitary tumor","9","0.999935","0.727273","flip_h","0.999774448","0.835129","1.16589","0.881638847","78","False","46.797655","165706"
"4669","5622","Pituitary tumor__enh_2609","train","Pituitary tumor","Pituitary tumor__enh_2213","val","Pituitary tumor","9","0.999889","0.580645","flip_h","0.999577208","0.890705","1.243064","0.574016563","823","False","46.240934","168224"
"4670","6647","Pituitary tumor__enh_2610","train","Pituitary tumor","Pituitary tumor__enh_2214","test","Pituitary tumor","5","0.999881","0.942857","flip_h","0.9995572","0.896297","1.253604","0.939029626","142","True","46.167600","168327"
"4671","6648","Pituitary tumor__enh_2611","train","Pituitary tumor","Pituitary tumor__enh_2216","test","Pituitary tumor","6","0.99981","0.911765","flip_h","0.999366786","0.865063","1.204404","0.943000456","125","True","46.515362","167281"
"4679","6649","Pituitary tumor__enh_2624","train","Pituitary tumor","Pituitary tumor__enh_2229","test","Pituitary tumor","9","0.999924","0.84375","flip_h","0.999756447","0.805183","1.133614","0.893450635","218","False","47.041502","161569"
"4685","6650","Pituitary tumor__enh_2634","train","Pituitary tumor","Pituitary tumor__enh_2242","test","Pituitary tumor","8","0.999922","0.927083","flip_h","0.999744382","0.799519","1.128316","0.928945645","434","True","47.082185","160858"
"4686","5407","Pituitary tumor__enh_2637","train","Pituitary tumor","Pituitary tumor__enh_688","val","Pituitary tumor","12","0.955752","0.846154","flip_h","","","","","","","15.466676","260375"
"4686","6633","Pituitary tumor__enh_2637","train","Pituitary tumor","Pituitary tumor__enh_2136","test","Pituitary tumor","10","0.999888","0.909091","flip_h","0.999586545","0.885578","1.249522","0.943081452","232","True","46.195923","166479"
"4746","5179","Glioma__enh_406","val","Glioma","Meningioma__enh_1465","val","Meningioma","7","0.979157","0.924242","identity","","","","","","","17.631864","260742"
"4807","5822","Glioma__enh_817","val","Glioma","Glioma__enh_866","test","Glioma","12","0.999917","0.926829","flip_h","0.999771285","0.460999","0.842307","0.89273743","288","False","49.621400","95509"
"4859","4923","Glioma__enh_1209","val","Glioma","Glioma__enh_1564","val","Glioma","11","0.999915","0.907692","flip_h","0.999721908","0.672825","1.036896","0.905362776","390","True","47.816099","135937"
"4898","5004","Glioma__enh_1427","val","Glioma","Meningioma__enh_169","val","Meningioma","11","0.985954","0.566667","flip_h","0.976164418","21.069641","30.164363","0.650490449","677","False","18.540920","260141"
"4915","5871","Glioma__enh_1517","val","Glioma","Glioma__enh_1190","test","Glioma","12","0.999865","0.817391","flip_h","0.99960344","0.623638","1.003513","0.816876368","1339","False","48.100345","125464"
"5024","5795","Meningioma__enh_288","val","Meningioma","Glioma__enh_675","test","Glioma","12","0.981226","0.287356","flip_h","0.971479059","21.728596","31.463118","0.290249638","7847","False","18.174769","260132"
"5086","5088","Meningioma__enh_722","val","Meningioma","Meningioma__enh_736","val","Meningioma","8","0.999966","0.960177","identity","0.999802169","0.585064","1.041221","0.965310345","1006","True","47.779947","106138"
"5088","5090","Meningioma__enh_736","val","Meningioma","Meningioma__enh_753","val","Meningioma","11","0.999866","0.975336","identity","0.998283044","2.182472","3.069955","0.974077558","744","True","38.388164","212649"
"5096","5158","Meningioma__enh_799","val","Meningioma","Meningioma__enh_1311","val","Meningioma","10","0.999923","0.912162","flip_h","0.999785978","0.519512","0.912051","0.917375585","777","True","48.930423","105904"
"5099","6147","Meningioma__enh_821","val","Meningioma","Meningioma__enh_1211","test","Meningioma","11","0.999943","0.892308","flip_h","0.99978643","0.631268","1.033576","0.910510659","361","True","47.843956","121928"
"5105","6460","Meningioma__enh_872","val","Meningioma","Pituitary tumor__enh_1043","test","Pituitary tumor","11","0.999945","0.902439","flip_h","0.999789222","0.732647","1.127315","0.934535476","167","True","47.089896","140076"
"5107","6191","Meningioma__enh_886","val","Meningioma","Meningioma__enh_1483","test","Meningioma","7","0.99995","0.931034","flip_h","0.999819042","0.718384","1.094395","0.93388874","246","True","47.347321","140788"
"5110","6199","Meningioma__enh_903","val","Meningioma","Meningioma__enh_1549","test","Meningioma","10","0.999923","0.925373","flip_h","0.999764573","0.677341","1.04055","0.927379341","322","True","47.785543","136782"
"5116","5254","Meningioma__enh_959","val","Meningioma","Meningioma__enh_1954","val","Meningioma","8","0.999934","0.956522","flip_h","0.999769816","0.798767","1.138962","0.94657349","237","True","47.000622","159212"
"5117","5266","Meningioma__enh_974","val","Meningioma","Meningioma__enh_2051","val","Meningioma","10","0.999933","0.974359","flip_h","0.999773141","0.780098","1.123768","0.958870968","204","True","47.117267","156369"
"5121","5166","Meningioma__enh_1012","val","Meningioma","Meningioma__enh_1386","val","Meningioma","11","0.999924","0.948718","flip_h","0.999774423","0.561745","0.951402","0.924743893","382","True","48.563518","113755"
"5123","6161","Meningioma__enh_1018","val","Meningioma","Meningioma__enh_1279","test","Meningioma","12","0.999938","0.92","flip_h","0.999828217","0.560814","0.923454","0.927911275","117","True","48.822495","117541"
"5124","5159","Meningioma__enh_1026","val","Meningioma","Meningioma__enh_1325","val","Meningioma","9","0.999946","0.871429","flip_h","0.999796225","0.654465","1.077428","0.871070615","566","False","47.483041","124397"
"5125","6172","Meningioma__enh_1030","val","Meningioma","Meningioma__enh_1357","test","Meningioma","10","0.999928","0.862903","flip_h","0.999783761","0.520565","0.922903","0.890571951","838","False","48.827685","104174"
"5143","6102","Meningioma__enh_1217","val","Meningioma","Meningioma__enh_823","test","Meningioma","12","0.999951","0.8125","flip_h","0.999854054","0.566181","0.943359","0.884538153","115","False","48.637260","116474"
"5172","5203","Meningioma__enh_1437","val","Meningioma","Meningioma__enh_1663","val","Meningioma","11","0.999916","0.949495","flip_h","0.99974221","0.677742","1.048084","0.966327827","212","True","47.722881","135859"
"5174","6217","Meningioma__enh_1440","val","Meningioma","Meningioma__enh_1666","test","Meningioma","9","0.999912","0.861111","flip_h","0.999720097","0.69323","1.060225","0.812728938","409","False","47.622844","139006"
"5176","6219","Meningioma__enh_1449","val","Meningioma","Meningioma__enh_1674","test","Meningioma","10","0.999925","0.885714","flip_h","0.999727543","0.78405","1.144141","0.888429752","243","False","46.961211","153096"
"5177","6220","Meningioma__enh_1451","val","Meningioma","Meningioma__enh_1676","test","Meningioma","8","0.999838","0.842105","flip_h","0.999472903","0.758755","1.099037","0.900990099","110","True","47.310559","152623"
"5183","6114","Meningioma__enh_1523","val","Meningioma","Meningioma__enh_896","test","Meningioma","12","0.999942","0.961538","flip_h","0.999827845","0.658016","1.006678","0.925634825","492","True","48.072990","136214"
"5197","5234","Meningioma__enh_1605","val","Meningioma","Meningioma__enh_1811","val","Meningioma","7","0.999932","0.966216","flip_h","0.999776549","0.695824","1.061361","0.965758507","323","True","47.613539","139187"
"5198","6240","Meningioma__enh_1608","val","Meningioma","Meningioma__enh_1813","test","Meningioma","7","0.99993","0.878049","flip_h","0.99976908","0.68552","1.049461","0.930992242","169","True","47.711479","137320"
"5209","6190","Meningioma__enh_1697","val","Meningioma","Meningioma__enh_1476","test","Meningioma","10","0.999936","0.911765","flip_h","0.999805374","0.673031","1.02587","0.93868142","266","True","47.908953","137854"
"5226","6203","Meningioma__enh_1769","val","Meningioma","Meningioma__enh_1564","test","Meningioma","10","0.999935","0.734513","flip_h","0.999789403","0.658863","1.027784","0.756241234","1738","False","47.892769","133170"
"5230","6211","Meningioma__enh_1786","val","Meningioma","Meningioma__enh_1600","test","Meningioma","11","0.999929","0.7","flip_h","0.999739131","0.793484","1.163546","0.738553238","965","False","46.815131","153524"
"5240","5280","Meningioma__enh_1861","val","Meningioma","Meningioma__enh_2109","val","Meningioma","9","0.999907","0.871795","flip_h","0.999681405","0.831406","1.179419","0.865733114","326","False","46.697441","162892"
"5245","5299","Meningioma__enh_1892","val","Meningioma","Meningioma__enh_2288","val","Meningioma","10","0.99992","0.939394","flip_h","0.999754449","0.756115","1.079693","0.955587855","275","True","47.464797","155875"
"5249","6284","Meningioma__enh_1933","val","Meningioma","Meningioma__enh_2139","test","Meningioma","4","0.999891","0.926829","flip_h","0.999630134","0.811619","1.161203","0.897360704","280","False","46.832640","159776"
"5264","5289","Meningioma__enh_2045","val","Meningioma","Meningioma__enh_2238","val","Meningioma","10","0.999905","0.973684","flip_h","0.99970601","0.784592","1.120042","0.930809931","170","True","47.146119","159360"
"5381","5628","Pituitary tumor__enh_484","val","Pituitary tumor","Pituitary tumor__enh_2254","val","Pituitary tumor","11","0.957932","0.902439","identity","","","","","","","15.661655","259787"
"5381","6685","Pituitary tumor__enh_484","val","Pituitary tumor","Pituitary tumor__enh_2499","test","Pituitary tumor","10","0.95795","0.880952","flip_h","","","","","","","15.581024","260060"
"5387","6655","Pituitary tumor__enh_506","val","Pituitary tumor","Pituitary tumor__enh_2274","test","Pituitary tumor","11","0.964024","0.888889","identity","","","","","","","16.122085","259937"
"5439","5447","Pituitary tumor__enh_944","val","Pituitary tumor","Pituitary tumor__enh_1025","val","Pituitary tumor","12","0.999932","0.885714","flip_h","0.999734983","0.663345","1.086415","0.81996587","422","False","47.410887","124733"
"5445","5484","Pituitary tumor__enh_1022","val","Pituitary tumor","Pituitary tumor__enh_1328","val","Pituitary tumor","9","0.999917","0.833333","flip_h","0.999694838","0.63113","1.054877","0.88372093","85","False","47.666764","119388"
"5449","5560","Pituitary tumor__enh_1055","val","Pituitary tumor","Pituitary tumor__enh_1807","val","Pituitary tumor","6","0.999903","0.75","flip_h","0.999590655","0.857449","1.239167","0.730708661","1026","False","46.268210","159035"
"5453","6595","Pituitary tumor__enh_1087","val","Pituitary tumor","Pituitary tumor__enh_1885","test","Pituitary tumor","3","0.999868","0","flip_h","0.99949679","0.824257","1.19742","0","5393","False","46.565872","156161"
"5454","6596","Pituitary tumor__enh_1088","val","Pituitary tumor","Pituitary tumor__enh_1889","test","Pituitary tumor","9","0.999935","0.574257","flip_h","0.999738503","0.837898","1.216187","0.600163132","2451","False","46.430797","157374"
"5455","5545","Pituitary tumor__enh_1103","val","Pituitary tumor","Pituitary tumor__enh_1709","val","Pituitary tumor","10","0.999904","0.769231","flip_h","0.999628614","0.82288","1.19061","0.569284065","373","False","46.615411","157259"
"5460","6666","Pituitary tumor__enh_1151","val","Pituitary tumor","Pituitary tumor__enh_2362","test","Pituitary tumor","6","0.99991","0.9","flip_h","0.999695716","0.818424","1.146128","0.884678748","70","False","46.946139","163360"
"5474","6528","Pituitary tumor__enh_1261","val","Pituitary tumor","Pituitary tumor__enh_1421","test","Pituitary tumor","9","0.999934","0.878788","flip_h","0.999774081","0.623096","1.029478","0.893467337","212","False","47.878458","120367"
"5489","5498","Pituitary tumor__enh_1385","val","Pituitary tumor","Pituitary tumor__enh_1439","val","Pituitary tumor","7","0.999913","0.963636","flip_h","0.999691126","0.784729","1.153313","0.960501226","145","True","46.891858","151301"
"5491","5500","Pituitary tumor__enh_1392","val","Pituitary tumor","Pituitary tumor__enh_1447","val","Pituitary tumor","8","0.999941","0.744186","flip_h","0.999790332","0.655724","1.07544","0.772194305","1224","False","47.499083","124939"
"5501","6521","Pituitary tumor__enh_1448","val","Pituitary tumor","Pituitary tumor__enh_1393","test","Pituitary tumor","7","0.999946","0.890244","flip_h","0.99979433","0.649399","1.076092","0.884499055","611","False","47.493815","122973"
"5502","6522","Pituitary tumor__enh_1449","val","Pituitary tumor","Pituitary tumor__enh_1394","test","Pituitary tumor","11","0.999929","0.964286","flip_h","0.999755849","0.63208","1.048372","0.955406912","160","True","47.720499","122537"
"5503","6525","Pituitary tumor__enh_1460","val","Pituitary tumor","Pituitary tumor__enh_1405","test","Pituitary tumor","12","0.999917","0.727273","flip_h","0.999710076","0.771591","1.130385","0.773905997","837","False","47.066273","151563"
"5523","6512","Pituitary tumor__enh_1592","val","Pituitary tumor","Pituitary tumor__enh_1341","test","Pituitary tumor","10","0.999914","0.810127","flip_h","0.999695699","0.624489","1.031431","0.81125049","963","False","47.861998","120814"
"5532","6624","Pituitary tumor__enh_1649","val","Pituitary tumor","Pituitary tumor__enh_2102","test","Pituitary tumor","8","0.999935","0.955224","flip_h","0.999751384","0.792633","1.162242","0.941210643","506","True","46.824870","152456"
"5536","5607","Pituitary tumor__enh_1663","val","Pituitary tumor","Pituitary tumor__enh_2108","val","Pituitary tumor","10","0.999901","0.930556","flip_h","0.999618791","0.872082","1.216301","0.939662447","286","True","46.429979","167336"
"5551","5576","Pituitary tumor__enh_1756","val","Pituitary tumor","Pituitary tumor__enh_1935","val","Pituitary tumor","6","0.999913","0.72093","flip_h","0.999643311","0.844105","1.222199","0.686421605","836","False","46.387965","158201"
"5553","5599","Pituitary tumor__enh_1765","val","Pituitary tumor","Pituitary tumor__enh_2069","val","Pituitary tumor","12","0.999921","0.769231","flip_h","0.999688051","0.879684","1.224053","0.778183589","911","False","46.374798","168519"
"5559","6461","Pituitary tumor__enh_1803","val","Pituitary tumor","Pituitary tumor__enh_1054","test","Pituitary tumor","6","0.999921","0.8","flip_h","0.999677708","0.852913","1.231875","0.796321839","443","False","46.319468","159211"
"5568","6463","Pituitary tumor__enh_1848","val","Pituitary tumor","Pituitary tumor__enh_1068","test","Pituitary tumor","11","0.999909","0.909091","flip_h","0.999642853","0.81958","1.201815","0.908673176","318","True","46.534053","154556"
"5577","6578","Pituitary tumor__enh_1936","val","Pituitary tumor","Pituitary tumor__enh_1767","test","Pituitary tumor","6","0.999911","0.819672","flip_h","0.99963529","0.840912","1.224306","0.811818412","742","False","46.373007","157106"
"5600","6570","Pituitary tumor__enh_2071","val","Pituitary tumor","Pituitary tumor__enh_1724","test","Pituitary tumor","10","0.999906","0.896907","flip_h","0.999611847","0.834305","1.208737","0.875079264","788","False","46.484170","157326"
"5601","6571","Pituitary tumor__enh_2072","val","Pituitary tumor","Pituitary tumor__enh_1725","test","Pituitary tumor","5","0.999903","0.792308","flip_h","0.999618641","0.837025","1.20325","0.806950726","1622","False","46.523685","158657"
"5618","6398","Pituitary tumor__enh_2190","val","Pituitary tumor","Pituitary tumor__enh_612","test","Pituitary tumor","12","0.964324","0.636364","identity","","","","","","","15.049506","260289"
"5624","5693","Pituitary tumor__enh_2238","val","Pituitary tumor","Pituitary tumor__enh_2631","val","Pituitary tumor","11","0.999935","0.83","flip_h","0.99978336","0.814198","1.142371","0.84122738","1009","False","46.974659","162864"
"5625","6495","Pituitary tumor__enh_2239","val","Pituitary tumor","Pituitary tumor__enh_1212","test","Pituitary tumor","11","0.999926","0.95","flip_h","0.999757037","0.81654","1.142728","0.94375581","363","True","46.971944","163627"
"5626","5668","Pituitary tumor__enh_2246","val","Pituitary tumor","Pituitary tumor__enh_2493","val","Pituitary tumor","11","0.999881","0.764706","flip_h","0.999560961","0.869263","1.226758","0.738398544","575","False","46.355623","164856"
"5628","6685","Pituitary tumor__enh_2254","val","Pituitary tumor","Pituitary tumor__enh_2499","test","Pituitary tumor","3","0.999876","0.928571","flip_h","0.999561121","0.85601","1.195941","0.936755952","170","True","46.576608","165826"
"5629","5672","Pituitary tumor__enh_2260","val","Pituitary tumor","Pituitary tumor__enh_2503","val","Pituitary tumor","7","0.999947","0.692308","flip_h","0.999809252","0.822773","1.154657","0.765667575","172","False","46.881743","163406"
"5633","6689","Pituitary tumor__enh_2277","val","Pituitary tumor","Pituitary tumor__enh_2516","test","Pituitary tumor","12","0.999858","0.789474","flip_h","0.999482417","0.841362","1.193888","0.818103448","211","False","46.591530","162631"
"5635","5677","Pituitary tumor__enh_2284","val","Pituitary tumor","Pituitary tumor__enh_2523","val","Pituitary tumor","9","0.999893","0.842105","flip_h","0.999596485","0.875423","1.231635","0.890519519","373","False","46.321160","165588"
"5648","5664","Pituitary tumor__enh_2376","val","Pituitary tumor","Pituitary tumor__enh_2466","val","Pituitary tumor","8","0.999895","0.9375","flip_h","0.999644008","0.834988","1.184159","0.954996691","136","True","46.662601","162728"
"5651","5667","Pituitary tumor__enh_2398","val","Pituitary tumor","Pituitary tumor__enh_2491","val","Pituitary tumor","9","0.999902","0.683761","flip_h","0.999684374","0.809361","1.146568","0.685502056","2371","False","46.942811","160805"
"5653","6663","Pituitary tumor__enh_2414","val","Pituitary tumor","Pituitary tumor__enh_2322","test","Pituitary tumor","5","0.999829","0.788462","flip_h","0.999433999","0.869625","1.217505","0.794191919","652","False","46.421387","167037"
"5659","6665","Pituitary tumor__enh_2440","val","Pituitary tumor","Pituitary tumor__enh_2348","test","Pituitary tumor","12","0.999902","0.910714","flip_h","0.999684402","0.818108","1.153575","0.9395218","215","True","46.889890","162187"
"5671","6652","Pituitary tumor__enh_2501","val","Pituitary tumor","Pituitary tumor__enh_2257","test","Pituitary tumor","6","0.999936","0.625","flip_h","0.999782754","0.797821","1.122756","0.863270777","51","False","47.125093","160800"
"5679","6658","Pituitary tumor__enh_2530","val","Pituitary tumor","Pituitary tumor__enh_2294","test","Pituitary tumor","7","0.999866","0.722222","flip_h","0.999598936","0.821636","1.158816","0.837406015","346","False","46.850517","162114"
"5779","5785","Glioma__enh_554","test","Glioma","Glioma__enh_598","test","Glioma","7","0.99989","0.740741","flip_h","0.999698317","0.530434","0.922868","0.789060642","1774","False","48.828016","107595"
"5792","5929","Glioma__enh_632","test","Glioma","Glioma__enh_1589","test","Glioma","11","0.999936","0.884244","flip_h","0.999787116","0.675785","1.051621","0.892401553","2134","False","47.693616","134420"
"5793","5881","Glioma__enh_635","test","Glioma","Glioma__enh_1237","test","Glioma","5","0.999917","0.542857","flip_h","0.999722538","0.669079","1.056301","0.609118852","763","False","47.655048","130929"
"5815","5937","Glioma__enh_788","test","Glioma","Glioma__enh_1619","test","Glioma","9","0.999931","0.776316","flip_h","0.999757714","0.805923","1.146143","0.797386315","1907","False","46.946025","159738"
"5878","5888","Glioma__enh_1226","test","Glioma","Glioma__enh_1275","test","Glioma","11","0.999927","0.388889","flip_h","0.999776999","0.579689","0.951467","0.34212766","773","False","48.562933","118357"
"6094","6138","Meningioma__enh_748","test","Meningioma","Meningioma__enh_1141","test","Meningioma","0","0.999723","0.956522","identity","0.999683655","1.70845","2.433334","0.967420274","709","True","40.406771","185800"
"6149","6167","Meningioma__enh_1220","test","Meningioma","Meningioma__enh_1332","test","Meningioma","12","0.999932","0.948864","flip_h","0.999798024","0.560165","0.954377","0.938435495","691","True","48.536405","112090"
"6187","6222","Meningioma__enh_1462","test","Meningioma","Meningioma__enh_1684","test","Meningioma","11","0.999922","0.954545","flip_h","0.999729366","0.717339","1.10368","0.932094176","274","True","47.273942","139431"
"6204","6234","Meningioma__enh_1575","test","Meningioma","Meningioma__enh_1776","test","Meningioma","11","0.999936","0.938462","flip_h","0.999792108","0.663429","1.038754","0.911862004","373","True","47.800549","132902"
"6205","6235","Meningioma__enh_1580","test","Meningioma","Meningioma__enh_1779","test","Meningioma","8","0.999917","0.910828","flip_h","0.999744295","0.669773","1.037411","0.92360695","765","True","47.811787","135204"
"6258","6288","Meningioma__enh_1971","test","Meningioma","Meningioma__enh_2165","test","Meningioma","7","0.999904","0.965347","flip_h","0.999697478","0.762764","1.09552","0.966942789","427","True","47.338395","155063"
"6268","6294","Meningioma__enh_2018","test","Meningioma","Meningioma__enh_2198","test","Meningioma","12","0.999958","0.892857","flip_h","0.999847811","0.777954","1.115038","0.893894166","391","False","47.185013","156541"
"6269","6298","Meningioma__enh_2019","test","Meningioma","Meningioma__enh_2219","test","Meningioma","10","0.999908","0.89404","flip_h","0.999700259","0.794926","1.133535","0.897230769","1002","False","47.042108","159388"
"6449","6548","Pituitary tumor__enh_936","test","Pituitary tumor","Pituitary tumor__enh_1552","test","Pituitary tumor","11","0.999932","0.35","flip_h","0.999743222","0.661201","1.084004","0.334377447","850","False","47.430188","124900"
"6464","6588","Pituitary tumor__enh_1069","test","Pituitary tumor","Pituitary tumor__enh_1852","test","Pituitary tumor","5","0.999912","0.522222","flip_h","0.999650639","0.831524","1.205173","0.592766727","2252","False","46.509815","157422"
"6479","6482","Pituitary tumor__enh_1134","test","Pituitary tumor","Pituitary tumor__enh_1163","test","Pituitary tumor","11","0.999875","0.857143","flip_h","0.999577657","0.871059","1.223497","0.911401598","122","True","46.378747","166529"
"6484","6651","Pituitary tumor__enh_1167","test","Pituitary tumor","Pituitary tumor__enh_2251","test","Pituitary tumor","6","0.999888","0.5","flip_h","0.999601021","0.841167","1.188709","0.554768846","1069","False","46.629294","163489"
"6490","6659","Pituitary tumor__enh_1180","test","Pituitary tumor","Pituitary tumor__enh_2300","test","Pituitary tumor","9","0.999901","0.965517","flip_h","0.999693681","0.799938","1.126611","0.945732052","96","True","47.095322","161337"
"6499","6533","Pituitary tumor__enh_1245","test","Pituitary tumor","Pituitary tumor__enh_1482","test","Pituitary tumor","10","0.999915","0.947368","flip_h","0.999645874","0.70623","1.141581","0.846405229","188","False","46.980668","128808"
"6505","6536","Pituitary tumor__enh_1274","test","Pituitary tumor","Pituitary tumor__enh_1503","test","Pituitary tumor","4","0.999949","0.666667","flip_h","0.999806852","0.642124","1.062236","0.868263473","22","False","47.606383","121831"
"6561","6622","Pituitary tumor__enh_1644","test","Pituitary tumor","Pituitary tumor__enh_2098","test","Pituitary tumor","9","0.99992","0.793651","flip_h","0.999697804","0.782425","1.15014","0.8282881","658","False","46.915788","151497"
"6573","6617","Pituitary tumor__enh_1736","test","Pituitary tumor","Pituitary tumor__enh_2081","test","Pituitary tumor","12","0.999913","0.622951","flip_h","0.999656751","0.815178","1.184241","0.63983463","1481","False","46.661999","155484"
"6579","6626","Pituitary tumor__enh_1769","test","Pituitary tumor","Pituitary tumor__enh_2106","test","Pituitary tumor","7","0.99992","0.622222","flip_h","0.999686504","0.861145","1.214897","0.636272209","1085","False","46.440013","164486"
"6642","6695","Pituitary tumor__enh_2177","test","Pituitary tumor","Pituitary tumor__enh_2575","test","Pituitary tumor","5","0.999845","0.772727","flip_h","0.999550472","0.811302","1.145814","0.845376845","199","False","46.948523","160902"
"6654","6686","Pituitary tumor__enh_2261","test","Pituitary tumor","Pituitary tumor__enh_2504","test","Pituitary tumor","9","0.999868","1","flip_h","0.999529155","0.879868","1.22711","0.899575672","71","False","46.353135","168201"
"6672","6674","Pituitary tumor__enh_2402","test","Pituitary tumor","Pituitary tumor__enh_2410","test","Pituitary tumor","6","0.999867","0.964706","flip_h","0.999521016","0.90369","1.25782","0.957951785","225","True","46.138433","170598"
