"first_sample_id","first_split","first_class","first_source","first_image_path","second_sample_id","second_split","second_class","second_source","second_image_path","hamming_distance","pixel_correlation","mask_iou","transform","strong","likely_duplicate","full_pixel_correlation","full_image_mae","full_image_rmse","full_image_psnr","full_image_mismatch_pixels","full_mask_iou","full_mask_mismatch_pixels","full_verified_likely_duplicate"
"Glioma__enh_402","train","Glioma","original","Glioma/enh_402.png","Meningioma__enh_880","val","Meningioma","brisc2025","Meningioma/enh_880.png","10","0.974589","0.833333","flip_h","False","False","0.965233471","25.780884","34.606833","17.347566","260714","0.842621489","353","False"
"Glioma__enh_416","train","Glioma","original","Glioma/enh_416.png","Meningioma__enh_1474","val","Meningioma","brisc2025","Meningioma/enh_1474.png","12","0.985683","0.89011","identity","False","False","0.976479897","21.194344","30.026749","18.580637","259926","0.868001357","778","False"
"Glioma__enh_430","train","Glioma","original","Glioma/enh_430.png","Meningioma__enh_1486","test","Meningioma","brisc2025","Meningioma/enh_1486.png","12","0.982949","0.884956","identity","False","False","0.972244498","19.498661","27.232776","19.428965","259728","0.910140845","638","False"
"Glioma__enh_443","train","Glioma","original","Glioma/enh_443.png","Meningioma__enh_1633","test","Meningioma","brisc2025","Meningioma/enh_1633.png","11","0.981584","0.919075","identity","False","True","0.972415669","21.894482","30.36186","18.484236","260124","0.91630309","940","False"
"Glioma__enh_472","train","Glioma","original","Glioma/enh_472.png","Meningioma__enh_1523","val","Meningioma","brisc2025","Meningioma/enh_1523.png","12","0.987533","0.868421","identity","False","False","0.979091429","17.153912","24.846805","20.225392","259869","0.863422074","985","False"
"Glioma__enh_504","train","Glioma","original","Glioma/enh_504.png","Meningioma__enh_1555","test","Meningioma","brisc2025","Meningioma/enh_1555.png","12","0.984358","0.857143","identity","False","False","0.977359467","17.873287","27.142501","19.457806","259253","0.829301814","621","False"
"Glioma__enh_565","train","Glioma","brisc2025","Glioma/enh_565.png","Glioma__enh_1107","test","Glioma","brisc2025","Glioma/enh_1107.png","7","0.999885","0.518519","flip_h","True","False","0.999723194","0.532032","0.891483","49.128539","112916","0.535529972","2340","False"
"Glioma__enh_573","train","Glioma","brisc2025","Glioma/enh_573.png","Glioma__enh_1060","val","Glioma","brisc2025","Glioma/enh_1060.png","11","0.99988","0.956897","flip_h","False","True","0.999688907","0.536861","0.890649","49.136676","114153","0.957294181","637","True"
"Glioma__enh_622","train","Glioma","brisc2025","Glioma/enh_622.png","Glioma__enh_1321","test","Glioma","brisc2025","Glioma/enh_1321.png","7","0.999931","1","flip_h","True","True","0.999744637","0.680023","1.083029","47.438006","129943","0.958597764","137","True"
"Glioma__enh_627","train","Glioma","brisc2025","Glioma/enh_627.png","Glioma__enh_1349","test","Glioma","brisc2025","Glioma/enh_1349.png","4","0.999935","0.921429","flip_h","True","True","0.999787772","0.643005","1.02747","47.895421","128254","0.944620971","488","True"
"Glioma__enh_639","train","Glioma","brisc2025","Glioma/enh_639.png","Glioma__enh_1251","val","Glioma","brisc2025","Glioma/enh_1251.png","8","0.999886","0.822222","flip_h","True","False","0.999657412","0.642799","1.008308","48.058937","130498","0.838020648","910","False"
"Glioma__enh_647","train","Glioma","brisc2025","Glioma/enh_647.png","Glioma__enh_1313","test","Glioma","brisc2025","Glioma/enh_1313.png","4","0.999922","0.516129","flip_h","True","False","0.999745322","0.632286","1.025664","47.910701","124386","0.524150566","2857","False"
"Glioma__enh_649","train","Glioma","brisc2025","Glioma/enh_649.png","Glioma__enh_633","val","Glioma","brisc2025","Glioma/enh_633.png","12","0.999886","0.896552","flip_h","False","False","0.999639696","0.641918","1.023305","47.930700","128112","0.906435911","173","True"
"Glioma__enh_663","train","Glioma","brisc2025","Glioma/enh_663.png","Glioma__enh_1214","test","Glioma","brisc2025","Glioma/enh_1214.png","11","0.99987","0.957447","flip_h","False","True","0.999643531","0.629456","0.982913","48.280503","131482","0.924694708","222","True"
"Glioma__enh_777","train","Glioma","brisc2025","Glioma/enh_777.png","Glioma__enh_1613","test","Glioma","brisc2025","Glioma/enh_1613.png","10","0.999909","0.831776","flip_h","False","False","0.99970287","0.79649","1.127569","47.087941","159909","0.819653508","1270","False"
"Glioma__enh_789","train","Glioma","brisc2025","Glioma/enh_789.png","Glioma__enh_608","test","Glioma","brisc2025","Glioma/enh_608.png","11","0.999942","0.868327","flip_h","False","False","0.999800298","0.608307","1.017614","47.979144","118016","0.872672872","2298","False"
"Glioma__enh_801","train","Glioma","brisc2025","Glioma/enh_801.png","Glioma__enh_856","test","Glioma","brisc2025","Glioma/enh_856.png","8","0.999888","0.841772","flip_h","True","False","0.999675451","0.505116","0.892822","49.115509","102586","0.855397047","2899","False"
"Glioma__enh_803","train","Glioma","brisc2025","Glioma/enh_803.png","Glioma__enh_904","val","Glioma","brisc2025","Glioma/enh_904.png","7","0.999802","0.636364","flip_h","True","False","0.999559722","0.467457","0.830046","49.748761","99810","0.657752308","2150","False"
"Glioma__enh_809","train","Glioma","brisc2025","Glioma/enh_809.png","Glioma__enh_956","test","Glioma","brisc2025","Glioma/enh_956.png","11","0.999917","0.724138","flip_h","False","False","0.999763927","0.527279","0.902874","49.018259","108973","0.790619765","375","False"
"Glioma__enh_814","train","Glioma","brisc2025","Glioma/enh_814.png","Glioma__enh_1016","test","Glioma","brisc2025","Glioma/enh_1016.png","12","0.999909","0.903226","flip_h","False","True","0.999719939","0.529579","0.9345","48.719214","105300","0.934832609","255","True"
"Glioma__enh_821","train","Glioma","brisc2025","Glioma/enh_821.png","Glioma__enh_1097","test","Glioma","brisc2025","Glioma/enh_1097.png","10","0.999843","0.906832","flip_h","False","True","0.999632327","0.532505","0.901834","49.028270","111933","0.923753666","780","True"
"Glioma__enh_870","train","Glioma","brisc2025","Glioma/enh_870.png","Glioma__enh_558","test","Glioma","brisc2025","Glioma/enh_558.png","9","0.999899","0.60241","flip_h","False","False","0.999683939","0.58255","0.990926","48.209982","113880","0.620845921","2008","False"
"Glioma__enh_873","train","Glioma","brisc2025","Glioma/enh_873.png","Glioma__enh_818","val","Glioma","brisc2025","Glioma/enh_818.png","7","0.999851","0.304348","flip_h","True","False","0.99962393","0.548157","0.918966","48.864819","114125","0.271466314","1103","False"
"Glioma__enh_875","train","Glioma","brisc2025","Glioma/enh_875.png","Glioma__enh_559","val","Glioma","brisc2025","Glioma/enh_559.png","5","0.999872","0.8","flip_h","True","False","0.999671819","0.531906","0.900372","49.042368","111012","0.8141542","646","False"
"Glioma__enh_951","train","Glioma","brisc2025","Glioma/enh_951.png","Glioma__enh_545","val","Glioma","brisc2025","Glioma/enh_545.png","11","0.999893","0.367021","flip_h","False","False","0.999689923","0.552219","0.945633","48.616349","110789","0.362535494","7633","False"
"Glioma__enh_1084","train","Glioma","brisc2025","Glioma/enh_1084.png","Glioma__enh_820","test","Glioma","brisc2025","Glioma/enh_820.png","7","0.999893","0.759036","flip_h","True","False","0.999715441","0.526585","0.899403","49.051718","109243","0.792944785","1080","False"
"Glioma__enh_1088","train","Glioma","brisc2025","Glioma/enh_1088.png","Glioma__enh_561","val","Glioma","brisc2025","Glioma/enh_561.png","9","0.999906","1","flip_h","False","True","0.999728911","0.540451","0.935773","48.707392","108666","0.812888199","241","False"
"Glioma__enh_1091","train","Glioma","brisc2025","Glioma/enh_1091.png","Glioma__enh_562","test","Glioma","brisc2025","Glioma/enh_562.png","5","0.999891","0.21978","flip_h","True","False","0.999698082","0.501354","0.897679","49.068380","101119","0.220608575","4508","False"
"Glioma__enh_1184","train","Glioma","brisc2025","Glioma/enh_1184.png","Glioma__enh_1467","val","Glioma","brisc2025","Glioma/enh_1467.png","9","0.999877","0.095238","flip_h","False","False","0.999606866","0.632915","1.017102","47.983514","125571","0.086803371","7259","False"
"Glioma__enh_1189","train","Glioma","brisc2025","Glioma/enh_1189.png","Glioma__enh_1504","val","Glioma","brisc2025","Glioma/enh_1504.png","10","0.999896","0.467532","flip_h","False","False","0.999694453","0.613262","0.992251","48.198373","123818","0.468155418","5311","False"
"Glioma__enh_1195","train","Glioma","brisc2025","Glioma/enh_1195.png","Glioma__enh_1550","test","Glioma","brisc2025","Glioma/enh_1550.png","9","0.999887","0.756757","flip_h","False","False","0.999650277","0.610909","0.988767","48.228920","122400","0.730438521","1254","False"
"Glioma__enh_1196","train","Glioma","brisc2025","Glioma/enh_1196.png","Meningioma__enh_358","val","Meningioma","original","Meningioma/enh_358.png","10","0.978762","0.794118","identity","False","False","0.966443504","25.07291","34.628115","17.342227","259914","0.79378882","1328","False"
"Glioma__enh_1197","train","Glioma","brisc2025","Glioma/enh_1197.png","Glioma__enh_1558","val","Glioma","brisc2025","Glioma/enh_1558.png","1","0.999929","0.908602","flip_h","True","True","0.999722447","0.686981","1.094277","47.348262","130085","0.91522272","1003","True"
"Glioma__enh_1200","train","Glioma","brisc2025","Glioma/enh_1200.png","Glioma__enh_1361","val","Glioma","brisc2025","Glioma/enh_1361.png","6","0.999919","0.712644","flip_h","True","False","0.999726287","0.64756","1.042208","47.771718","126314","0.714360955","1627","False"
"Glioma__enh_1201","train","Glioma","brisc2025","Glioma/enh_1201.png","Meningioma__enh_71","test","Meningioma","original","Meningioma/enh_71.png","9","0.979462","0.205882","identity","False","False","0.96851475","24.361282","33.930875","17.518902","259363","0.201346389","10440","False"
"Glioma__enh_1205","train","Glioma","brisc2025","Glioma/enh_1205.png","Glioma__enh_1385","test","Glioma","brisc2025","Glioma/enh_1385.png","8","0.999943","0.935484","flip_h","True","True","0.999792981","0.679668","1.073876","47.511721","131258","0.933824592","916","True"
"Glioma__enh_1207","train","Glioma","brisc2025","Glioma/enh_1207.png","Glioma__enh_1409","val","Glioma","brisc2025","Glioma/enh_1409.png","12","0.99993","0.695238","flip_h","False","False","0.99978631","0.6092","0.985386","48.258677","123598","0.703004681","1967","False"
"Glioma__enh_1211","train","Glioma","brisc2025","Glioma/enh_1211.png","Meningioma__enh_11","val","Meningioma","original","Meningioma/enh_11.png","8","0.985262","0.770492","identity","True","False","0.973828385","22.623829","32.454024","17.905433","259480","0.846052977","587","False"
"Glioma__enh_1215","train","Glioma","brisc2025","Glioma/enh_1215.png","Glioma__enh_1346","test","Glioma","brisc2025","Glioma/enh_1346.png","12","0.999932","0.9375","flip_h","False","True","0.999791513","0.625004","1.001496","48.117818","126712","0.938274265","573","True"
"Glioma__enh_1217","train","Glioma","brisc2025","Glioma/enh_1217.png","Glioma__enh_1577","test","Glioma","brisc2025","Glioma/enh_1577.png","11","0.999923","0.890411","flip_h","False","False","0.999754089","0.692211","1.052216","47.688705","139986","0.911063373","414","True"
"Glioma__enh_1218","train","Glioma","brisc2025","Glioma/enh_1218.png","Glioma__enh_687","val","Glioma","brisc2025","Glioma/enh_687.png","12","0.999931","0.916667","flip_h","False","True","0.999770418","0.647892","1.029256","47.880335","129299","0.932896521","297","True"
"Glioma__enh_1231","train","Glioma","brisc2025","Glioma/enh_1231.png","Glioma__enh_1220","val","Glioma","brisc2025","Glioma/enh_1220.png","7","0.999913","0.858974","flip_h","True","False","0.999731587","0.600967","0.981546","48.292592","120834","0.849196539","732","False"
"Glioma__enh_1240","train","Glioma","brisc2025","Glioma/enh_1240.png","Glioma__enh_325","test","Glioma","original","Glioma/enh_325.png","12","0.98265","0.320513","flip_h","False","False","0.970929162","22.895477","32.011407","18.024708","260541","0.324064813","3379","False"
"Glioma__enh_1243","train","Glioma","brisc2025","Glioma/enh_1243.png","Glioma__enh_1222","test","Glioma","brisc2025","Glioma/enh_1222.png","3","0.999888","0.97619","flip_h","True","True","0.99962518","0.651703","1.038941","47.798983","127629","0.940660112","169","True"
"Glioma__enh_1248","train","Glioma","brisc2025","Glioma/enh_1248.png","Glioma__enh_1223","test","Glioma","brisc2025","Glioma/enh_1223.png","9","0.999884","0.775281","flip_h","False","False","0.999644201","0.615257","0.995695","48.168274","123234","0.817582026","1023","False"
"Glioma__enh_1252","train","Glioma","brisc2025","Glioma/enh_1252.png","Glioma__enh_1224","test","Glioma","brisc2025","Glioma/enh_1224.png","11","0.99986","0.739394","flip_h","False","False","0.999593702","0.626629","0.992693","48.194505","127738","0.739310605","2768","False"
"Glioma__enh_1294","train","Glioma","brisc2025","Glioma/enh_1294.png","Meningioma__enh_133","val","Meningioma","original","Meningioma/enh_133.png","10","0.98528","0.704348","flip_h","False","False","0.973242313","23.109615","33.306966","17.680102","260403","0.671072151","2439","False"
"Glioma__enh_1311","train","Glioma","brisc2025","Glioma/enh_1311.png","Glioma__enh_1230","val","Glioma","brisc2025","Glioma/enh_1230.png","11","0.999907","0.42","flip_h","False","False","0.999730278","0.589569","0.959746","48.487679","120439","0.421913965","3709","False"
"Glioma__enh_1324","train","Glioma","brisc2025","Glioma/enh_1324.png","Glioma__enh_623","test","Glioma","brisc2025","Glioma/enh_623.png","8","0.999896","0.590164","flip_h","True","False","0.999681889","0.647499","1.025117","47.915334","129274","0.622933613","1437","False"
"Glioma__enh_1327","train","Glioma","brisc2025","Glioma/enh_1327.png","Glioma__enh_624","test","Glioma","brisc2025","Glioma/enh_624.png","7","0.999928","0.43617","flip_h","True","False","0.999757611","0.670959","1.057516","47.645067","131840","0.428782895","3473","False"
"Glioma__enh_1341","train","Glioma","brisc2025","Glioma/enh_1341.png","Glioma__enh_626","val","Glioma","brisc2025","Glioma/enh_626.png","9","0.9999","0.906977","flip_h","False","True","0.999719944","0.606514","0.970167","48.393878","125819","0.912634876","251","True"
"Glioma__enh_1383","train","Glioma","brisc2025","Glioma/enh_1383.png","Glioma__enh_1204","test","Glioma","brisc2025","Glioma/enh_1204.png","7","0.999882","0.875","flip_h","True","False","0.99964394","0.619617","0.988665","48.229818","126042","0.896943574","263","False"
"Glioma__enh_1448","train","Glioma","brisc2025","Glioma/enh_1448.png","Meningioma__enh_201","val","Meningioma","original","Meningioma/enh_201.png","10","0.982438","0.745098","flip_h","False","False","0.975818088","19.440639","29.383191","18.768824","259423","0.708444444","984","False"
"Glioma__enh_1473","train","Glioma","brisc2025","Glioma/enh_1473.png","Glioma__enh_1185","test","Glioma","brisc2025","Glioma/enh_1185.png","11","0.999738","0.851852","flip_h","False","False","0.999312391","0.626095","0.978878","48.316231","129313","0.778988544","791","False"
"Glioma__enh_1576","train","Glioma","brisc2025","Glioma/enh_1576.png","Glioma__enh_629","test","Glioma","brisc2025","Glioma/enh_629.png","11","0.999934","0.818182","flip_h","False","False","0.999782351","0.679981","1.048661","47.718103","136133","0.752515091","369","False"
"Glioma__enh_1608","train","Glioma","brisc2025","Glioma/enh_1608.png","Glioma__enh_1630","val","Glioma","brisc2025","Glioma/enh_1630.png","10","0.999931","0.307018","flip_h","False","False","0.999766449","0.766338","1.10991","47.225052","153928","0.307116615","5092","False"
"Glioma__enh_1616","train","Glioma","brisc2025","Glioma/enh_1616.png","Glioma__enh_784","test","Glioma","brisc2025","Glioma/enh_784.png","7","0.999937","0.916667","flip_h","True","True","0.999781131","0.786755","1.125924","47.100625","157089","0.914024191","263","True"
"Glioma__enh_1888","train","Glioma","brisc2025","Glioma/enh_1888.png","Glioma__enh_1611","val","Glioma","brisc2025","Glioma/enh_1611.png","10","0.999908","0.882353","flip_h","False","False","0.999714912","0.763592","1.093759","47.352373","156865","0.896045198","552","False"
"Meningioma__enh_14","train","Meningioma","original","Meningioma/enh_14.png","Glioma__enh_661","val","Glioma","brisc2025","Glioma/enh_661.png","10","0.977502","0.788462","flip_h","False","False","0.966639226","22.438374","32.243683","17.961911","259689","0.786172695","733","False"
"Meningioma__enh_15","train","Meningioma","original","Meningioma/enh_15.png","Glioma__enh_1322","val","Glioma","brisc2025","Glioma/enh_1322.png","8","0.977064","0.545455","flip_h","False","False","0.96636192","22.748096","32.61626","17.862120","259726","0.530275229","1024","False"
"Meningioma__enh_155","train","Meningioma","original","Meningioma/enh_155.png","Glioma__enh_1423","val","Glioma","brisc2025","Glioma/enh_1423.png","12","0.981943","0.646341","flip_h","False","False","0.972924801","17.843296","25.916969","19.859119","259551","0.645741627","1851","False"
"Meningioma__enh_228","train","Meningioma","original","Meningioma/enh_228.png","Glioma__enh_1465","test","Glioma","brisc2025","Glioma/enh_1465.png","9","0.981306","0.717742","flip_h","False","False","0.969856886","22.201469","32.009855","18.025129","259577","0.708266004","2347","False"
"Meningioma__enh_233","train","Meningioma","original","Meningioma/enh_233.png","Glioma__enh_1468","test","Glioma","brisc2025","Glioma/enh_1468.png","7","0.986839","0.792079","flip_h","True","False","0.975478709","21.747257","31.198329","18.248177","259763","0.778448605","2899","False"
"Meningioma__enh_337","train","Meningioma","original","Meningioma/enh_337.png","Glioma__enh_1539","val","Glioma","brisc2025","Glioma/enh_1539.png","11","0.983047","0.583333","flip_h","False","False","0.974324934","22.070335","32.22224","17.967689","260204","0.492286115","362","False"
"Meningioma__enh_777","train","Meningioma","brisc2025","Meningioma/enh_777.png","Meningioma__enh_1282","val","Meningioma","brisc2025","Meningioma/enh_1282.png","8","0.999915","0.965517","flip_h","True","True","0.999784368","0.525818","0.888489","49.157758","111361","0.939512962","231","True"
"Meningioma__enh_804","train","Meningioma","brisc2025","Meningioma/enh_804.png","Meningioma__enh_1081","val","Meningioma","brisc2025","Meningioma/enh_1081.png","8","0.999928","0.972973","flip_h","True","True","0.9997298","0.625969","1.051322","47.696088","118960","0.926680244","180","True"
"Meningioma__enh_808","train","Meningioma","brisc2025","Meningioma/enh_808.png","Meningioma__enh_1169","val","Meningioma","brisc2025","Meningioma/enh_1169.png","7","0.99994","0.827586","flip_h","True","False","0.999802691","0.546814","0.958342","48.500396","107339","0.858757062","500","False"
"Meningioma__enh_815","train","Meningioma","brisc2025","Meningioma/enh_815.png","Meningioma__enh_1190","test","Meningioma","brisc2025","Meningioma/enh_1190.png","12","0.999935","0.929412","flip_h","False","True","0.999830112","0.575001","0.924868","48.809208","121235","0.946232558","289","True"
"Meningioma__enh_817","train","Meningioma","brisc2025","Meningioma/enh_817.png","Meningioma__enh_1195","test","Meningioma","brisc2025","Meningioma/enh_1195.png","9","0.999934","0.94186","flip_h","False","True","0.999801687","0.588791","0.984828","48.263593","117834","0.941572625","321","True"
"Meningioma__enh_820","train","Meningioma","brisc2025","Meningioma/enh_820.png","Meningioma__enh_1206","test","Meningioma","brisc2025","Meningioma/enh_1206.png","9","0.999923","0.864865","flip_h","False","False","0.999727861","0.633305","1.043888","47.757724","120796","0.906189762","438","True"
"Meningioma__enh_873","train","Meningioma","brisc2025","Meningioma/enh_873.png","Meningioma__enh_1436","val","Meningioma","brisc2025","Meningioma/enh_1436.png","4","0.999926","0.939759","flip_h","True","True","0.999760825","0.684544","1.058426","47.637592","136089","0.946988891","272","True"
"Meningioma__enh_881","train","Meningioma","brisc2025","Meningioma/enh_881.png","Meningioma__enh_1465","val","Meningioma","brisc2025","Meningioma/enh_1465.png","3","0.99993","0.893939","flip_h","True","False","0.999751877","0.726994","1.111936","47.209212","140454","0.962059621","154","True"
"Meningioma__enh_884","train","Meningioma","brisc2025","Meningioma/enh_884.png","Meningioma__enh_1474","val","Meningioma","brisc2025","Meningioma/enh_1474.png","9","0.999928","0.922222","flip_h","False","True","0.999775526","0.694717","1.045869","47.741259","141932","0.918082095","463","True"
"Meningioma__enh_887","train","Meningioma","brisc2025","Meningioma/enh_887.png","Meningioma__enh_1485","test","Meningioma","brisc2025","Meningioma/enh_1485.png","12","0.999948","0.891304","flip_h","False","False","0.999800696","0.699577","1.090061","47.381790","135073","0.91538192","483","True"
"Meningioma__enh_899","train","Meningioma","brisc2025","Meningioma/enh_899.png","Meningioma__enh_1535","test","Meningioma","brisc2025","Meningioma/enh_1535.png","8","0.999911","0.835821","flip_h","True","False","0.999741531","0.624058","0.984668","48.265011","128335","0.805136664","827","False"
"Meningioma__enh_902","train","Meningioma","brisc2025","Meningioma/enh_902.png","Meningioma__enh_1545","val","Meningioma","brisc2025","Meningioma/enh_1545.png","9","0.999949","0.965517","flip_h","False","True","0.999811981","0.7234","1.111874","47.209694","139573","0.92244898","152","True"
"Meningioma__enh_906","train","Meningioma","brisc2025","Meningioma/enh_906.png","Meningioma__enh_1566","val","Meningioma","brisc2025","Meningioma/enh_1566.png","11","0.999933","0.932099","flip_h","False","True","0.999778152","0.674309","1.046091","47.739412","134335","0.953001077","480","True"
"Meningioma__enh_911","train","Meningioma","brisc2025","Meningioma/enh_911.png","Meningioma__enh_1586","test","Meningioma","brisc2025","Meningioma/enh_1586.png","7","0.99991","0.904762","flip_h","True","True","0.999750316","0.664436","1.011726","48.029543","138342","0.908284024","124","True"
"Meningioma__enh_916","train","Meningioma","brisc2025","Meningioma/enh_916.png","Meningioma__enh_1595","val","Meningioma","brisc2025","Meningioma/enh_1595.png","10","0.999929","0.319149","flip_h","False","False","0.999742097","0.726131","1.108417","47.236741","141018","0.324720893","2117","False"
"Meningioma__enh_960","train","Meningioma","brisc2025","Meningioma/enh_960.png","Meningioma__enh_1958","test","Meningioma","brisc2025","Meningioma/enh_1958.png","8","0.999934","1","flip_h","True","True","0.999746385","0.854771","1.205037","46.510796","165157","0.961971601","233","True"
"Meningioma__enh_986","train","Meningioma","brisc2025","Meningioma/enh_986.png","Meningioma__enh_2042","val","Meningioma","brisc2025","Meningioma/enh_2042.png","10","0.999894","0.833333","flip_h","False","False","0.999683871","0.729961","1.069979","47.543297","149317","0.861248455","898","False"
"Meningioma__enh_990","train","Meningioma","brisc2025","Meningioma/enh_990.png","Meningioma__enh_2057","val","Meningioma","brisc2025","Meningioma/enh_2057.png","11","0.999922","0.88764","flip_h","False","False","0.999758011","0.796555","1.127642","47.087381","160482","0.88725142","635","False"
"Meningioma__enh_1008","train","Meningioma","brisc2025","Meningioma/enh_1008.png","Meningioma__enh_1350","val","Meningioma","brisc2025","Meningioma/enh_1350.png","4","0.999936","0.847826","flip_h","True","False","0.999775322","0.59478","1.014719","48.003884","114913","0.845762712","455","False"
"Meningioma__enh_1011","train","Meningioma","brisc2025","Meningioma/enh_1011.png","Meningioma__enh_1374","test","Meningioma","brisc2025","Meningioma/enh_1374.png","10","0.999926","0.924528","flip_h","False","True","0.999792351","0.577351","0.955653","48.524798","118026","0.877844311","408","False"
"Meningioma__enh_1017","train","Meningioma","brisc2025","Meningioma/enh_1017.png","Meningioma__enh_1276","test","Meningioma","brisc2025","Meningioma/enh_1276.png","9","0.99993","0.684211","flip_h","False","False","0.999778581","0.573086","0.979525","48.310495","112841","0.70670148","674","False"
"Meningioma__enh_1036","train","Meningioma","brisc2025","Meningioma/enh_1036.png","Meningioma__enh_1367","val","Meningioma","brisc2025","Meningioma/enh_1367.png","12","0.999932","0.816092","flip_h","False","False","0.999798274","0.574444","0.957161","48.511106","117155","0.813713486","1065","False"
"Meningioma__enh_1044","train","Meningioma","brisc2025","Meningioma/enh_1044.png","Meningioma__enh_1380","val","Meningioma","brisc2025","Meningioma/enh_1380.png","11","0.999946","0.941964","flip_h","False","True","0.999847918","0.568447","0.933257","48.730782","118496","0.944239214","800","True"
"Meningioma__enh_1048","train","Meningioma","brisc2025","Meningioma/enh_1048.png","Meningioma__enh_1387","test","Meningioma","brisc2025","Meningioma/enh_1387.png","11","0.999931","0.958333","flip_h","False","True","0.999789078","0.628399","1.002965","48.105085","127224","0.905778894","300","True"
"Meningioma__enh_1049","train","Meningioma","brisc2025","Meningioma/enh_1049.png","Meningioma__enh_1388","test","Meningioma","brisc2025","Meningioma/enh_1388.png","10","0.99993","0.914286","flip_h","False","True","0.999813817","0.500237","0.874926","49.291378","104457","0.934872772","581","True"
"Meningioma__enh_1070","train","Meningioma","brisc2025","Meningioma/enh_1070.png","Meningioma__enh_1418","val","Meningioma","brisc2025","Meningioma/enh_1418.png","9","0.999936","0.921053","flip_h","False","True","0.999796604","0.546024","0.94696","48.604175","109046","0.867001255","318","False"
"Meningioma__enh_1156","train","Meningioma","brisc2025","Meningioma/enh_1156.png","Meningioma__enh_825","test","Meningioma","brisc2025","Meningioma/enh_825.png","12","0.999933","0.64","flip_h","False","False","0.999733369","0.647781","1.087531","47.401970","120523","0.702489757","944","False"
"Meningioma__enh_1166","train","Meningioma","brisc2025","Meningioma/enh_1166.png","Meningioma__enh_1264","val","Meningioma","brisc2025","Meningioma/enh_1264.png","11","0.999898","0.906667","flip_h","False","True","0.999724503","0.515781","0.91815","48.872536","104387","0.870714581","626","False"
"Meningioma__enh_1168","train","Meningioma","brisc2025","Meningioma/enh_1168.png","Meningioma__enh_1275","val","Meningioma","brisc2025","Meningioma/enh_1275.png","9","0.999915","0.933962","flip_h","False","True","0.999774023","0.562027","0.943005","48.640519","116001","0.96137273","251","True"
"Meningioma__enh_1171","train","Meningioma","brisc2025","Meningioma/enh_1171.png","Meningioma__enh_1283","test","Meningioma","brisc2025","Meningioma/enh_1283.png","7","0.999891","0.769231","flip_h","True","False","0.99971157","0.538311","0.921082","48.844835","110196","0.901763224","78","True"
"Meningioma__enh_1174","train","Meningioma","brisc2025","Meningioma/enh_1174.png","Meningioma__enh_1289","test","Meningioma","brisc2025","Meningioma/enh_1289.png","8","0.999927","0.962963","flip_h","True","True","0.999754063","0.585819","0.995084","48.173608","115019","0.934515689","240","True"
"Meningioma__enh_1194","train","Meningioma","brisc2025","Meningioma/enh_1194.png","Meningioma__enh_816","test","Meningioma","brisc2025","Meningioma/enh_816.png","10","0.99993","0.833333","flip_h","False","False","0.999794325","0.582676","0.974132","48.358450","117731","0.826017131","325","False"
"Meningioma__enh_1221","train","Meningioma","brisc2025","Meningioma/enh_1221.png","Meningioma__enh_1333","test","Meningioma","brisc2025","Meningioma/enh_1333.png","10","0.999929","0.972527","flip_h","False","True","0.999806904","0.555988","0.927755","48.782138","114754","0.970237065","344","True"
"Meningioma__enh_1270","train","Meningioma","brisc2025","Meningioma/enh_1270.png","Meningioma__enh_1085","val","Meningioma","brisc2025","Meningioma/enh_1085.png","10","0.999928","0.878261","flip_h","False","False","0.999797252","0.575134","0.952861","48.550214","117749","0.89687981","737","False"
"Meningioma__enh_1277","train","Meningioma","brisc2025","Meningioma/enh_1277.png","Meningioma__enh_1009","test","Meningioma","brisc2025","Meningioma/enh_1009.png","5","0.999944","0.916667","flip_h","True","True","0.999803004","0.584858","1.004151","48.094820","112943","0.889917695","428","False"
"Meningioma__enh_1299","train","Meningioma","brisc2025","Meningioma/enh_1299.png","Meningioma__enh_1181","test","Meningioma","brisc2025","Meningioma/enh_1181.png","11","0.999924","0.9","flip_h","False","True","0.999727382","0.803776","1.172033","46.752008","154356","0.911401598","244","True"
"Meningioma__enh_1306","train","Meningioma","brisc2025","Meningioma/enh_1306.png","Meningioma__enh_1191","test","Meningioma","brisc2025","Meningioma/enh_1191.png","12","0.999943","0.950495","flip_h","False","True","0.999852178","0.559509","0.910592","48.944327","118150","0.948955916","330","True"
"Meningioma__enh_1313","train","Meningioma","brisc2025","Meningioma/enh_1313.png","Meningioma__enh_1197","test","Meningioma","brisc2025","Meningioma/enh_1197.png","11","0.999947","0.965517","flip_h","False","True","0.999846383","0.544247","0.932275","48.739922","110537","0.960826211","220","True"
"Meningioma__enh_1318","train","Meningioma","brisc2025","Meningioma/enh_1318.png","Meningioma__enh_1202","val","Meningioma","brisc2025","Meningioma/enh_1202.png","12","0.999936","0.8125","flip_h","False","False","0.999805434","0.581623","0.974249","48.357402","117272","0.912512716","86","True"
"Meningioma__enh_1326","train","Meningioma","brisc2025","Meningioma/enh_1326.png","Meningioma__enh_1212","test","Meningioma","brisc2025","Meningioma/enh_1212.png","11","0.999873","0.973684","flip_h","False","True","0.999665015","0.532394","0.914488","48.907243","109155","0.913617021","203","True"
"Meningioma__enh_1334","train","Meningioma","brisc2025","Meningioma/enh_1334.png","Meningioma__enh_1027","test","Meningioma","brisc2025","Meningioma/enh_1027.png","12","0.999939","0.755102","flip_h","False","False","0.999811727","0.584084","0.977445","48.328958","116991","0.753765553","752","False"
"Meningioma__enh_1349","train","Meningioma","brisc2025","Meningioma/enh_1349.png","Meningioma__enh_1099","test","Meningioma","brisc2025","Meningioma/enh_1099.png","10","0.999933","0.88","flip_h","False","False","0.999739364","0.637264","1.06953","47.546945","120151","0.88960412","343","False"
"Meningioma__enh_1355","train","Meningioma","brisc2025","Meningioma/enh_1355.png","Meningioma__enh_773","val","Meningioma","brisc2025","Meningioma/enh_773.png","11","0.999943","0.774194","flip_h","False","False","0.99979484","0.617973","1.048193","47.721976","117026","0.743970315","552","False"
"Meningioma__enh_1360","train","Meningioma","brisc2025","Meningioma/enh_1360.png","Meningioma__enh_781","val","Meningioma","brisc2025","Meningioma/enh_781.png","12","0.999908","0.9","flip_h","False","True","0.999747694","0.529221","0.913303","48.918509","108661","0.931075937","344","True"
"Meningioma__enh_1399","train","Meningioma","brisc2025","Meningioma/enh_1399.png","Meningioma__enh_1056","test","Meningioma","brisc2025","Meningioma/enh_1056.png","12","0.999916","0.88","flip_h","False","False","0.999738557","0.576584","0.968648","48.407487","115266","0.89984639","326","False"
"Meningioma__enh_1407","train","Meningioma","brisc2025","Meningioma/enh_1407.png","Meningioma__enh_1062","test","Meningioma","brisc2025","Meningioma/enh_1062.png","12","0.999943","0.967742","flip_h","False","True","0.999853061","0.490986","0.862572","49.414899","103569","0.957261495","422","True"
"Meningioma__enh_1422","train","Meningioma","brisc2025","Meningioma/enh_1422.png","Meningioma__enh_1648","val","Meningioma","brisc2025","Meningioma/enh_1648.png","11","0.999945","0.827869","flip_h","False","False","0.999830162","0.632721","1.002572","48.108496","128624","0.833526012","1296","False"
"Meningioma__enh_1424","train","Meningioma","brisc2025","Meningioma/enh_1424.png","Meningioma__enh_868","val","Meningioma","brisc2025","Meningioma/enh_868.png","9","0.999941","0.969697","flip_h","False","True","0.999808805","0.662792","1.027282","47.897006","134440","0.946990741","458","True"
"Meningioma__enh_1428","train","Meningioma","brisc2025","Meningioma/enh_1428.png","Glioma__enh_250","test","Glioma","original","Glioma/enh_250.png","9","0.982872","0.806452","identity","False","False","0.972103969","27.447014","36.682165","16.841704","260552","0.824613852","352","False"
"Meningioma__enh_1450","train","Meningioma","brisc2025","Meningioma/enh_1450.png","Glioma__enh_389","val","Glioma","original","Glioma/enh_389.png","10","0.980143","0.840909","identity","False","False","0.966189563","27.340885","35.974502","17.010908","260208","0.876873662","345","False"
"Meningioma__enh_1455","train","Meningioma","brisc2025","Meningioma/enh_1455.png","Meningioma__enh_1679","test","Meningioma","brisc2025","Meningioma/enh_1679.png","8","0.999902","0.790698","flip_h","True","False","0.999624141","0.884747","1.228621","46.342444","169360","0.916832471","209","True"
"Meningioma__enh_1461","train","Meningioma","brisc2025","Meningioma/enh_1461.png","Meningioma__enh_880","val","Meningioma","brisc2025","Meningioma/enh_880.png","7","0.999936","0.75","flip_h","True","False","0.999759384","0.723354","1.119257","47.152211","138589","0.851851852","336","False"
"Meningioma__enh_1463","train","Meningioma","brisc2025","Meningioma/enh_1463.png","Meningioma__enh_1685","val","Meningioma","brisc2025","Meningioma/enh_1685.png","10","0.999938","0.885714","flip_h","False","False","0.999770537","0.7155","1.107048","47.247474","137135","0.856963087","341","False"
"Meningioma__enh_1464","train","Meningioma","brisc2025","Meningioma/enh_1464.png","Meningioma__enh_1686","val","Meningioma","brisc2025","Meningioma/enh_1686.png","10","0.999917","0.830986","flip_h","False","False","0.999719405","0.699032","1.077387","47.483369","137249","0.836419081","751","False"
"Meningioma__enh_1466","train","Meningioma","brisc2025","Meningioma/enh_1466.png","Meningioma__enh_1688","test","Meningioma","brisc2025","Meningioma/enh_1688.png","12","0.999924","0.909091","flip_h","False","True","0.99973499","0.710232","1.099987","47.303049","138036","0.95483871","189","True"
"Meningioma__enh_1473","train","Meningioma","brisc2025","Meningioma/enh_1473.png","Meningioma__enh_1694","val","Meningioma","brisc2025","Meningioma/enh_1694.png","11","0.999909","0.92","flip_h","False","True","0.999724031","0.647148","1.008009","48.061513","132333","0.903888025","309","True"
"Meningioma__enh_1482","train","Meningioma","brisc2025","Meningioma/enh_1482.png","Meningioma__enh_1703","val","Meningioma","brisc2025","Meningioma/enh_1703.png","9","0.99995","0.925","flip_h","False","True","0.999819502","0.709785","1.083715","47.432501","139685","0.914783253","230","True"
"Meningioma__enh_1519","train","Meningioma","brisc2025","Meningioma/enh_1519.png","Meningioma__enh_1735","test","Meningioma","brisc2025","Meningioma/enh_1735.png","10","0.999933","0.974684","flip_h","False","True","0.999776415","0.675007","1.046585","47.735311","134937","0.945783133","288","True"
"Meningioma__enh_1532","train","Meningioma","brisc2025","Meningioma/enh_1532.png","Meningioma__enh_898","val","Meningioma","brisc2025","Meningioma/enh_898.png","6","0.999915","0.920635","flip_h","True","True","0.999754855","0.669838","1.017543","47.979752","138515","0.927580894","282","True"
"Meningioma__enh_1536","train","Meningioma","brisc2025","Meningioma/enh_1536.png","Meningioma__enh_1746","val","Meningioma","brisc2025","Meningioma/enh_1746.png","10","0.999932","0.903226","flip_h","False","True","0.999785781","0.657211","1.024078","47.924139","133367","0.921215242","459","True"
"Meningioma__enh_1538","train","Meningioma","brisc2025","Meningioma/enh_1538.png","Meningioma__enh_1748","val","Meningioma","brisc2025","Meningioma/enh_1748.png","11","0.99994","0.961538","flip_h","False","True","0.999817878","0.633358","1.004368","48.092948","128773","0.939883268","309","True"
"Meningioma__enh_1544","train","Meningioma","brisc2025","Meningioma/enh_1544.png","Meningioma__enh_1753","val","Meningioma","brisc2025","Meningioma/enh_1753.png","11","0.999946","0.933333","flip_h","False","True","0.999805948","0.718822","1.109129","47.231162","138770","0.947785548","112","True"
"Meningioma__enh_1552","train","Meningioma","brisc2025","Meningioma/enh_1552.png","Meningioma__enh_1759","val","Meningioma","brisc2025","Meningioma/enh_1759.png","11","0.999921","0.940299","flip_h","False","True","0.99976136","0.658478","1.010621","48.039038","135627","0.940860215","253","True"
"Meningioma__enh_1558","train","Meningioma","brisc2025","Meningioma/enh_1558.png","Meningioma__enh_1764","test","Meningioma","brisc2025","Meningioma/enh_1764.png","8","0.999946","0.733333","flip_h","True","False","0.999811117","0.683903","1.068684","47.553815","133989","0.710220191","1395","False"
"Meningioma__enh_1572","train","Meningioma","brisc2025","Meningioma/enh_1572.png","Meningioma__enh_1774","val","Meningioma","brisc2025","Meningioma/enh_1774.png","9","0.999915","0.92","flip_h","False","True","0.999719766","0.700169","1.064725","47.586051","140456","0.908362704","286","True"
"Meningioma__enh_1573","train","Meningioma","brisc2025","Meningioma/enh_1573.png","Meningioma__enh_1775","test","Meningioma","brisc2025","Meningioma/enh_1775.png","6","0.999947","0.964912","flip_h","True","True","0.999819258","0.663116","1.043707","47.759229","131256","0.93615257","231","True"
"Meningioma__enh_1601","train","Meningioma","brisc2025","Meningioma/enh_1601.png","Meningioma__enh_1808","val","Meningioma","brisc2025","Meningioma/enh_1808.png","12","0.999919","0.961538","flip_h","False","True","0.999732541","0.687336","1.053553","47.677676","137652","0.923110915","522","True"
"Meningioma__enh_1604","train","Meningioma","brisc2025","Meningioma/enh_1604.png","Meningioma__enh_1810","val","Meningioma","brisc2025","Meningioma/enh_1810.png","5","0.999927","0.963415","flip_h","True","True","0.999749365","0.705017","1.076305","47.492098","139780","0.953573097","497","True"
"Meningioma__enh_1613","train","Meningioma","brisc2025","Meningioma/enh_1613.png","Meningioma__enh_1816","val","Meningioma","brisc2025","Meningioma/enh_1816.png","10","0.999905","0.98","flip_h","False","True","0.999650444","0.720745","1.103892","47.272269","139628","0.938588722","208","True"
"Meningioma__enh_1616","train","Meningioma","brisc2025","Meningioma/enh_1616.png","Meningioma__enh_1818","val","Meningioma","brisc2025","Meningioma/enh_1818.png","8","0.999939","0.9","flip_h","True","True","0.999825209","0.619865","0.961616","48.470769","130663","0.890432099","71","False"
"Meningioma__enh_1618","train","Meningioma","brisc2025","Meningioma/enh_1618.png","Meningioma__enh_922","test","Meningioma","brisc2025","Meningioma/enh_922.png","11","0.999936","0.932331","flip_h","False","True","0.99979476","0.671993","1.044016","47.756660","134257","0.908822487","772","True"
"Meningioma__enh_1628","train","Meningioma","brisc2025","Meningioma/enh_1628.png","Meningioma__enh_1711","val","Meningioma","brisc2025","Meningioma/enh_1711.png","11","0.99995","0.833333","flip_h","False","False","0.999841741","0.63522","0.995697","48.168257","130231","0.701823949","376","False"
"Meningioma__enh_1629","train","Meningioma","brisc2025","Meningioma/enh_1629.png","Meningioma__enh_889","test","Meningioma","brisc2025","Meningioma/enh_889.png","11","0.999951","1","flip_h","False","True","0.999855247","0.610413","0.973961","48.359969","125703","0.849206349","171","False"
"Meningioma__enh_1630","train","Meningioma","brisc2025","Meningioma/enh_1630.png","Meningioma__enh_1712","val","Meningioma","brisc2025","Meningioma/enh_1712.png","11","0.999934","0.950495","flip_h","False","True","0.999777523","0.675385","1.04515","47.747231","135238","0.946510913","348","True"
"Meningioma__enh_1638","train","Meningioma","brisc2025","Meningioma/enh_1638.png","Meningioma__enh_1720","val","Meningioma","brisc2025","Meningioma/enh_1720.png","9","0.999921","0.859375","flip_h","False","False","0.999750127","0.669464","1.031716","47.859600","135285","0.843934373","1931","False"
"Meningioma__enh_1639","train","Meningioma","brisc2025","Meningioma/enh_1639.png","Meningioma__enh_1721","test","Meningioma","brisc2025","Meningioma/enh_1721.png","10","0.99992","0.916129","flip_h","False","True","0.999748258","0.667118","1.031481","47.861578","134213","0.922243596","768","True"
"Meningioma__enh_1642","train","Meningioma","brisc2025","Meningioma/enh_1642.png","Meningioma__enh_1723","val","Meningioma","brisc2025","Meningioma/enh_1723.png","10","0.999936","0.94","flip_h","False","True","0.999799119","0.64027","1.014894","48.002388","129201","0.941386816","377","True"
"Meningioma__enh_1644","train","Meningioma","brisc2025","Meningioma/enh_1644.png","Meningioma__enh_1724","val","Meningioma","brisc2025","Meningioma/enh_1724.png","11","0.999945","0.903226","flip_h","False","True","0.999844398","0.609959","0.960399","48.481766","128319","0.905599729","558","True"
"Meningioma__enh_1682","train","Meningioma","brisc2025","Meningioma/enh_1682.png","Meningioma__enh_1459","test","Meningioma","brisc2025","Meningioma/enh_1459.png","8","0.999889","0.97619","flip_h","True","True","0.999572354","0.830223","1.189067","46.626680","159471","0.92747942","185","True"
"Meningioma__enh_1689","train","Meningioma","brisc2025","Meningioma/enh_1689.png","Meningioma__enh_1467","test","Meningioma","brisc2025","Meningioma/enh_1467.png","8","0.999914","0.883721","flip_h","True","False","0.999714801","0.689804","1.068618","47.554352","135727","0.914254703","237","True"
"Meningioma__enh_1690","train","Meningioma","brisc2025","Meningioma/enh_1690.png","Meningioma__enh_1469","test","Meningioma","brisc2025","Meningioma/enh_1469.png","6","0.999947","0.802326","flip_h","True","False","0.999833243","0.646122","1.009954","48.044767","131126","0.861079437","731","False"
"Meningioma__enh_1706","train","Meningioma","brisc2025","Meningioma/enh_1706.png","Meningioma__enh_1486","test","Meningioma","brisc2025","Meningioma/enh_1486.png","10","0.999955","0.919643","flip_h","False","True","0.999818191","0.725979","1.118704","47.156498","138477","0.933812139","470","True"
"Meningioma__enh_1708","train","Meningioma","brisc2025","Meningioma/enh_1708.png","Meningioma__enh_1623","val","Meningioma","brisc2025","Meningioma/enh_1623.png","10","0.999947","0.905882","flip_h","False","True","0.999788827","0.728764","1.129634","47.072047","137825","0.924271109","400","True"
"Meningioma__enh_1714","train","Meningioma","brisc2025","Meningioma/enh_1714.png","Meningioma__enh_1633","test","Meningioma","brisc2025","Meningioma/enh_1633.png","9","0.99993","0.964072","flip_h","False","True","0.99976851","0.690228","1.065188","47.582282","136628","0.960855081","423","True"
"Meningioma__enh_1730","train","Meningioma","brisc2025","Meningioma/enh_1730.png","Meningioma__enh_1513","test","Meningioma","brisc2025","Meningioma/enh_1513.png","10","0.999945","0.758621","flip_h","False","False","0.999826964","0.646221","1.018571","47.970977","130957","0.899616018","183","False"
"Meningioma__enh_1731","train","Meningioma","brisc2025","Meningioma/enh_1731.png","Meningioma__enh_1514","val","Meningioma","brisc2025","Meningioma/enh_1514.png","11","0.999942","0.861111","flip_h","False","False","0.999805777","0.683544","1.057442","47.645674","135919","0.909847434","195","True"
"Meningioma__enh_1737","train","Meningioma","brisc2025","Meningioma/enh_1737.png","Meningioma__enh_1522","val","Meningioma","brisc2025","Meningioma/enh_1522.png","10","0.99994","0.920354","flip_h","False","True","0.999809372","0.66806","1.034426","47.836812","135457","0.924605894","550","True"
"Meningioma__enh_1760","train","Meningioma","brisc2025","Meningioma/enh_1760.png","Meningioma__enh_1553","val","Meningioma","brisc2025","Meningioma/enh_1553.png","8","0.999921","0.971831","flip_h","True","True","0.99975569","0.679699","1.033956","47.840762","138776","0.962525095","168","True"
"Meningioma__enh_1761","train","Meningioma","brisc2025","Meningioma/enh_1761.png","Meningioma__enh_1554","val","Meningioma","brisc2025","Meningioma/enh_1554.png","10","0.999917","0.87931","flip_h","False","False","0.99974462","0.630013","1.000843","48.123487","128393","0.897414966","377","False"
"Meningioma__enh_1762","train","Meningioma","brisc2025","Meningioma/enh_1762.png","Meningioma__enh_1555","test","Meningioma","brisc2025","Meningioma/enh_1555.png","11","0.999946","0.915254","flip_h","False","True","0.999829757","0.638302","1.009142","48.051757","129573","0.934364995","246","True"
"Meningioma__enh_1763","train","Meningioma","brisc2025","Meningioma/enh_1763.png","Meningioma__enh_1556","test","Meningioma","brisc2025","Meningioma/enh_1556.png","8","0.999942","0.928571","flip_h","True","True","0.999797242","0.665009","1.053127","47.681185","131394","0.904433922","444","True"
"Meningioma__enh_1794","train","Meningioma","brisc2025","Meningioma/enh_1794.png","Meningioma__enh_1539","test","Meningioma","brisc2025","Meningioma/enh_1539.png","8","0.999934","0.958904","flip_h","True","True","0.999792794","0.672165","1.037586","47.810325","135660","0.966695316","155","True"
"Meningioma__enh_1797","train","Meningioma","brisc2025","Meningioma/enh_1797.png","Meningioma__enh_1578","val","Meningioma","brisc2025","Meningioma/enh_1578.png","7","0.999926","0.958904","flip_h","True","True","0.999744245","0.706722","1.081437","47.450779","138981","0.959415933","189","True"
"Meningioma__enh_1804","train","Meningioma","brisc2025","Meningioma/enh_1804.png","Meningioma__enh_1596","test","Meningioma","brisc2025","Meningioma/enh_1596.png","10","0.999949","0.921053","flip_h","False","True","0.999847134","0.618881","0.982389","48.285135","127109","0.908368201","438","True"
"Meningioma__enh_1847","train","Meningioma","brisc2025","Meningioma/enh_1847.png","Meningioma__enh_2097","val","Meningioma","brisc2025","Meningioma/enh_2097.png","12","0.999915","0.835443","flip_h","False","False","0.999734459","0.757118","1.096241","47.332684","153840","0.85543131","724","False"
"Meningioma__enh_1867","train","Meningioma","brisc2025","Meningioma/enh_1867.png","Meningioma__enh_946","val","Meningioma","brisc2025","Meningioma/enh_946.png","12","0.999898","0.858974","flip_h","False","False","0.999671466","0.804577","1.150155","46.915675","159942","0.934047469","314","True"
"Meningioma__enh_1869","train","Meningioma","brisc2025","Meningioma/enh_1869.png","Meningioma__enh_2115","test","Meningioma","brisc2025","Meningioma/enh_2115.png","12","0.999901","0.848485","flip_h","False","False","0.999699001","0.758545","1.092103","47.365535","154335","0.933591857","137","True"
"Meningioma__enh_1878","train","Meningioma","brisc2025","Meningioma/enh_1878.png","Meningioma__enh_2278","val","Meningioma","brisc2025","Meningioma/enh_2278.png","6","0.999925","0.891892","flip_h","True","False","0.99974862","0.791042","1.119014","47.154089","159943","0.93545611","150","True"
"Meningioma__enh_1904","train","Meningioma","brisc2025","Meningioma/enh_1904.png","Meningioma__enh_947","val","Meningioma","brisc2025","Meningioma/enh_947.png","10","0.999937","0.888889","flip_h","False","False","0.999775264","0.786102","1.140304","46.990391","155057","0.860450563","223","False"
"Meningioma__enh_1905","train","Meningioma","brisc2025","Meningioma/enh_1905.png","Meningioma__enh_2116","val","Meningioma","brisc2025","Meningioma/enh_2116.png","9","0.999923","0.921053","flip_h","False","True","0.999740038","0.793228","1.13285","47.047359","158465","0.934774067","166","True"
"Meningioma__enh_1931","train","Meningioma","brisc2025","Meningioma/enh_1931.png","Meningioma__enh_2137","val","Meningioma","brisc2025","Meningioma/enh_2137.png","9","0.999792","0.676471","flip_h","False","False","0.999345343","0.866627","1.205626","46.506554","168121","0.666890681","1487","False"
"Meningioma__enh_1937","train","Meningioma","brisc2025","Meningioma/enh_1937.png","Meningioma__enh_2143","val","Meningioma","brisc2025","Meningioma/enh_2143.png","12","0.999966","0.878049","flip_h","False","False","0.999882167","0.726852","1.066435","47.572117","147778","0.885980592","893","False"
"Meningioma__enh_1956","train","Meningioma","brisc2025","Meningioma/enh_1956.png","Meningioma__enh_2155","val","Meningioma","brisc2025","Meningioma/enh_2155.png","7","0.999915","0.934959","flip_h","True","True","0.999678368","0.856197","1.211481","46.464473","163870","0.925373134","585","True"
"Meningioma__enh_1957","train","Meningioma","brisc2025","Meningioma/enh_1957.png","Meningioma__enh_2156","val","Meningioma","brisc2025","Meningioma/enh_2156.png","8","0.999927","0.944954","flip_h","True","True","0.999712685","0.857849","1.22196","46.389662","163487","0.967942238","222","True"
"Meningioma__enh_1964","train","Meningioma","brisc2025","Meningioma/enh_1964.png","Meningioma__enh_961","test","Meningioma","brisc2025","Meningioma/enh_961.png","12","0.999936","0.910448","flip_h","False","True","0.99977886","0.779236","1.1275","47.088475","155284","0.933605966","276","True"
"Meningioma__enh_1986","train","Meningioma","brisc2025","Meningioma/enh_1986.png","Meningioma__enh_2176","test","Meningioma","brisc2025","Meningioma/enh_2176.png","12","0.99993","0.956522","flip_h","False","True","0.999740969","0.815834","1.161559","46.829975","160607","0.909153476","264","True"
"Meningioma__enh_1987","train","Meningioma","brisc2025","Meningioma/enh_1987.png","Meningioma__enh_2177","test","Meningioma","brisc2025","Meningioma/enh_2177.png","11","0.999909","0.873016","flip_h","False","False","0.99968283","0.819111","1.15952","46.845240","162051","0.848707612","638","False"
"Meningioma__enh_1994","train","Meningioma","brisc2025","Meningioma/enh_1994.png","Meningioma__enh_979","val","Meningioma","brisc2025","Meningioma/enh_979.png","6","0.999892","0.962963","flip_h","True","True","0.999644468","0.829033","1.172389","46.749367","162710","0.953869615","242","True"
"Meningioma__enh_2046","train","Meningioma","brisc2025","Meningioma/enh_2046.png","Meningioma__enh_987","val","Meningioma","brisc2025","Meningioma/enh_987.png","7","0.999923","0.730769","flip_h","True","False","0.99975464","0.801075","1.135999","47.023247","161088","0.821451104","283","False"
"Meningioma__enh_2059","train","Meningioma","brisc2025","Meningioma/enh_2059.png","Meningioma__enh_2248","test","Meningioma","brisc2025","Meningioma/enh_2248.png","8","0.999913","0.931034","flip_h","True","True","0.999702848","0.804562","1.152792","46.895783","157919","0.92266048","300","True"
"Meningioma__enh_2071","train","Meningioma","brisc2025","Meningioma/enh_2071.png","Meningioma__enh_2256","test","Meningioma","brisc2025","Meningioma/enh_2256.png","11","0.999938","0.943662","flip_h","False","True","0.999771501","0.811836","1.16258","46.822344","158701","0.927191679","343","True"
"Meningioma__enh_2100","train","Meningioma","brisc2025","Meningioma/enh_2100.png","Meningioma__enh_1849","test","Meningioma","brisc2025","Meningioma/enh_1849.png","11","0.999925","0.92","flip_h","False","True","0.999730011","0.763905","1.107983","47.240140","152467","0.928867813","120","True"
"Meningioma__enh_2112","train","Meningioma","brisc2025","Meningioma/enh_2112.png","Meningioma__enh_1865","test","Meningioma","brisc2025","Meningioma/enh_1865.png","8","0.999915","0.91954","flip_h","True","True","0.999713862","0.81398","1.171439","46.756412","159188","0.939767913","327","True"
"Meningioma__enh_2113","train","Meningioma","brisc2025","Meningioma/enh_2113.png","Meningioma__enh_1866","val","Meningioma","brisc2025","Meningioma/enh_1866.png","8","0.999903","0.978261","flip_h","True","True","0.999673865","0.832832","1.176631","46.717998","163649","0.972273567","165","True"
"Meningioma__enh_2127","train","Meningioma","brisc2025","Meningioma/enh_2127.png","Meningioma__enh_1919","val","Meningioma","brisc2025","Meningioma/enh_1919.png","12","0.999919","0.918367","flip_h","False","True","0.999734968","0.818733","1.145191","46.953245","164936","0.926620599","223","True"
"Meningioma__enh_2182","train","Meningioma","brisc2025","Meningioma/enh_2182.png","Meningioma__enh_1995","test","Meningioma","brisc2025","Meningioma/enh_1995.png","7","0.999886","0.954545","flip_h","True","True","0.999661396","0.785561","1.104133","47.270380","161601","0.886687307","183","False"
"Meningioma__enh_2191","train","Meningioma","brisc2025","Meningioma/enh_2191.png","Meningioma__enh_2006","test","Meningioma","brisc2025","Meningioma/enh_2006.png","10","0.999921","0.758621","flip_h","False","False","0.999745394","0.746181","1.097279","47.324461","150174","0.879804759","197","False"
"Meningioma__enh_2199","train","Meningioma","brisc2025","Meningioma/enh_2199.png","Meningioma__enh_2029","test","Meningioma","brisc2025","Meningioma/enh_2029.png","10","0.99994","0.95122","flip_h","False","True","0.999800415","0.774715","1.099273","47.308694","158899","0.94943927","266","True"
"Meningioma__enh_2210","train","Meningioma","brisc2025","Meningioma/enh_2210.png","Meningioma__enh_1938","val","Meningioma","brisc2025","Meningioma/enh_1938.png","10","0.999903","0.916667","flip_h","False","True","0.999687403","0.802322","1.142336","46.974926","160199","0.907032181","78","True"
"Meningioma__enh_2230","train","Meningioma","brisc2025","Meningioma/enh_2230.png","Meningioma__enh_2033","val","Meningioma","brisc2025","Meningioma/enh_2033.png","11","0.9999","0.801802","flip_h","False","False","0.999678666","0.779842","1.111586","47.211946","157877","0.837586009","1133","False"
"Meningioma__enh_2246","train","Meningioma","brisc2025","Meningioma/enh_2246.png","Meningioma__enh_2056","test","Meningioma","brisc2025","Meningioma/enh_2056.png","11","0.999938","0.827957","flip_h","False","False","0.999789941","0.796967","1.128531","47.080533","160411","0.827498732","1020","False"
"Meningioma__enh_2263","train","Meningioma","brisc2025","Meningioma/enh_2263.png","Meningioma__enh_2080","test","Meningioma","brisc2025","Meningioma/enh_2080.png","12","0.999934","0.916667","flip_h","False","True","0.999783145","0.798321","1.124652","47.110437","162495","0.933995585","299","True"
"Meningioma__enh_2271","train","Meningioma","brisc2025","Meningioma/enh_2271.png","Meningioma__enh_2090","val","Meningioma","brisc2025","Meningioma/enh_2090.png","12","0.999947","0.932584","flip_h","False","True","0.99982104","0.79084","1.119773","47.148206","160735","0.965742251","189","True"
"Meningioma__enh_2289","train","Meningioma","brisc2025","Meningioma/enh_2289.png","Meningioma__enh_1894","test","Meningioma","brisc2025","Meningioma/enh_1894.png","10","0.999928","0.935065","flip_h","False","True","0.999777722","0.73103","1.06417","47.590584","150456","0.947722024","249","True"
"Pituitary tumor__enh_84","train","Pituitary tumor","original","Pituitary tumor/enh_84.png","Pituitary tumor__enh_923","test","Pituitary tumor","brisc2025","Pituitary tumor/enh_923.png","12","0.988308","0.896552","identity","False","False","0.975151466","26.803505","37.51485","16.646739","260784","0.935125658","111","False"
"Pituitary tumor__enh_85","train","Pituitary tumor","original","Pituitary tumor/enh_85.png","Pituitary tumor__enh_1499","test","Pituitary tumor","brisc2025","Pituitary tumor/enh_1499.png","11","0.987069","0.652174","flip_h","False","False","0.972818792","27.673237","38.23956","16.480546","260949","0.826185102","231","False"
"Pituitary tumor__enh_221","train","Pituitary tumor","original","Pituitary tumor/enh_221.png","Pituitary tumor__enh_1598","val","Pituitary tumor","brisc2025","Pituitary tumor/enh_1598.png","11","0.992474","0.326087","flip_h","False","False","0.979905801","22.472126","32.31719","17.942132","260538","0.369467367","1681","False"
"Pituitary tumor__enh_329","train","Pituitary tumor","original","Pituitary tumor/enh_329.png","Pituitary tumor__enh_1087","val","Pituitary tumor","brisc2025","Pituitary tumor/enh_1087.png","11","0.978344","0.126126","flip_h","False","False","0.963088973","35.01836","43.918831","15.277788","260882","0.149195241","6079","False"
"Pituitary tumor__enh_329","train","Pituitary tumor","original","Pituitary tumor/enh_329.png","Pituitary tumor__enh_1885","test","Pituitary tumor","brisc2025","Pituitary tumor/enh_1885.png","12","0.978414","0.185185","identity","False","False","0.963280047","34.604366","43.525463","15.355936","260667","0.207055631","2922","False"
"Pituitary tumor__enh_386","train","Pituitary tumor","original","Pituitary tumor/enh_386.png","Pituitary tumor__enh_1101","test","Pituitary tumor","brisc2025","Pituitary tumor/enh_1101.png","11","0.980957","0.6","flip_h","False","False","0.964541337","33.26075","41.481955","15.773619","260469","0.700471698","127","False"
"Pituitary tumor__enh_526","train","Pituitary tumor","original","Pituitary tumor/enh_526.png","Pituitary tumor__enh_2290","test","Pituitary tumor","brisc2025","Pituitary tumor/enh_2290.png","11","0.965656","0.869565","identity","False","False","0.953139013","33.493027","41.189775","15.835015","259741","0.846615847","664","False"
"Pituitary tumor__enh_585","train","Pituitary tumor","original","Pituitary tumor/enh_585.png","Pituitary tumor__enh_2567","test","Pituitary tumor","brisc2025","Pituitary tumor/enh_2567.png","12","0.958489","0.824561","flip_h","False","False","0.94122721","35.316505","42.511414","15.560693","260590","0.795004073","755","False"
"Pituitary tumor__enh_665","train","Pituitary tumor","original","Pituitary tumor/enh_665.png","Pituitary tumor__enh_2621","val","Pituitary tumor","brisc2025","Pituitary tumor/enh_2621.png","12","0.971449","0.560976","flip_h","False","False","0.96168758","30.138283","38.458461","16.430966","259808","0.525859077","1366","False"
"Pituitary tumor__enh_930","train","Pituitary tumor","brisc2025","Pituitary tumor/enh_930.png","Pituitary tumor__enh_1523","test","Pituitary tumor","brisc2025","Pituitary tumor/enh_1523.png","10","0.999936","0.92","flip_h","False","True","0.999783985","0.628922","1.033216","47.846981","122385","0.9029971","301","True"
"Pituitary tumor__enh_932","train","Pituitary tumor","brisc2025","Pituitary tumor/enh_932.png","Pituitary tumor__enh_1006","test","Pituitary tumor","brisc2025","Pituitary tumor/enh_1006.png","10","0.999937","0.857143","flip_h","False","False","0.999800185","0.618858","1.016871","47.985484","121206","0.902728351","82","True"
"Pituitary tumor__enh_938","train","Pituitary tumor","brisc2025","Pituitary tumor/enh_938.png","Pituitary tumor__enh_1016","test","Pituitary tumor","brisc2025","Pituitary tumor/enh_1016.png","5","0.999953","0.95614","flip_h","True","True","0.999821477","0.626213","1.03671","47.817656","120345","0.972563077","199","True"
"Pituitary tumor__enh_939","train","Pituitary tumor","brisc2025","Pituitary tumor/enh_939.png","Pituitary tumor__enh_1564","val","Pituitary tumor","brisc2025","Pituitary tumor/enh_1564.png","10","0.999891","0.743243","flip_h","False","False","0.999606695","0.80558","1.172799","46.746331","154664","0.743519494","1217","False"
"Pituitary tumor__enh_940","train","Pituitary tumor","brisc2025","Pituitary tumor/enh_940.png","Pituitary tumor__enh_1572","val","Pituitary tumor","brisc2025","Pituitary tumor/enh_1572.png","9","0.999912","0.875","flip_h","False","False","0.999682925","0.791985","1.155009","46.879097","153391","0.890374332","205","False"
"Pituitary tumor__enh_943","train","Pituitary tumor","brisc2025","Pituitary tumor/enh_943.png","Pituitary tumor__enh_1581","test","Pituitary tumor","brisc2025","Pituitary tumor/enh_1581.png","7","0.999887","0.388889","flip_h","True","False","0.999572541","0.794823","1.163627","46.814531","152740","0.354746318","1577","False"
"Pituitary tumor__enh_947","train","Pituitary tumor","brisc2025","Pituitary tumor/enh_947.png","Pituitary tumor__enh_1598","val","Pituitary tumor","brisc2025","Pituitary tumor/enh_1598.png","4","0.999933","0.723404","flip_h","True","False","0.999725442","0.664295","1.094975","47.342718","123664","0.797378277","541","False"
"Pituitary tumor__enh_956","train","Pituitary tumor","brisc2025","Pituitary tumor/enh_956.png","Pituitary tumor__enh_1629","val","Pituitary tumor","brisc2025","Pituitary tumor/enh_1629.png","10","0.999895","0.92","flip_h","False","True","0.999643614","0.6129","1.022546","47.937144","118866","0.942857143","92","True"
"Pituitary tumor__enh_969","train","Pituitary tumor","brisc2025","Pituitary tumor/enh_969.png","Pituitary tumor__enh_1471","val","Pituitary tumor","brisc2025","Pituitary tumor/enh_1471.png","7","0.999887","0.8125","flip_h","True","False","0.999607338","0.789158","1.154085","46.886045","152561","0.819900498","362","False"
"Pituitary tumor__enh_990","train","Pituitary tumor","brisc2025","Pituitary tumor/enh_990.png","Pituitary tumor__enh_1246","test","Pituitary tumor","brisc2025","Pituitary tumor/enh_1246.png","3","0.999935","0.770833","flip_h","True","False","0.999714339","0.690502","1.129914","47.069892","125924","0.819633943","542","False"
"Pituitary tumor__enh_996","train","Pituitary tumor","brisc2025","Pituitary tumor/enh_996.png","Pituitary tumor__enh_1271","test","Pituitary tumor","brisc2025","Pituitary tumor/enh_1271.png","8","0.99995","0.416667","flip_h","True","False","0.999813896","0.631012","1.050178","47.705542","120218","0.44239338","876","False"
"Pituitary tumor__enh_1000","train","Pituitary tumor","brisc2025","Pituitary tumor/enh_1000.png","Pituitary tumor__enh_1283","val","Pituitary tumor","brisc2025","Pituitary tumor/enh_1283.png","8","0.999907","0.882353","flip_h","True","False","0.999638543","0.824615","1.196569","46.572047","156126","0.926059513","82","True"
"Pituitary tumor__enh_1005","train","Pituitary tumor","brisc2025","Pituitary tumor/enh_1005.png","Pituitary tumor__enh_931","val","Pituitary tumor","brisc2025","Pituitary tumor/enh_931.png","10","0.999945","0.7","flip_h","False","False","0.999802149","0.632488","1.055376","47.662657","120264","0.816326531","450","False"
"Pituitary tumor__enh_1029","train","Pituitary tumor","brisc2025","Pituitary tumor/enh_1029.png","Pituitary tumor__enh_1344","val","Pituitary tumor","brisc2025","Pituitary tumor/enh_1344.png","7","0.999935","0.75","flip_h","True","False","0.999746084","0.638706","1.060169","47.623301","121191","0.770970095","628","False"
"Pituitary tumor__enh_1032","train","Pituitary tumor","brisc2025","Pituitary tumor/enh_1032.png","Pituitary tumor__enh_949","val","Pituitary tumor","brisc2025","Pituitary tumor/enh_949.png","10","0.999894","0.75","flip_h","False","False","0.999618659","0.804752","1.168098","46.781220","154927","0.809674861","240","False"
"Pituitary tumor__enh_1040","train","Pituitary tumor","brisc2025","Pituitary tumor/enh_1040.png","Pituitary tumor__enh_1374","test","Pituitary tumor","brisc2025","Pituitary tumor/enh_1374.png","3","0.999938","0.96875","flip_h","True","True","0.999759276","0.646275","1.078852","47.471567","120723","0.9361167","127","True"
"Pituitary tumor__enh_1046","train","Pituitary tumor","brisc2025","Pituitary tumor/enh_1046.png","Pituitary tumor__enh_1977","val","Pituitary tumor","brisc2025","Pituitary tumor/enh_1977.png","10","0.999882","0.7","flip_h","False","False","0.999547266","0.885624","1.225463","46.364802","169415","0.755154639","285","False"
"Pituitary tumor__enh_1063","train","Pituitary tumor","brisc2025","Pituitary tumor/enh_1063.png","Pituitary tumor__enh_1754","test","Pituitary tumor","brisc2025","Pituitary tumor/enh_1754.png","6","0.999919","0.837209","flip_h","True","False","0.999679446","0.847935","1.224619","46.370786","158926","0.874277457","348","False"
"Pituitary tumor__enh_1071","train","Pituitary tumor","brisc2025","Pituitary tumor/enh_1071.png","Pituitary tumor__enh_1696","val","Pituitary tumor","brisc2025","Pituitary tumor/enh_1696.png","9","0.999865","0.94382","flip_h","False","True","0.999505378","0.828621","1.184093","46.663086","159623","0.943236074","321","True"
"Pituitary tumor__enh_1082","train","Pituitary tumor","brisc2025","Pituitary tumor/enh_1082.png","Pituitary tumor__enh_1871","test","Pituitary tumor","brisc2025","Pituitary tumor/enh_1871.png","12","0.999889","0.9","flip_h","False","True","0.999573656","0.869587","1.217593","46.420761","166190","0.87823186","146","False"
"Pituitary tumor__enh_1102","train","Pituitary tumor","brisc2025","Pituitary tumor/enh_1102.png","Pituitary tumor__enh_1706","val","Pituitary tumor","brisc2025","Pituitary tumor/enh_1706.png","6","0.999893","1","flip_h","True","True","0.999581282","0.852516","1.245634","46.222991","157143","0.915970516","171","True"
"Pituitary tumor__enh_1104","train","Pituitary tumor","brisc2025","Pituitary tumor/enh_1104.png","Pituitary tumor__enh_1711","val","Pituitary tumor","brisc2025","Pituitary tumor/enh_1711.png","8","0.999876","0.882353","flip_h","True","False","0.999509747","0.887234","1.236479","46.287067","168260","0.911290323","110","True"
"Pituitary tumor__enh_1109","train","Pituitary tumor","brisc2025","Pituitary tumor/enh_1109.png","Pituitary tumor__enh_1723","test","Pituitary tumor","brisc2025","Pituitary tumor/enh_1723.png","9","0.999905","0.846154","flip_h","False","False","0.999623273","0.819977","1.191957","46.605593","155305","0.879851301","808","False"
"Pituitary tumor__enh_1117","train","Pituitary tumor","brisc2025","Pituitary tumor/enh_1117.png","Pituitary tumor__enh_1642","test","Pituitary tumor","brisc2025","Pituitary tumor/enh_1642.png","12","0.99994","0.944444","flip_h","False","True","0.999760282","0.814484","1.185565","46.652299","155355","0.923639318","94","True"
"Pituitary tumor__enh_1118","train","Pituitary tumor","brisc2025","Pituitary tumor/enh_1118.png","Pituitary tumor__enh_1646","test","Pituitary tumor","brisc2025","Pituitary tumor/enh_1646.png","6","0.999925","0.481481","flip_h","True","False","0.999729072","0.768063","1.129391","47.073917","150251","0.498729352","789","False"
"Pituitary tumor__enh_1123","train","Pituitary tumor","brisc2025","Pituitary tumor/enh_1123.png","Pituitary tumor__enh_1667","val","Pituitary tumor","brisc2025","Pituitary tumor/enh_1667.png","11","0.999922","0.917808","flip_h","False","True","0.999688666","0.830574","1.207723","46.491456","156721","0.935215583","296","True"
"Pituitary tumor__enh_1140","train","Pituitary tumor","brisc2025","Pituitary tumor/enh_1140.png","Pituitary tumor__enh_2326","val","Pituitary tumor","brisc2025","Pituitary tumor/enh_2326.png","8","0.999908","0.928571","flip_h","True","True","0.999691257","0.817871","1.152923","46.894798","162212","0.964964592","188","True"
"Pituitary tumor__enh_1146","train","Pituitary tumor","brisc2025","Pituitary tumor/enh_1146.png","Pituitary tumor__enh_2345","val","Pituitary tumor","brisc2025","Pituitary tumor/enh_2345.png","5","0.999907","0.807018","flip_h","True","False","0.999712418","0.824921","1.14861","46.927350","164684","0.768315261","876","False"
"Pituitary tumor__enh_1155","train","Pituitary tumor","brisc2025","Pituitary tumor/enh_1155.png","Pituitary tumor__enh_2370","val","Pituitary tumor","brisc2025","Pituitary tumor/enh_2370.png","10","0.999867","0.724138","flip_h","False","False","0.99953985","0.895695","1.240889","46.256143","171104","0.655605832","685","False"
"Pituitary tumor__enh_1161","train","Pituitary tumor","brisc2025","Pituitary tumor/enh_1161.png","Pituitary tumor__enh_2388","val","Pituitary tumor","brisc2025","Pituitary tumor/enh_2388.png","12","0.999897","1","flip_h","False","True","0.999683874","0.807709","1.138409","47.004838","161525","0.930781759","85","True"
"Pituitary tumor__enh_1169","train","Pituitary tumor","brisc2025","Pituitary tumor/enh_1169.png","Pituitary tumor__enh_2259","test","Pituitary tumor","brisc2025","Pituitary tumor/enh_2259.png","8","0.999939","0.785714","flip_h","True","False","0.999779388","0.843555","1.166899","46.790141","167522","0.871410737","103","False"
"Pituitary tumor__enh_1172","train","Pituitary tumor","brisc2025","Pituitary tumor/enh_1172.png","Pituitary tumor__enh_2271","val","Pituitary tumor","brisc2025","Pituitary tumor/enh_2271.png","9","0.999814","0.6875","flip_h","False","False","0.999365562","0.833649","1.18261","46.673970","162686","0.763374486","230","False"
"Pituitary tumor__enh_1174","train","Pituitary tumor","brisc2025","Pituitary tumor/enh_1174.png","Pituitary tumor__enh_2279","val","Pituitary tumor","brisc2025","Pituitary tumor/enh_2279.png","8","0.999842","0.84","flip_h","True","False","0.999471704","0.871323","1.213081","46.453008","167935","0.892466194","167","False"
"Pituitary tumor__enh_1177","train","Pituitary tumor","brisc2025","Pituitary tumor/enh_1177.png","Pituitary tumor__enh_2289","test","Pituitary tumor","brisc2025","Pituitary tumor/enh_2289.png","8","0.999839","0.593407","flip_h","True","False","0.999529304","0.800053","1.131696","47.056211","160377","0.593232044","2356","False"
"Pituitary tumor__enh_1185","train","Pituitary tumor","brisc2025","Pituitary tumor/enh_1185.png","Pituitary tumor__enh_2317","val","Pituitary tumor","brisc2025","Pituitary tumor/enh_2317.png","4","0.999894","0.58209","flip_h","True","False","0.999593616","0.879627","1.231533","46.321881","167244","0.673145295","1379","False"
"Pituitary tumor__enh_1188","train","Pituitary tumor","brisc2025","Pituitary tumor/enh_1188.png","Pituitary tumor__enh_2157","test","Pituitary tumor","brisc2025","Pituitary tumor/enh_2157.png","6","0.999918","0.945813","flip_h","True","True","0.999725485","0.80637","1.136392","47.020244","161264","0.956541769","566","True"
"Pituitary tumor__enh_1190","train","Pituitary tumor","brisc2025","Pituitary tumor/enh_1190.png","Pituitary tumor__enh_2164","val","Pituitary tumor","brisc2025","Pituitary tumor/enh_2164.png","4","0.999861","0.959459","flip_h","True","True","0.999502033","0.898472","1.247157","46.212380","170211","0.936695724","305","True"
"Pituitary tumor__enh_1191","train","Pituitary tumor","brisc2025","Pituitary tumor/enh_1191.png","Pituitary tumor__enh_2168","val","Pituitary tumor","brisc2025","Pituitary tumor/enh_2168.png","11","0.999894","0.235294","flip_h","False","False","0.999622517","0.88448","1.231264","46.323782","168820","0.302262443","771","False"
"Pituitary tumor__enh_1192","train","Pituitary tumor","brisc2025","Pituitary tumor/enh_1192.png","Pituitary tumor__enh_2172","test","Pituitary tumor","brisc2025","Pituitary tumor/enh_2172.png","12","0.999887","0.961538","flip_h","False","True","0.999591188","0.868343","1.215153","46.438184","166061","0.923778851","142","True"
"Pituitary tumor__enh_1193","train","Pituitary tumor","brisc2025","Pituitary tumor/enh_1193.png","Pituitary tumor__enh_2176","val","Pituitary tumor","brisc2025","Pituitary tumor/enh_2176.png","11","0.999846","0.833333","flip_h","False","False","0.999562296","0.811024","1.137314","47.013194","162215","0.887149918","137","False"
"Pituitary tumor__enh_1198","train","Pituitary tumor","brisc2025","Pituitary tumor/enh_1198.png","Pituitary tumor__enh_2195","test","Pituitary tumor","brisc2025","Pituitary tumor/enh_2195.png","9","0.999892","0.909091","flip_h","False","True","0.999650812","0.798996","1.130595","47.064666","160117","0.916787265","345","True"
"Pituitary tumor__enh_1203","train","Pituitary tumor","brisc2025","Pituitary tumor/enh_1203.png","Pituitary tumor__enh_2207","val","Pituitary tumor","brisc2025","Pituitary tumor/enh_2207.png","12","0.999935","0.7","flip_h","False","False","0.999773853","0.811501","1.14873","46.926446","160736","0.88028169","68","False"
"Pituitary tumor__enh_1233","train","Pituitary tumor","brisc2025","Pituitary tumor/enh_1233.png","Pituitary tumor__enh_1431","val","Pituitary tumor","brisc2025","Pituitary tumor/enh_1431.png","6","0.99993","0.961538","flip_h","True","True","0.999791069","0.576122","0.963659","48.452337","116151","0.955921246","150","True"
"Pituitary tumor__enh_1235","train","Pituitary tumor","brisc2025","Pituitary tumor/enh_1235.png","Pituitary tumor__enh_1437","test","Pituitary tumor","brisc2025","Pituitary tumor/enh_1437.png","11","0.999894","0.873563","flip_h","False","False","0.999681638","0.59507","0.979324","48.312274","119379","0.873565312","694","False"
"Pituitary tumor__enh_1240","train","Pituitary tumor","brisc2025","Pituitary tumor/enh_1240.png","Pituitary tumor__enh_1537","val","Pituitary tumor","brisc2025","Pituitary tumor/enh_1537.png","7","0.999936","0.867925","flip_h","True","False","0.999702154","0.713284","1.171541","46.755652","127252","0.87703222","416","False"
"Pituitary tumor__enh_1257","train","Pituitary tumor","brisc2025","Pituitary tumor/enh_1257.png","Pituitary tumor__enh_1636","val","Pituitary tumor","brisc2025","Pituitary tumor/enh_1636.png","9","0.999937","0.731707","flip_h","False","False","0.999780058","0.592384","1.003116","48.103784","115108","0.769094139","650","False"
"Pituitary tumor__enh_1262","train","Pituitary tumor","brisc2025","Pituitary tumor/enh_1262.png","Pituitary tumor__enh_1422","val","Pituitary tumor","brisc2025","Pituitary tumor/enh_1422.png","10","0.999937","1","flip_h","False","True","0.99977644","0.621925","1.035808","47.825216","119674","0.912273476","213","True"
"Pituitary tumor__enh_1270","train","Pituitary tumor","brisc2025","Pituitary tumor/enh_1270.png","Pituitary tumor__enh_1499","test","Pituitary tumor","brisc2025","Pituitary tumor/enh_1499.png","9","0.999906","0.894737","flip_h","False","False","0.999637601","0.677223","1.102248","47.285218","125793","0.86676876","174","False"
"Pituitary tumor__enh_1273","train","Pituitary tumor","brisc2025","Pituitary tumor/enh_1273.png","Pituitary tumor__enh_1500","val","Pituitary tumor","brisc2025","Pituitary tumor/enh_1500.png","9","0.999951","0.875","flip_h","False","False","0.999815383","0.64579","1.059645","47.627592","122979","0.8101029","203","False"
"Pituitary tumor__enh_1292","train","Pituitary tumor","brisc2025","Pituitary tumor/enh_1292.png","Pituitary tumor__enh_1004","test","Pituitary tumor","brisc2025","Pituitary tumor/enh_1004.png","8","0.999938","0.870968","flip_h","True","False","0.999776215","0.639473","1.052109","47.689588","122618","0.917355372","160","True"
"Pituitary tumor__enh_1298","train","Pituitary tumor","brisc2025","Pituitary tumor/enh_1298.png","Pituitary tumor__enh_1531","test","Pituitary tumor","brisc2025","Pituitary tumor/enh_1531.png","11","0.999913","0.909091","flip_h","False","True","0.999685245","0.8139","1.171948","46.752635","157327","0.868421053","100","False"
"Pituitary tumor__enh_1302","train","Pituitary tumor","brisc2025","Pituitary tumor/enh_1302.png","Pituitary tumor__enh_1535","test","Pituitary tumor","brisc2025","Pituitary tumor/enh_1535.png","8","0.999937","0.961538","flip_h","True","True","0.999791333","0.629238","1.040169","47.788727","121656","0.901334881","170","True"
"Pituitary tumor__enh_1310","train","Pituitary tumor","brisc2025","Pituitary tumor/enh_1310.png","Pituitary tumor__enh_1546","val","Pituitary tumor","brisc2025","Pituitary tumor/enh_1546.png","10","0.99993","0.451613","flip_h","False","False","0.999728649","0.813374","1.175299","46.727834","156296","0.433035714","1143","False"
"Pituitary tumor__enh_1324","train","Pituitary tumor","brisc2025","Pituitary tumor/enh_1324.png","Pituitary tumor__enh_1571","test","Pituitary tumor","brisc2025","Pituitary tumor/enh_1571.png","7","0.999913","0.73913","flip_h","True","False","0.999689284","0.799679","1.159911","46.842308","155409","0.774204947","639","False"
"Pituitary tumor__enh_1330","train","Pituitary tumor","brisc2025","Pituitary tumor/enh_1330.png","Pituitary tumor__enh_1577","val","Pituitary tumor","brisc2025","Pituitary tumor/enh_1577.png","11","0.99994","0.571429","flip_h","False","False","0.99977639","0.64077","1.062855","47.601320","120938","0.663019694","616","False"
"Pituitary tumor__enh_1332","train","Pituitary tumor","brisc2025","Pituitary tumor/enh_1332.png","Pituitary tumor__enh_193","val","Pituitary tumor","original","Pituitary tumor/enh_193.png","12","0.981864","0.647059","identity","False","False","0.973919494","20.703075","30.958635","18.315168","260767","0.708566108","313","False"
"Pituitary tumor__enh_1334","train","Pituitary tumor","brisc2025","Pituitary tumor/enh_1334.png","Pituitary tumor__enh_1582","val","Pituitary tumor","brisc2025","Pituitary tumor/enh_1582.png","11","0.999922","0.45283","flip_h","False","False","0.999699785","0.649139","1.080193","47.460777","121106","0.410168523","2065","False"
"Pituitary tumor__enh_1336","train","Pituitary tumor","brisc2025","Pituitary tumor/enh_1336.png","Pituitary tumor__enh_1584","val","Pituitary tumor","brisc2025","Pituitary tumor/enh_1584.png","11","0.99993","0.690476","flip_h","False","False","0.999741677","0.668537","1.090979","47.374476","126510","0.690485145","823","False"
"Pituitary tumor__enh_1339","train","Pituitary tumor","brisc2025","Pituitary tumor/enh_1339.png","Pituitary tumor__enh_1587","val","Pituitary tumor","brisc2025","Pituitary tumor/enh_1587.png","12","0.999932","0.972973","flip_h","False","True","0.99974197","0.655849","1.074576","47.506064","124348","0.924279835","184","True"
"Pituitary tumor__enh_1345","train","Pituitary tumor","brisc2025","Pituitary tumor/enh_1345.png","Pituitary tumor__enh_1597","test","Pituitary tumor","brisc2025","Pituitary tumor/enh_1597.png","1","0.999926","0.84","flip_h","True","False","0.999710169","0.650772","1.07758","47.481813","122158","0.817912414","553","False"
"Pituitary tumor__enh_1346","train","Pituitary tumor","brisc2025","Pituitary tumor/enh_1346.png","Pituitary tumor__enh_223","test","Pituitary tumor","original","Pituitary tumor/enh_223.png","12","0.985644","0.733333","identity","False","False","0.976618116","20.779663","29.963917","18.598832","260860","0.676669894","334","False"
"Pituitary tumor__enh_1351","train","Pituitary tumor","brisc2025","Pituitary tumor/enh_1351.png","Pituitary tumor__enh_1604","val","Pituitary tumor","brisc2025","Pituitary tumor/enh_1604.png","11","0.999884","0.902439","flip_h","False","True","0.999593095","0.809807","1.165078","46.803704","157195","0.896720694","274","False"
"Pituitary tumor__enh_1353","train","Pituitary tumor","brisc2025","Pituitary tumor/enh_1353.png","Pituitary tumor__enh_1606","test","Pituitary tumor","brisc2025","Pituitary tumor/enh_1606.png","9","0.999895","0.954545","flip_h","False","True","0.999624171","0.788467","1.150793","46.910856","153185","0.923179693","115","True"
"Pituitary tumor__enh_1355","train","Pituitary tumor","brisc2025","Pituitary tumor/enh_1355.png","Pituitary tumor__enh_1608","val","Pituitary tumor","brisc2025","Pituitary tumor/enh_1608.png","11","0.999889","0.823529","flip_h","False","False","0.99960443","0.807808","1.164682","46.806659","156644","0.851042701","150","False"
"Pituitary tumor__enh_1361","train","Pituitary tumor","brisc2025","Pituitary tumor/enh_1361.png","Pituitary tumor__enh_1614","test","Pituitary tumor","brisc2025","Pituitary tumor/enh_1614.png","11","0.999934","0.967742","flip_h","False","True","0.999748005","0.656891","1.07263","47.521803","124410","0.957932083","83","True"
"Pituitary tumor__enh_1363","train","Pituitary tumor","brisc2025","Pituitary tumor/enh_1363.png","Pituitary tumor__enh_1616","test","Pituitary tumor","brisc2025","Pituitary tumor/enh_1616.png","7","0.999943","0.765957","flip_h","True","False","0.999808438","0.633617","1.032339","47.854359","124443","0.720102597","873","False"
"Pituitary tumor__enh_1364","train","Pituitary tumor","brisc2025","Pituitary tumor/enh_1364.png","Pituitary tumor__enh_1617","val","Pituitary tumor","brisc2025","Pituitary tumor/enh_1617.png","7","0.999944","0.684211","flip_h","True","False","0.999812771","0.618992","1.016344","47.989989","121784","0.850708924","179","False"
"Pituitary tumor__enh_1368","train","Pituitary tumor","brisc2025","Pituitary tumor/enh_1368.png","Pituitary tumor__enh_1622","test","Pituitary tumor","brisc2025","Pituitary tumor/enh_1622.png","11","0.999924","0.934426","flip_h","False","True","0.999771691","0.611286","1.001694","48.116100","122149","0.973449068","104","True"
"Pituitary tumor__enh_1372","train","Pituitary tumor","brisc2025","Pituitary tumor/enh_1372.png","Pituitary tumor__enh_1039","test","Pituitary tumor","brisc2025","Pituitary tumor/enh_1039.png","11","0.999933","0.893617","flip_h","False","False","0.999748043","0.805702","1.172666","46.747319","154852","0.963054187","105","True"
"Pituitary tumor__enh_1375","train","Pituitary tumor","brisc2025","Pituitary tumor/enh_1375.png","Pituitary tumor__enh_1630","val","Pituitary tumor","brisc2025","Pituitary tumor/enh_1630.png","8","0.999918","0.897436","flip_h","True","False","0.999709869","0.630573","1.049719","47.709344","120718","0.902818679","231","True"
"Pituitary tumor__enh_1376","train","Pituitary tumor","brisc2025","Pituitary tumor/enh_1376.png","Pituitary tumor__enh_1631","test","Pituitary tumor","brisc2025","Pituitary tumor/enh_1631.png","7","0.999938","0.8","flip_h","True","False","0.999772266","0.635437","1.056343","47.654707","120858","0.838561271","386","False"
"Pituitary tumor__enh_1382","train","Pituitary tumor","brisc2025","Pituitary tumor/enh_1382.png","Pituitary tumor__enh_1434","test","Pituitary tumor","brisc2025","Pituitary tumor/enh_1434.png","5","0.999919","0.316667","flip_h","True","False","0.999679508","0.835957","1.206685","46.498924","158235","0.283856159","2808","False"
"Pituitary tumor__enh_1388","train","Pituitary tumor","brisc2025","Pituitary tumor/enh_1388.png","Pituitary tumor__enh_976","val","Pituitary tumor","brisc2025","Pituitary tumor/enh_976.png","9","0.999929","0.627907","flip_h","False","False","0.999734774","0.79953","1.172418","46.749150","152798","0.62614841","1058","False"
"Pituitary tumor__enh_1395","train","Pituitary tumor","brisc2025","Pituitary tumor/enh_1395.png","Pituitary tumor__enh_1450","test","Pituitary tumor","brisc2025","Pituitary tumor/enh_1450.png","4","0.999894","0.96","flip_h","True","True","0.999675523","0.583267","0.979947","48.306750","116261","0.959367246","131","True"
"Pituitary tumor__enh_1409","train","Pituitary tumor","brisc2025","Pituitary tumor/enh_1409.png","Pituitary tumor__enh_984","val","Pituitary tumor","brisc2025","Pituitary tumor/enh_984.png","5","0.999843","0.7","flip_h","True","False","0.999488017","0.957649","1.325126","45.685661","172863","0.85467128","168","False"
"Pituitary tumor__enh_1416","train","Pituitary tumor","brisc2025","Pituitary tumor/enh_1416.png","Pituitary tumor__enh_1472","val","Pituitary tumor","brisc2025","Pituitary tumor/enh_1472.png","7","0.999909","0.75","flip_h","True","False","0.999673875","0.814312","1.185396","46.653537","155181","0.823458283","146","False"
"Pituitary tumor__enh_1423","train","Pituitary tumor","brisc2025","Pituitary tumor/enh_1423.png","Pituitary tumor__enh_1264","test","Pituitary tumor","brisc2025","Pituitary tumor/enh_1264.png","5","0.999924","0.772727","flip_h","True","False","0.999708861","0.653988","1.074742","47.504716","123199","0.888888889","152","False"
"Pituitary tumor__enh_1429","train","Pituitary tumor","brisc2025","Pituitary tumor/enh_1429.png","Pituitary tumor__enh_1231","val","Pituitary tumor","brisc2025","Pituitary tumor/enh_1231.png","8","0.999941","0.945946","flip_h","True","True","0.999808442","0.6049","0.998647","48.142566","119932","0.922822947","187","True"
"Pituitary tumor__enh_1430","train","Pituitary tumor","brisc2025","Pituitary tumor/enh_1430.png","Pituitary tumor__enh_1232","test","Pituitary tumor","brisc2025","Pituitary tumor/enh_1232.png","4","0.999925","0.960784","flip_h","True","True","0.999764938","0.578808","0.973834","48.361104","115049","0.967238212","107","True"
"Pituitary tumor__enh_1436","train","Pituitary tumor","brisc2025","Pituitary tumor/enh_1436.png","Pituitary tumor__enh_1384","test","Pituitary tumor","brisc2025","Pituitary tumor/enh_1384.png","4","0.999914","0.877551","flip_h","True","False","0.999689914","0.785278","1.157025","46.863948","151390","0.93245366","215","True"
"Pituitary tumor__enh_1451","train","Pituitary tumor","brisc2025","Pituitary tumor/enh_1451.png","Pituitary tumor__enh_1396","test","Pituitary tumor","brisc2025","Pituitary tumor/enh_1396.png","8","0.999911","0.857143","flip_h","True","False","0.999722227","0.595715","0.991913","48.201336","118140","0.864421416","314","False"
"Pituitary tumor__enh_1468","train","Pituitary tumor","brisc2025","Pituitary tumor/enh_1468.png","Pituitary tumor__enh_968","val","Pituitary tumor","brisc2025","Pituitary tumor/enh_968.png","6","0.999932","0.875","flip_h","True","False","0.999753972","0.625645","1.032453","47.853395","121405","0.933467742","132","True"
"Pituitary tumor__enh_1492","train","Pituitary tumor","brisc2025","Pituitary tumor/enh_1492.png","Pituitary tumor__enh_1225","val","Pituitary tumor","brisc2025","Pituitary tumor/enh_1225.png","9","0.999922","0.954545","flip_h","False","True","0.999720816","0.792702","1.167299","46.787161","151700","0.937138728","87","True"
"Pituitary tumor__enh_1493","train","Pituitary tumor","brisc2025","Pituitary tumor/enh_1493.png","Pituitary tumor__enh_1226","val","Pituitary tumor","brisc2025","Pituitary tumor/enh_1226.png","12","0.999919","0.95","flip_h","False","True","0.999717146","0.802429","1.167126","46.788450","154535","0.923622047","97","True"
"Pituitary tumor__enh_1498","train","Pituitary tumor","brisc2025","Pituitary tumor/enh_1498.png","Pituitary tumor__enh_923","test","Pituitary tumor","brisc2025","Pituitary tumor/enh_923.png","2","0.999857","1","flip_h","True","True","0.99947424","0.647419","1.065886","47.576591","122043","0.950941244","86","True"
"Pituitary tumor__enh_1501","train","Pituitary tumor","brisc2025","Pituitary tumor/enh_1501.png","Pituitary tumor__enh_1238","test","Pituitary tumor","brisc2025","Pituitary tumor/enh_1238.png","9","0.999886","0.9","flip_h","False","True","0.999575547","0.820797","1.195534","46.579563","155085","0.936213161","158","True"
"Pituitary tumor__enh_1514","train","Pituitary tumor","brisc2025","Pituitary tumor/enh_1514.png","Pituitary tumor__enh_1284","val","Pituitary tumor","brisc2025","Pituitary tumor/enh_1284.png","6","0.999897","0.73913","flip_h","True","False","0.999596835","0.824978","1.201502","46.536313","155454","0.727039178","425","False"
"Pituitary tumor__enh_1525","train","Pituitary tumor","brisc2025","Pituitary tumor/enh_1525.png","Pituitary tumor__enh_1294","val","Pituitary tumor","brisc2025","Pituitary tumor/enh_1294.png","4","0.999897","1","flip_h","True","True","0.999676377","0.63401","1.031575","47.860783","124128","0.911975435","172","True"
"Pituitary tumor__enh_1555","train","Pituitary tumor","brisc2025","Pituitary tumor/enh_1555.png","Pituitary tumor__enh_1315","val","Pituitary tumor","brisc2025","Pituitary tumor/enh_1315.png","6","0.999938","0.5","flip_h","True","False","0.999750923","0.661957","1.095694","47.337015","123016","0.508607199","314","False"
"Pituitary tumor__enh_1559","train","Pituitary tumor","brisc2025","Pituitary tumor/enh_1559.png","Pituitary tumor__enh_1318","val","Pituitary tumor","brisc2025","Pituitary tumor/enh_1318.png","5","0.999948","0.961905","flip_h","True","True","0.999806907","0.605648","1.015912","47.993679","116735","0.94990451","341","True"
"Pituitary tumor__enh_1560","train","Pituitary tumor","brisc2025","Pituitary tumor/enh_1560.png","Pituitary tumor__enh_1319","test","Pituitary tumor","brisc2025","Pituitary tumor/enh_1319.png","3","0.999948","0.969388","flip_h","True","True","0.999818122","0.611206","1.01818","47.974316","118543","0.972477064","171","True"
"Pituitary tumor__enh_1570","train","Pituitary tumor","brisc2025","Pituitary tumor/enh_1570.png","Pituitary tumor__enh_1378","test","Pituitary tumor","brisc2025","Pituitary tumor/enh_1378.png","6","0.999931","0.381818","flip_h","True","False","0.99971508","0.777222","1.16549","46.800629","147328","0.377585243","2227","False"
"Pituitary tumor__enh_1575","train","Pituitary tumor","brisc2025","Pituitary tumor/enh_1575.png","Pituitary tumor__enh_941","test","Pituitary tumor","brisc2025","Pituitary tumor/enh_941.png","6","0.999937","0.789474","flip_h","True","False","0.999765182","0.63969","1.061241","47.614524","120867","0.899920572","126","False"
"Pituitary tumor__enh_1576","train","Pituitary tumor","brisc2025","Pituitary tumor/enh_1576.png","Pituitary tumor__enh_1329","test","Pituitary tumor","brisc2025","Pituitary tumor/enh_1329.png","7","0.999934","0.541667","flip_h","True","False","0.999753823","0.656765","1.075392","47.499470","124511","0.497601918","838","False"
"Pituitary tumor__enh_1594","train","Pituitary tumor","brisc2025","Pituitary tumor/enh_1594.png","Pituitary tumor__enh_1343","test","Pituitary tumor","brisc2025","Pituitary tumor/enh_1343.png","9","0.999946","0.923077","flip_h","False","True","0.99980157","0.65403","1.066828","47.568913","124727","0.916117436","140","True"
"Pituitary tumor__enh_1613","train","Pituitary tumor","brisc2025","Pituitary tumor/enh_1613.png","Pituitary tumor__enh_1360","val","Pituitary tumor","brisc2025","Pituitary tumor/enh_1360.png","5","0.999926","0.914286","flip_h","True","True","0.999724681","0.642761","1.05089","47.699657","122883","0.968158745","69","True"
"Pituitary tumor__enh_1615","train","Pituitary tumor","brisc2025","Pituitary tumor/enh_1615.png","Pituitary tumor__enh_1362","test","Pituitary tumor","brisc2025","Pituitary tumor/enh_1362.png","8","0.999947","0.393617","flip_h","True","False","0.999812112","0.628025","1.032993","47.848859","122402","0.400278212","3449","False"
"Pituitary tumor__enh_1623","train","Pituitary tumor","brisc2025","Pituitary tumor/enh_1623.png","Pituitary tumor__enh_1369","val","Pituitary tumor","brisc2025","Pituitary tumor/enh_1369.png","10","0.999923","0.928571","flip_h","False","True","0.999760852","0.607922","0.999689","48.133505","121126","0.927068215","201","True"
"Pituitary tumor__enh_1645","train","Pituitary tumor","brisc2025","Pituitary tumor/enh_1645.png","Pituitary tumor__enh_2099","test","Pituitary tumor","brisc2025","Pituitary tumor/enh_2099.png","8","0.999937","0.75","flip_h","True","False","0.999735335","0.832439","1.209842","46.476228","156868","0.761435223","871","False"
"Pituitary tumor__enh_1647","train","Pituitary tumor","brisc2025","Pituitary tumor/enh_1647.png","Pituitary tumor__enh_2100","val","Pituitary tumor","brisc2025","Pituitary tumor/enh_2100.png","7","0.999926","1","flip_h","True","True","0.999730607","0.777115","1.138791","47.001925","151562","0.921105326","197","True"
"Pituitary tumor__enh_1650","train","Pituitary tumor","brisc2025","Pituitary tumor/enh_1650.png","Pituitary tumor__enh_1119","test","Pituitary tumor","brisc2025","Pituitary tumor/enh_1119.png","9","0.99994","0.943262","flip_h","False","True","0.999771522","0.796555","1.172903","46.745560","152257","0.955275874","398","True"
"Pituitary tumor__enh_1651","train","Pituitary tumor","brisc2025","Pituitary tumor/enh_1651.png","Pituitary tumor__enh_2103","test","Pituitary tumor","brisc2025","Pituitary tumor/enh_2103.png","10","0.999933","0.961538","flip_h","False","True","0.999744982","0.794189","1.161868","46.827667","153263","0.949690033","422","True"
"Pituitary tumor__enh_1653","train","Pituitary tumor","brisc2025","Pituitary tumor/enh_1653.png","Pituitary tumor__enh_1121","test","Pituitary tumor","brisc2025","Pituitary tumor/enh_1121.png","11","0.999883","0.895833","flip_h","False","False","0.999572659","0.835785","1.173251","46.742984","163539","0.91883221","253","True"
"Pituitary tumor__enh_1662","train","Pituitary tumor","brisc2025","Pituitary tumor/enh_1662.png","Pituitary tumor__enh_2107","val","Pituitary tumor","brisc2025","Pituitary tumor/enh_2107.png","11","0.9999","0.869565","flip_h","False","False","0.999619302","0.867794","1.208991","46.482345","167658","0.92550738","323","True"
"Pituitary tumor__enh_1664","train","Pituitary tumor","brisc2025","Pituitary tumor/enh_1664.png","Pituitary tumor__enh_2111","val","Pituitary tumor","brisc2025","Pituitary tumor/enh_2111.png","9","0.999905","0.978723","flip_h","False","True","0.999634835","0.799789","1.176067","46.722164","152504","0.920409511","241","True"
"Pituitary tumor__enh_1672","train","Pituitary tumor","brisc2025","Pituitary tumor/enh_1672.png","Pituitary tumor__enh_2016","val","Pituitary tumor","brisc2025","Pituitary tumor/enh_2016.png","8","0.999923","0.823529","flip_h","True","False","0.999681493","0.841362","1.220017","46.403486","157997","0.848715509","159","False"
"Pituitary tumor__enh_1684","train","Pituitary tumor","brisc2025","Pituitary tumor/enh_1684.png","Pituitary tumor__enh_2028","val","Pituitary tumor","brisc2025","Pituitary tumor/enh_2028.png","8","0.999904","0.848485","flip_h","True","False","0.999598784","0.855324","1.248106","46.205771","157779","0.891347099","221","False"
"Pituitary tumor__enh_1686","train","Pituitary tumor","brisc2025","Pituitary tumor/enh_1686.png","Pituitary tumor__enh_2030","test","Pituitary tumor","brisc2025","Pituitary tumor/enh_2030.png","8","0.999935","0.755725","flip_h","True","False","0.999747011","0.792736","1.169602","46.770039","151712","0.785485212","1806","False"
"Pituitary tumor__enh_1687","train","Pituitary tumor","brisc2025","Pituitary tumor/enh_1687.png","Pituitary tumor__enh_2032","test","Pituitary tumor","brisc2025","Pituitary tumor/enh_2032.png","4","0.99994","0.928571","flip_h","True","True","0.999753784","0.800034","1.180273","46.691157","151869","0.95216089","559","True"
"Pituitary tumor__enh_1688","train","Pituitary tumor","brisc2025","Pituitary tumor/enh_1688.png","Pituitary tumor__enh_2033","test","Pituitary tumor","brisc2025","Pituitary tumor/enh_2033.png","9","0.999936","0.965174","flip_h","False","True","0.999746316","0.807983","1.183146","46.670039","154248","0.955140043","583","True"
"Pituitary tumor__enh_1691","train","Pituitary tumor","brisc2025","Pituitary tumor/enh_1691.png","Pituitary tumor__enh_2035","test","Pituitary tumor","brisc2025","Pituitary tumor/enh_2035.png","4","0.999916","0.959184","flip_h","True","True","0.999677839","0.800102","1.169826","46.768381","153412","0.96855853","195","True"
"Pituitary tumor__enh_1702","train","Pituitary tumor","brisc2025","Pituitary tumor/enh_1702.png","Pituitary tumor__enh_2045","test","Pituitary tumor","brisc2025","Pituitary tumor/enh_2045.png","11","0.999905","0.825","flip_h","False","False","0.999634284","0.883362","1.230723","46.327598","168544","0.805863708","490","False"
"Pituitary tumor__enh_1705","train","Pituitary tumor","brisc2025","Pituitary tumor/enh_1705.png","Pituitary tumor__enh_2049","test","Pituitary tumor","brisc2025","Pituitary tumor/enh_2049.png","5","0.9999","0.882353","flip_h","True","False","0.999598256","0.858818","1.251558","46.181781","157711","0.881097561","273","False"
"Pituitary tumor__enh_1708","train","Pituitary tumor","brisc2025","Pituitary tumor/enh_1708.png","Pituitary tumor__enh_2050","test","Pituitary tumor","brisc2025","Pituitary tumor/enh_2050.png","3","0.999885","0.4","flip_h","True","False","0.999552112","0.861614","1.247787","46.207994","158778","0.441554559","1868","False"
"Pituitary tumor__enh_1714","train","Pituitary tumor","brisc2025","Pituitary tumor/enh_1714.png","Pituitary tumor__enh_2059","val","Pituitary tumor","brisc2025","Pituitary tumor/enh_2059.png","10","0.999887","0.64","flip_h","False","False","0.999544593","0.875885","1.23054","46.328889","165861","0.653176471","2211","False"
"Pituitary tumor__enh_1718","train","Pituitary tumor","brisc2025","Pituitary tumor/enh_1718.png","Pituitary tumor__enh_407","test","Pituitary tumor","original","Pituitary tumor/enh_407.png","11","0.977353","0.745455","identity","False","False","0.963975687","28.577663","36.615879","16.857414","260098","0.766657135","816","False"
"Pituitary tumor__enh_1721","train","Pituitary tumor","brisc2025","Pituitary tumor/enh_1721.png","Pituitary tumor__enh_2068","val","Pituitary tumor","brisc2025","Pituitary tumor/enh_2068.png","6","0.999902","0.926829","flip_h","True","True","0.999632327","0.800018","1.164711","46.806439","153994","0.926391036","381","True"
"Pituitary tumor__enh_1728","train","Pituitary tumor","brisc2025","Pituitary tumor/enh_1728.png","Pituitary tumor__enh_1110","test","Pituitary tumor","brisc2025","Pituitary tumor/enh_1110.png","1","0.999895","0.828571","flip_h","True","False","0.999571847","0.830734","1.209749","46.476896","156203","0.808999521","399","False"
"Pituitary tumor__enh_1729","train","Pituitary tumor","brisc2025","Pituitary tumor/enh_1729.png","Pituitary tumor__enh_2074","val","Pituitary tumor","brisc2025","Pituitary tumor/enh_2074.png","11","0.999913","0.868421","flip_h","False","False","0.999629446","0.831482","1.2127","46.455734","155654","0.876194268","311","False"
"Pituitary tumor__enh_1734","train","Pituitary tumor","brisc2025","Pituitary tumor/enh_1734.png","Pituitary tumor__enh_2079","val","Pituitary tumor","brisc2025","Pituitary tumor/enh_2079.png","8","0.99993","0.884615","flip_h","True","False","0.999717271","0.813099","1.185425","46.653325","154615","0.814946619","312","False"
"Pituitary tumor__enh_1745","train","Pituitary tumor","brisc2025","Pituitary tumor/enh_1745.png","Pituitary tumor__enh_2091","test","Pituitary tumor","brisc2025","Pituitary tumor/enh_2091.png","10","0.999919","0.892857","flip_h","False","False","0.999669594","0.829426","1.207902","46.490172","155481","0.885889229","410","False"
"Pituitary tumor__enh_1747","train","Pituitary tumor","brisc2025","Pituitary tumor/enh_1747.png","Pituitary tumor__enh_2092","test","Pituitary tumor","brisc2025","Pituitary tumor/enh_2092.png","9","0.999911","0.9375","flip_h","False","True","0.999635077","0.85215","1.228349","46.344365","159236","0.89849711","439","False"
"Pituitary tumor__enh_1759","train","Pituitary tumor","brisc2025","Pituitary tumor/enh_1759.png","Pituitary tumor__enh_1086","val","Pituitary tumor","brisc2025","Pituitary tumor/enh_1086.png","11","0.999911","0.953704","flip_h","False","True","0.999665156","0.816727","1.186082","46.648506","155893","0.917057903","583","True"
"Pituitary tumor__enh_1760","train","Pituitary tumor","brisc2025","Pituitary tumor/enh_1760.png","Pituitary tumor__enh_2023","test","Pituitary tumor","brisc2025","Pituitary tumor/enh_2023.png","8","0.99991","0.889831","flip_h","True","False","0.999664484","0.809898","1.177726","46.709916","155461","0.903444607","726","True"
"Pituitary tumor__enh_1762","train","Pituitary tumor","brisc2025","Pituitary tumor/enh_1762.png","Pituitary tumor__enh_2039","test","Pituitary tumor","brisc2025","Pituitary tumor/enh_2039.png","7","0.999905","0.923077","flip_h","True","True","0.999648357","0.811199","1.183866","46.664752","154635","0.894716294","809","False"
"Pituitary tumor__enh_1773","train","Pituitary tumor","brisc2025","Pituitary tumor/enh_1773.png","Pituitary tumor__enh_1124","test","Pituitary tumor","brisc2025","Pituitary tumor/enh_1124.png","7","0.999895","0.8","flip_h","True","False","0.999598386","0.837311","1.184","46.663771","161898","0.764264264","471","False"
"Pituitary tumor__enh_1782","train","Pituitary tumor","brisc2025","Pituitary tumor/enh_1782.png","Pituitary tumor__enh_2127","test","Pituitary tumor","brisc2025","Pituitary tumor/enh_2127.png","8","0.999929","0.864407","flip_h","True","False","0.999693725","0.847183","1.237045","46.283092","157275","0.872027785","479","False"
"Pituitary tumor__enh_1795","train","Pituitary tumor","brisc2025","Pituitary tumor/enh_1795.png","Pituitary tumor__enh_1901","test","Pituitary tumor","brisc2025","Pituitary tumor/enh_1901.png","4","0.99992","0.529412","flip_h","True","False","0.999658081","0.861492","1.241046","46.255045","160267","0.536363636","1530","False"
"Pituitary tumor__enh_1804","train","Pituitary tumor","brisc2025","Pituitary tumor/enh_1804.png","Pituitary tumor__enh_1908","test","Pituitary tumor","brisc2025","Pituitary tumor/enh_1908.png","4","0.999919","0.892857","flip_h","True","False","0.999669293","0.848427","1.222379","46.386689","159365","0.866341991","247","False"
"Pituitary tumor__enh_1810","train","Pituitary tumor","brisc2025","Pituitary tumor/enh_1810.png","Pituitary tumor__enh_1939","val","Pituitary tumor","brisc2025","Pituitary tumor/enh_1939.png","7","0.999925","0.618182","flip_h","True","False","0.999698611","0.840889","1.220108","46.402840","157678","0.602786466","1397","False"
"Pituitary tumor__enh_1828","train","Pituitary tumor","brisc2025","Pituitary tumor/enh_1828.png","Pituitary tumor__enh_1926","test","Pituitary tumor","brisc2025","Pituitary tumor/enh_1926.png","9","0.999916","0.797101","flip_h","False","False","0.999668046","0.71283","1.125983","47.100168","133950","0.797017012","871","False"
"Pituitary tumor__enh_1831","train","Pituitary tumor","brisc2025","Pituitary tumor/enh_1831.png","Pituitary tumor__enh_1061","test","Pituitary tumor","brisc2025","Pituitary tumor/enh_1061.png","5","0.999899","0.882353","flip_h","True","False","0.999618468","0.700508","1.100045","47.302597","133665","0.927059883","162","True"
"Pituitary tumor__enh_1847","train","Pituitary tumor","brisc2025","Pituitary tumor/enh_1847.png","Pituitary tumor__enh_1949","test","Pituitary tumor","brisc2025","Pituitary tumor/enh_1949.png","6","0.999921","0.930233","flip_h","True","True","0.999714685","0.792137","1.157417","46.861004","153625","0.895707698","294","False"
"Pituitary tumor__enh_1855","train","Pituitary tumor","brisc2025","Pituitary tumor/enh_1855.png","Pituitary tumor__enh_1074","test","Pituitary tumor","brisc2025","Pituitary tumor/enh_1074.png","9","0.999844","0.793333","flip_h","False","False","0.999444031","0.849083","1.196722","46.570936","163523","0.795931274","1936","False"
"Pituitary tumor__enh_1868","train","Pituitary tumor","brisc2025","Pituitary tumor/enh_1868.png","Pituitary tumor__enh_1985","val","Pituitary tumor","brisc2025","Pituitary tumor/enh_1985.png","3","0.999876","0.673913","flip_h","True","False","0.999536016","0.80785","1.184668","46.658870","153726","0.6922802","861","False"
"Pituitary tumor__enh_1874","train","Pituitary tumor","brisc2025","Pituitary tumor/enh_1874.png","Pituitary tumor__enh_1995","val","Pituitary tumor","brisc2025","Pituitary tumor/enh_1995.png","8","0.999915","0.796296","flip_h","True","False","0.999671276","0.87627","1.215941","46.432556","168632","0.76463964","836","False"
"Pituitary tumor__enh_1875","train","Pituitary tumor","brisc2025","Pituitary tumor/enh_1875.png","Pituitary tumor__enh_1996","test","Pituitary tumor","brisc2025","Pituitary tumor/enh_1996.png","9","0.999928","0.726027","flip_h","False","False","0.999711229","0.872513","1.218011","46.417779","167121","0.707748759","1354","False"
"Pituitary tumor__enh_1882","train","Pituitary tumor","brisc2025","Pituitary tumor/enh_1882.png","Pituitary tumor__enh_2002","val","Pituitary tumor","brisc2025","Pituitary tumor/enh_2002.png","4","0.999907","0.9125","flip_h","True","True","0.999634986","0.831074","1.215887","46.432937","155616","0.946771037","272","True"
"Pituitary tumor__enh_1888","train","Pituitary tumor","brisc2025","Pituitary tumor/enh_1888.png","Pituitary tumor__enh_2007","val","Pituitary tumor","brisc2025","Pituitary tumor/enh_2007.png","11","0.999931","0.9","flip_h","False","True","0.999738092","0.814594","1.180804","46.687246","155896","0.907059084","420","True"
"Pituitary tumor__enh_1892","train","Pituitary tumor","brisc2025","Pituitary tumor/enh_1892.png","Pituitary tumor__enh_1089","test","Pituitary tumor","brisc2025","Pituitary tumor/enh_1089.png","9","0.9999","0.756757","flip_h","False","False","0.999620607","0.87611","1.217765","46.419532","168189","0.831730769","385","False"
"Pituitary tumor__enh_1895","train","Pituitary tumor","brisc2025","Pituitary tumor/enh_1895.png","Pituitary tumor__enh_1090","test","Pituitary tumor","brisc2025","Pituitary tumor/enh_1090.png","11","0.999911","0.930233","flip_h","False","True","0.999666996","0.805016","1.169712","46.769228","154821","0.946153846","147","True"
"Pituitary tumor__enh_1910","train","Pituitary tumor","brisc2025","Pituitary tumor/enh_1910.png","Pituitary tumor__enh_1806","test","Pituitary tumor","brisc2025","Pituitary tumor/enh_1806.png","5","0.999908","0.69697","flip_h","True","False","0.999608419","0.85186","1.23813","46.275477","158092","0.801107754","395","False"
"Pituitary tumor__enh_1911","train","Pituitary tumor","brisc2025","Pituitary tumor/enh_1911.png","Pituitary tumor__enh_1808","test","Pituitary tumor","brisc2025","Pituitary tumor/enh_1808.png","6","0.99991","0.818182","flip_h","True","False","0.999624085","0.857899","1.239216","46.267864","159032","0.827345657","495","False"
"Pituitary tumor__enh_1917","train","Pituitary tumor","brisc2025","Pituitary tumor/enh_1917.png","Pituitary tumor__enh_1817","val","Pituitary tumor","brisc2025","Pituitary tumor/enh_1817.png","10","0.99991","0.894737","flip_h","False","False","0.999652599","0.894375","1.238489","46.272959","170815","0.891837555","269","False"
"Pituitary tumor__enh_1918","train","Pituitary tumor","brisc2025","Pituitary tumor/enh_1918.png","Pituitary tumor__enh_1818","val","Pituitary tumor","brisc2025","Pituitary tumor/enh_1818.png","11","0.999904","0.82","flip_h","False","False","0.999623028","0.888714","1.2368","46.284813","169296","0.751453488","855","False"
"Pituitary tumor__enh_1919","train","Pituitary tumor","brisc2025","Pituitary tumor/enh_1919.png","Pituitary tumor__enh_1819","val","Pituitary tumor","brisc2025","Pituitary tumor/enh_1819.png","7","0.999876","0.39604","flip_h","True","False","0.999528709","0.871761","1.210038","46.474825","168622","0.402099571","3759","False"
"Pituitary tumor__enh_1920","train","Pituitary tumor","brisc2025","Pituitary tumor/enh_1920.png","Pituitary tumor__enh_1822","test","Pituitary tumor","brisc2025","Pituitary tumor/enh_1822.png","10","0.999869","0.617647","flip_h","False","False","0.999503308","0.859337","1.200281","46.545147","166351","0.63772242","1527","False"
"Pituitary tumor__enh_1928","train","Pituitary tumor","brisc2025","Pituitary tumor/enh_1928.png","Pituitary tumor__enh_1830","test","Pituitary tumor","brisc2025","Pituitary tumor/enh_1830.png","8","0.999901","0.958333","flip_h","True","True","0.999631174","0.705814","1.117254","47.167765","132690","0.941043084","182","True"
"Pituitary tumor__enh_1929","train","Pituitary tumor","brisc2025","Pituitary tumor/enh_1929.png","Pituitary tumor__enh_1833","val","Pituitary tumor","brisc2025","Pituitary tumor/enh_1833.png","10","0.999921","0.730769","flip_h","False","False","0.999682889","0.870831","1.225403","46.365222","165262","0.836253776","271","False"
"Pituitary tumor__enh_1933","train","Pituitary tumor","brisc2025","Pituitary tumor/enh_1933.png","Pituitary tumor__enh_1752","val","Pituitary tumor","brisc2025","Pituitary tumor/enh_1752.png","12","0.999906","0.56383","flip_h","False","False","0.99965084","0.85984","1.200977","46.540113","167086","0.581563786","2542","False"
"Pituitary tumor__enh_1943","train","Pituitary tumor","brisc2025","Pituitary tumor/enh_1943.png","Pituitary tumor__enh_1838","val","Pituitary tumor","brisc2025","Pituitary tumor/enh_1838.png","11","0.999903","0.813559","flip_h","False","False","0.999622977","0.860924","1.207622","46.492183","165366","0.838085273","619","False"
"Pituitary tumor__enh_1951","train","Pituitary tumor","brisc2025","Pituitary tumor/enh_1951.png","Pituitary tumor__enh_1850","val","Pituitary tumor","brisc2025","Pituitary tumor/enh_1850.png","8","0.99992","0.917808","flip_h","True","True","0.999678239","0.838673","1.215096","46.438588","157869","0.901618399","462","True"
"Pituitary tumor__enh_1957","train","Pituitary tumor","brisc2025","Pituitary tumor/enh_1957.png","Pituitary tumor__enh_1674","test","Pituitary tumor","brisc2025","Pituitary tumor/enh_1674.png","12","0.999898","0.873016","flip_h","False","False","0.999615378","0.865982","1.214815","46.440597","165940","0.938717949","239","True"
"Pituitary tumor__enh_1959","train","Pituitary tumor","brisc2025","Pituitary tumor/enh_1959.png","Pituitary tumor__enh_1707","val","Pituitary tumor","brisc2025","Pituitary tumor/enh_1707.png","6","0.999892","0.798077","flip_h","True","False","0.999597179","0.890263","1.23539","46.294724","169927","0.848099326","991","False"
"Pituitary tumor__enh_1965","train","Pituitary tumor","brisc2025","Pituitary tumor/enh_1965.png","Pituitary tumor__enh_1853","val","Pituitary tumor","brisc2025","Pituitary tumor/enh_1853.png","9","0.999882","0.678571","flip_h","False","False","0.999560373","0.881767","1.225772","46.362608","168826","0.693485523","1101","False"
"Pituitary tumor__enh_1968","train","Pituitary tumor","brisc2025","Pituitary tumor/enh_1968.png","Pituitary tumor__enh_1856","test","Pituitary tumor","brisc2025","Pituitary tumor/enh_1856.png","9","0.999912","0.815385","flip_h","False","False","0.999582703","0.894199","1.29129","45.910325","161352","0.833333333","682","False"
"Pituitary tumor__enh_1970","train","Pituitary tumor","brisc2025","Pituitary tumor/enh_1970.png","Pituitary tumor__enh_283","val","Pituitary tumor","original","Pituitary tumor/enh_283.png","11","0.968272","0.811594","flip_h","False","False","0.946928388","33.002014","41.093248","15.855394","260212","0.809480608","840","False"
"Pituitary tumor__enh_1979","train","Pituitary tumor","brisc2025","Pituitary tumor/enh_1979.png","Pituitary tumor__enh_1862","test","Pituitary tumor","brisc2025","Pituitary tumor/enh_1862.png","11","0.999901","0.672131","flip_h","False","False","0.99960435","0.852032","1.213142","46.452569","161913","0.644012127","1409","False"
"Pituitary tumor__enh_1986","train","Pituitary tumor","brisc2025","Pituitary tumor/enh_1986.png","Pituitary tumor__enh_1869","test","Pituitary tumor","brisc2025","Pituitary tumor/enh_1869.png","11","0.999856","0.896552","flip_h","False","False","0.999467023","0.808445","1.180681","46.688149","154899","0.902135712","362","True"
"Pituitary tumor__enh_1991","train","Pituitary tumor","brisc2025","Pituitary tumor/enh_1991.png","Pituitary tumor__enh_1748","test","Pituitary tumor","brisc2025","Pituitary tumor/enh_1748.png","7","0.999896","0.933333","flip_h","True","True","0.999590329","0.880043","1.227657","46.349264","167679","0.861755802","274","False"
"Pituitary tumor__enh_2000","train","Pituitary tumor","brisc2025","Pituitary tumor/enh_2000.png","Pituitary tumor__enh_1880","test","Pituitary tumor","brisc2025","Pituitary tumor/enh_1880.png","8","0.999919","0.952381","flip_h","True","True","0.999678641","0.838879","1.221728","46.391315","157162","0.927868045","293","True"
"Pituitary tumor__enh_2003","train","Pituitary tumor","brisc2025","Pituitary tumor/enh_2003.png","Pituitary tumor__enh_327","val","Pituitary tumor","original","Pituitary tumor/enh_327.png","12","0.979469","0.567568","flip_h","False","False","0.96317793","33.42469","41.988452","15.668206","260887","0.598256396","2811","False"
"Pituitary tumor__enh_2011","train","Pituitary tumor","brisc2025","Pituitary tumor/enh_2011.png","Pituitary tumor__enh_1893","val","Pituitary tumor","brisc2025","Pituitary tumor/enh_1893.png","4","0.999904","0.886364","flip_h","True","False","0.999642255","0.871544","1.210559","46.471081","168550","0.8509839","833","False"
"Pituitary tumor__enh_2015","train","Pituitary tumor","brisc2025","Pituitary tumor/enh_2015.png","Pituitary tumor__enh_1671","val","Pituitary tumor","brisc2025","Pituitary tumor/enh_1671.png","11","0.999917","0.95122","flip_h","False","True","0.999675752","0.83181","1.206174","46.502601","157169","0.942315137","149","True"
"Pituitary tumor__enh_2031","train","Pituitary tumor","brisc2025","Pituitary tumor/enh_2031.png","Pituitary tumor__enh_1761","val","Pituitary tumor","brisc2025","Pituitary tumor/enh_1761.png","5","0.999912","0.969388","flip_h","True","True","0.999670078","0.807655","1.17851","46.704139","154068","0.956507937","274","True"
"Pituitary tumor__enh_2040","train","Pituitary tumor","brisc2025","Pituitary tumor/enh_2040.png","Pituitary tumor__enh_1695","test","Pituitary tumor","brisc2025","Pituitary tumor/enh_1695.png","12","0.999899","0.855556","flip_h","False","False","0.999608241","0.892944","1.239177","46.268134","169534","0.889474609","629","False"
"Pituitary tumor__enh_2057","train","Pituitary tumor","brisc2025","Pituitary tumor/enh_2057.png","Pituitary tumor__enh_1712","val","Pituitary tumor","brisc2025","Pituitary tumor/enh_1712.png","9","0.999877","0.625","flip_h","False","False","0.999503793","0.883564","1.235313","46.295266","167436","0.721380031","533","False"
"Pituitary tumor__enh_2075","train","Pituitary tumor","brisc2025","Pituitary tumor/enh_2075.png","Pituitary tumor__enh_1730","test","Pituitary tumor","brisc2025","Pituitary tumor/enh_1730.png","8","0.99987","0.666667","flip_h","True","False","0.999496144","0.819511","1.190279","46.617831","156195","0.714532872","825","False"
"Pituitary tumor__enh_2078","train","Pituitary tumor","brisc2025","Pituitary tumor/enh_2078.png","Pituitary tumor__enh_1733","val","Pituitary tumor","brisc2025","Pituitary tumor/enh_1733.png","4","0.999907","0.733333","flip_h","True","False","0.999629812","0.833378","1.214902","46.439980","156471","0.853362734","133","False"
"Pituitary tumor__enh_2093","train","Pituitary tumor","brisc2025","Pituitary tumor/enh_2093.png","Pituitary tumor__enh_1670","val","Pituitary tumor","brisc2025","Pituitary tumor/enh_1670.png","8","0.999895","0.725","flip_h","True","False","0.999584806","0.820007","1.190404","46.616919","155695","0.750049281","1268","False"
"Pituitary tumor__enh_2094","train","Pituitary tumor","brisc2025","Pituitary tumor/enh_2094.png","Pituitary tumor__enh_1641","test","Pituitary tumor","brisc2025","Pituitary tumor/enh_1641.png","7","0.999914","0.659574","flip_h","True","False","0.999648728","0.840668","1.215883","46.432970","157580","0.596317763","1184","False"
"Pituitary tumor__enh_2115","train","Pituitary tumor","brisc2025","Pituitary tumor/enh_2115.png","Pituitary tumor__enh_1771","test","Pituitary tumor","brisc2025","Pituitary tumor/enh_1771.png","9","0.999925","0.786885","flip_h","False","False","0.999699273","0.8652","1.222255","46.387565","164348","0.851040822","551","False"
"Pituitary tumor__enh_2116","train","Pituitary tumor","brisc2025","Pituitary tumor/enh_2116.png","Pituitary tumor__enh_1772","val","Pituitary tumor","brisc2025","Pituitary tumor/enh_1772.png","11","0.999925","0.901639","flip_h","False","True","0.999686388","0.902203","1.250444","46.189519","170614","0.881360202","471","False"
"Pituitary tumor__enh_2118","train","Pituitary tumor","brisc2025","Pituitary tumor/enh_2118.png","Pituitary tumor__enh_1774","val","Pituitary tumor","brisc2025","Pituitary tumor/enh_1774.png","12","0.999913","0.405063","flip_h","False","False","0.999663178","0.875671","1.225343","46.365652","166482","0.407591415","2981","False"
"Pituitary tumor__enh_2119","train","Pituitary tumor","brisc2025","Pituitary tumor/enh_2119.png","Pituitary tumor__enh_1775","val","Pituitary tumor","brisc2025","Pituitary tumor/enh_1775.png","5","0.99991","0.846154","flip_h","True","False","0.999643916","0.87989","1.227032","46.353686","167922","0.834032145","950","False"
"Pituitary tumor__enh_2124","train","Pituitary tumor","brisc2025","Pituitary tumor/enh_2124.png","Pituitary tumor__enh_1781","val","Pituitary tumor","brisc2025","Pituitary tumor/enh_1781.png","9","0.999826","0.761905","flip_h","False","False","0.999445499","0.918068","1.263972","46.096053","171972","0.769470405","296","False"
"Pituitary tumor__enh_2130","train","Pituitary tumor","brisc2025","Pituitary tumor/enh_2130.png","Pituitary tumor__enh_1786","val","Pituitary tumor","brisc2025","Pituitary tumor/enh_1786.png","6","0.999926","0.875","flip_h","True","False","0.999687257","0.843605","1.228495","46.343333","157118","0.864833575","467","False"
"Pituitary tumor__enh_2133","train","Pituitary tumor","brisc2025","Pituitary tumor/enh_2133.png","Pituitary tumor__enh_1788","test","Pituitary tumor","brisc2025","Pituitary tumor/enh_1788.png","12","0.999909","0.8375","flip_h","False","False","0.999635161","0.901745","1.257978","46.137344","168879","0.857979798","703","False"
"Pituitary tumor__enh_2134","train","Pituitary tumor","brisc2025","Pituitary tumor/enh_2134.png","Pituitary tumor__enh_1790","test","Pituitary tumor","brisc2025","Pituitary tumor/enh_1790.png","12","0.999852","0.553846","flip_h","False","False","0.999453512","0.839825","1.190152","46.618754","161744","0.594997705","1765","False"
"Pituitary tumor__enh_2137","train","Pituitary tumor","brisc2025","Pituitary tumor/enh_2137.png","Pituitary tumor__enh_1214","test","Pituitary tumor","brisc2025","Pituitary tumor/enh_1214.png","6","0.999876","0.954545","flip_h","True","True","0.999556435","0.88649","1.234872","46.298362","168969","0.937530384","257","True"
"Pituitary tumor__enh_2138","train","Pituitary tumor","brisc2025","Pituitary tumor/enh_2138.png","Pituitary tumor__enh_2638","val","Pituitary tumor","brisc2025","Pituitary tumor/enh_2638.png","6","0.999881","0.915254","flip_h","True","True","0.999573706","0.887302","1.232731","46.313435","169150","0.898427086","381","False"
"Pituitary tumor__enh_2140","train","Pituitary tumor","brisc2025","Pituitary tumor/enh_2140.png","Pituitary tumor__enh_2640","test","Pituitary tumor","brisc2025","Pituitary tumor/enh_2640.png","9","0.999938","0.875","flip_h","False","False","0.999778758","0.835747","1.171748","46.754119","164447","0.945042493","194","True"
"Pituitary tumor__enh_2143","train","Pituitary tumor","brisc2025","Pituitary tumor/enh_2143.png","Pituitary tumor__enh_2642","test","Pituitary tumor","brisc2025","Pituitary tumor/enh_2642.png","8","0.999917","0.933333","flip_h","True","True","0.999733638","0.8013","1.128416","47.081418","160998","0.923653715","224","True"
"Pituitary tumor__enh_2144","train","Pituitary tumor","brisc2025","Pituitary tumor/enh_2144.png","Pituitary tumor__enh_2643","val","Pituitary tumor","brisc2025","Pituitary tumor/enh_2643.png","8","0.999923","0.821429","flip_h","True","False","0.999734394","0.816544","1.15451","46.882850","161909","0.899425287","175","False"
"Pituitary tumor__enh_2153","train","Pituitary tumor","brisc2025","Pituitary tumor/enh_2153.png","Pituitary tumor__enh_2556","test","Pituitary tumor","brisc2025","Pituitary tumor/enh_2556.png","11","0.999895","0.875","flip_h","False","False","0.999668011","0.805706","1.131085","47.060896","162035","0.87296748","125","False"
"Pituitary tumor__enh_2166","train","Pituitary tumor","brisc2025","Pituitary tumor/enh_2166.png","Pituitary tumor__enh_2567","test","Pituitary tumor","brisc2025","Pituitary tumor/enh_2567.png","6","0.999839","0.965517","flip_h","True","True","0.999468027","0.885044","1.220787","46.398002","171116","0.920146138","306","True"
"Pituitary tumor__enh_2178","train","Pituitary tumor","brisc2025","Pituitary tumor/enh_2178.png","Pituitary tumor__enh_2576","val","Pituitary tumor","brisc2025","Pituitary tumor/enh_2576.png","3","0.99986","0.9","flip_h","True","True","0.999586321","0.808895","1.143359","46.967150","160439","0.898290598","119","False"
"Pituitary tumor__enh_2185","train","Pituitary tumor","brisc2025","Pituitary tumor/enh_2185.png","Pituitary tumor__enh_2581","test","Pituitary tumor","brisc2025","Pituitary tumor/enh_2581.png","9","0.999927","1","flip_h","False","True","0.999751761","0.803001","1.136276","47.021129","160607","0.917721519","52","True"
"Pituitary tumor__enh_2187","train","Pituitary tumor","brisc2025","Pituitary tumor/enh_2187.png","Pituitary tumor__enh_1196","test","Pituitary tumor","brisc2025","Pituitary tumor/enh_1196.png","7","0.999881","1","flip_h","True","True","0.999530192","0.895859","1.255812","46.152309","168473","0.900826446","72","True"
"Pituitary tumor__enh_2196","train","Pituitary tumor","brisc2025","Pituitary tumor/enh_2196.png","Pituitary tumor__enh_2590","test","Pituitary tumor","brisc2025","Pituitary tumor/enh_2590.png","4","0.999904","0.808824","flip_h","True","False","0.999680703","0.821644","1.154366","46.883931","162541","0.802676344","870","False"
"Pituitary tumor__enh_2198","train","Pituitary tumor","brisc2025","Pituitary tumor/enh_2198.png","Pituitary tumor__enh_2592","val","Pituitary tumor","brisc2025","Pituitary tumor/enh_2592.png","4","0.999912","0.882353","flip_h","True","False","0.999716578","0.818573","1.150734","46.911306","162324","0.843330349","175","False"
"Pituitary tumor__enh_2204","train","Pituitary tumor","brisc2025","Pituitary tumor/enh_2204.png","Pituitary tumor__enh_1202","val","Pituitary tumor","brisc2025","Pituitary tumor/enh_1202.png","9","0.999907","0.791667","flip_h","False","False","0.999663511","0.831753","1.180164","46.691954","161384","0.84807418","213","False"
"Pituitary tumor__enh_2205","train","Pituitary tumor","brisc2025","Pituitary tumor/enh_2205.png","Pituitary tumor__enh_2602","test","Pituitary tumor","brisc2025","Pituitary tumor/enh_2602.png","6","0.999878","0.857143","flip_h","True","False","0.99960363","0.816704","1.145984","46.947236","162268","0.922916667","37","True"
"Pituitary tumor__enh_2209","train","Pituitary tumor","brisc2025","Pituitary tumor/enh_2209.png","Pituitary tumor__enh_2606","val","Pituitary tumor","brisc2025","Pituitary tumor/enh_2606.png","5","0.999927","0.857143","flip_h","True","False","0.999751456","0.807117","1.140911","46.985769","160609","0.891414141","86","False"
"Pituitary tumor__enh_2215","train","Pituitary tumor","brisc2025","Pituitary tumor/enh_2215.png","Pituitary tumor__enh_1205","test","Pituitary tumor","brisc2025","Pituitary tumor/enh_1205.png","5","0.99976","0.923077","flip_h","True","True","0.999220579","0.853371","1.194291","46.588602","165737","0.897029703","260","False"
"Pituitary tumor__enh_2222","train","Pituitary tumor","brisc2025","Pituitary tumor/enh_2222.png","Pituitary tumor__enh_2618","test","Pituitary tumor","brisc2025","Pituitary tumor/enh_2618.png","11","0.999926","0.842105","flip_h","False","False","0.999751699","0.822514","1.150742","46.911244","163916","0.864831553","329","False"
"Pituitary tumor__enh_2225","train","Pituitary tumor","brisc2025","Pituitary tumor/enh_2225.png","Pituitary tumor__enh_2620","test","Pituitary tumor","brisc2025","Pituitary tumor/enh_2620.png","6","0.999919","0.875","flip_h","True","False","0.999724202","0.83482","1.169733","46.769071","164361","0.938138138","206","True"
"Pituitary tumor__enh_2226","train","Pituitary tumor","brisc2025","Pituitary tumor/enh_2226.png","Pituitary tumor__enh_2621","val","Pituitary tumor","brisc2025","Pituitary tumor/enh_2621.png","11","0.999912","0.711111","flip_h","False","False","0.99971106","0.831245","1.159275","46.847076","165485","0.726308587","800","False"
"Pituitary tumor__enh_2230","train","Pituitary tumor","brisc2025","Pituitary tumor/enh_2230.png","Pituitary tumor__enh_2625","test","Pituitary tumor","brisc2025","Pituitary tumor/enh_2625.png","11","0.999928","0.971429","flip_h","False","True","0.999761083","0.811428","1.142371","46.974659","162256","0.931756142","150","True"
"Pituitary tumor__enh_2234","train","Pituitary tumor","brisc2025","Pituitary tumor/enh_2234.png","Pituitary tumor__enh_2628","val","Pituitary tumor","brisc2025","Pituitary tumor/enh_2628.png","11","0.999942","0.829268","flip_h","False","False","0.999806108","0.802364","1.129698","47.071554","161334","0.880135695","318","False"
"Pituitary tumor__enh_2244","train","Pituitary tumor","brisc2025","Pituitary tumor/enh_2244.png","Pituitary tumor__enh_2635","test","Pituitary tumor","brisc2025","Pituitary tumor/enh_2635.png","11","0.999889","0.7","flip_h","False","False","0.999610739","0.878632","1.226245","46.359257","167723","0.680284742","1033","False"
"Pituitary tumor__enh_2245","train","Pituitary tumor","brisc2025","Pituitary tumor/enh_2245.png","Pituitary tumor__enh_2636","val","Pituitary tumor","brisc2025","Pituitary tumor/enh_2636.png","9","0.999888","0.934426","flip_h","False","True","0.999599785","0.879601","1.236934","46.283871","166130","0.938983051","234","True"
"Pituitary tumor__enh_2250","train","Pituitary tumor","brisc2025","Pituitary tumor/enh_2250.png","Pituitary tumor__enh_2496","val","Pituitary tumor","brisc2025","Pituitary tumor/enh_2496.png","4","0.99991","0.828571","flip_h","True","False","0.999676889","0.845745","1.184707","46.658586","165088","0.890517241","254","False"
"Pituitary tumor__enh_2253","train","Pituitary tumor","brisc2025","Pituitary tumor/enh_2253.png","Pituitary tumor__enh_2498","val","Pituitary tumor","brisc2025","Pituitary tumor/enh_2498.png","8","0.999881","0.954545","flip_h","True","True","0.999589738","0.847252","1.189099","46.626446","164690","0.944264653","155","True"
"Pituitary tumor__enh_2255","train","Pituitary tumor","brisc2025","Pituitary tumor/enh_2255.png","Pituitary tumor__enh_1168","test","Pituitary tumor","brisc2025","Pituitary tumor/enh_1168.png","1","0.999876","0.891892","flip_h","True","False","0.999580798","0.83625","1.177904","46.708603","163387","0.940346084","131","True"
"Pituitary tumor__enh_2262","train","Pituitary tumor","brisc2025","Pituitary tumor/enh_2262.png","Pituitary tumor__enh_2505","test","Pituitary tumor","brisc2025","Pituitary tumor/enh_2505.png","11","0.999867","0.857143","flip_h","False","False","0.999541124","0.878567","1.221812","46.390716","168391","0.878475798","118","False"
"Pituitary tumor__enh_2263","train","Pituitary tumor","brisc2025","Pituitary tumor/enh_2263.png","Pituitary tumor__enh_1170","test","Pituitary tumor","brisc2025","Pituitary tumor/enh_1170.png","9","0.999868","0.923077","flip_h","False","True","0.999529908","0.888714","1.240972","46.255562","168288","0.79825518","185","False"
"Pituitary tumor__enh_2264","train","Pituitary tumor","brisc2025","Pituitary tumor/enh_2264.png","Pituitary tumor__enh_2506","val","Pituitary tumor","brisc2025","Pituitary tumor/enh_2506.png","7","0.999872","0.454545","flip_h","True","False","0.999543929","0.890278","1.240471","46.259070","168997","0.484626647","352","False"
"Pituitary tumor__enh_2280","train","Pituitary tumor","brisc2025","Pituitary tumor/enh_2280.png","Pituitary tumor__enh_2520","val","Pituitary tumor","brisc2025","Pituitary tumor/enh_2520.png","5","0.999803","0.8","flip_h","True","False","0.999352837","0.871784","1.220716","46.398514","166352","0.752151463","288","False"
"Pituitary tumor__enh_2281","train","Pituitary tumor","brisc2025","Pituitary tumor/enh_2281.png","Pituitary tumor__enh_1175","test","Pituitary tumor","brisc2025","Pituitary tumor/enh_1175.png","5","0.999915","0.619048","flip_h","True","False","0.999656613","0.887058","1.244355","46.231916","167933","0.602316602","515","False"
"Pituitary tumor__enh_2285","train","Pituitary tumor","brisc2025","Pituitary tumor/enh_2285.png","Pituitary tumor__enh_1176","val","Pituitary tumor","brisc2025","Pituitary tumor/enh_1176.png","4","0.999895","0.924528","flip_h","True","True","0.999606715","0.905132","1.254203","46.163448","170805","0.891380315","373","False"
"Pituitary tumor__enh_2288","train","Pituitary tumor","brisc2025","Pituitary tumor/enh_2288.png","Pituitary tumor__enh_2526","val","Pituitary tumor","brisc2025","Pituitary tumor/enh_2526.png","10","0.999825","0.814815","flip_h","False","False","0.999505137","0.797333","1.122682","47.125671","161001","0.830519074","271","False"
"Pituitary tumor__enh_2304","train","Pituitary tumor","brisc2025","Pituitary tumor/enh_2304.png","Pituitary tumor__enh_1181","val","Pituitary tumor","brisc2025","Pituitary tumor/enh_1181.png","8","0.999867","0.857143","flip_h","True","False","0.999536999","0.882423","1.236268","46.288551","167641","0.918994413","116","True"
"Pituitary tumor__enh_2306","train","Pituitary tumor","brisc2025","Pituitary tumor/enh_2306.png","Pituitary tumor__enh_2541","val","Pituitary tumor","brisc2025","Pituitary tumor/enh_2541.png","10","0.999921","0.878788","flip_h","False","False","0.99974584","0.79908","1.135785","47.024878","159584","0.867693702","292","False"
"Pituitary tumor__enh_2307","train","Pituitary tumor","brisc2025","Pituitary tumor/enh_2307.png","Pituitary tumor__enh_1182","test","Pituitary tumor","brisc2025","Pituitary tumor/enh_1182.png","11","0.999915","0.941176","flip_h","False","True","0.999718035","0.825245","1.164474","46.808210","162627","0.936413541","139","True"
"Pituitary tumor__enh_2311","train","Pituitary tumor","brisc2025","Pituitary tumor/enh_2311.png","Pituitary tumor__enh_1183","val","Pituitary tumor","brisc2025","Pituitary tumor/enh_1183.png","5","0.99989","0.630769","flip_h","True","False","0.999605702","0.864471","1.22557","46.364041","163774","0.59587233","1684","False"
"Pituitary tumor__enh_2315","train","Pituitary tumor","brisc2025","Pituitary tumor/enh_2315.png","Pituitary tumor__enh_1184","val","Pituitary tumor","brisc2025","Pituitary tumor/enh_1184.png","6","0.999906","0.8","flip_h","True","False","0.999676255","0.875488","1.218218","46.416305","168584","0.859515111","423","False"
"Pituitary tumor__enh_2318","train","Pituitary tumor","brisc2025","Pituitary tumor/enh_2318.png","Pituitary tumor__enh_2551","val","Pituitary tumor","brisc2025","Pituitary tumor/enh_2551.png","8","0.999896","0.9375","flip_h","True","True","0.9996041","0.888161","1.24424","46.232719","167478","0.91023166","279","True"
"Pituitary tumor__enh_2325","train","Pituitary tumor","brisc2025","Pituitary tumor/enh_2325.png","Pituitary tumor__enh_2419","val","Pituitary tumor","brisc2025","Pituitary tumor/enh_2419.png","10","0.999904","0.906667","flip_h","False","True","0.999705037","0.778419","1.108198","47.238453","157199","0.931917552","327","True"
"Pituitary tumor__enh_2327","train","Pituitary tumor","brisc2025","Pituitary tumor/enh_2327.png","Pituitary tumor__enh_2420","val","Pituitary tumor","brisc2025","Pituitary tumor/enh_2420.png","8","0.999916","0.912088","flip_h","True","True","0.999728669","0.804676","1.136281","47.021091","161034","0.926913156","425","True"
"Pituitary tumor__enh_2329","train","Pituitary tumor","brisc2025","Pituitary tumor/enh_2329.png","Pituitary tumor__enh_2422","test","Pituitary tumor","brisc2025","Pituitary tumor/enh_2422.png","6","0.999904","0.790323","flip_h","True","False","0.999698074","0.788658","1.113696","47.195472","159837","0.899605782","382","False"
"Pituitary tumor__enh_2335","train","Pituitary tumor","brisc2025","Pituitary tumor/enh_2335.png","Pituitary tumor__enh_2430","test","Pituitary tumor","brisc2025","Pituitary tumor/enh_2430.png","2","0.99989","0.842105","flip_h","True","False","0.999611283","0.8465","1.193161","46.596821","163117","0.789814066","260","False"
"Pituitary tumor__enh_2337","train","Pituitary tumor","brisc2025","Pituitary tumor/enh_2337.png","Pituitary tumor__enh_1144","test","Pituitary tumor","brisc2025","Pituitary tumor/enh_1144.png","8","0.999893","0.526316","flip_h","True","False","0.999615296","0.866081","1.21782","46.419141","165157","0.530541012","538","False"
"Pituitary tumor__enh_2338","train","Pituitary tumor","brisc2025","Pituitary tumor/enh_2338.png","Pituitary tumor__enh_2432","val","Pituitary tumor","brisc2025","Pituitary tumor/enh_2432.png","6","0.999892","0.521739","flip_h","True","False","0.9996203","0.858608","1.202857","46.526523","165702","0.568694463","631","False"
"Pituitary tumor__enh_2343","train","Pituitary tumor","brisc2025","Pituitary tumor/enh_2343.png","Pituitary tumor__enh_2436","test","Pituitary tumor","brisc2025","Pituitary tumor/enh_2436.png","5","0.999805","0.818182","flip_h","True","False","0.999426714","0.936844","1.292553","45.901839","174056","0.842424242","104","False"
"Pituitary tumor__enh_2351","train","Pituitary tumor","brisc2025","Pituitary tumor/enh_2351.png","Pituitary tumor__enh_9","val","Pituitary tumor","original","Pituitary tumor/enh_9.png","12","0.964191","0.857143","identity","False","False","0.948101629","38.313801","45.670058","14.938172","260501","0.82745098","176","False"
"Pituitary tumor__enh_2352","train","Pituitary tumor","brisc2025","Pituitary tumor/enh_2352.png","Pituitary tumor__enh_2444","test","Pituitary tumor","brisc2025","Pituitary tumor/enh_2444.png","7","0.999814","0.8","flip_h","True","False","0.999381576","0.865891","1.213527","46.449812","166262","0.810007819","243","False"
"Pituitary tumor__enh_2358","train","Pituitary tumor","brisc2025","Pituitary tumor/enh_2358.png","Pituitary tumor__enh_1150","val","Pituitary tumor","brisc2025","Pituitary tumor/enh_1150.png","5","0.999867","0.894737","flip_h","True","False","0.99956539","0.807487","1.133355","47.043488","161752","0.833081571","221","False"
"Pituitary tumor__enh_2365","train","Pituitary tumor","brisc2025","Pituitary tumor/enh_2365.png","Pituitary tumor__enh_2458","test","Pituitary tumor","brisc2025","Pituitary tumor/enh_2458.png","6","0.999882","0.846154","flip_h","True","False","0.999585007","0.86924","1.21518","46.437994","166817","0.859545837","334","False"
"Pituitary tumor__enh_2368","train","Pituitary tumor","brisc2025","Pituitary tumor/enh_2368.png","Pituitary tumor__enh_2460","val","Pituitary tumor","brisc2025","Pituitary tumor/enh_2460.png","5","0.999852","0.964286","flip_h","True","True","0.999496394","0.882385","1.239177","46.268134","166829","0.849794239","292","False"
"Pituitary tumor__enh_2371","train","Pituitary tumor","brisc2025","Pituitary tumor/enh_2371.png","Pituitary tumor__enh_2462","test","Pituitary tumor","brisc2025","Pituitary tumor/enh_2462.png","10","0.999908","0.944444","flip_h","False","True","0.999654113","0.877617","1.229517","46.336116","167255","0.905957447","221","True"
"Pituitary tumor__enh_2373","train","Pituitary tumor","brisc2025","Pituitary tumor/enh_2373.png","Pituitary tumor__enh_2464","val","Pituitary tumor","brisc2025","Pituitary tumor/enh_2464.png","12","0.999841","0.882353","flip_h","False","False","0.999462871","0.854664","1.188924","46.627723","167149","0.924392439","168","True"
"Pituitary tumor__enh_2381","train","Pituitary tumor","brisc2025","Pituitary tumor/enh_2381.png","Pituitary tumor__enh_2470","val","Pituitary tumor","brisc2025","Pituitary tumor/enh_2470.png","8","0.999885","0.88","flip_h","True","False","0.999605106","0.855965","1.201358","46.537357","164927","0.911369193","145","True"
"Pituitary tumor__enh_2387","train","Pituitary tumor","brisc2025","Pituitary tumor/enh_2387.png","Pituitary tumor__enh_2479","test","Pituitary tumor","brisc2025","Pituitary tumor/enh_2479.png","9","0.999901","0.923077","flip_h","False","True","0.999695792","0.803741","1.131013","47.061453","161556","0.930490654","119","True"
"Pituitary tumor__enh_2397","train","Pituitary tumor","brisc2025","Pituitary tumor/enh_2397.png","Pituitary tumor__enh_2490","val","Pituitary tumor","brisc2025","Pituitary tumor/enh_2490.png","11","0.9999","0.593407","flip_h","False","False","0.99967231","0.821678","1.159459","46.845696","161966","0.593171395","2395","False"
"Pituitary tumor__enh_2408","train","Pituitary tumor","brisc2025","Pituitary tumor/enh_2408.png","Pituitary tumor__enh_2400","test","Pituitary tumor","brisc2025","Pituitary tumor/enh_2400.png","9","0.999848","0.918919","flip_h","False","True","0.999495896","0.873047","1.221564","46.392481","166981","0.935700777","306","True"
"Pituitary tumor__enh_2411","train","Pituitary tumor","brisc2025","Pituitary tumor/enh_2411.png","Pituitary tumor__enh_2319","val","Pituitary tumor","brisc2025","Pituitary tumor/enh_2319.png","4","0.999864","0.943662","flip_h","True","True","0.999550025","0.860718","1.207752","46.491251","166148","0.962588028","170","True"
"Pituitary tumor__enh_2412","train","Pituitary tumor","brisc2025","Pituitary tumor/enh_2412.png","Pituitary tumor__enh_2320","test","Pituitary tumor","brisc2025","Pituitary tumor/enh_2320.png","5","0.999874","0.894737","flip_h","True","False","0.999560334","0.884968","1.228733","46.341653","169622","0.919965577","279","True"
"Pituitary tumor__enh_2415","train","Pituitary tumor","brisc2025","Pituitary tumor/enh_2415.png","Pituitary tumor__enh_2323","test","Pituitary tumor","brisc2025","Pituitary tumor/enh_2323.png","8","0.999828","0.97561","flip_h","True","True","0.999418947","0.872505","1.225287","46.366049","166501","0.941729323","155","True"
"Pituitary tumor__enh_2425","train","Pituitary tumor","brisc2025","Pituitary tumor/enh_2425.png","Pituitary tumor__enh_2332","val","Pituitary tumor","brisc2025","Pituitary tumor/enh_2332.png","9","0.999867","0.912281","flip_h","False","True","0.999548483","0.864033","1.215828","46.433362","165372","0.914516129","318","True"
"Pituitary tumor__enh_2429","train","Pituitary tumor","brisc2025","Pituitary tumor/enh_2429.png","Pituitary tumor__enh_2334","val","Pituitary tumor","brisc2025","Pituitary tumor/enh_2334.png","6","0.999895","0.666667","flip_h","True","False","0.999622052","0.878925","1.221828","46.390605","168501","0.794460641","141","False"
"Pituitary tumor__enh_2435","train","Pituitary tumor","brisc2025","Pituitary tumor/enh_2435.png","Pituitary tumor__enh_2342","val","Pituitary tumor","brisc2025","Pituitary tumor/enh_2342.png","2","0.999822","0.75","flip_h","True","False","0.999402238","0.950588","1.328167","45.665752","171001","0.724806202","284","False"
"Pituitary tumor__enh_2454","train","Pituitary tumor","brisc2025","Pituitary tumor/enh_2454.png","Pituitary tumor__enh_2363","val","Pituitary tumor","brisc2025","Pituitary tumor/enh_2363.png","9","0.999898","0.625","flip_h","False","False","0.999659937","0.818707","1.155826","46.872955","161539","0.568160153","453","False"
"Pituitary tumor__enh_2472","train","Pituitary tumor","brisc2025","Pituitary tumor/enh_2472.png","Pituitary tumor__enh_2404","test","Pituitary tumor","brisc2025","Pituitary tumor/enh_2404.png","6","0.999906","0.952381","flip_h","True","True","0.9996494","0.868221","1.225665","46.363369","164977","0.906637491","128","True"
"Pituitary tumor__enh_2473","train","Pituitary tumor","brisc2025","Pituitary tumor/enh_2473.png","Pituitary tumor__enh_1130","test","Pituitary tumor","brisc2025","Pituitary tumor/enh_1130.png","1","0.99991","0.727273","flip_h","True","False","0.999704955","0.820404","1.1529","46.894973","162690","0.846846847","204","False"
"Pituitary tumor__enh_2474","train","Pituitary tumor","brisc2025","Pituitary tumor/enh_2474.png","Pituitary tumor__enh_2386","test","Pituitary tumor","brisc2025","Pituitary tumor/enh_2386.png","5","0.999916","0.826087","flip_h","True","False","0.999714051","0.84557","1.175552","46.725963","166297","0.916485113","115","True"
"Pituitary tumor__enh_2484","train","Pituitary tumor","brisc2025","Pituitary tumor/enh_2484.png","Pituitary tumor__enh_2392","test","Pituitary tumor","brisc2025","Pituitary tumor/enh_2392.png","7","0.999884","0.674419","flip_h","True","False","0.999582913","0.914997","1.266063","46.081694","172320","0.68384157","902","False"
"Pituitary tumor__enh_2488","train","Pituitary tumor","brisc2025","Pituitary tumor/enh_2488.png","Pituitary tumor__enh_2395","test","Pituitary tumor","brisc2025","Pituitary tumor/enh_2395.png","6","0.999899","0.862069","flip_h","True","False","0.999696167","0.778145","1.107424","47.244528","157391","0.921286031","284","True"
"Pituitary tumor__enh_2494","train","Pituitary tumor","brisc2025","Pituitary tumor/enh_2494.png","Pituitary tumor__enh_2248","val","Pituitary tumor","brisc2025","Pituitary tumor/enh_2248.png","6","0.999855","0.85","flip_h","True","False","0.999486999","0.883926","1.244544","46.230600","166534","0.866866118","356","False"
"Pituitary tumor__enh_2513","train","Pituitary tumor","brisc2025","Pituitary tumor/enh_2513.png","Pituitary tumor__enh_2273","val","Pituitary tumor","brisc2025","Pituitary tumor/enh_2273.png","8","0.999857","0.925926","flip_h","True","True","0.999448973","0.881145","1.250127","46.191723","165923","0.902670623","164","True"
"Pituitary tumor__enh_2514","train","Pituitary tumor","brisc2025","Pituitary tumor/enh_2514.png","Pituitary tumor__enh_2274","test","Pituitary tumor","brisc2025","Pituitary tumor/enh_2274.png","8","0.999855","0.964286","flip_h","True","True","0.999463799","0.868946","1.232416","46.315659","164906","0.939988459","104","True"
"Pituitary tumor__enh_2527","train","Pituitary tumor","brisc2025","Pituitary tumor/enh_2527.png","Pituitary tumor__enh_2290","test","Pituitary tumor","brisc2025","Pituitary tumor/enh_2290.png","6","0.999785","0.928571","flip_h","True","True","0.999395481","0.81282","1.138747","47.002257","163000","0.93223102","291","True"
"Pituitary tumor__enh_2535","train","Pituitary tumor","brisc2025","Pituitary tumor/enh_2535.png","Pituitary tumor__enh_2299","val","Pituitary tumor","brisc2025","Pituitary tumor/enh_2299.png","5","0.999889","0.95","flip_h","True","True","0.999667113","0.77076","1.101992","47.287236","155736","0.896103896","264","False"
"Pituitary tumor__enh_2542","train","Pituitary tumor","brisc2025","Pituitary tumor/enh_2542.png","Pituitary tumor__enh_2308","val","Pituitary tumor","brisc2025","Pituitary tumor/enh_2308.png","4","0.999912","0.902439","flip_h","True","True","0.999709389","0.814846","1.152438","46.898452","161019","0.928076923","187","True"
"Pituitary tumor__enh_2545","train","Pituitary tumor","brisc2025","Pituitary tumor/enh_2545.png","Pituitary tumor__enh_2312","test","Pituitary tumor","brisc2025","Pituitary tumor/enh_2312.png","6","0.99987","0.888889","flip_h","True","False","0.999551368","0.864456","1.219429","46.407673","164835","0.891275465","491","False"
"Pituitary tumor__enh_2546","train","Pituitary tumor","brisc2025","Pituitary tumor/enh_2546.png","Pituitary tumor__enh_2313","val","Pituitary tumor","brisc2025","Pituitary tumor/enh_2313.png","9","0.999879","0.792208","flip_h","False","False","0.999575533","0.879662","1.228818","46.341050","167871","0.820523473","864","False"
"Pituitary tumor__enh_2547","train","Pituitary tumor","brisc2025","Pituitary tumor/enh_2547.png","Pituitary tumor__enh_2314","test","Pituitary tumor","brisc2025","Pituitary tumor/enh_2314.png","12","0.99988","0.739726","flip_h","False","False","0.99959191","0.861355","1.207387","46.493876","165941","0.75","1113","False"
"Pituitary tumor__enh_2560","train","Pituitary tumor","brisc2025","Pituitary tumor/enh_2560.png","Pituitary tumor__enh_2158","val","Pituitary tumor","brisc2025","Pituitary tumor/enh_2158.png","5","0.999919","0.933333","flip_h","True","True","0.999726644","0.820496","1.152258","46.899811","162772","0.969716758","371","True"
"Pituitary tumor__enh_2561","train","Pituitary tumor","brisc2025","Pituitary tumor/enh_2561.png","Pituitary tumor__enh_2159","val","Pituitary tumor","brisc2025","Pituitary tumor/enh_2159.png","6","0.999924","0.920904","flip_h","True","True","0.999751654","0.809803","1.1384","47.004902","161685","0.901509831","1122","True"
"Pituitary tumor__enh_2564","train","Pituitary tumor","brisc2025","Pituitary tumor/enh_2564.png","Pituitary tumor__enh_2162","val","Pituitary tumor","brisc2025","Pituitary tumor/enh_2162.png","7","0.999839","0.910256","flip_h","True","True","0.999453232","0.874741","1.220967","46.396724","167298","0.929824561","344","True"
"Pituitary tumor__enh_2568","train","Pituitary tumor","brisc2025","Pituitary tumor/enh_2568.png","Pituitary tumor__enh_2167","test","Pituitary tumor","brisc2025","Pituitary tumor/enh_2167.png","5","0.999841","0.837209","flip_h","True","False","0.99945996","0.88562","1.230633","46.328232","169138","0.804469274","560","False"
"Pituitary tumor__enh_2571","train","Pituitary tumor","brisc2025","Pituitary tumor/enh_2571.png","Pituitary tumor__enh_2171","test","Pituitary tumor","brisc2025","Pituitary tumor/enh_2171.png","10","0.999887","0.606061","flip_h","False","False","0.999596077","0.871792","1.218082","46.417276","167403","0.632801822","806","False"
"Pituitary tumor__enh_2577","train","Pituitary tumor","brisc2025","Pituitary tumor/enh_2577.png","Pituitary tumor__enh_2179","test","Pituitary tumor","brisc2025","Pituitary tumor/enh_2179.png","7","0.999821","0.684211","flip_h","True","False","0.999474665","0.797382","1.129469","47.073319","159264","0.78514377","269","False"
"Pituitary tumor__enh_2579","train","Pituitary tumor","brisc2025","Pituitary tumor/enh_2579.png","Pituitary tumor__enh_2182","val","Pituitary tumor","brisc2025","Pituitary tumor/enh_2182.png","6","0.999907","1","flip_h","True","True","0.999700361","0.794079","1.116482","47.173768","161228","0.926470588","35","True"
"Pituitary tumor__enh_2580","train","Pituitary tumor","brisc2025","Pituitary tumor/enh_2580.png","Pituitary tumor__enh_2183","test","Pituitary tumor","brisc2025","Pituitary tumor/enh_2183.png","12","0.99991","0.9","flip_h","False","True","0.999702272","0.805172","1.133393","47.043191","161349","0.871517028","83","False"
"Pituitary tumor__enh_2586","train","Pituitary tumor","brisc2025","Pituitary tumor/enh_2586.png","Pituitary tumor__enh_2190","val","Pituitary tumor","brisc2025","Pituitary tumor/enh_2190.png","6","0.999854","0.785714","flip_h","True","False","0.999440775","0.904156","1.25558","46.153917","170380","0.884787472","103","False"
"Pituitary tumor__enh_2587","train","Pituitary tumor","brisc2025","Pituitary tumor/enh_2587.png","Pituitary tumor__enh_2192","test","Pituitary tumor","brisc2025","Pituitary tumor/enh_2192.png","9","0.999865","0.380952","flip_h","False","False","0.999567553","0.809921","1.137199","47.014078","161700","0.37531946","1711","False"
"Pituitary tumor__enh_2597","train","Pituitary tumor","brisc2025","Pituitary tumor/enh_2597.png","Pituitary tumor__enh_2200","val","Pituitary tumor","brisc2025","Pituitary tumor/enh_2200.png","7","0.999937","0.733333","flip_h","True","False","0.999780823","0.819736","1.15351","46.890376","162686","0.692728694","1179","False"
"Pituitary tumor__enh_2605","train","Pituitary tumor","brisc2025","Pituitary tumor/enh_2605.png","Pituitary tumor__enh_2208","val","Pituitary tumor","brisc2025","Pituitary tumor/enh_2208.png","9","0.999935","0.727273","flip_h","False","False","0.999774448","0.835129","1.16589","46.797655","165706","0.881638847","78","False"
"Pituitary tumor__enh_2609","train","Pituitary tumor","brisc2025","Pituitary tumor/enh_2609.png","Pituitary tumor__enh_2213","val","Pituitary tumor","brisc2025","Pituitary tumor/enh_2213.png","9","0.999889","0.580645","flip_h","False","False","0.999577208","0.890705","1.243064","46.240934","168224","0.574016563","823","False"
"Pituitary tumor__enh_2610","train","Pituitary tumor","brisc2025","Pituitary tumor/enh_2610.png","Pituitary tumor__enh_2214","test","Pituitary tumor","brisc2025","Pituitary tumor/enh_2214.png","5","0.999881","0.942857","flip_h","True","True","0.9995572","0.896297","1.253604","46.167600","168327","0.939029626","142","True"
"Pituitary tumor__enh_2611","train","Pituitary tumor","brisc2025","Pituitary tumor/enh_2611.png","Pituitary tumor__enh_2216","test","Pituitary tumor","brisc2025","Pituitary tumor/enh_2216.png","6","0.99981","0.911765","flip_h","True","True","0.999366786","0.865063","1.204404","46.515362","167281","0.943000456","125","True"
"Pituitary tumor__enh_2624","train","Pituitary tumor","brisc2025","Pituitary tumor/enh_2624.png","Pituitary tumor__enh_2229","test","Pituitary tumor","brisc2025","Pituitary tumor/enh_2229.png","9","0.999924","0.84375","flip_h","False","False","0.999756447","0.805183","1.133614","47.041502","161569","0.893450635","218","False"
"Pituitary tumor__enh_2634","train","Pituitary tumor","brisc2025","Pituitary tumor/enh_2634.png","Pituitary tumor__enh_2242","test","Pituitary tumor","brisc2025","Pituitary tumor/enh_2242.png","8","0.999922","0.927083","flip_h","True","True","0.999744382","0.799519","1.128316","47.082185","160858","0.928945645","434","True"
"Pituitary tumor__enh_2637","train","Pituitary tumor","brisc2025","Pituitary tumor/enh_2637.png","Pituitary tumor__enh_688","val","Pituitary tumor","original","Pituitary tumor/enh_688.png","12","0.955752","0.846154","flip_h","False","False","0.941079114","35.381668","42.974057","15.466676","260375","0.899899649","399","False"
"Pituitary tumor__enh_2637","train","Pituitary tumor","brisc2025","Pituitary tumor/enh_2637.png","Pituitary tumor__enh_2136","test","Pituitary tumor","brisc2025","Pituitary tumor/enh_2136.png","10","0.999888","0.909091","flip_h","False","True","0.999586545","0.885578","1.249522","46.195923","166479","0.943081452","232","True"
"Glioma__enh_817","val","Glioma","brisc2025","Glioma/enh_817.png","Glioma__enh_866","test","Glioma","brisc2025","Glioma/enh_866.png","12","0.999917","0.926829","flip_h","False","True","0.999771285","0.460999","0.842307","49.621400","95509","0.89273743","288","False"
"Glioma__enh_1517","val","Glioma","brisc2025","Glioma/enh_1517.png","Glioma__enh_1190","test","Glioma","brisc2025","Glioma/enh_1190.png","12","0.999865","0.817391","flip_h","False","False","0.99960344","0.623638","1.003513","48.100345","125464","0.816876368","1339","False"
"Meningioma__enh_288","val","Meningioma","original","Meningioma/enh_288.png","Glioma__enh_675","test","Glioma","brisc2025","Glioma/enh_675.png","12","0.981226","0.287356","flip_h","False","False","0.971479059","21.728596","31.463118","18.174769","260132","0.290249638","7847","False"
"Meningioma__enh_821","val","Meningioma","brisc2025","Meningioma/enh_821.png","Meningioma__enh_1211","test","Meningioma","brisc2025","Meningioma/enh_1211.png","11","0.999943","0.892308","flip_h","False","False","0.99978643","0.631268","1.033576","47.843956","121928","0.910510659","361","True"
"Meningioma__enh_872","val","Meningioma","brisc2025","Meningioma/enh_872.png","Pituitary tumor__enh_1043","test","Pituitary tumor","brisc2025","Pituitary tumor/enh_1043.png","11","0.999945","0.902439","flip_h","False","True","0.999789222","0.732647","1.127315","47.089896","140076","0.934535476","167","True"
"Meningioma__enh_886","val","Meningioma","brisc2025","Meningioma/enh_886.png","Meningioma__enh_1483","test","Meningioma","brisc2025","Meningioma/enh_1483.png","7","0.99995","0.931034","flip_h","True","True","0.999819042","0.718384","1.094395","47.347321","140788","0.93388874","246","True"
"Meningioma__enh_903","val","Meningioma","brisc2025","Meningioma/enh_903.png","Meningioma__enh_1549","test","Meningioma","brisc2025","Meningioma/enh_1549.png","10","0.999923","0.925373","flip_h","False","True","0.999764573","0.677341","1.04055","47.785543","136782","0.927379341","322","True"
"Meningioma__enh_1018","val","Meningioma","brisc2025","Meningioma/enh_1018.png","Meningioma__enh_1279","test","Meningioma","brisc2025","Meningioma/enh_1279.png","12","0.999938","0.92","flip_h","False","True","0.999828217","0.560814","0.923454","48.822495","117541","0.927911275","117","True"
"Meningioma__enh_1030","val","Meningioma","brisc2025","Meningioma/enh_1030.png","Meningioma__enh_1357","test","Meningioma","brisc2025","Meningioma/enh_1357.png","10","0.999928","0.862903","flip_h","False","False","0.999783761","0.520565","0.922903","48.827685","104174","0.890571951","838","False"
"Meningioma__enh_1217","val","Meningioma","brisc2025","Meningioma/enh_1217.png","Meningioma__enh_823","test","Meningioma","brisc2025","Meningioma/enh_823.png","12","0.999951","0.8125","flip_h","False","False","0.999854054","0.566181","0.943359","48.637260","116474","0.884538153","115","False"
"Meningioma__enh_1440","val","Meningioma","brisc2025","Meningioma/enh_1440.png","Meningioma__enh_1666","test","Meningioma","brisc2025","Meningioma/enh_1666.png","9","0.999912","0.861111","flip_h","False","False","0.999720097","0.69323","1.060225","47.622844","139006","0.812728938","409","False"
"Meningioma__enh_1449","val","Meningioma","brisc2025","Meningioma/enh_1449.png","Meningioma__enh_1674","test","Meningioma","brisc2025","Meningioma/enh_1674.png","10","0.999925","0.885714","flip_h","False","False","0.999727543","0.78405","1.144141","46.961211","153096","0.888429752","243","False"
"Meningioma__enh_1451","val","Meningioma","brisc2025","Meningioma/enh_1451.png","Meningioma__enh_1676","test","Meningioma","brisc2025","Meningioma/enh_1676.png","8","0.999838","0.842105","flip_h","True","False","0.999472903","0.758755","1.099037","47.310559","152623","0.900990099","110","True"
"Meningioma__enh_1523","val","Meningioma","brisc2025","Meningioma/enh_1523.png","Meningioma__enh_896","test","Meningioma","brisc2025","Meningioma/enh_896.png","12","0.999942","0.961538","flip_h","False","True","0.999827845","0.658016","1.006678","48.072990","136214","0.925634825","492","True"
"Meningioma__enh_1608","val","Meningioma","brisc2025","Meningioma/enh_1608.png","Meningioma__enh_1813","test","Meningioma","brisc2025","Meningioma/enh_1813.png","7","0.99993","0.878049","flip_h","True","False","0.99976908","0.68552","1.049461","47.711479","137320","0.930992242","169","True"
"Meningioma__enh_1697","val","Meningioma","brisc2025","Meningioma/enh_1697.png","Meningioma__enh_1476","test","Meningioma","brisc2025","Meningioma/enh_1476.png","10","0.999936","0.911765","flip_h","False","True","0.999805374","0.673031","1.02587","47.908953","137854","0.93868142","266","True"
"Meningioma__enh_1769","val","Meningioma","brisc2025","Meningioma/enh_1769.png","Meningioma__enh_1564","test","Meningioma","brisc2025","Meningioma/enh_1564.png","10","0.999935","0.734513","flip_h","False","False","0.999789403","0.658863","1.027784","47.892769","133170","0.756241234","1738","False"
"Meningioma__enh_1786","val","Meningioma","brisc2025","Meningioma/enh_1786.png","Meningioma__enh_1600","test","Meningioma","brisc2025","Meningioma/enh_1600.png","11","0.999929","0.7","flip_h","False","False","0.999739131","0.793484","1.163546","46.815131","153524","0.738553238","965","False"
"Meningioma__enh_1933","val","Meningioma","brisc2025","Meningioma/enh_1933.png","Meningioma__enh_2139","test","Meningioma","brisc2025","Meningioma/enh_2139.png","4","0.999891","0.926829","flip_h","True","True","0.999630134","0.811619","1.161203","46.832640","159776","0.897360704","280","False"
"Pituitary tumor__enh_484","val","Pituitary tumor","original","Pituitary tumor/enh_484.png","Pituitary tumor__enh_2499","test","Pituitary tumor","brisc2025","Pituitary tumor/enh_2499.png","10","0.95795","0.880952","flip_h","False","False","0.946059127","34.706928","42.412024","15.581024","260060","0.868152626","349","False"
"Pituitary tumor__enh_506","val","Pituitary tumor","original","Pituitary tumor/enh_506.png","Pituitary tumor__enh_2274","test","Pituitary tumor","brisc2025","Pituitary tumor/enh_2274.png","11","0.964024","0.888889","identity","False","False","0.950258006","31.753643","39.850698","16.122085","259937","0.850207223","253","False"
"Pituitary tumor__enh_1087","val","Pituitary tumor","brisc2025","Pituitary tumor/enh_1087.png","Pituitary tumor__enh_1885","test","Pituitary tumor","brisc2025","Pituitary tumor/enh_1885.png","3","0.999868","0","flip_h","True","False","0.99949679","0.824257","1.19742","46.565872","156161","0","5393","False"
"Pituitary tumor__enh_1088","val","Pituitary tumor","brisc2025","Pituitary tumor/enh_1088.png","Pituitary tumor__enh_1889","test","Pituitary tumor","brisc2025","Pituitary tumor/enh_1889.png","9","0.999935","0.574257","flip_h","False","False","0.999738503","0.837898","1.216187","46.430797","157374","0.600163132","2451","False"
"Pituitary tumor__enh_1151","val","Pituitary tumor","brisc2025","Pituitary tumor/enh_1151.png","Pituitary tumor__enh_2362","test","Pituitary tumor","brisc2025","Pituitary tumor/enh_2362.png","6","0.99991","0.9","flip_h","True","True","0.999695716","0.818424","1.146128","46.946139","163360","0.884678748","70","False"
"Pituitary tumor__enh_1261","val","Pituitary tumor","brisc2025","Pituitary tumor/enh_1261.png","Pituitary tumor__enh_1421","test","Pituitary tumor","brisc2025","Pituitary tumor/enh_1421.png","9","0.999934","0.878788","flip_h","False","False","0.999774081","0.623096","1.029478","47.878458","120367","0.893467337","212","False"
"Pituitary tumor__enh_1448","val","Pituitary tumor","brisc2025","Pituitary tumor/enh_1448.png","Pituitary tumor__enh_1393","test","Pituitary tumor","brisc2025","Pituitary tumor/enh_1393.png","7","0.999946","0.890244","flip_h","True","False","0.99979433","0.649399","1.076092","47.493815","122973","0.884499055","611","False"
"Pituitary tumor__enh_1449","val","Pituitary tumor","brisc2025","Pituitary tumor/enh_1449.png","Pituitary tumor__enh_1394","test","Pituitary tumor","brisc2025","Pituitary tumor/enh_1394.png","11","0.999929","0.964286","flip_h","False","True","0.999755849","0.63208","1.048372","47.720499","122537","0.955406912","160","True"
"Pituitary tumor__enh_1460","val","Pituitary tumor","brisc2025","Pituitary tumor/enh_1460.png","Pituitary tumor__enh_1405","test","Pituitary tumor","brisc2025","Pituitary tumor/enh_1405.png","12","0.999917","0.727273","flip_h","False","False","0.999710076","0.771591","1.130385","47.066273","151563","0.773905997","837","False"
"Pituitary tumor__enh_1592","val","Pituitary tumor","brisc2025","Pituitary tumor/enh_1592.png","Pituitary tumor__enh_1341","test","Pituitary tumor","brisc2025","Pituitary tumor/enh_1341.png","10","0.999914","0.810127","flip_h","False","False","0.999695699","0.624489","1.031431","47.861998","120814","0.81125049","963","False"
"Pituitary tumor__enh_1649","val","Pituitary tumor","brisc2025","Pituitary tumor/enh_1649.png","Pituitary tumor__enh_2102","test","Pituitary tumor","brisc2025","Pituitary tumor/enh_2102.png","8","0.999935","0.955224","flip_h","True","True","0.999751384","0.792633","1.162242","46.824870","152456","0.941210643","506","True"
"Pituitary tumor__enh_1803","val","Pituitary tumor","brisc2025","Pituitary tumor/enh_1803.png","Pituitary tumor__enh_1054","test","Pituitary tumor","brisc2025","Pituitary tumor/enh_1054.png","6","0.999921","0.8","flip_h","True","False","0.999677708","0.852913","1.231875","46.319468","159211","0.796321839","443","False"
"Pituitary tumor__enh_1848","val","Pituitary tumor","brisc2025","Pituitary tumor/enh_1848.png","Pituitary tumor__enh_1068","test","Pituitary tumor","brisc2025","Pituitary tumor/enh_1068.png","11","0.999909","0.909091","flip_h","False","True","0.999642853","0.81958","1.201815","46.534053","154556","0.908673176","318","True"
"Pituitary tumor__enh_1936","val","Pituitary tumor","brisc2025","Pituitary tumor/enh_1936.png","Pituitary tumor__enh_1767","test","Pituitary tumor","brisc2025","Pituitary tumor/enh_1767.png","6","0.999911","0.819672","flip_h","True","False","0.99963529","0.840912","1.224306","46.373007","157106","0.811818412","742","False"
"Pituitary tumor__enh_2071","val","Pituitary tumor","brisc2025","Pituitary tumor/enh_2071.png","Pituitary tumor__enh_1724","test","Pituitary tumor","brisc2025","Pituitary tumor/enh_1724.png","10","0.999906","0.896907","flip_h","False","False","0.999611847","0.834305","1.208737","46.484170","157326","0.875079264","788","False"
"Pituitary tumor__enh_2072","val","Pituitary tumor","brisc2025","Pituitary tumor/enh_2072.png","Pituitary tumor__enh_1725","test","Pituitary tumor","brisc2025","Pituitary tumor/enh_1725.png","5","0.999903","0.792308","flip_h","True","False","0.999618641","0.837025","1.20325","46.523685","158657","0.806950726","1622","False"
"Pituitary tumor__enh_2190","val","Pituitary tumor","brisc2025","Pituitary tumor/enh_2190.png","Pituitary tumor__enh_612","test","Pituitary tumor","original","Pituitary tumor/enh_612.png","12","0.964324","0.636364","identity","False","False","0.946675667","37.253372","45.088408","15.049506","260289","0.574519231","354","False"
"Pituitary tumor__enh_2239","val","Pituitary tumor","brisc2025","Pituitary tumor/enh_2239.png","Pituitary tumor__enh_1212","test","Pituitary tumor","brisc2025","Pituitary tumor/enh_1212.png","11","0.999926","0.95","flip_h","False","True","0.999757037","0.81654","1.142728","46.971944","163627","0.94375581","363","True"
"Pituitary tumor__enh_2254","val","Pituitary tumor","brisc2025","Pituitary tumor/enh_2254.png","Pituitary tumor__enh_2499","test","Pituitary tumor","brisc2025","Pituitary tumor/enh_2499.png","3","0.999876","0.928571","flip_h","True","True","0.999561121","0.85601","1.195941","46.576608","165826","0.936755952","170","True"
"Pituitary tumor__enh_2277","val","Pituitary tumor","brisc2025","Pituitary tumor/enh_2277.png","Pituitary tumor__enh_2516","test","Pituitary tumor","brisc2025","Pituitary tumor/enh_2516.png","12","0.999858","0.789474","flip_h","False","False","0.999482417","0.841362","1.193888","46.591530","162631","0.818103448","211","False"
"Pituitary tumor__enh_2414","val","Pituitary tumor","brisc2025","Pituitary tumor/enh_2414.png","Pituitary tumor__enh_2322","test","Pituitary tumor","brisc2025","Pituitary tumor/enh_2322.png","5","0.999829","0.788462","flip_h","True","False","0.999433999","0.869625","1.217505","46.421387","167037","0.794191919","652","False"
"Pituitary tumor__enh_2440","val","Pituitary tumor","brisc2025","Pituitary tumor/enh_2440.png","Pituitary tumor__enh_2348","test","Pituitary tumor","brisc2025","Pituitary tumor/enh_2348.png","12","0.999902","0.910714","flip_h","False","True","0.999684402","0.818108","1.153575","46.889890","162187","0.9395218","215","True"
"Pituitary tumor__enh_2501","val","Pituitary tumor","brisc2025","Pituitary tumor/enh_2501.png","Pituitary tumor__enh_2257","test","Pituitary tumor","brisc2025","Pituitary tumor/enh_2257.png","6","0.999936","0.625","flip_h","True","False","0.999782754","0.797821","1.122756","47.125093","160800","0.863270777","51","False"
"Pituitary tumor__enh_2530","val","Pituitary tumor","brisc2025","Pituitary tumor/enh_2530.png","Pituitary tumor__enh_2294","test","Pituitary tumor","brisc2025","Pituitary tumor/enh_2294.png","7","0.999866","0.722222","flip_h","True","False","0.999598936","0.821636","1.158816","46.850517","162114","0.837406015","346","False"
