"first_sample_id","first_split","first_class","first_source","first_image_path","second_sample_id","second_split","second_class","second_source","second_image_path","hamming_distance","pixel_correlation","mask_iou","transform","strong","likely_duplicate"
"Glioma__enh_402","train","Glioma","original","Glioma/enh_402.png","Meningioma__enh_880","val","Meningioma","brisc2025","Meningioma/enh_880.png","10","0.974589","0.833333","flip_h","False","False"
"Glioma__enh_416","train","Glioma","original","Glioma/enh_416.png","Meningioma__enh_1474","val","Meningioma","brisc2025","Meningioma/enh_1474.png","12","0.985683","0.89011","identity","False","False"
"Glioma__enh_430","train","Glioma","original","Glioma/enh_430.png","Meningioma__enh_1486","test","Meningioma","brisc2025","Meningioma/enh_1486.png","12","0.982949","0.884956","identity","False","False"
"Glioma__enh_443","train","Glioma","original","Glioma/enh_443.png","Meningioma__enh_1633","test","Meningioma","brisc2025","Meningioma/enh_1633.png","11","0.981584","0.919075","identity","False","True"
"Glioma__enh_472","train","Glioma","original","Glioma/enh_472.png","Meningioma__enh_1523","val","Meningioma","brisc2025","Meningioma/enh_1523.png","12","0.987533","0.868421","identity","False","False"
"Glioma__enh_504","train","Glioma","original","Glioma/enh_504.png","Meningioma__enh_1555","test","Meningioma","brisc2025","Meningioma/enh_1555.png","12","0.984358","0.857143","identity","False","False"
"Glioma__enh_565","train","Glioma","brisc2025","Glioma/enh_565.png","Glioma__enh_1107","test","Glioma","brisc2025","Glioma/enh_1107.png","7","0.999885","0.518519","flip_h","True","False"
"Glioma__enh_573","train","Glioma","brisc2025","Glioma/enh_573.png","Glioma__enh_1060","val","Glioma","brisc2025","Glioma/enh_1060.png","11","0.99988","0.956897","flip_h","False","True"
"Glioma__enh_622","train","Glioma","brisc2025","Glioma/enh_622.png","Glioma__enh_1321","test","Glioma","brisc2025","Glioma/enh_1321.png","7","0.999931","1","flip_h","True","True"
"Glioma__enh_627","train","Glioma","brisc2025","Glioma/enh_627.png","Glioma__enh_1349","test","Glioma","brisc2025","Glioma/enh_1349.png","4","0.999935","0.921429","flip_h","True","True"
"Glioma__enh_639","train","Glioma","brisc2025","Glioma/enh_639.png","Glioma__enh_1251","val","Glioma","brisc2025","Glioma/enh_1251.png","8","0.999886","0.822222","flip_h","True","False"
"Glioma__enh_647","train","Glioma","brisc2025","Glioma/enh_647.png","Glioma__enh_1313","test","Glioma","brisc2025","Glioma/enh_1313.png","4","0.999922","0.516129","flip_h","True","False"
"Glioma__enh_649","train","Glioma","brisc2025","Glioma/enh_649.png","Glioma__enh_633","val","Glioma","brisc2025","Glioma/enh_633.png","12","0.999886","0.896552","flip_h","False","False"
"Glioma__enh_663","train","Glioma","brisc2025","Glioma/enh_663.png","Glioma__enh_1214","test","Glioma","brisc2025","Glioma/enh_1214.png","11","0.99987","0.957447","flip_h","False","True"
"Glioma__enh_777","train","Glioma","brisc2025","Glioma/enh_777.png","Glioma__enh_1613","test","Glioma","brisc2025","Glioma/enh_1613.png","10","0.999909","0.831776","flip_h","False","False"
"Glioma__enh_789","train","Glioma","brisc2025","Glioma/enh_789.png","Glioma__enh_608","test","Glioma","brisc2025","Glioma/enh_608.png","11","0.999942","0.868327","flip_h","False","False"
"Glioma__enh_801","train","Glioma","brisc2025","Glioma/enh_801.png","Glioma__enh_856","test","Glioma","brisc2025","Glioma/enh_856.png","8","0.999888","0.841772","flip_h","True","False"
"Glioma__enh_803","train","Glioma","brisc2025","Glioma/enh_803.png","Glioma__enh_904","val","Glioma","brisc2025","Glioma/enh_904.png","7","0.999802","0.636364","flip_h","True","False"
"Glioma__enh_809","train","Glioma","brisc2025","Glioma/enh_809.png","Glioma__enh_956","test","Glioma","brisc2025","Glioma/enh_956.png","11","0.999917","0.724138","flip_h","False","False"
"Glioma__enh_814","train","Glioma","brisc2025","Glioma/enh_814.png","Glioma__enh_1016","test","Glioma","brisc2025","Glioma/enh_1016.png","12","0.999909","0.903226","flip_h","False","True"
"Glioma__enh_821","train","Glioma","brisc2025","Glioma/enh_821.png","Glioma__enh_1097","test","Glioma","brisc2025","Glioma/enh_1097.png","10","0.999843","0.906832","flip_h","False","True"
"Glioma__enh_870","train","Glioma","brisc2025","Glioma/enh_870.png","Glioma__enh_558","test","Glioma","brisc2025","Glioma/enh_558.png","9","0.999899","0.60241","flip_h","False","False"
"Glioma__enh_873","train","Glioma","brisc2025","Glioma/enh_873.png","Glioma__enh_818","val","Glioma","brisc2025","Glioma/enh_818.png","7","0.999851","0.304348","flip_h","True","False"
"Glioma__enh_875","train","Glioma","brisc2025","Glioma/enh_875.png","Glioma__enh_559","val","Glioma","brisc2025","Glioma/enh_559.png","5","0.999872","0.8","flip_h","True","False"
"Glioma__enh_951","train","Glioma","brisc2025","Glioma/enh_951.png","Glioma__enh_545","val","Glioma","brisc2025","Glioma/enh_545.png","11","0.999893","0.367021","flip_h","False","False"
"Glioma__enh_1084","train","Glioma","brisc2025","Glioma/enh_1084.png","Glioma__enh_820","test","Glioma","brisc2025","Glioma/enh_820.png","7","0.999893","0.759036","flip_h","True","False"
"Glioma__enh_1088","train","Glioma","brisc2025","Glioma/enh_1088.png","Glioma__enh_561","val","Glioma","brisc2025","Glioma/enh_561.png","9","0.999906","1","flip_h","False","True"
"Glioma__enh_1091","train","Glioma","brisc2025","Glioma/enh_1091.png","Glioma__enh_562","test","Glioma","brisc2025","Glioma/enh_562.png","5","0.999891","0.21978","flip_h","True","False"
"Glioma__enh_1184","train","Glioma","brisc2025","Glioma/enh_1184.png","Glioma__enh_1467","val","Glioma","brisc2025","Glioma/enh_1467.png","9","0.999877","0.095238","flip_h","False","False"
"Glioma__enh_1189","train","Glioma","brisc2025","Glioma/enh_1189.png","Glioma__enh_1504","val","Glioma","brisc2025","Glioma/enh_1504.png","10","0.999896","0.467532","flip_h","False","False"
"Glioma__enh_1195","train","Glioma","brisc2025","Glioma/enh_1195.png","Glioma__enh_1550","test","Glioma","brisc2025","Glioma/enh_1550.png","9","0.999887","0.756757","flip_h","False","False"
"Glioma__enh_1196","train","Glioma","brisc2025","Glioma/enh_1196.png","Meningioma__enh_358","val","Meningioma","original","Meningioma/enh_358.png","10","0.978762","0.794118","identity","False","False"
"Glioma__enh_1197","train","Glioma","brisc2025","Glioma/enh_1197.png","Glioma__enh_1558","val","Glioma","brisc2025","Glioma/enh_1558.png","1","0.999929","0.908602","flip_h","True","True"
"Glioma__enh_1200","train","Glioma","brisc2025","Glioma/enh_1200.png","Glioma__enh_1361","val","Glioma","brisc2025","Glioma/enh_1361.png","6","0.999919","0.712644","flip_h","True","False"
"Glioma__enh_1201","train","Glioma","brisc2025","Glioma/enh_1201.png","Meningioma__enh_71","test","Meningioma","original","Meningioma/enh_71.png","9","0.979462","0.205882","identity","False","False"
"Glioma__enh_1205","train","Glioma","brisc2025","Glioma/enh_1205.png","Glioma__enh_1385","test","Glioma","brisc2025","Glioma/enh_1385.png","8","0.999943","0.935484","flip_h","True","True"
"Glioma__enh_1207","train","Glioma","brisc2025","Glioma/enh_1207.png","Glioma__enh_1409","val","Glioma","brisc2025","Glioma/enh_1409.png","12","0.99993","0.695238","flip_h","False","False"
"Glioma__enh_1211","train","Glioma","brisc2025","Glioma/enh_1211.png","Meningioma__enh_11","val","Meningioma","original","Meningioma/enh_11.png","8","0.985262","0.770492","identity","True","False"
"Glioma__enh_1215","train","Glioma","brisc2025","Glioma/enh_1215.png","Glioma__enh_1346","test","Glioma","brisc2025","Glioma/enh_1346.png","12","0.999932","0.9375","flip_h","False","True"
"Glioma__enh_1217","train","Glioma","brisc2025","Glioma/enh_1217.png","Glioma__enh_1577","test","Glioma","brisc2025","Glioma/enh_1577.png","11","0.999923","0.890411","flip_h","False","False"
"Glioma__enh_1218","train","Glioma","brisc2025","Glioma/enh_1218.png","Glioma__enh_687","val","Glioma","brisc2025","Glioma/enh_687.png","12","0.999931","0.916667","flip_h","False","True"
"Glioma__enh_1231","train","Glioma","brisc2025","Glioma/enh_1231.png","Glioma__enh_1220","val","Glioma","brisc2025","Glioma/enh_1220.png","7","0.999913","0.858974","flip_h","True","False"
"Glioma__enh_1240","train","Glioma","brisc2025","Glioma/enh_1240.png","Glioma__enh_325","test","Glioma","original","Glioma/enh_325.png","12","0.98265","0.320513","flip_h","False","False"
"Glioma__enh_1243","train","Glioma","brisc2025","Glioma/enh_1243.png","Glioma__enh_1222","test","Glioma","brisc2025","Glioma/enh_1222.png","3","0.999888","0.97619","flip_h","True","True"
"Glioma__enh_1248","train","Glioma","brisc2025","Glioma/enh_1248.png","Glioma__enh_1223","test","Glioma","brisc2025","Glioma/enh_1223.png","9","0.999884","0.775281","flip_h","False","False"
"Glioma__enh_1252","train","Glioma","brisc2025","Glioma/enh_1252.png","Glioma__enh_1224","test","Glioma","brisc2025","Glioma/enh_1224.png","11","0.99986","0.739394","flip_h","False","False"
"Glioma__enh_1294","train","Glioma","brisc2025","Glioma/enh_1294.png","Meningioma__enh_133","val","Meningioma","original","Meningioma/enh_133.png","10","0.98528","0.704348","flip_h","False","False"
"Glioma__enh_1311","train","Glioma","brisc2025","Glioma/enh_1311.png","Glioma__enh_1230","val","Glioma","brisc2025","Glioma/enh_1230.png","11","0.999907","0.42","flip_h","False","False"
"Glioma__enh_1324","train","Glioma","brisc2025","Glioma/enh_1324.png","Glioma__enh_623","test","Glioma","brisc2025","Glioma/enh_623.png","8","0.999896","0.590164","flip_h","True","False"
"Glioma__enh_1327","train","Glioma","brisc2025","Glioma/enh_1327.png","Glioma__enh_624","test","Glioma","brisc2025","Glioma/enh_624.png","7","0.999928","0.43617","flip_h","True","False"
"Glioma__enh_1341","train","Glioma","brisc2025","Glioma/enh_1341.png","Glioma__enh_626","val","Glioma","brisc2025","Glioma/enh_626.png","9","0.9999","0.906977","flip_h","False","True"
"Glioma__enh_1383","train","Glioma","brisc2025","Glioma/enh_1383.png","Glioma__enh_1204","test","Glioma","brisc2025","Glioma/enh_1204.png","7","0.999882","0.875","flip_h","True","False"
"Glioma__enh_1448","train","Glioma","brisc2025","Glioma/enh_1448.png","Meningioma__enh_201","val","Meningioma","original","Meningioma/enh_201.png","10","0.982438","0.745098","flip_h","False","False"
"Glioma__enh_1473","train","Glioma","brisc2025","Glioma/enh_1473.png","Glioma__enh_1185","test","Glioma","brisc2025","Glioma/enh_1185.png","11","0.999738","0.851852","flip_h","False","False"
"Glioma__enh_1576","train","Glioma","brisc2025","Glioma/enh_1576.png","Glioma__enh_629","test","Glioma","brisc2025","Glioma/enh_629.png","11","0.999934","0.818182","flip_h","False","False"
"Glioma__enh_1608","train","Glioma","brisc2025","Glioma/enh_1608.png","Glioma__enh_1630","val","Glioma","brisc2025","Glioma/enh_1630.png","10","0.999931","0.307018","flip_h","False","False"
"Glioma__enh_1616","train","Glioma","brisc2025","Glioma/enh_1616.png","Glioma__enh_784","test","Glioma","brisc2025","Glioma/enh_784.png","7","0.999937","0.916667","flip_h","True","True"
"Glioma__enh_1888","train","Glioma","brisc2025","Glioma/enh_1888.png","Glioma__enh_1611","val","Glioma","brisc2025","Glioma/enh_1611.png","10","0.999908","0.882353","flip_h","False","False"
"Meningioma__enh_14","train","Meningioma","original","Meningioma/enh_14.png","Glioma__enh_661","val","Glioma","brisc2025","Glioma/enh_661.png","10","0.977502","0.788462","flip_h","False","False"
"Meningioma__enh_15","train","Meningioma","original","Meningioma/enh_15.png","Glioma__enh_1322","val","Glioma","brisc2025","Glioma/enh_1322.png","8","0.977064","0.545455","flip_h","False","False"
"Meningioma__enh_155","train","Meningioma","original","Meningioma/enh_155.png","Glioma__enh_1423","val","Glioma","brisc2025","Glioma/enh_1423.png","12","0.981943","0.646341","flip_h","False","False"
"Meningioma__enh_228","train","Meningioma","original","Meningioma/enh_228.png","Glioma__enh_1465","test","Glioma","brisc2025","Glioma/enh_1465.png","9","0.981306","0.717742","flip_h","False","False"
"Meningioma__enh_233","train","Meningioma","original","Meningioma/enh_233.png","Glioma__enh_1468","test","Glioma","brisc2025","Glioma/enh_1468.png","7","0.986839","0.792079","flip_h","True","False"
"Meningioma__enh_337","train","Meningioma","original","Meningioma/enh_337.png","Glioma__enh_1539","val","Glioma","brisc2025","Glioma/enh_1539.png","11","0.983047","0.583333","flip_h","False","False"
"Meningioma__enh_777","train","Meningioma","brisc2025","Meningioma/enh_777.png","Meningioma__enh_1282","val","Meningioma","brisc2025","Meningioma/enh_1282.png","8","0.999915","0.965517","flip_h","True","True"
"Meningioma__enh_804","train","Meningioma","brisc2025","Meningioma/enh_804.png","Meningioma__enh_1081","val","Meningioma","brisc2025","Meningioma/enh_1081.png","8","0.999928","0.972973","flip_h","True","True"
"Meningioma__enh_808","train","Meningioma","brisc2025","Meningioma/enh_808.png","Meningioma__enh_1169","val","Meningioma","brisc2025","Meningioma/enh_1169.png","7","0.99994","0.827586","flip_h","True","False"
"Meningioma__enh_815","train","Meningioma","brisc2025","Meningioma/enh_815.png","Meningioma__enh_1190","test","Meningioma","brisc2025","Meningioma/enh_1190.png","12","0.999935","0.929412","flip_h","False","True"
"Meningioma__enh_817","train","Meningioma","brisc2025","Meningioma/enh_817.png","Meningioma__enh_1195","test","Meningioma","brisc2025","Meningioma/enh_1195.png","9","0.999934","0.94186","flip_h","False","True"
"Meningioma__enh_820","train","Meningioma","brisc2025","Meningioma/enh_820.png","Meningioma__enh_1206","test","Meningioma","brisc2025","Meningioma/enh_1206.png","9","0.999923","0.864865","flip_h","False","False"
"Meningioma__enh_873","train","Meningioma","brisc2025","Meningioma/enh_873.png","Meningioma__enh_1436","val","Meningioma","brisc2025","Meningioma/enh_1436.png","4","0.999926","0.939759","flip_h","True","True"
"Meningioma__enh_881","train","Meningioma","brisc2025","Meningioma/enh_881.png","Meningioma__enh_1465","val","Meningioma","brisc2025","Meningioma/enh_1465.png","3","0.99993","0.893939","flip_h","True","False"
"Meningioma__enh_884","train","Meningioma","brisc2025","Meningioma/enh_884.png","Meningioma__enh_1474","val","Meningioma","brisc2025","Meningioma/enh_1474.png","9","0.999928","0.922222","flip_h","False","True"
"Meningioma__enh_887","train","Meningioma","brisc2025","Meningioma/enh_887.png","Meningioma__enh_1485","test","Meningioma","brisc2025","Meningioma/enh_1485.png","12","0.999948","0.891304","flip_h","False","False"
"Meningioma__enh_899","train","Meningioma","brisc2025","Meningioma/enh_899.png","Meningioma__enh_1535","test","Meningioma","brisc2025","Meningioma/enh_1535.png","8","0.999911","0.835821","flip_h","True","False"
"Meningioma__enh_902","train","Meningioma","brisc2025","Meningioma/enh_902.png","Meningioma__enh_1545","val","Meningioma","brisc2025","Meningioma/enh_1545.png","9","0.999949","0.965517","flip_h","False","True"
"Meningioma__enh_906","train","Meningioma","brisc2025","Meningioma/enh_906.png","Meningioma__enh_1566","val","Meningioma","brisc2025","Meningioma/enh_1566.png","11","0.999933","0.932099","flip_h","False","True"
"Meningioma__enh_911","train","Meningioma","brisc2025","Meningioma/enh_911.png","Meningioma__enh_1586","test","Meningioma","brisc2025","Meningioma/enh_1586.png","7","0.99991","0.904762","flip_h","True","True"
"Meningioma__enh_916","train","Meningioma","brisc2025","Meningioma/enh_916.png","Meningioma__enh_1595","val","Meningioma","brisc2025","Meningioma/enh_1595.png","10","0.999929","0.319149","flip_h","False","False"
"Meningioma__enh_960","train","Meningioma","brisc2025","Meningioma/enh_960.png","Meningioma__enh_1958","test","Meningioma","brisc2025","Meningioma/enh_1958.png","8","0.999934","1","flip_h","True","True"
"Meningioma__enh_986","train","Meningioma","brisc2025","Meningioma/enh_986.png","Meningioma__enh_2042","val","Meningioma","brisc2025","Meningioma/enh_2042.png","10","0.999894","0.833333","flip_h","False","False"
"Meningioma__enh_990","train","Meningioma","brisc2025","Meningioma/enh_990.png","Meningioma__enh_2057","val","Meningioma","brisc2025","Meningioma/enh_2057.png","11","0.999922","0.88764","flip_h","False","False"
"Meningioma__enh_1008","train","Meningioma","brisc2025","Meningioma/enh_1008.png","Meningioma__enh_1350","val","Meningioma","brisc2025","Meningioma/enh_1350.png","4","0.999936","0.847826","flip_h","True","False"
"Meningioma__enh_1011","train","Meningioma","brisc2025","Meningioma/enh_1011.png","Meningioma__enh_1374","test","Meningioma","brisc2025","Meningioma/enh_1374.png","10","0.999926","0.924528","flip_h","False","True"
"Meningioma__enh_1017","train","Meningioma","brisc2025","Meningioma/enh_1017.png","Meningioma__enh_1276","test","Meningioma","brisc2025","Meningioma/enh_1276.png","9","0.99993","0.684211","flip_h","False","False"
"Meningioma__enh_1036","train","Meningioma","brisc2025","Meningioma/enh_1036.png","Meningioma__enh_1367","val","Meningioma","brisc2025","Meningioma/enh_1367.png","12","0.999932","0.816092","flip_h","False","False"
"Meningioma__enh_1044","train","Meningioma","brisc2025","Meningioma/enh_1044.png","Meningioma__enh_1380","val","Meningioma","brisc2025","Meningioma/enh_1380.png","11","0.999946","0.941964","flip_h","False","True"
"Meningioma__enh_1048","train","Meningioma","brisc2025","Meningioma/enh_1048.png","Meningioma__enh_1387","test","Meningioma","brisc2025","Meningioma/enh_1387.png","11","0.999931","0.958333","flip_h","False","True"
"Meningioma__enh_1049","train","Meningioma","brisc2025","Meningioma/enh_1049.png","Meningioma__enh_1388","test","Meningioma","brisc2025","Meningioma/enh_1388.png","10","0.99993","0.914286","flip_h","False","True"
"Meningioma__enh_1070","train","Meningioma","brisc2025","Meningioma/enh_1070.png","Meningioma__enh_1418","val","Meningioma","brisc2025","Meningioma/enh_1418.png","9","0.999936","0.921053","flip_h","False","True"
"Meningioma__enh_1156","train","Meningioma","brisc2025","Meningioma/enh_1156.png","Meningioma__enh_825","test","Meningioma","brisc2025","Meningioma/enh_825.png","12","0.999933","0.64","flip_h","False","False"
"Meningioma__enh_1166","train","Meningioma","brisc2025","Meningioma/enh_1166.png","Meningioma__enh_1264","val","Meningioma","brisc2025","Meningioma/enh_1264.png","11","0.999898","0.906667","flip_h","False","True"
"Meningioma__enh_1168","train","Meningioma","brisc2025","Meningioma/enh_1168.png","Meningioma__enh_1275","val","Meningioma","brisc2025","Meningioma/enh_1275.png","9","0.999915","0.933962","flip_h","False","True"
"Meningioma__enh_1171","train","Meningioma","brisc2025","Meningioma/enh_1171.png","Meningioma__enh_1283","test","Meningioma","brisc2025","Meningioma/enh_1283.png","7","0.999891","0.769231","flip_h","True","False"
"Meningioma__enh_1174","train","Meningioma","brisc2025","Meningioma/enh_1174.png","Meningioma__enh_1289","test","Meningioma","brisc2025","Meningioma/enh_1289.png","8","0.999927","0.962963","flip_h","True","True"
"Meningioma__enh_1194","train","Meningioma","brisc2025","Meningioma/enh_1194.png","Meningioma__enh_816","test","Meningioma","brisc2025","Meningioma/enh_816.png","10","0.99993","0.833333","flip_h","False","False"
"Meningioma__enh_1221","train","Meningioma","brisc2025","Meningioma/enh_1221.png","Meningioma__enh_1333","test","Meningioma","brisc2025","Meningioma/enh_1333.png","10","0.999929","0.972527","flip_h","False","True"
"Meningioma__enh_1270","train","Meningioma","brisc2025","Meningioma/enh_1270.png","Meningioma__enh_1085","val","Meningioma","brisc2025","Meningioma/enh_1085.png","10","0.999928","0.878261","flip_h","False","False"
"Meningioma__enh_1277","train","Meningioma","brisc2025","Meningioma/enh_1277.png","Meningioma__enh_1009","test","Meningioma","brisc2025","Meningioma/enh_1009.png","5","0.999944","0.916667","flip_h","True","True"
"Meningioma__enh_1299","train","Meningioma","brisc2025","Meningioma/enh_1299.png","Meningioma__enh_1181","test","Meningioma","brisc2025","Meningioma/enh_1181.png","11","0.999924","0.9","flip_h","False","True"
"Meningioma__enh_1306","train","Meningioma","brisc2025","Meningioma/enh_1306.png","Meningioma__enh_1191","test","Meningioma","brisc2025","Meningioma/enh_1191.png","12","0.999943","0.950495","flip_h","False","True"
"Meningioma__enh_1313","train","Meningioma","brisc2025","Meningioma/enh_1313.png","Meningioma__enh_1197","test","Meningioma","brisc2025","Meningioma/enh_1197.png","11","0.999947","0.965517","flip_h","False","True"
"Meningioma__enh_1318","train","Meningioma","brisc2025","Meningioma/enh_1318.png","Meningioma__enh_1202","val","Meningioma","brisc2025","Meningioma/enh_1202.png","12","0.999936","0.8125","flip_h","False","False"
"Meningioma__enh_1326","train","Meningioma","brisc2025","Meningioma/enh_1326.png","Meningioma__enh_1212","test","Meningioma","brisc2025","Meningioma/enh_1212.png","11","0.999873","0.973684","flip_h","False","True"
"Meningioma__enh_1334","train","Meningioma","brisc2025","Meningioma/enh_1334.png","Meningioma__enh_1027","test","Meningioma","brisc2025","Meningioma/enh_1027.png","12","0.999939","0.755102","flip_h","False","False"
"Meningioma__enh_1349","train","Meningioma","brisc2025","Meningioma/enh_1349.png","Meningioma__enh_1099","test","Meningioma","brisc2025","Meningioma/enh_1099.png","10","0.999933","0.88","flip_h","False","False"
"Meningioma__enh_1355","train","Meningioma","brisc2025","Meningioma/enh_1355.png","Meningioma__enh_773","val","Meningioma","brisc2025","Meningioma/enh_773.png","11","0.999943","0.774194","flip_h","False","False"
"Meningioma__enh_1360","train","Meningioma","brisc2025","Meningioma/enh_1360.png","Meningioma__enh_781","val","Meningioma","brisc2025","Meningioma/enh_781.png","12","0.999908","0.9","flip_h","False","True"
"Meningioma__enh_1399","train","Meningioma","brisc2025","Meningioma/enh_1399.png","Meningioma__enh_1056","test","Meningioma","brisc2025","Meningioma/enh_1056.png","12","0.999916","0.88","flip_h","False","False"
"Meningioma__enh_1407","train","Meningioma","brisc2025","Meningioma/enh_1407.png","Meningioma__enh_1062","test","Meningioma","brisc2025","Meningioma/enh_1062.png","12","0.999943","0.967742","flip_h","False","True"
"Meningioma__enh_1422","train","Meningioma","brisc2025","Meningioma/enh_1422.png","Meningioma__enh_1648","val","Meningioma","brisc2025","Meningioma/enh_1648.png","11","0.999945","0.827869","flip_h","False","False"
"Meningioma__enh_1424","train","Meningioma","brisc2025","Meningioma/enh_1424.png","Meningioma__enh_868","val","Meningioma","brisc2025","Meningioma/enh_868.png","9","0.999941","0.969697","flip_h","False","True"
"Meningioma__enh_1428","train","Meningioma","brisc2025","Meningioma/enh_1428.png","Glioma__enh_250","test","Glioma","original","Glioma/enh_250.png","9","0.982872","0.806452","identity","False","False"
"Meningioma__enh_1450","train","Meningioma","brisc2025","Meningioma/enh_1450.png","Glioma__enh_389","val","Glioma","original","Glioma/enh_389.png","10","0.980143","0.840909","identity","False","False"
"Meningioma__enh_1455","train","Meningioma","brisc2025","Meningioma/enh_1455.png","Meningioma__enh_1679","test","Meningioma","brisc2025","Meningioma/enh_1679.png","8","0.999902","0.790698","flip_h","True","False"
"Meningioma__enh_1461","train","Meningioma","brisc2025","Meningioma/enh_1461.png","Meningioma__enh_880","val","Meningioma","brisc2025","Meningioma/enh_880.png","7","0.999936","0.75","flip_h","True","False"
"Meningioma__enh_1463","train","Meningioma","brisc2025","Meningioma/enh_1463.png","Meningioma__enh_1685","val","Meningioma","brisc2025","Meningioma/enh_1685.png","10","0.999938","0.885714","flip_h","False","False"
"Meningioma__enh_1464","train","Meningioma","brisc2025","Meningioma/enh_1464.png","Meningioma__enh_1686","val","Meningioma","brisc2025","Meningioma/enh_1686.png","10","0.999917","0.830986","flip_h","False","False"
"Meningioma__enh_1466","train","Meningioma","brisc2025","Meningioma/enh_1466.png","Meningioma__enh_1688","test","Meningioma","brisc2025","Meningioma/enh_1688.png","12","0.999924","0.909091","flip_h","False","True"
"Meningioma__enh_1473","train","Meningioma","brisc2025","Meningioma/enh_1473.png","Meningioma__enh_1694","val","Meningioma","brisc2025","Meningioma/enh_1694.png","11","0.999909","0.92","flip_h","False","True"
"Meningioma__enh_1482","train","Meningioma","brisc2025","Meningioma/enh_1482.png","Meningioma__enh_1703","val","Meningioma","brisc2025","Meningioma/enh_1703.png","9","0.99995","0.925","flip_h","False","True"
"Meningioma__enh_1519","train","Meningioma","brisc2025","Meningioma/enh_1519.png","Meningioma__enh_1735","test","Meningioma","brisc2025","Meningioma/enh_1735.png","10","0.999933","0.974684","flip_h","False","True"
"Meningioma__enh_1532","train","Meningioma","brisc2025","Meningioma/enh_1532.png","Meningioma__enh_898","val","Meningioma","brisc2025","Meningioma/enh_898.png","6","0.999915","0.920635","flip_h","True","True"
"Meningioma__enh_1536","train","Meningioma","brisc2025","Meningioma/enh_1536.png","Meningioma__enh_1746","val","Meningioma","brisc2025","Meningioma/enh_1746.png","10","0.999932","0.903226","flip_h","False","True"
"Meningioma__enh_1538","train","Meningioma","brisc2025","Meningioma/enh_1538.png","Meningioma__enh_1748","val","Meningioma","brisc2025","Meningioma/enh_1748.png","11","0.99994","0.961538","flip_h","False","True"
"Meningioma__enh_1544","train","Meningioma","brisc2025","Meningioma/enh_1544.png","Meningioma__enh_1753","val","Meningioma","brisc2025","Meningioma/enh_1753.png","11","0.999946","0.933333","flip_h","False","True"
"Meningioma__enh_1552","train","Meningioma","brisc2025","Meningioma/enh_1552.png","Meningioma__enh_1759","val","Meningioma","brisc2025","Meningioma/enh_1759.png","11","0.999921","0.940299","flip_h","False","True"
"Meningioma__enh_1558","train","Meningioma","brisc2025","Meningioma/enh_1558.png","Meningioma__enh_1764","test","Meningioma","brisc2025","Meningioma/enh_1764.png","8","0.999946","0.733333","flip_h","True","False"
"Meningioma__enh_1572","train","Meningioma","brisc2025","Meningioma/enh_1572.png","Meningioma__enh_1774","val","Meningioma","brisc2025","Meningioma/enh_1774.png","9","0.999915","0.92","flip_h","False","True"
"Meningioma__enh_1573","train","Meningioma","brisc2025","Meningioma/enh_1573.png","Meningioma__enh_1775","test","Meningioma","brisc2025","Meningioma/enh_1775.png","6","0.999947","0.964912","flip_h","True","True"
"Meningioma__enh_1601","train","Meningioma","brisc2025","Meningioma/enh_1601.png","Meningioma__enh_1808","val","Meningioma","brisc2025","Meningioma/enh_1808.png","12","0.999919","0.961538","flip_h","False","True"
"Meningioma__enh_1604","train","Meningioma","brisc2025","Meningioma/enh_1604.png","Meningioma__enh_1810","val","Meningioma","brisc2025","Meningioma/enh_1810.png","5","0.999927","0.963415","flip_h","True","True"
"Meningioma__enh_1613","train","Meningioma","brisc2025","Meningioma/enh_1613.png","Meningioma__enh_1816","val","Meningioma","brisc2025","Meningioma/enh_1816.png","10","0.999905","0.98","flip_h","False","True"
"Meningioma__enh_1616","train","Meningioma","brisc2025","Meningioma/enh_1616.png","Meningioma__enh_1818","val","Meningioma","brisc2025","Meningioma/enh_1818.png","8","0.999939","0.9","flip_h","True","True"
"Meningioma__enh_1618","train","Meningioma","brisc2025","Meningioma/enh_1618.png","Meningioma__enh_922","test","Meningioma","brisc2025","Meningioma/enh_922.png","11","0.999936","0.932331","flip_h","False","True"
"Meningioma__enh_1628","train","Meningioma","brisc2025","Meningioma/enh_1628.png","Meningioma__enh_1711","val","Meningioma","brisc2025","Meningioma/enh_1711.png","11","0.99995","0.833333","flip_h","False","False"
"Meningioma__enh_1629","train","Meningioma","brisc2025","Meningioma/enh_1629.png","Meningioma__enh_889","test","Meningioma","brisc2025","Meningioma/enh_889.png","11","0.999951","1","flip_h","False","True"
"Meningioma__enh_1630","train","Meningioma","brisc2025","Meningioma/enh_1630.png","Meningioma__enh_1712","val","Meningioma","brisc2025","Meningioma/enh_1712.png","11","0.999934","0.950495","flip_h","False","True"
"Meningioma__enh_1638","train","Meningioma","brisc2025","Meningioma/enh_1638.png","Meningioma__enh_1720","val","Meningioma","brisc2025","Meningioma/enh_1720.png","9","0.999921","0.859375","flip_h","False","False"
"Meningioma__enh_1639","train","Meningioma","brisc2025","Meningioma/enh_1639.png","Meningioma__enh_1721","test","Meningioma","brisc2025","Meningioma/enh_1721.png","10","0.99992","0.916129","flip_h","False","True"
"Meningioma__enh_1642","train","Meningioma","brisc2025","Meningioma/enh_1642.png","Meningioma__enh_1723","val","Meningioma","brisc2025","Meningioma/enh_1723.png","10","0.999936","0.94","flip_h","False","True"
"Meningioma__enh_1644","train","Meningioma","brisc2025","Meningioma/enh_1644.png","Meningioma__enh_1724","val","Meningioma","brisc2025","Meningioma/enh_1724.png","11","0.999945","0.903226","flip_h","False","True"
"Meningioma__enh_1682","train","Meningioma","brisc2025","Meningioma/enh_1682.png","Meningioma__enh_1459","test","Meningioma","brisc2025","Meningioma/enh_1459.png","8","0.999889","0.97619","flip_h","True","True"
"Meningioma__enh_1689","train","Meningioma","brisc2025","Meningioma/enh_1689.png","Meningioma__enh_1467","test","Meningioma","brisc2025","Meningioma/enh_1467.png","8","0.999914","0.883721","flip_h","True","False"
"Meningioma__enh_1690","train","Meningioma","brisc2025","Meningioma/enh_1690.png","Meningioma__enh_1469","test","Meningioma","brisc2025","Meningioma/enh_1469.png","6","0.999947","0.802326","flip_h","True","False"
"Meningioma__enh_1706","train","Meningioma","brisc2025","Meningioma/enh_1706.png","Meningioma__enh_1486","test","Meningioma","brisc2025","Meningioma/enh_1486.png","10","0.999955","0.919643","flip_h","False","True"
"Meningioma__enh_1708","train","Meningioma","brisc2025","Meningioma/enh_1708.png","Meningioma__enh_1623","val","Meningioma","brisc2025","Meningioma/enh_1623.png","10","0.999947","0.905882","flip_h","False","True"
"Meningioma__enh_1714","train","Meningioma","brisc2025","Meningioma/enh_1714.png","Meningioma__enh_1633","test","Meningioma","brisc2025","Meningioma/enh_1633.png","9","0.99993","0.964072","flip_h","False","True"
"Meningioma__enh_1730","train","Meningioma","brisc2025","Meningioma/enh_1730.png","Meningioma__enh_1513","test","Meningioma","brisc2025","Meningioma/enh_1513.png","10","0.999945","0.758621","flip_h","False","False"
"Meningioma__enh_1731","train","Meningioma","brisc2025","Meningioma/enh_1731.png","Meningioma__enh_1514","val","Meningioma","brisc2025","Meningioma/enh_1514.png","11","0.999942","0.861111","flip_h","False","False"
"Meningioma__enh_1737","train","Meningioma","brisc2025","Meningioma/enh_1737.png","Meningioma__enh_1522","val","Meningioma","brisc2025","Meningioma/enh_1522.png","10","0.99994","0.920354","flip_h","False","True"
"Meningioma__enh_1760","train","Meningioma","brisc2025","Meningioma/enh_1760.png","Meningioma__enh_1553","val","Meningioma","brisc2025","Meningioma/enh_1553.png","8","0.999921","0.971831","flip_h","True","True"
"Meningioma__enh_1761","train","Meningioma","brisc2025","Meningioma/enh_1761.png","Meningioma__enh_1554","val","Meningioma","brisc2025","Meningioma/enh_1554.png","10","0.999917","0.87931","flip_h","False","False"
"Meningioma__enh_1762","train","Meningioma","brisc2025","Meningioma/enh_1762.png","Meningioma__enh_1555","test","Meningioma","brisc2025","Meningioma/enh_1555.png","11","0.999946","0.915254","flip_h","False","True"
"Meningioma__enh_1763","train","Meningioma","brisc2025","Meningioma/enh_1763.png","Meningioma__enh_1556","test","Meningioma","brisc2025","Meningioma/enh_1556.png","8","0.999942","0.928571","flip_h","True","True"
"Meningioma__enh_1794","train","Meningioma","brisc2025","Meningioma/enh_1794.png","Meningioma__enh_1539","test","Meningioma","brisc2025","Meningioma/enh_1539.png","8","0.999934","0.958904","flip_h","True","True"
"Meningioma__enh_1797","train","Meningioma","brisc2025","Meningioma/enh_1797.png","Meningioma__enh_1578","val","Meningioma","brisc2025","Meningioma/enh_1578.png","7","0.999926","0.958904","flip_h","True","True"
"Meningioma__enh_1804","train","Meningioma","brisc2025","Meningioma/enh_1804.png","Meningioma__enh_1596","test","Meningioma","brisc2025","Meningioma/enh_1596.png","10","0.999949","0.921053","flip_h","False","True"
"Meningioma__enh_1847","train","Meningioma","brisc2025","Meningioma/enh_1847.png","Meningioma__enh_2097","val","Meningioma","brisc2025","Meningioma/enh_2097.png","12","0.999915","0.835443","flip_h","False","False"
"Meningioma__enh_1867","train","Meningioma","brisc2025","Meningioma/enh_1867.png","Meningioma__enh_946","val","Meningioma","brisc2025","Meningioma/enh_946.png","12","0.999898","0.858974","flip_h","False","False"
"Meningioma__enh_1869","train","Meningioma","brisc2025","Meningioma/enh_1869.png","Meningioma__enh_2115","test","Meningioma","brisc2025","Meningioma/enh_2115.png","12","0.999901","0.848485","flip_h","False","False"
"Meningioma__enh_1878","train","Meningioma","brisc2025","Meningioma/enh_1878.png","Meningioma__enh_2278","val","Meningioma","brisc2025","Meningioma/enh_2278.png","6","0.999925","0.891892","flip_h","True","False"
"Meningioma__enh_1904","train","Meningioma","brisc2025","Meningioma/enh_1904.png","Meningioma__enh_947","val","Meningioma","brisc2025","Meningioma/enh_947.png","10","0.999937","0.888889","flip_h","False","False"
"Meningioma__enh_1905","train","Meningioma","brisc2025","Meningioma/enh_1905.png","Meningioma__enh_2116","val","Meningioma","brisc2025","Meningioma/enh_2116.png","9","0.999923","0.921053","flip_h","False","True"
"Meningioma__enh_1931","train","Meningioma","brisc2025","Meningioma/enh_1931.png","Meningioma__enh_2137","val","Meningioma","brisc2025","Meningioma/enh_2137.png","9","0.999792","0.676471","flip_h","False","False"
"Meningioma__enh_1937","train","Meningioma","brisc2025","Meningioma/enh_1937.png","Meningioma__enh_2143","val","Meningioma","brisc2025","Meningioma/enh_2143.png","12","0.999966","0.878049","flip_h","False","False"
"Meningioma__enh_1956","train","Meningioma","brisc2025","Meningioma/enh_1956.png","Meningioma__enh_2155","val","Meningioma","brisc2025","Meningioma/enh_2155.png","7","0.999915","0.934959","flip_h","True","True"
"Meningioma__enh_1957","train","Meningioma","brisc2025","Meningioma/enh_1957.png","Meningioma__enh_2156","val","Meningioma","brisc2025","Meningioma/enh_2156.png","8","0.999927","0.944954","flip_h","True","True"
"Meningioma__enh_1964","train","Meningioma","brisc2025","Meningioma/enh_1964.png","Meningioma__enh_961","test","Meningioma","brisc2025","Meningioma/enh_961.png","12","0.999936","0.910448","flip_h","False","True"
"Meningioma__enh_1986","train","Meningioma","brisc2025","Meningioma/enh_1986.png","Meningioma__enh_2176","test","Meningioma","brisc2025","Meningioma/enh_2176.png","12","0.99993","0.956522","flip_h","False","True"
"Meningioma__enh_1987","train","Meningioma","brisc2025","Meningioma/enh_1987.png","Meningioma__enh_2177","test","Meningioma","brisc2025","Meningioma/enh_2177.png","11","0.999909","0.873016","flip_h","False","False"
"Meningioma__enh_1994","train","Meningioma","brisc2025","Meningioma/enh_1994.png","Meningioma__enh_979","val","Meningioma","brisc2025","Meningioma/enh_979.png","6","0.999892","0.962963","flip_h","True","True"
"Meningioma__enh_2046","train","Meningioma","brisc2025","Meningioma/enh_2046.png","Meningioma__enh_987","val","Meningioma","brisc2025","Meningioma/enh_987.png","7","0.999923","0.730769","flip_h","True","False"
"Meningioma__enh_2059","train","Meningioma","brisc2025","Meningioma/enh_2059.png","Meningioma__enh_2248","test","Meningioma","brisc2025","Meningioma/enh_2248.png","8","0.999913","0.931034","flip_h","True","True"
"Meningioma__enh_2071","train","Meningioma","brisc2025","Meningioma/enh_2071.png","Meningioma__enh_2256","test","Meningioma","brisc2025","Meningioma/enh_2256.png","11","0.999938","0.943662","flip_h","False","True"
"Meningioma__enh_2100","train","Meningioma","brisc2025","Meningioma/enh_2100.png","Meningioma__enh_1849","test","Meningioma","brisc2025","Meningioma/enh_1849.png","11","0.999925","0.92","flip_h","False","True"
"Meningioma__enh_2112","train","Meningioma","brisc2025","Meningioma/enh_2112.png","Meningioma__enh_1865","test","Meningioma","brisc2025","Meningioma/enh_1865.png","8","0.999915","0.91954","flip_h","True","True"
"Meningioma__enh_2113","train","Meningioma","brisc2025","Meningioma/enh_2113.png","Meningioma__enh_1866","val","Meningioma","brisc2025","Meningioma/enh_1866.png","8","0.999903","0.978261","flip_h","True","True"
"Meningioma__enh_2127","train","Meningioma","brisc2025","Meningioma/enh_2127.png","Meningioma__enh_1919","val","Meningioma","brisc2025","Meningioma/enh_1919.png","12","0.999919","0.918367","flip_h","False","True"
"Meningioma__enh_2182","train","Meningioma","brisc2025","Meningioma/enh_2182.png","Meningioma__enh_1995","test","Meningioma","brisc2025","Meningioma/enh_1995.png","7","0.999886","0.954545","flip_h","True","True"
"Meningioma__enh_2191","train","Meningioma","brisc2025","Meningioma/enh_2191.png","Meningioma__enh_2006","test","Meningioma","brisc2025","Meningioma/enh_2006.png","10","0.999921","0.758621","flip_h","False","False"
"Meningioma__enh_2199","train","Meningioma","brisc2025","Meningioma/enh_2199.png","Meningioma__enh_2029","test","Meningioma","brisc2025","Meningioma/enh_2029.png","10","0.99994","0.95122","flip_h","False","True"
"Meningioma__enh_2210","train","Meningioma","brisc2025","Meningioma/enh_2210.png","Meningioma__enh_1938","val","Meningioma","brisc2025","Meningioma/enh_1938.png","10","0.999903","0.916667","flip_h","False","True"
"Meningioma__enh_2230","train","Meningioma","brisc2025","Meningioma/enh_2230.png","Meningioma__enh_2033","val","Meningioma","brisc2025","Meningioma/enh_2033.png","11","0.9999","0.801802","flip_h","False","False"
"Meningioma__enh_2246","train","Meningioma","brisc2025","Meningioma/enh_2246.png","Meningioma__enh_2056","test","Meningioma","brisc2025","Meningioma/enh_2056.png","11","0.999938","0.827957","flip_h","False","False"
"Meningioma__enh_2263","train","Meningioma","brisc2025","Meningioma/enh_2263.png","Meningioma__enh_2080","test","Meningioma","brisc2025","Meningioma/enh_2080.png","12","0.999934","0.916667","flip_h","False","True"
"Meningioma__enh_2271","train","Meningioma","brisc2025","Meningioma/enh_2271.png","Meningioma__enh_2090","val","Meningioma","brisc2025","Meningioma/enh_2090.png","12","0.999947","0.932584","flip_h","False","True"
"Meningioma__enh_2289","train","Meningioma","brisc2025","Meningioma/enh_2289.png","Meningioma__enh_1894","test","Meningioma","brisc2025","Meningioma/enh_1894.png","10","0.999928","0.935065","flip_h","False","True"
"Pituitary tumor__enh_84","train","Pituitary tumor","original","Pituitary tumor/enh_84.png","Pituitary tumor__enh_923","test","Pituitary tumor","brisc2025","Pituitary tumor/enh_923.png","12","0.988308","0.896552","identity","False","False"
"Pituitary tumor__enh_85","train","Pituitary tumor","original","Pituitary tumor/enh_85.png","Pituitary tumor__enh_1499","test","Pituitary tumor","brisc2025","Pituitary tumor/enh_1499.png","11","0.987069","0.652174","flip_h","False","False"
"Pituitary tumor__enh_221","train","Pituitary tumor","original","Pituitary tumor/enh_221.png","Pituitary tumor__enh_1598","val","Pituitary tumor","brisc2025","Pituitary tumor/enh_1598.png","11","0.992474","0.326087","flip_h","False","False"
"Pituitary tumor__enh_329","train","Pituitary tumor","original","Pituitary tumor/enh_329.png","Pituitary tumor__enh_1087","val","Pituitary tumor","brisc2025","Pituitary tumor/enh_1087.png","11","0.978344","0.126126","flip_h","False","False"
"Pituitary tumor__enh_329","train","Pituitary tumor","original","Pituitary tumor/enh_329.png","Pituitary tumor__enh_1885","test","Pituitary tumor","brisc2025","Pituitary tumor/enh_1885.png","12","0.978414","0.185185","identity","False","False"
"Pituitary tumor__enh_386","train","Pituitary tumor","original","Pituitary tumor/enh_386.png","Pituitary tumor__enh_1101","test","Pituitary tumor","brisc2025","Pituitary tumor/enh_1101.png","11","0.980957","0.6","flip_h","False","False"
"Pituitary tumor__enh_526","train","Pituitary tumor","original","Pituitary tumor/enh_526.png","Pituitary tumor__enh_2290","test","Pituitary tumor","brisc2025","Pituitary tumor/enh_2290.png","11","0.965656","0.869565","identity","False","False"
"Pituitary tumor__enh_585","train","Pituitary tumor","original","Pituitary tumor/enh_585.png","Pituitary tumor__enh_2567","test","Pituitary tumor","brisc2025","Pituitary tumor/enh_2567.png","12","0.958489","0.824561","flip_h","False","False"
"Pituitary tumor__enh_665","train","Pituitary tumor","original","Pituitary tumor/enh_665.png","Pituitary tumor__enh_2621","val","Pituitary tumor","brisc2025","Pituitary tumor/enh_2621.png","12","0.971449","0.560976","flip_h","False","False"
"Pituitary tumor__enh_930","train","Pituitary tumor","brisc2025","Pituitary tumor/enh_930.png","Pituitary tumor__enh_1523","test","Pituitary tumor","brisc2025","Pituitary tumor/enh_1523.png","10","0.999936","0.92","flip_h","False","True"
"Pituitary tumor__enh_932","train","Pituitary tumor","brisc2025","Pituitary tumor/enh_932.png","Pituitary tumor__enh_1006","test","Pituitary tumor","brisc2025","Pituitary tumor/enh_1006.png","10","0.999937","0.857143","flip_h","False","False"
"Pituitary tumor__enh_938","train","Pituitary tumor","brisc2025","Pituitary tumor/enh_938.png","Pituitary tumor__enh_1016","test","Pituitary tumor","brisc2025","Pituitary tumor/enh_1016.png","5","0.999953","0.95614","flip_h","True","True"
"Pituitary tumor__enh_939","train","Pituitary tumor","brisc2025","Pituitary tumor/enh_939.png","Pituitary tumor__enh_1564","val","Pituitary tumor","brisc2025","Pituitary tumor/enh_1564.png","10","0.999891","0.743243","flip_h","False","False"
"Pituitary tumor__enh_940","train","Pituitary tumor","brisc2025","Pituitary tumor/enh_940.png","Pituitary tumor__enh_1572","val","Pituitary tumor","brisc2025","Pituitary tumor/enh_1572.png","9","0.999912","0.875","flip_h","False","False"
"Pituitary tumor__enh_943","train","Pituitary tumor","brisc2025","Pituitary tumor/enh_943.png","Pituitary tumor__enh_1581","test","Pituitary tumor","brisc2025","Pituitary tumor/enh_1581.png","7","0.999887","0.388889","flip_h","True","False"
"Pituitary tumor__enh_947","train","Pituitary tumor","brisc2025","Pituitary tumor/enh_947.png","Pituitary tumor__enh_1598","val","Pituitary tumor","brisc2025","Pituitary tumor/enh_1598.png","4","0.999933","0.723404","flip_h","True","False"
"Pituitary tumor__enh_956","train","Pituitary tumor","brisc2025","Pituitary tumor/enh_956.png","Pituitary tumor__enh_1629","val","Pituitary tumor","brisc2025","Pituitary tumor/enh_1629.png","10","0.999895","0.92","flip_h","False","True"
"Pituitary tumor__enh_969","train","Pituitary tumor","brisc2025","Pituitary tumor/enh_969.png","Pituitary tumor__enh_1471","val","Pituitary tumor","brisc2025","Pituitary tumor/enh_1471.png","7","0.999887","0.8125","flip_h","True","False"
"Pituitary tumor__enh_990","train","Pituitary tumor","brisc2025","Pituitary tumor/enh_990.png","Pituitary tumor__enh_1246","test","Pituitary tumor","brisc2025","Pituitary tumor/enh_1246.png","3","0.999935","0.770833","flip_h","True","False"
"Pituitary tumor__enh_996","train","Pituitary tumor","brisc2025","Pituitary tumor/enh_996.png","Pituitary tumor__enh_1271","test","Pituitary tumor","brisc2025","Pituitary tumor/enh_1271.png","8","0.99995","0.416667","flip_h","True","False"
"Pituitary tumor__enh_1000","train","Pituitary tumor","brisc2025","Pituitary tumor/enh_1000.png","Pituitary tumor__enh_1283","val","Pituitary tumor","brisc2025","Pituitary tumor/enh_1283.png","8","0.999907","0.882353","flip_h","True","False"
"Pituitary tumor__enh_1005","train","Pituitary tumor","brisc2025","Pituitary tumor/enh_1005.png","Pituitary tumor__enh_931","val","Pituitary tumor","brisc2025","Pituitary tumor/enh_931.png","10","0.999945","0.7","flip_h","False","False"
"Pituitary tumor__enh_1029","train","Pituitary tumor","brisc2025","Pituitary tumor/enh_1029.png","Pituitary tumor__enh_1344","val","Pituitary tumor","brisc2025","Pituitary tumor/enh_1344.png","7","0.999935","0.75","flip_h","True","False"
"Pituitary tumor__enh_1032","train","Pituitary tumor","brisc2025","Pituitary tumor/enh_1032.png","Pituitary tumor__enh_949","val","Pituitary tumor","brisc2025","Pituitary tumor/enh_949.png","10","0.999894","0.75","flip_h","False","False"
"Pituitary tumor__enh_1040","train","Pituitary tumor","brisc2025","Pituitary tumor/enh_1040.png","Pituitary tumor__enh_1374","test","Pituitary tumor","brisc2025","Pituitary tumor/enh_1374.png","3","0.999938","0.96875","flip_h","True","True"
"Pituitary tumor__enh_1046","train","Pituitary tumor","brisc2025","Pituitary tumor/enh_1046.png","Pituitary tumor__enh_1977","val","Pituitary tumor","brisc2025","Pituitary tumor/enh_1977.png","10","0.999882","0.7","flip_h","False","False"
"Pituitary tumor__enh_1063","train","Pituitary tumor","brisc2025","Pituitary tumor/enh_1063.png","Pituitary tumor__enh_1754","test","Pituitary tumor","brisc2025","Pituitary tumor/enh_1754.png","6","0.999919","0.837209","flip_h","True","False"
"Pituitary tumor__enh_1071","train","Pituitary tumor","brisc2025","Pituitary tumor/enh_1071.png","Pituitary tumor__enh_1696","val","Pituitary tumor","brisc2025","Pituitary tumor/enh_1696.png","9","0.999865","0.94382","flip_h","False","True"
"Pituitary tumor__enh_1082","train","Pituitary tumor","brisc2025","Pituitary tumor/enh_1082.png","Pituitary tumor__enh_1871","test","Pituitary tumor","brisc2025","Pituitary tumor/enh_1871.png","12","0.999889","0.9","flip_h","False","True"
"Pituitary tumor__enh_1102","train","Pituitary tumor","brisc2025","Pituitary tumor/enh_1102.png","Pituitary tumor__enh_1706","val","Pituitary tumor","brisc2025","Pituitary tumor/enh_1706.png","6","0.999893","1","flip_h","True","True"
"Pituitary tumor__enh_1104","train","Pituitary tumor","brisc2025","Pituitary tumor/enh_1104.png","Pituitary tumor__enh_1711","val","Pituitary tumor","brisc2025","Pituitary tumor/enh_1711.png","8","0.999876","0.882353","flip_h","True","False"
"Pituitary tumor__enh_1109","train","Pituitary tumor","brisc2025","Pituitary tumor/enh_1109.png","Pituitary tumor__enh_1723","test","Pituitary tumor","brisc2025","Pituitary tumor/enh_1723.png","9","0.999905","0.846154","flip_h","False","False"
"Pituitary tumor__enh_1117","train","Pituitary tumor","brisc2025","Pituitary tumor/enh_1117.png","Pituitary tumor__enh_1642","test","Pituitary tumor","brisc2025","Pituitary tumor/enh_1642.png","12","0.99994","0.944444","flip_h","False","True"
"Pituitary tumor__enh_1118","train","Pituitary tumor","brisc2025","Pituitary tumor/enh_1118.png","Pituitary tumor__enh_1646","test","Pituitary tumor","brisc2025","Pituitary tumor/enh_1646.png","6","0.999925","0.481481","flip_h","True","False"
"Pituitary tumor__enh_1123","train","Pituitary tumor","brisc2025","Pituitary tumor/enh_1123.png","Pituitary tumor__enh_1667","val","Pituitary tumor","brisc2025","Pituitary tumor/enh_1667.png","11","0.999922","0.917808","flip_h","False","True"
"Pituitary tumor__enh_1140","train","Pituitary tumor","brisc2025","Pituitary tumor/enh_1140.png","Pituitary tumor__enh_2326","val","Pituitary tumor","brisc2025","Pituitary tumor/enh_2326.png","8","0.999908","0.928571","flip_h","True","True"
"Pituitary tumor__enh_1146","train","Pituitary tumor","brisc2025","Pituitary tumor/enh_1146.png","Pituitary tumor__enh_2345","val","Pituitary tumor","brisc2025","Pituitary tumor/enh_2345.png","5","0.999907","0.807018","flip_h","True","False"
"Pituitary tumor__enh_1155","train","Pituitary tumor","brisc2025","Pituitary tumor/enh_1155.png","Pituitary tumor__enh_2370","val","Pituitary tumor","brisc2025","Pituitary tumor/enh_2370.png","10","0.999867","0.724138","flip_h","False","False"
"Pituitary tumor__enh_1161","train","Pituitary tumor","brisc2025","Pituitary tumor/enh_1161.png","Pituitary tumor__enh_2388","val","Pituitary tumor","brisc2025","Pituitary tumor/enh_2388.png","12","0.999897","1","flip_h","False","True"
"Pituitary tumor__enh_1169","train","Pituitary tumor","brisc2025","Pituitary tumor/enh_1169.png","Pituitary tumor__enh_2259","test","Pituitary tumor","brisc2025","Pituitary tumor/enh_2259.png","8","0.999939","0.785714","flip_h","True","False"
"Pituitary tumor__enh_1172","train","Pituitary tumor","brisc2025","Pituitary tumor/enh_1172.png","Pituitary tumor__enh_2271","val","Pituitary tumor","brisc2025","Pituitary tumor/enh_2271.png","9","0.999814","0.6875","flip_h","False","False"
"Pituitary tumor__enh_1174","train","Pituitary tumor","brisc2025","Pituitary tumor/enh_1174.png","Pituitary tumor__enh_2279","val","Pituitary tumor","brisc2025","Pituitary tumor/enh_2279.png","8","0.999842","0.84","flip_h","True","False"
"Pituitary tumor__enh_1177","train","Pituitary tumor","brisc2025","Pituitary tumor/enh_1177.png","Pituitary tumor__enh_2289","test","Pituitary tumor","brisc2025","Pituitary tumor/enh_2289.png","8","0.999839","0.593407","flip_h","True","False"
"Pituitary tumor__enh_1185","train","Pituitary tumor","brisc2025","Pituitary tumor/enh_1185.png","Pituitary tumor__enh_2317","val","Pituitary tumor","brisc2025","Pituitary tumor/enh_2317.png","4","0.999894","0.58209","flip_h","True","False"
"Pituitary tumor__enh_1188","train","Pituitary tumor","brisc2025","Pituitary tumor/enh_1188.png","Pituitary tumor__enh_2157","test","Pituitary tumor","brisc2025","Pituitary tumor/enh_2157.png","6","0.999918","0.945813","flip_h","True","True"
"Pituitary tumor__enh_1190","train","Pituitary tumor","brisc2025","Pituitary tumor/enh_1190.png","Pituitary tumor__enh_2164","val","Pituitary tumor","brisc2025","Pituitary tumor/enh_2164.png","4","0.999861","0.959459","flip_h","True","True"
"Pituitary tumor__enh_1191","train","Pituitary tumor","brisc2025","Pituitary tumor/enh_1191.png","Pituitary tumor__enh_2168","val","Pituitary tumor","brisc2025","Pituitary tumor/enh_2168.png","11","0.999894","0.235294","flip_h","False","False"
"Pituitary tumor__enh_1192","train","Pituitary tumor","brisc2025","Pituitary tumor/enh_1192.png","Pituitary tumor__enh_2172","test","Pituitary tumor","brisc2025","Pituitary tumor/enh_2172.png","12","0.999887","0.961538","flip_h","False","True"
"Pituitary tumor__enh_1193","train","Pituitary tumor","brisc2025","Pituitary tumor/enh_1193.png","Pituitary tumor__enh_2176","val","Pituitary tumor","brisc2025","Pituitary tumor/enh_2176.png","11","0.999846","0.833333","flip_h","False","False"
"Pituitary tumor__enh_1198","train","Pituitary tumor","brisc2025","Pituitary tumor/enh_1198.png","Pituitary tumor__enh_2195","test","Pituitary tumor","brisc2025","Pituitary tumor/enh_2195.png","9","0.999892","0.909091","flip_h","False","True"
"Pituitary tumor__enh_1203","train","Pituitary tumor","brisc2025","Pituitary tumor/enh_1203.png","Pituitary tumor__enh_2207","val","Pituitary tumor","brisc2025","Pituitary tumor/enh_2207.png","12","0.999935","0.7","flip_h","False","False"
"Pituitary tumor__enh_1233","train","Pituitary tumor","brisc2025","Pituitary tumor/enh_1233.png","Pituitary tumor__enh_1431","val","Pituitary tumor","brisc2025","Pituitary tumor/enh_1431.png","6","0.99993","0.961538","flip_h","True","True"
"Pituitary tumor__enh_1235","train","Pituitary tumor","brisc2025","Pituitary tumor/enh_1235.png","Pituitary tumor__enh_1437","test","Pituitary tumor","brisc2025","Pituitary tumor/enh_1437.png","11","0.999894","0.873563","flip_h","False","False"
"Pituitary tumor__enh_1240","train","Pituitary tumor","brisc2025","Pituitary tumor/enh_1240.png","Pituitary tumor__enh_1537","val","Pituitary tumor","brisc2025","Pituitary tumor/enh_1537.png","7","0.999936","0.867925","flip_h","True","False"
"Pituitary tumor__enh_1257","train","Pituitary tumor","brisc2025","Pituitary tumor/enh_1257.png","Pituitary tumor__enh_1636","val","Pituitary tumor","brisc2025","Pituitary tumor/enh_1636.png","9","0.999937","0.731707","flip_h","False","False"
"Pituitary tumor__enh_1262","train","Pituitary tumor","brisc2025","Pituitary tumor/enh_1262.png","Pituitary tumor__enh_1422","val","Pituitary tumor","brisc2025","Pituitary tumor/enh_1422.png","10","0.999937","1","flip_h","False","True"
"Pituitary tumor__enh_1270","train","Pituitary tumor","brisc2025","Pituitary tumor/enh_1270.png","Pituitary tumor__enh_1499","test","Pituitary tumor","brisc2025","Pituitary tumor/enh_1499.png","9","0.999906","0.894737","flip_h","False","False"
"Pituitary tumor__enh_1273","train","Pituitary tumor","brisc2025","Pituitary tumor/enh_1273.png","Pituitary tumor__enh_1500","val","Pituitary tumor","brisc2025","Pituitary tumor/enh_1500.png","9","0.999951","0.875","flip_h","False","False"
"Pituitary tumor__enh_1292","train","Pituitary tumor","brisc2025","Pituitary tumor/enh_1292.png","Pituitary tumor__enh_1004","test","Pituitary tumor","brisc2025","Pituitary tumor/enh_1004.png","8","0.999938","0.870968","flip_h","True","False"
"Pituitary tumor__enh_1298","train","Pituitary tumor","brisc2025","Pituitary tumor/enh_1298.png","Pituitary tumor__enh_1531","test","Pituitary tumor","brisc2025","Pituitary tumor/enh_1531.png","11","0.999913","0.909091","flip_h","False","True"
"Pituitary tumor__enh_1302","train","Pituitary tumor","brisc2025","Pituitary tumor/enh_1302.png","Pituitary tumor__enh_1535","test","Pituitary tumor","brisc2025","Pituitary tumor/enh_1535.png","8","0.999937","0.961538","flip_h","True","True"
"Pituitary tumor__enh_1310","train","Pituitary tumor","brisc2025","Pituitary tumor/enh_1310.png","Pituitary tumor__enh_1546","val","Pituitary tumor","brisc2025","Pituitary tumor/enh_1546.png","10","0.99993","0.451613","flip_h","False","False"
"Pituitary tumor__enh_1324","train","Pituitary tumor","brisc2025","Pituitary tumor/enh_1324.png","Pituitary tumor__enh_1571","test","Pituitary tumor","brisc2025","Pituitary tumor/enh_1571.png","7","0.999913","0.73913","flip_h","True","False"
"Pituitary tumor__enh_1330","train","Pituitary tumor","brisc2025","Pituitary tumor/enh_1330.png","Pituitary tumor__enh_1577","val","Pituitary tumor","brisc2025","Pituitary tumor/enh_1577.png","11","0.99994","0.571429","flip_h","False","False"
"Pituitary tumor__enh_1332","train","Pituitary tumor","brisc2025","Pituitary tumor/enh_1332.png","Pituitary tumor__enh_193","val","Pituitary tumor","original","Pituitary tumor/enh_193.png","12","0.981864","0.647059","identity","False","False"
"Pituitary tumor__enh_1334","train","Pituitary tumor","brisc2025","Pituitary tumor/enh_1334.png","Pituitary tumor__enh_1582","val","Pituitary tumor","brisc2025","Pituitary tumor/enh_1582.png","11","0.999922","0.45283","flip_h","False","False"
"Pituitary tumor__enh_1336","train","Pituitary tumor","brisc2025","Pituitary tumor/enh_1336.png","Pituitary tumor__enh_1584","val","Pituitary tumor","brisc2025","Pituitary tumor/enh_1584.png","11","0.99993","0.690476","flip_h","False","False"
"Pituitary tumor__enh_1339","train","Pituitary tumor","brisc2025","Pituitary tumor/enh_1339.png","Pituitary tumor__enh_1587","val","Pituitary tumor","brisc2025","Pituitary tumor/enh_1587.png","12","0.999932","0.972973","flip_h","False","True"
"Pituitary tumor__enh_1345","train","Pituitary tumor","brisc2025","Pituitary tumor/enh_1345.png","Pituitary tumor__enh_1597","test","Pituitary tumor","brisc2025","Pituitary tumor/enh_1597.png","1","0.999926","0.84","flip_h","True","False"
"Pituitary tumor__enh_1346","train","Pituitary tumor","brisc2025","Pituitary tumor/enh_1346.png","Pituitary tumor__enh_223","test","Pituitary tumor","original","Pituitary tumor/enh_223.png","12","0.985644","0.733333","identity","False","False"
"Pituitary tumor__enh_1351","train","Pituitary tumor","brisc2025","Pituitary tumor/enh_1351.png","Pituitary tumor__enh_1604","val","Pituitary tumor","brisc2025","Pituitary tumor/enh_1604.png","11","0.999884","0.902439","flip_h","False","True"
"Pituitary tumor__enh_1353","train","Pituitary tumor","brisc2025","Pituitary tumor/enh_1353.png","Pituitary tumor__enh_1606","test","Pituitary tumor","brisc2025","Pituitary tumor/enh_1606.png","9","0.999895","0.954545","flip_h","False","True"
"Pituitary tumor__enh_1355","train","Pituitary tumor","brisc2025","Pituitary tumor/enh_1355.png","Pituitary tumor__enh_1608","val","Pituitary tumor","brisc2025","Pituitary tumor/enh_1608.png","11","0.999889","0.823529","flip_h","False","False"
"Pituitary tumor__enh_1361","train","Pituitary tumor","brisc2025","Pituitary tumor/enh_1361.png","Pituitary tumor__enh_1614","test","Pituitary tumor","brisc2025","Pituitary tumor/enh_1614.png","11","0.999934","0.967742","flip_h","False","True"
"Pituitary tumor__enh_1363","train","Pituitary tumor","brisc2025","Pituitary tumor/enh_1363.png","Pituitary tumor__enh_1616","test","Pituitary tumor","brisc2025","Pituitary tumor/enh_1616.png","7","0.999943","0.765957","flip_h","True","False"
"Pituitary tumor__enh_1364","train","Pituitary tumor","brisc2025","Pituitary tumor/enh_1364.png","Pituitary tumor__enh_1617","val","Pituitary tumor","brisc2025","Pituitary tumor/enh_1617.png","7","0.999944","0.684211","flip_h","True","False"
"Pituitary tumor__enh_1368","train","Pituitary tumor","brisc2025","Pituitary tumor/enh_1368.png","Pituitary tumor__enh_1622","test","Pituitary tumor","brisc2025","Pituitary tumor/enh_1622.png","11","0.999924","0.934426","flip_h","False","True"
"Pituitary tumor__enh_1372","train","Pituitary tumor","brisc2025","Pituitary tumor/enh_1372.png","Pituitary tumor__enh_1039","test","Pituitary tumor","brisc2025","Pituitary tumor/enh_1039.png","11","0.999933","0.893617","flip_h","False","False"
"Pituitary tumor__enh_1375","train","Pituitary tumor","brisc2025","Pituitary tumor/enh_1375.png","Pituitary tumor__enh_1630","val","Pituitary tumor","brisc2025","Pituitary tumor/enh_1630.png","8","0.999918","0.897436","flip_h","True","False"
"Pituitary tumor__enh_1376","train","Pituitary tumor","brisc2025","Pituitary tumor/enh_1376.png","Pituitary tumor__enh_1631","test","Pituitary tumor","brisc2025","Pituitary tumor/enh_1631.png","7","0.999938","0.8","flip_h","True","False"
"Pituitary tumor__enh_1382","train","Pituitary tumor","brisc2025","Pituitary tumor/enh_1382.png","Pituitary tumor__enh_1434","test","Pituitary tumor","brisc2025","Pituitary tumor/enh_1434.png","5","0.999919","0.316667","flip_h","True","False"
"Pituitary tumor__enh_1388","train","Pituitary tumor","brisc2025","Pituitary tumor/enh_1388.png","Pituitary tumor__enh_976","val","Pituitary tumor","brisc2025","Pituitary tumor/enh_976.png","9","0.999929","0.627907","flip_h","False","False"
"Pituitary tumor__enh_1395","train","Pituitary tumor","brisc2025","Pituitary tumor/enh_1395.png","Pituitary tumor__enh_1450","test","Pituitary tumor","brisc2025","Pituitary tumor/enh_1450.png","4","0.999894","0.96","flip_h","True","True"
"Pituitary tumor__enh_1409","train","Pituitary tumor","brisc2025","Pituitary tumor/enh_1409.png","Pituitary tumor__enh_984","val","Pituitary tumor","brisc2025","Pituitary tumor/enh_984.png","5","0.999843","0.7","flip_h","True","False"
"Pituitary tumor__enh_1416","train","Pituitary tumor","brisc2025","Pituitary tumor/enh_1416.png","Pituitary tumor__enh_1472","val","Pituitary tumor","brisc2025","Pituitary tumor/enh_1472.png","7","0.999909","0.75","flip_h","True","False"
"Pituitary tumor__enh_1423","train","Pituitary tumor","brisc2025","Pituitary tumor/enh_1423.png","Pituitary tumor__enh_1264","test","Pituitary tumor","brisc2025","Pituitary tumor/enh_1264.png","5","0.999924","0.772727","flip_h","True","False"
"Pituitary tumor__enh_1429","train","Pituitary tumor","brisc2025","Pituitary tumor/enh_1429.png","Pituitary tumor__enh_1231","val","Pituitary tumor","brisc2025","Pituitary tumor/enh_1231.png","8","0.999941","0.945946","flip_h","True","True"
"Pituitary tumor__enh_1430","train","Pituitary tumor","brisc2025","Pituitary tumor/enh_1430.png","Pituitary tumor__enh_1232","test","Pituitary tumor","brisc2025","Pituitary tumor/enh_1232.png","4","0.999925","0.960784","flip_h","True","True"
"Pituitary tumor__enh_1436","train","Pituitary tumor","brisc2025","Pituitary tumor/enh_1436.png","Pituitary tumor__enh_1384","test","Pituitary tumor","brisc2025","Pituitary tumor/enh_1384.png","4","0.999914","0.877551","flip_h","True","False"
"Pituitary tumor__enh_1451","train","Pituitary tumor","brisc2025","Pituitary tumor/enh_1451.png","Pituitary tumor__enh_1396","test","Pituitary tumor","brisc2025","Pituitary tumor/enh_1396.png","8","0.999911","0.857143","flip_h","True","False"
"Pituitary tumor__enh_1468","train","Pituitary tumor","brisc2025","Pituitary tumor/enh_1468.png","Pituitary tumor__enh_968","val","Pituitary tumor","brisc2025","Pituitary tumor/enh_968.png","6","0.999932","0.875","flip_h","True","False"
"Pituitary tumor__enh_1492","train","Pituitary tumor","brisc2025","Pituitary tumor/enh_1492.png","Pituitary tumor__enh_1225","val","Pituitary tumor","brisc2025","Pituitary tumor/enh_1225.png","9","0.999922","0.954545","flip_h","False","True"
"Pituitary tumor__enh_1493","train","Pituitary tumor","brisc2025","Pituitary tumor/enh_1493.png","Pituitary tumor__enh_1226","val","Pituitary tumor","brisc2025","Pituitary tumor/enh_1226.png","12","0.999919","0.95","flip_h","False","True"
"Pituitary tumor__enh_1498","train","Pituitary tumor","brisc2025","Pituitary tumor/enh_1498.png","Pituitary tumor__enh_923","test","Pituitary tumor","brisc2025","Pituitary tumor/enh_923.png","2","0.999857","1","flip_h","True","True"
"Pituitary tumor__enh_1501","train","Pituitary tumor","brisc2025","Pituitary tumor/enh_1501.png","Pituitary tumor__enh_1238","test","Pituitary tumor","brisc2025","Pituitary tumor/enh_1238.png","9","0.999886","0.9","flip_h","False","True"
"Pituitary tumor__enh_1514","train","Pituitary tumor","brisc2025","Pituitary tumor/enh_1514.png","Pituitary tumor__enh_1284","val","Pituitary tumor","brisc2025","Pituitary tumor/enh_1284.png","6","0.999897","0.73913","flip_h","True","False"
"Pituitary tumor__enh_1525","train","Pituitary tumor","brisc2025","Pituitary tumor/enh_1525.png","Pituitary tumor__enh_1294","val","Pituitary tumor","brisc2025","Pituitary tumor/enh_1294.png","4","0.999897","1","flip_h","True","True"
"Pituitary tumor__enh_1555","train","Pituitary tumor","brisc2025","Pituitary tumor/enh_1555.png","Pituitary tumor__enh_1315","val","Pituitary tumor","brisc2025","Pituitary tumor/enh_1315.png","6","0.999938","0.5","flip_h","True","False"
"Pituitary tumor__enh_1559","train","Pituitary tumor","brisc2025","Pituitary tumor/enh_1559.png","Pituitary tumor__enh_1318","val","Pituitary tumor","brisc2025","Pituitary tumor/enh_1318.png","5","0.999948","0.961905","flip_h","True","True"
"Pituitary tumor__enh_1560","train","Pituitary tumor","brisc2025","Pituitary tumor/enh_1560.png","Pituitary tumor__enh_1319","test","Pituitary tumor","brisc2025","Pituitary tumor/enh_1319.png","3","0.999948","0.969388","flip_h","True","True"
"Pituitary tumor__enh_1570","train","Pituitary tumor","brisc2025","Pituitary tumor/enh_1570.png","Pituitary tumor__enh_1378","test","Pituitary tumor","brisc2025","Pituitary tumor/enh_1378.png","6","0.999931","0.381818","flip_h","True","False"
"Pituitary tumor__enh_1575","train","Pituitary tumor","brisc2025","Pituitary tumor/enh_1575.png","Pituitary tumor__enh_941","test","Pituitary tumor","brisc2025","Pituitary tumor/enh_941.png","6","0.999937","0.789474","flip_h","True","False"
"Pituitary tumor__enh_1576","train","Pituitary tumor","brisc2025","Pituitary tumor/enh_1576.png","Pituitary tumor__enh_1329","test","Pituitary tumor","brisc2025","Pituitary tumor/enh_1329.png","7","0.999934","0.541667","flip_h","True","False"
"Pituitary tumor__enh_1594","train","Pituitary tumor","brisc2025","Pituitary tumor/enh_1594.png","Pituitary tumor__enh_1343","test","Pituitary tumor","brisc2025","Pituitary tumor/enh_1343.png","9","0.999946","0.923077","flip_h","False","True"
"Pituitary tumor__enh_1613","train","Pituitary tumor","brisc2025","Pituitary tumor/enh_1613.png","Pituitary tumor__enh_1360","val","Pituitary tumor","brisc2025","Pituitary tumor/enh_1360.png","5","0.999926","0.914286","flip_h","True","True"
"Pituitary tumor__enh_1615","train","Pituitary tumor","brisc2025","Pituitary tumor/enh_1615.png","Pituitary tumor__enh_1362","test","Pituitary tumor","brisc2025","Pituitary tumor/enh_1362.png","8","0.999947","0.393617","flip_h","True","False"
"Pituitary tumor__enh_1623","train","Pituitary tumor","brisc2025","Pituitary tumor/enh_1623.png","Pituitary tumor__enh_1369","val","Pituitary tumor","brisc2025","Pituitary tumor/enh_1369.png","10","0.999923","0.928571","flip_h","False","True"
"Pituitary tumor__enh_1645","train","Pituitary tumor","brisc2025","Pituitary tumor/enh_1645.png","Pituitary tumor__enh_2099","test","Pituitary tumor","brisc2025","Pituitary tumor/enh_2099.png","8","0.999937","0.75","flip_h","True","False"
"Pituitary tumor__enh_1647","train","Pituitary tumor","brisc2025","Pituitary tumor/enh_1647.png","Pituitary tumor__enh_2100","val","Pituitary tumor","brisc2025","Pituitary tumor/enh_2100.png","7","0.999926","1","flip_h","True","True"
"Pituitary tumor__enh_1650","train","Pituitary tumor","brisc2025","Pituitary tumor/enh_1650.png","Pituitary tumor__enh_1119","test","Pituitary tumor","brisc2025","Pituitary tumor/enh_1119.png","9","0.99994","0.943262","flip_h","False","True"
"Pituitary tumor__enh_1651","train","Pituitary tumor","brisc2025","Pituitary tumor/enh_1651.png","Pituitary tumor__enh_2103","test","Pituitary tumor","brisc2025","Pituitary tumor/enh_2103.png","10","0.999933","0.961538","flip_h","False","True"
"Pituitary tumor__enh_1653","train","Pituitary tumor","brisc2025","Pituitary tumor/enh_1653.png","Pituitary tumor__enh_1121","test","Pituitary tumor","brisc2025","Pituitary tumor/enh_1121.png","11","0.999883","0.895833","flip_h","False","False"
"Pituitary tumor__enh_1662","train","Pituitary tumor","brisc2025","Pituitary tumor/enh_1662.png","Pituitary tumor__enh_2107","val","Pituitary tumor","brisc2025","Pituitary tumor/enh_2107.png","11","0.9999","0.869565","flip_h","False","False"
"Pituitary tumor__enh_1664","train","Pituitary tumor","brisc2025","Pituitary tumor/enh_1664.png","Pituitary tumor__enh_2111","val","Pituitary tumor","brisc2025","Pituitary tumor/enh_2111.png","9","0.999905","0.978723","flip_h","False","True"
"Pituitary tumor__enh_1672","train","Pituitary tumor","brisc2025","Pituitary tumor/enh_1672.png","Pituitary tumor__enh_2016","val","Pituitary tumor","brisc2025","Pituitary tumor/enh_2016.png","8","0.999923","0.823529","flip_h","True","False"
"Pituitary tumor__enh_1684","train","Pituitary tumor","brisc2025","Pituitary tumor/enh_1684.png","Pituitary tumor__enh_2028","val","Pituitary tumor","brisc2025","Pituitary tumor/enh_2028.png","8","0.999904","0.848485","flip_h","True","False"
"Pituitary tumor__enh_1686","train","Pituitary tumor","brisc2025","Pituitary tumor/enh_1686.png","Pituitary tumor__enh_2030","test","Pituitary tumor","brisc2025","Pituitary tumor/enh_2030.png","8","0.999935","0.755725","flip_h","True","False"
"Pituitary tumor__enh_1687","train","Pituitary tumor","brisc2025","Pituitary tumor/enh_1687.png","Pituitary tumor__enh_2032","test","Pituitary tumor","brisc2025","Pituitary tumor/enh_2032.png","4","0.99994","0.928571","flip_h","True","True"
"Pituitary tumor__enh_1688","train","Pituitary tumor","brisc2025","Pituitary tumor/enh_1688.png","Pituitary tumor__enh_2033","test","Pituitary tumor","brisc2025","Pituitary tumor/enh_2033.png","9","0.999936","0.965174","flip_h","False","True"
"Pituitary tumor__enh_1691","train","Pituitary tumor","brisc2025","Pituitary tumor/enh_1691.png","Pituitary tumor__enh_2035","test","Pituitary tumor","brisc2025","Pituitary tumor/enh_2035.png","4","0.999916","0.959184","flip_h","True","True"
"Pituitary tumor__enh_1702","train","Pituitary tumor","brisc2025","Pituitary tumor/enh_1702.png","Pituitary tumor__enh_2045","test","Pituitary tumor","brisc2025","Pituitary tumor/enh_2045.png","11","0.999905","0.825","flip_h","False","False"
"Pituitary tumor__enh_1705","train","Pituitary tumor","brisc2025","Pituitary tumor/enh_1705.png","Pituitary tumor__enh_2049","test","Pituitary tumor","brisc2025","Pituitary tumor/enh_2049.png","5","0.9999","0.882353","flip_h","True","False"
"Pituitary tumor__enh_1708","train","Pituitary tumor","brisc2025","Pituitary tumor/enh_1708.png","Pituitary tumor__enh_2050","test","Pituitary tumor","brisc2025","Pituitary tumor/enh_2050.png","3","0.999885","0.4","flip_h","True","False"
"Pituitary tumor__enh_1714","train","Pituitary tumor","brisc2025","Pituitary tumor/enh_1714.png","Pituitary tumor__enh_2059","val","Pituitary tumor","brisc2025","Pituitary tumor/enh_2059.png","10","0.999887","0.64","flip_h","False","False"
"Pituitary tumor__enh_1718","train","Pituitary tumor","brisc2025","Pituitary tumor/enh_1718.png","Pituitary tumor__enh_407","test","Pituitary tumor","original","Pituitary tumor/enh_407.png","11","0.977353","0.745455","identity","False","False"
"Pituitary tumor__enh_1721","train","Pituitary tumor","brisc2025","Pituitary tumor/enh_1721.png","Pituitary tumor__enh_2068","val","Pituitary tumor","brisc2025","Pituitary tumor/enh_2068.png","6","0.999902","0.926829","flip_h","True","True"
"Pituitary tumor__enh_1728","train","Pituitary tumor","brisc2025","Pituitary tumor/enh_1728.png","Pituitary tumor__enh_1110","test","Pituitary tumor","brisc2025","Pituitary tumor/enh_1110.png","1","0.999895","0.828571","flip_h","True","False"
"Pituitary tumor__enh_1729","train","Pituitary tumor","brisc2025","Pituitary tumor/enh_1729.png","Pituitary tumor__enh_2074","val","Pituitary tumor","brisc2025","Pituitary tumor/enh_2074.png","11","0.999913","0.868421","flip_h","False","False"
"Pituitary tumor__enh_1734","train","Pituitary tumor","brisc2025","Pituitary tumor/enh_1734.png","Pituitary tumor__enh_2079","val","Pituitary tumor","brisc2025","Pituitary tumor/enh_2079.png","8","0.99993","0.884615","flip_h","True","False"
"Pituitary tumor__enh_1745","train","Pituitary tumor","brisc2025","Pituitary tumor/enh_1745.png","Pituitary tumor__enh_2091","test","Pituitary tumor","brisc2025","Pituitary tumor/enh_2091.png","10","0.999919","0.892857","flip_h","False","False"
"Pituitary tumor__enh_1747","train","Pituitary tumor","brisc2025","Pituitary tumor/enh_1747.png","Pituitary tumor__enh_2092","test","Pituitary tumor","brisc2025","Pituitary tumor/enh_2092.png","9","0.999911","0.9375","flip_h","False","True"
"Pituitary tumor__enh_1759","train","Pituitary tumor","brisc2025","Pituitary tumor/enh_1759.png","Pituitary tumor__enh_1086","val","Pituitary tumor","brisc2025","Pituitary tumor/enh_1086.png","11","0.999911","0.953704","flip_h","False","True"
"Pituitary tumor__enh_1760","train","Pituitary tumor","brisc2025","Pituitary tumor/enh_1760.png","Pituitary tumor__enh_2023","test","Pituitary tumor","brisc2025","Pituitary tumor/enh_2023.png","8","0.99991","0.889831","flip_h","True","False"
"Pituitary tumor__enh_1762","train","Pituitary tumor","brisc2025","Pituitary tumor/enh_1762.png","Pituitary tumor__enh_2039","test","Pituitary tumor","brisc2025","Pituitary tumor/enh_2039.png","7","0.999905","0.923077","flip_h","True","True"
"Pituitary tumor__enh_1773","train","Pituitary tumor","brisc2025","Pituitary tumor/enh_1773.png","Pituitary tumor__enh_1124","test","Pituitary tumor","brisc2025","Pituitary tumor/enh_1124.png","7","0.999895","0.8","flip_h","True","False"
"Pituitary tumor__enh_1782","train","Pituitary tumor","brisc2025","Pituitary tumor/enh_1782.png","Pituitary tumor__enh_2127","test","Pituitary tumor","brisc2025","Pituitary tumor/enh_2127.png","8","0.999929","0.864407","flip_h","True","False"
"Pituitary tumor__enh_1795","train","Pituitary tumor","brisc2025","Pituitary tumor/enh_1795.png","Pituitary tumor__enh_1901","test","Pituitary tumor","brisc2025","Pituitary tumor/enh_1901.png","4","0.99992","0.529412","flip_h","True","False"
"Pituitary tumor__enh_1804","train","Pituitary tumor","brisc2025","Pituitary tumor/enh_1804.png","Pituitary tumor__enh_1908","test","Pituitary tumor","brisc2025","Pituitary tumor/enh_1908.png","4","0.999919","0.892857","flip_h","True","False"
"Pituitary tumor__enh_1810","train","Pituitary tumor","brisc2025","Pituitary tumor/enh_1810.png","Pituitary tumor__enh_1939","val","Pituitary tumor","brisc2025","Pituitary tumor/enh_1939.png","7","0.999925","0.618182","flip_h","True","False"
"Pituitary tumor__enh_1828","train","Pituitary tumor","brisc2025","Pituitary tumor/enh_1828.png","Pituitary tumor__enh_1926","test","Pituitary tumor","brisc2025","Pituitary tumor/enh_1926.png","9","0.999916","0.797101","flip_h","False","False"
"Pituitary tumor__enh_1831","train","Pituitary tumor","brisc2025","Pituitary tumor/enh_1831.png","Pituitary tumor__enh_1061","test","Pituitary tumor","brisc2025","Pituitary tumor/enh_1061.png","5","0.999899","0.882353","flip_h","True","False"
"Pituitary tumor__enh_1847","train","Pituitary tumor","brisc2025","Pituitary tumor/enh_1847.png","Pituitary tumor__enh_1949","test","Pituitary tumor","brisc2025","Pituitary tumor/enh_1949.png","6","0.999921","0.930233","flip_h","True","True"
"Pituitary tumor__enh_1855","train","Pituitary tumor","brisc2025","Pituitary tumor/enh_1855.png","Pituitary tumor__enh_1074","test","Pituitary tumor","brisc2025","Pituitary tumor/enh_1074.png","9","0.999844","0.793333","flip_h","False","False"
"Pituitary tumor__enh_1868","train","Pituitary tumor","brisc2025","Pituitary tumor/enh_1868.png","Pituitary tumor__enh_1985","val","Pituitary tumor","brisc2025","Pituitary tumor/enh_1985.png","3","0.999876","0.673913","flip_h","True","False"
"Pituitary tumor__enh_1874","train","Pituitary tumor","brisc2025","Pituitary tumor/enh_1874.png","Pituitary tumor__enh_1995","val","Pituitary tumor","brisc2025","Pituitary tumor/enh_1995.png","8","0.999915","0.796296","flip_h","True","False"
"Pituitary tumor__enh_1875","train","Pituitary tumor","brisc2025","Pituitary tumor/enh_1875.png","Pituitary tumor__enh_1996","test","Pituitary tumor","brisc2025","Pituitary tumor/enh_1996.png","9","0.999928","0.726027","flip_h","False","False"
"Pituitary tumor__enh_1882","train","Pituitary tumor","brisc2025","Pituitary tumor/enh_1882.png","Pituitary tumor__enh_2002","val","Pituitary tumor","brisc2025","Pituitary tumor/enh_2002.png","4","0.999907","0.9125","flip_h","True","True"
"Pituitary tumor__enh_1888","train","Pituitary tumor","brisc2025","Pituitary tumor/enh_1888.png","Pituitary tumor__enh_2007","val","Pituitary tumor","brisc2025","Pituitary tumor/enh_2007.png","11","0.999931","0.9","flip_h","False","True"
"Pituitary tumor__enh_1892","train","Pituitary tumor","brisc2025","Pituitary tumor/enh_1892.png","Pituitary tumor__enh_1089","test","Pituitary tumor","brisc2025","Pituitary tumor/enh_1089.png","9","0.9999","0.756757","flip_h","False","False"
"Pituitary tumor__enh_1895","train","Pituitary tumor","brisc2025","Pituitary tumor/enh_1895.png","Pituitary tumor__enh_1090","test","Pituitary tumor","brisc2025","Pituitary tumor/enh_1090.png","11","0.999911","0.930233","flip_h","False","True"
"Pituitary tumor__enh_1910","train","Pituitary tumor","brisc2025","Pituitary tumor/enh_1910.png","Pituitary tumor__enh_1806","test","Pituitary tumor","brisc2025","Pituitary tumor/enh_1806.png","5","0.999908","0.69697","flip_h","True","False"
"Pituitary tumor__enh_1911","train","Pituitary tumor","brisc2025","Pituitary tumor/enh_1911.png","Pituitary tumor__enh_1808","test","Pituitary tumor","brisc2025","Pituitary tumor/enh_1808.png","6","0.99991","0.818182","flip_h","True","False"
"Pituitary tumor__enh_1917","train","Pituitary tumor","brisc2025","Pituitary tumor/enh_1917.png","Pituitary tumor__enh_1817","val","Pituitary tumor","brisc2025","Pituitary tumor/enh_1817.png","10","0.99991","0.894737","flip_h","False","False"
"Pituitary tumor__enh_1918","train","Pituitary tumor","brisc2025","Pituitary tumor/enh_1918.png","Pituitary tumor__enh_1818","val","Pituitary tumor","brisc2025","Pituitary tumor/enh_1818.png","11","0.999904","0.82","flip_h","False","False"
"Pituitary tumor__enh_1919","train","Pituitary tumor","brisc2025","Pituitary tumor/enh_1919.png","Pituitary tumor__enh_1819","val","Pituitary tumor","brisc2025","Pituitary tumor/enh_1819.png","7","0.999876","0.39604","flip_h","True","False"
"Pituitary tumor__enh_1920","train","Pituitary tumor","brisc2025","Pituitary tumor/enh_1920.png","Pituitary tumor__enh_1822","test","Pituitary tumor","brisc2025","Pituitary tumor/enh_1822.png","10","0.999869","0.617647","flip_h","False","False"
"Pituitary tumor__enh_1928","train","Pituitary tumor","brisc2025","Pituitary tumor/enh_1928.png","Pituitary tumor__enh_1830","test","Pituitary tumor","brisc2025","Pituitary tumor/enh_1830.png","8","0.999901","0.958333","flip_h","True","True"
"Pituitary tumor__enh_1929","train","Pituitary tumor","brisc2025","Pituitary tumor/enh_1929.png","Pituitary tumor__enh_1833","val","Pituitary tumor","brisc2025","Pituitary tumor/enh_1833.png","10","0.999921","0.730769","flip_h","False","False"
"Pituitary tumor__enh_1933","train","Pituitary tumor","brisc2025","Pituitary tumor/enh_1933.png","Pituitary tumor__enh_1752","val","Pituitary tumor","brisc2025","Pituitary tumor/enh_1752.png","12","0.999906","0.56383","flip_h","False","False"
"Pituitary tumor__enh_1943","train","Pituitary tumor","brisc2025","Pituitary tumor/enh_1943.png","Pituitary tumor__enh_1838","val","Pituitary tumor","brisc2025","Pituitary tumor/enh_1838.png","11","0.999903","0.813559","flip_h","False","False"
"Pituitary tumor__enh_1951","train","Pituitary tumor","brisc2025","Pituitary tumor/enh_1951.png","Pituitary tumor__enh_1850","val","Pituitary tumor","brisc2025","Pituitary tumor/enh_1850.png","8","0.99992","0.917808","flip_h","True","True"
"Pituitary tumor__enh_1957","train","Pituitary tumor","brisc2025","Pituitary tumor/enh_1957.png","Pituitary tumor__enh_1674","test","Pituitary tumor","brisc2025","Pituitary tumor/enh_1674.png","12","0.999898","0.873016","flip_h","False","False"
"Pituitary tumor__enh_1959","train","Pituitary tumor","brisc2025","Pituitary tumor/enh_1959.png","Pituitary tumor__enh_1707","val","Pituitary tumor","brisc2025","Pituitary tumor/enh_1707.png","6","0.999892","0.798077","flip_h","True","False"
"Pituitary tumor__enh_1965","train","Pituitary tumor","brisc2025","Pituitary tumor/enh_1965.png","Pituitary tumor__enh_1853","val","Pituitary tumor","brisc2025","Pituitary tumor/enh_1853.png","9","0.999882","0.678571","flip_h","False","False"
"Pituitary tumor__enh_1968","train","Pituitary tumor","brisc2025","Pituitary tumor/enh_1968.png","Pituitary tumor__enh_1856","test","Pituitary tumor","brisc2025","Pituitary tumor/enh_1856.png","9","0.999912","0.815385","flip_h","False","False"
"Pituitary tumor__enh_1970","train","Pituitary tumor","brisc2025","Pituitary tumor/enh_1970.png","Pituitary tumor__enh_283","val","Pituitary tumor","original","Pituitary tumor/enh_283.png","11","0.968272","0.811594","flip_h","False","False"
"Pituitary tumor__enh_1979","train","Pituitary tumor","brisc2025","Pituitary tumor/enh_1979.png","Pituitary tumor__enh_1862","test","Pituitary tumor","brisc2025","Pituitary tumor/enh_1862.png","11","0.999901","0.672131","flip_h","False","False"
"Pituitary tumor__enh_1986","train","Pituitary tumor","brisc2025","Pituitary tumor/enh_1986.png","Pituitary tumor__enh_1869","test","Pituitary tumor","brisc2025","Pituitary tumor/enh_1869.png","11","0.999856","0.896552","flip_h","False","False"
"Pituitary tumor__enh_1991","train","Pituitary tumor","brisc2025","Pituitary tumor/enh_1991.png","Pituitary tumor__enh_1748","test","Pituitary tumor","brisc2025","Pituitary tumor/enh_1748.png","7","0.999896","0.933333","flip_h","True","True"
"Pituitary tumor__enh_2000","train","Pituitary tumor","brisc2025","Pituitary tumor/enh_2000.png","Pituitary tumor__enh_1880","test","Pituitary tumor","brisc2025","Pituitary tumor/enh_1880.png","8","0.999919","0.952381","flip_h","True","True"
"Pituitary tumor__enh_2003","train","Pituitary tumor","brisc2025","Pituitary tumor/enh_2003.png","Pituitary tumor__enh_327","val","Pituitary tumor","original","Pituitary tumor/enh_327.png","12","0.979469","0.567568","flip_h","False","False"
"Pituitary tumor__enh_2011","train","Pituitary tumor","brisc2025","Pituitary tumor/enh_2011.png","Pituitary tumor__enh_1893","val","Pituitary tumor","brisc2025","Pituitary tumor/enh_1893.png","4","0.999904","0.886364","flip_h","True","False"
"Pituitary tumor__enh_2015","train","Pituitary tumor","brisc2025","Pituitary tumor/enh_2015.png","Pituitary tumor__enh_1671","val","Pituitary tumor","brisc2025","Pituitary tumor/enh_1671.png","11","0.999917","0.95122","flip_h","False","True"
"Pituitary tumor__enh_2031","train","Pituitary tumor","brisc2025","Pituitary tumor/enh_2031.png","Pituitary tumor__enh_1761","val","Pituitary tumor","brisc2025","Pituitary tumor/enh_1761.png","5","0.999912","0.969388","flip_h","True","True"
"Pituitary tumor__enh_2040","train","Pituitary tumor","brisc2025","Pituitary tumor/enh_2040.png","Pituitary tumor__enh_1695","test","Pituitary tumor","brisc2025","Pituitary tumor/enh_1695.png","12","0.999899","0.855556","flip_h","False","False"
"Pituitary tumor__enh_2057","train","Pituitary tumor","brisc2025","Pituitary tumor/enh_2057.png","Pituitary tumor__enh_1712","val","Pituitary tumor","brisc2025","Pituitary tumor/enh_1712.png","9","0.999877","0.625","flip_h","False","False"
"Pituitary tumor__enh_2075","train","Pituitary tumor","brisc2025","Pituitary tumor/enh_2075.png","Pituitary tumor__enh_1730","test","Pituitary tumor","brisc2025","Pituitary tumor/enh_1730.png","8","0.99987","0.666667","flip_h","True","False"
"Pituitary tumor__enh_2078","train","Pituitary tumor","brisc2025","Pituitary tumor/enh_2078.png","Pituitary tumor__enh_1733","val","Pituitary tumor","brisc2025","Pituitary tumor/enh_1733.png","4","0.999907","0.733333","flip_h","True","False"
"Pituitary tumor__enh_2093","train","Pituitary tumor","brisc2025","Pituitary tumor/enh_2093.png","Pituitary tumor__enh_1670","val","Pituitary tumor","brisc2025","Pituitary tumor/enh_1670.png","8","0.999895","0.725","flip_h","True","False"
"Pituitary tumor__enh_2094","train","Pituitary tumor","brisc2025","Pituitary tumor/enh_2094.png","Pituitary tumor__enh_1641","test","Pituitary tumor","brisc2025","Pituitary tumor/enh_1641.png","7","0.999914","0.659574","flip_h","True","False"
"Pituitary tumor__enh_2115","train","Pituitary tumor","brisc2025","Pituitary tumor/enh_2115.png","Pituitary tumor__enh_1771","test","Pituitary tumor","brisc2025","Pituitary tumor/enh_1771.png","9","0.999925","0.786885","flip_h","False","False"
"Pituitary tumor__enh_2116","train","Pituitary tumor","brisc2025","Pituitary tumor/enh_2116.png","Pituitary tumor__enh_1772","val","Pituitary tumor","brisc2025","Pituitary tumor/enh_1772.png","11","0.999925","0.901639","flip_h","False","True"
"Pituitary tumor__enh_2118","train","Pituitary tumor","brisc2025","Pituitary tumor/enh_2118.png","Pituitary tumor__enh_1774","val","Pituitary tumor","brisc2025","Pituitary tumor/enh_1774.png","12","0.999913","0.405063","flip_h","False","False"
"Pituitary tumor__enh_2119","train","Pituitary tumor","brisc2025","Pituitary tumor/enh_2119.png","Pituitary tumor__enh_1775","val","Pituitary tumor","brisc2025","Pituitary tumor/enh_1775.png","5","0.99991","0.846154","flip_h","True","False"
"Pituitary tumor__enh_2124","train","Pituitary tumor","brisc2025","Pituitary tumor/enh_2124.png","Pituitary tumor__enh_1781","val","Pituitary tumor","brisc2025","Pituitary tumor/enh_1781.png","9","0.999826","0.761905","flip_h","False","False"
"Pituitary tumor__enh_2130","train","Pituitary tumor","brisc2025","Pituitary tumor/enh_2130.png","Pituitary tumor__enh_1786","val","Pituitary tumor","brisc2025","Pituitary tumor/enh_1786.png","6","0.999926","0.875","flip_h","True","False"
"Pituitary tumor__enh_2133","train","Pituitary tumor","brisc2025","Pituitary tumor/enh_2133.png","Pituitary tumor__enh_1788","test","Pituitary tumor","brisc2025","Pituitary tumor/enh_1788.png","12","0.999909","0.8375","flip_h","False","False"
"Pituitary tumor__enh_2134","train","Pituitary tumor","brisc2025","Pituitary tumor/enh_2134.png","Pituitary tumor__enh_1790","test","Pituitary tumor","brisc2025","Pituitary tumor/enh_1790.png","12","0.999852","0.553846","flip_h","False","False"
"Pituitary tumor__enh_2137","train","Pituitary tumor","brisc2025","Pituitary tumor/enh_2137.png","Pituitary tumor__enh_1214","test","Pituitary tumor","brisc2025","Pituitary tumor/enh_1214.png","6","0.999876","0.954545","flip_h","True","True"
"Pituitary tumor__enh_2138","train","Pituitary tumor","brisc2025","Pituitary tumor/enh_2138.png","Pituitary tumor__enh_2638","val","Pituitary tumor","brisc2025","Pituitary tumor/enh_2638.png","6","0.999881","0.915254","flip_h","True","True"
"Pituitary tumor__enh_2140","train","Pituitary tumor","brisc2025","Pituitary tumor/enh_2140.png","Pituitary tumor__enh_2640","test","Pituitary tumor","brisc2025","Pituitary tumor/enh_2640.png","9","0.999938","0.875","flip_h","False","False"
"Pituitary tumor__enh_2143","train","Pituitary tumor","brisc2025","Pituitary tumor/enh_2143.png","Pituitary tumor__enh_2642","test","Pituitary tumor","brisc2025","Pituitary tumor/enh_2642.png","8","0.999917","0.933333","flip_h","True","True"
"Pituitary tumor__enh_2144","train","Pituitary tumor","brisc2025","Pituitary tumor/enh_2144.png","Pituitary tumor__enh_2643","val","Pituitary tumor","brisc2025","Pituitary tumor/enh_2643.png","8","0.999923","0.821429","flip_h","True","False"
"Pituitary tumor__enh_2153","train","Pituitary tumor","brisc2025","Pituitary tumor/enh_2153.png","Pituitary tumor__enh_2556","test","Pituitary tumor","brisc2025","Pituitary tumor/enh_2556.png","11","0.999895","0.875","flip_h","False","False"
"Pituitary tumor__enh_2166","train","Pituitary tumor","brisc2025","Pituitary tumor/enh_2166.png","Pituitary tumor__enh_2567","test","Pituitary tumor","brisc2025","Pituitary tumor/enh_2567.png","6","0.999839","0.965517","flip_h","True","True"
"Pituitary tumor__enh_2178","train","Pituitary tumor","brisc2025","Pituitary tumor/enh_2178.png","Pituitary tumor__enh_2576","val","Pituitary tumor","brisc2025","Pituitary tumor/enh_2576.png","3","0.99986","0.9","flip_h","True","True"
"Pituitary tumor__enh_2185","train","Pituitary tumor","brisc2025","Pituitary tumor/enh_2185.png","Pituitary tumor__enh_2581","test","Pituitary tumor","brisc2025","Pituitary tumor/enh_2581.png","9","0.999927","1","flip_h","False","True"
"Pituitary tumor__enh_2187","train","Pituitary tumor","brisc2025","Pituitary tumor/enh_2187.png","Pituitary tumor__enh_1196","test","Pituitary tumor","brisc2025","Pituitary tumor/enh_1196.png","7","0.999881","1","flip_h","True","True"
"Pituitary tumor__enh_2196","train","Pituitary tumor","brisc2025","Pituitary tumor/enh_2196.png","Pituitary tumor__enh_2590","test","Pituitary tumor","brisc2025","Pituitary tumor/enh_2590.png","4","0.999904","0.808824","flip_h","True","False"
"Pituitary tumor__enh_2198","train","Pituitary tumor","brisc2025","Pituitary tumor/enh_2198.png","Pituitary tumor__enh_2592","val","Pituitary tumor","brisc2025","Pituitary tumor/enh_2592.png","4","0.999912","0.882353","flip_h","True","False"
"Pituitary tumor__enh_2204","train","Pituitary tumor","brisc2025","Pituitary tumor/enh_2204.png","Pituitary tumor__enh_1202","val","Pituitary tumor","brisc2025","Pituitary tumor/enh_1202.png","9","0.999907","0.791667","flip_h","False","False"
"Pituitary tumor__enh_2205","train","Pituitary tumor","brisc2025","Pituitary tumor/enh_2205.png","Pituitary tumor__enh_2602","test","Pituitary tumor","brisc2025","Pituitary tumor/enh_2602.png","6","0.999878","0.857143","flip_h","True","False"
"Pituitary tumor__enh_2209","train","Pituitary tumor","brisc2025","Pituitary tumor/enh_2209.png","Pituitary tumor__enh_2606","val","Pituitary tumor","brisc2025","Pituitary tumor/enh_2606.png","5","0.999927","0.857143","flip_h","True","False"
"Pituitary tumor__enh_2215","train","Pituitary tumor","brisc2025","Pituitary tumor/enh_2215.png","Pituitary tumor__enh_1205","test","Pituitary tumor","brisc2025","Pituitary tumor/enh_1205.png","5","0.99976","0.923077","flip_h","True","True"
"Pituitary tumor__enh_2222","train","Pituitary tumor","brisc2025","Pituitary tumor/enh_2222.png","Pituitary tumor__enh_2618","test","Pituitary tumor","brisc2025","Pituitary tumor/enh_2618.png","11","0.999926","0.842105","flip_h","False","False"
"Pituitary tumor__enh_2225","train","Pituitary tumor","brisc2025","Pituitary tumor/enh_2225.png","Pituitary tumor__enh_2620","test","Pituitary tumor","brisc2025","Pituitary tumor/enh_2620.png","6","0.999919","0.875","flip_h","True","False"
"Pituitary tumor__enh_2226","train","Pituitary tumor","brisc2025","Pituitary tumor/enh_2226.png","Pituitary tumor__enh_2621","val","Pituitary tumor","brisc2025","Pituitary tumor/enh_2621.png","11","0.999912","0.711111","flip_h","False","False"
"Pituitary tumor__enh_2230","train","Pituitary tumor","brisc2025","Pituitary tumor/enh_2230.png","Pituitary tumor__enh_2625","test","Pituitary tumor","brisc2025","Pituitary tumor/enh_2625.png","11","0.999928","0.971429","flip_h","False","True"
"Pituitary tumor__enh_2234","train","Pituitary tumor","brisc2025","Pituitary tumor/enh_2234.png","Pituitary tumor__enh_2628","val","Pituitary tumor","brisc2025","Pituitary tumor/enh_2628.png","11","0.999942","0.829268","flip_h","False","False"
"Pituitary tumor__enh_2244","train","Pituitary tumor","brisc2025","Pituitary tumor/enh_2244.png","Pituitary tumor__enh_2635","test","Pituitary tumor","brisc2025","Pituitary tumor/enh_2635.png","11","0.999889","0.7","flip_h","False","False"
"Pituitary tumor__enh_2245","train","Pituitary tumor","brisc2025","Pituitary tumor/enh_2245.png","Pituitary tumor__enh_2636","val","Pituitary tumor","brisc2025","Pituitary tumor/enh_2636.png","9","0.999888","0.934426","flip_h","False","True"
"Pituitary tumor__enh_2250","train","Pituitary tumor","brisc2025","Pituitary tumor/enh_2250.png","Pituitary tumor__enh_2496","val","Pituitary tumor","brisc2025","Pituitary tumor/enh_2496.png","4","0.99991","0.828571","flip_h","True","False"
"Pituitary tumor__enh_2253","train","Pituitary tumor","brisc2025","Pituitary tumor/enh_2253.png","Pituitary tumor__enh_2498","val","Pituitary tumor","brisc2025","Pituitary tumor/enh_2498.png","8","0.999881","0.954545","flip_h","True","True"
"Pituitary tumor__enh_2255","train","Pituitary tumor","brisc2025","Pituitary tumor/enh_2255.png","Pituitary tumor__enh_1168","test","Pituitary tumor","brisc2025","Pituitary tumor/enh_1168.png","1","0.999876","0.891892","flip_h","True","False"
"Pituitary tumor__enh_2262","train","Pituitary tumor","brisc2025","Pituitary tumor/enh_2262.png","Pituitary tumor__enh_2505","test","Pituitary tumor","brisc2025","Pituitary tumor/enh_2505.png","11","0.999867","0.857143","flip_h","False","False"
"Pituitary tumor__enh_2263","train","Pituitary tumor","brisc2025","Pituitary tumor/enh_2263.png","Pituitary tumor__enh_1170","test","Pituitary tumor","brisc2025","Pituitary tumor/enh_1170.png","9","0.999868","0.923077","flip_h","False","True"
"Pituitary tumor__enh_2264","train","Pituitary tumor","brisc2025","Pituitary tumor/enh_2264.png","Pituitary tumor__enh_2506","val","Pituitary tumor","brisc2025","Pituitary tumor/enh_2506.png","7","0.999872","0.454545","flip_h","True","False"
"Pituitary tumor__enh_2280","train","Pituitary tumor","brisc2025","Pituitary tumor/enh_2280.png","Pituitary tumor__enh_2520","val","Pituitary tumor","brisc2025","Pituitary tumor/enh_2520.png","5","0.999803","0.8","flip_h","True","False"
"Pituitary tumor__enh_2281","train","Pituitary tumor","brisc2025","Pituitary tumor/enh_2281.png","Pituitary tumor__enh_1175","test","Pituitary tumor","brisc2025","Pituitary tumor/enh_1175.png","5","0.999915","0.619048","flip_h","True","False"
"Pituitary tumor__enh_2285","train","Pituitary tumor","brisc2025","Pituitary tumor/enh_2285.png","Pituitary tumor__enh_1176","val","Pituitary tumor","brisc2025","Pituitary tumor/enh_1176.png","4","0.999895","0.924528","flip_h","True","True"
"Pituitary tumor__enh_2288","train","Pituitary tumor","brisc2025","Pituitary tumor/enh_2288.png","Pituitary tumor__enh_2526","val","Pituitary tumor","brisc2025","Pituitary tumor/enh_2526.png","10","0.999825","0.814815","flip_h","False","False"
"Pituitary tumor__enh_2304","train","Pituitary tumor","brisc2025","Pituitary tumor/enh_2304.png","Pituitary tumor__enh_1181","val","Pituitary tumor","brisc2025","Pituitary tumor/enh_1181.png","8","0.999867","0.857143","flip_h","True","False"
"Pituitary tumor__enh_2306","train","Pituitary tumor","brisc2025","Pituitary tumor/enh_2306.png","Pituitary tumor__enh_2541","val","Pituitary tumor","brisc2025","Pituitary tumor/enh_2541.png","10","0.999921","0.878788","flip_h","False","False"
"Pituitary tumor__enh_2307","train","Pituitary tumor","brisc2025","Pituitary tumor/enh_2307.png","Pituitary tumor__enh_1182","test","Pituitary tumor","brisc2025","Pituitary tumor/enh_1182.png","11","0.999915","0.941176","flip_h","False","True"
"Pituitary tumor__enh_2311","train","Pituitary tumor","brisc2025","Pituitary tumor/enh_2311.png","Pituitary tumor__enh_1183","val","Pituitary tumor","brisc2025","Pituitary tumor/enh_1183.png","5","0.99989","0.630769","flip_h","True","False"
"Pituitary tumor__enh_2315","train","Pituitary tumor","brisc2025","Pituitary tumor/enh_2315.png","Pituitary tumor__enh_1184","val","Pituitary tumor","brisc2025","Pituitary tumor/enh_1184.png","6","0.999906","0.8","flip_h","True","False"
"Pituitary tumor__enh_2318","train","Pituitary tumor","brisc2025","Pituitary tumor/enh_2318.png","Pituitary tumor__enh_2551","val","Pituitary tumor","brisc2025","Pituitary tumor/enh_2551.png","8","0.999896","0.9375","flip_h","True","True"
"Pituitary tumor__enh_2325","train","Pituitary tumor","brisc2025","Pituitary tumor/enh_2325.png","Pituitary tumor__enh_2419","val","Pituitary tumor","brisc2025","Pituitary tumor/enh_2419.png","10","0.999904","0.906667","flip_h","False","True"
"Pituitary tumor__enh_2327","train","Pituitary tumor","brisc2025","Pituitary tumor/enh_2327.png","Pituitary tumor__enh_2420","val","Pituitary tumor","brisc2025","Pituitary tumor/enh_2420.png","8","0.999916","0.912088","flip_h","True","True"
"Pituitary tumor__enh_2329","train","Pituitary tumor","brisc2025","Pituitary tumor/enh_2329.png","Pituitary tumor__enh_2422","test","Pituitary tumor","brisc2025","Pituitary tumor/enh_2422.png","6","0.999904","0.790323","flip_h","True","False"
"Pituitary tumor__enh_2335","train","Pituitary tumor","brisc2025","Pituitary tumor/enh_2335.png","Pituitary tumor__enh_2430","test","Pituitary tumor","brisc2025","Pituitary tumor/enh_2430.png","2","0.99989","0.842105","flip_h","True","False"
"Pituitary tumor__enh_2337","train","Pituitary tumor","brisc2025","Pituitary tumor/enh_2337.png","Pituitary tumor__enh_1144","test","Pituitary tumor","brisc2025","Pituitary tumor/enh_1144.png","8","0.999893","0.526316","flip_h","True","False"
"Pituitary tumor__enh_2338","train","Pituitary tumor","brisc2025","Pituitary tumor/enh_2338.png","Pituitary tumor__enh_2432","val","Pituitary tumor","brisc2025","Pituitary tumor/enh_2432.png","6","0.999892","0.521739","flip_h","True","False"
"Pituitary tumor__enh_2343","train","Pituitary tumor","brisc2025","Pituitary tumor/enh_2343.png","Pituitary tumor__enh_2436","test","Pituitary tumor","brisc2025","Pituitary tumor/enh_2436.png","5","0.999805","0.818182","flip_h","True","False"
"Pituitary tumor__enh_2351","train","Pituitary tumor","brisc2025","Pituitary tumor/enh_2351.png","Pituitary tumor__enh_9","val","Pituitary tumor","original","Pituitary tumor/enh_9.png","12","0.964191","0.857143","identity","False","False"
"Pituitary tumor__enh_2352","train","Pituitary tumor","brisc2025","Pituitary tumor/enh_2352.png","Pituitary tumor__enh_2444","test","Pituitary tumor","brisc2025","Pituitary tumor/enh_2444.png","7","0.999814","0.8","flip_h","True","False"
"Pituitary tumor__enh_2358","train","Pituitary tumor","brisc2025","Pituitary tumor/enh_2358.png","Pituitary tumor__enh_1150","val","Pituitary tumor","brisc2025","Pituitary tumor/enh_1150.png","5","0.999867","0.894737","flip_h","True","False"
"Pituitary tumor__enh_2365","train","Pituitary tumor","brisc2025","Pituitary tumor/enh_2365.png","Pituitary tumor__enh_2458","test","Pituitary tumor","brisc2025","Pituitary tumor/enh_2458.png","6","0.999882","0.846154","flip_h","True","False"
"Pituitary tumor__enh_2368","train","Pituitary tumor","brisc2025","Pituitary tumor/enh_2368.png","Pituitary tumor__enh_2460","val","Pituitary tumor","brisc2025","Pituitary tumor/enh_2460.png","5","0.999852","0.964286","flip_h","True","True"
"Pituitary tumor__enh_2371","train","Pituitary tumor","brisc2025","Pituitary tumor/enh_2371.png","Pituitary tumor__enh_2462","test","Pituitary tumor","brisc2025","Pituitary tumor/enh_2462.png","10","0.999908","0.944444","flip_h","False","True"
"Pituitary tumor__enh_2373","train","Pituitary tumor","brisc2025","Pituitary tumor/enh_2373.png","Pituitary tumor__enh_2464","val","Pituitary tumor","brisc2025","Pituitary tumor/enh_2464.png","12","0.999841","0.882353","flip_h","False","False"
"Pituitary tumor__enh_2381","train","Pituitary tumor","brisc2025","Pituitary tumor/enh_2381.png","Pituitary tumor__enh_2470","val","Pituitary tumor","brisc2025","Pituitary tumor/enh_2470.png","8","0.999885","0.88","flip_h","True","False"
"Pituitary tumor__enh_2387","train","Pituitary tumor","brisc2025","Pituitary tumor/enh_2387.png","Pituitary tumor__enh_2479","test","Pituitary tumor","brisc2025","Pituitary tumor/enh_2479.png","9","0.999901","0.923077","flip_h","False","True"
"Pituitary tumor__enh_2397","train","Pituitary tumor","brisc2025","Pituitary tumor/enh_2397.png","Pituitary tumor__enh_2490","val","Pituitary tumor","brisc2025","Pituitary tumor/enh_2490.png","11","0.9999","0.593407","flip_h","False","False"
"Pituitary tumor__enh_2408","train","Pituitary tumor","brisc2025","Pituitary tumor/enh_2408.png","Pituitary tumor__enh_2400","test","Pituitary tumor","brisc2025","Pituitary tumor/enh_2400.png","9","0.999848","0.918919","flip_h","False","True"
"Pituitary tumor__enh_2411","train","Pituitary tumor","brisc2025","Pituitary tumor/enh_2411.png","Pituitary tumor__enh_2319","val","Pituitary tumor","brisc2025","Pituitary tumor/enh_2319.png","4","0.999864","0.943662","flip_h","True","True"
"Pituitary tumor__enh_2412","train","Pituitary tumor","brisc2025","Pituitary tumor/enh_2412.png","Pituitary tumor__enh_2320","test","Pituitary tumor","brisc2025","Pituitary tumor/enh_2320.png","5","0.999874","0.894737","flip_h","True","False"
"Pituitary tumor__enh_2415","train","Pituitary tumor","brisc2025","Pituitary tumor/enh_2415.png","Pituitary tumor__enh_2323","test","Pituitary tumor","brisc2025","Pituitary tumor/enh_2323.png","8","0.999828","0.97561","flip_h","True","True"
"Pituitary tumor__enh_2425","train","Pituitary tumor","brisc2025","Pituitary tumor/enh_2425.png","Pituitary tumor__enh_2332","val","Pituitary tumor","brisc2025","Pituitary tumor/enh_2332.png","9","0.999867","0.912281","flip_h","False","True"
"Pituitary tumor__enh_2429","train","Pituitary tumor","brisc2025","Pituitary tumor/enh_2429.png","Pituitary tumor__enh_2334","val","Pituitary tumor","brisc2025","Pituitary tumor/enh_2334.png","6","0.999895","0.666667","flip_h","True","False"
"Pituitary tumor__enh_2435","train","Pituitary tumor","brisc2025","Pituitary tumor/enh_2435.png","Pituitary tumor__enh_2342","val","Pituitary tumor","brisc2025","Pituitary tumor/enh_2342.png","2","0.999822","0.75","flip_h","True","False"
"Pituitary tumor__enh_2454","train","Pituitary tumor","brisc2025","Pituitary tumor/enh_2454.png","Pituitary tumor__enh_2363","val","Pituitary tumor","brisc2025","Pituitary tumor/enh_2363.png","9","0.999898","0.625","flip_h","False","False"
"Pituitary tumor__enh_2472","train","Pituitary tumor","brisc2025","Pituitary tumor/enh_2472.png","Pituitary tumor__enh_2404","test","Pituitary tumor","brisc2025","Pituitary tumor/enh_2404.png","6","0.999906","0.952381","flip_h","True","True"
"Pituitary tumor__enh_2473","train","Pituitary tumor","brisc2025","Pituitary tumor/enh_2473.png","Pituitary tumor__enh_1130","test","Pituitary tumor","brisc2025","Pituitary tumor/enh_1130.png","1","0.99991","0.727273","flip_h","True","False"
"Pituitary tumor__enh_2474","train","Pituitary tumor","brisc2025","Pituitary tumor/enh_2474.png","Pituitary tumor__enh_2386","test","Pituitary tumor","brisc2025","Pituitary tumor/enh_2386.png","5","0.999916","0.826087","flip_h","True","False"
"Pituitary tumor__enh_2484","train","Pituitary tumor","brisc2025","Pituitary tumor/enh_2484.png","Pituitary tumor__enh_2392","test","Pituitary tumor","brisc2025","Pituitary tumor/enh_2392.png","7","0.999884","0.674419","flip_h","True","False"
"Pituitary tumor__enh_2488","train","Pituitary tumor","brisc2025","Pituitary tumor/enh_2488.png","Pituitary tumor__enh_2395","test","Pituitary tumor","brisc2025","Pituitary tumor/enh_2395.png","6","0.999899","0.862069","flip_h","True","False"
"Pituitary tumor__enh_2494","train","Pituitary tumor","brisc2025","Pituitary tumor/enh_2494.png","Pituitary tumor__enh_2248","val","Pituitary tumor","brisc2025","Pituitary tumor/enh_2248.png","6","0.999855","0.85","flip_h","True","False"
"Pituitary tumor__enh_2513","train","Pituitary tumor","brisc2025","Pituitary tumor/enh_2513.png","Pituitary tumor__enh_2273","val","Pituitary tumor","brisc2025","Pituitary tumor/enh_2273.png","8","0.999857","0.925926","flip_h","True","True"
"Pituitary tumor__enh_2514","train","Pituitary tumor","brisc2025","Pituitary tumor/enh_2514.png","Pituitary tumor__enh_2274","test","Pituitary tumor","brisc2025","Pituitary tumor/enh_2274.png","8","0.999855","0.964286","flip_h","True","True"
"Pituitary tumor__enh_2527","train","Pituitary tumor","brisc2025","Pituitary tumor/enh_2527.png","Pituitary tumor__enh_2290","test","Pituitary tumor","brisc2025","Pituitary tumor/enh_2290.png","6","0.999785","0.928571","flip_h","True","True"
"Pituitary tumor__enh_2535","train","Pituitary tumor","brisc2025","Pituitary tumor/enh_2535.png","Pituitary tumor__enh_2299","val","Pituitary tumor","brisc2025","Pituitary tumor/enh_2299.png","5","0.999889","0.95","flip_h","True","True"
"Pituitary tumor__enh_2542","train","Pituitary tumor","brisc2025","Pituitary tumor/enh_2542.png","Pituitary tumor__enh_2308","val","Pituitary tumor","brisc2025","Pituitary tumor/enh_2308.png","4","0.999912","0.902439","flip_h","True","True"
"Pituitary tumor__enh_2545","train","Pituitary tumor","brisc2025","Pituitary tumor/enh_2545.png","Pituitary tumor__enh_2312","test","Pituitary tumor","brisc2025","Pituitary tumor/enh_2312.png","6","0.99987","0.888889","flip_h","True","False"
"Pituitary tumor__enh_2546","train","Pituitary tumor","brisc2025","Pituitary tumor/enh_2546.png","Pituitary tumor__enh_2313","val","Pituitary tumor","brisc2025","Pituitary tumor/enh_2313.png","9","0.999879","0.792208","flip_h","False","False"
"Pituitary tumor__enh_2547","train","Pituitary tumor","brisc2025","Pituitary tumor/enh_2547.png","Pituitary tumor__enh_2314","test","Pituitary tumor","brisc2025","Pituitary tumor/enh_2314.png","12","0.99988","0.739726","flip_h","False","False"
"Pituitary tumor__enh_2560","train","Pituitary tumor","brisc2025","Pituitary tumor/enh_2560.png","Pituitary tumor__enh_2158","val","Pituitary tumor","brisc2025","Pituitary tumor/enh_2158.png","5","0.999919","0.933333","flip_h","True","True"
"Pituitary tumor__enh_2561","train","Pituitary tumor","brisc2025","Pituitary tumor/enh_2561.png","Pituitary tumor__enh_2159","val","Pituitary tumor","brisc2025","Pituitary tumor/enh_2159.png","6","0.999924","0.920904","flip_h","True","True"
"Pituitary tumor__enh_2564","train","Pituitary tumor","brisc2025","Pituitary tumor/enh_2564.png","Pituitary tumor__enh_2162","val","Pituitary tumor","brisc2025","Pituitary tumor/enh_2162.png","7","0.999839","0.910256","flip_h","True","True"
"Pituitary tumor__enh_2568","train","Pituitary tumor","brisc2025","Pituitary tumor/enh_2568.png","Pituitary tumor__enh_2167","test","Pituitary tumor","brisc2025","Pituitary tumor/enh_2167.png","5","0.999841","0.837209","flip_h","True","False"
"Pituitary tumor__enh_2571","train","Pituitary tumor","brisc2025","Pituitary tumor/enh_2571.png","Pituitary tumor__enh_2171","test","Pituitary tumor","brisc2025","Pituitary tumor/enh_2171.png","10","0.999887","0.606061","flip_h","False","False"
"Pituitary tumor__enh_2577","train","Pituitary tumor","brisc2025","Pituitary tumor/enh_2577.png","Pituitary tumor__enh_2179","test","Pituitary tumor","brisc2025","Pituitary tumor/enh_2179.png","7","0.999821","0.684211","flip_h","True","False"
"Pituitary tumor__enh_2579","train","Pituitary tumor","brisc2025","Pituitary tumor/enh_2579.png","Pituitary tumor__enh_2182","val","Pituitary tumor","brisc2025","Pituitary tumor/enh_2182.png","6","0.999907","1","flip_h","True","True"
"Pituitary tumor__enh_2580","train","Pituitary tumor","brisc2025","Pituitary tumor/enh_2580.png","Pituitary tumor__enh_2183","test","Pituitary tumor","brisc2025","Pituitary tumor/enh_2183.png","12","0.99991","0.9","flip_h","False","True"
"Pituitary tumor__enh_2586","train","Pituitary tumor","brisc2025","Pituitary tumor/enh_2586.png","Pituitary tumor__enh_2190","val","Pituitary tumor","brisc2025","Pituitary tumor/enh_2190.png","6","0.999854","0.785714","flip_h","True","False"
"Pituitary tumor__enh_2587","train","Pituitary tumor","brisc2025","Pituitary tumor/enh_2587.png","Pituitary tumor__enh_2192","test","Pituitary tumor","brisc2025","Pituitary tumor/enh_2192.png","9","0.999865","0.380952","flip_h","False","False"
"Pituitary tumor__enh_2597","train","Pituitary tumor","brisc2025","Pituitary tumor/enh_2597.png","Pituitary tumor__enh_2200","val","Pituitary tumor","brisc2025","Pituitary tumor/enh_2200.png","7","0.999937","0.733333","flip_h","True","False"
"Pituitary tumor__enh_2605","train","Pituitary tumor","brisc2025","Pituitary tumor/enh_2605.png","Pituitary tumor__enh_2208","val","Pituitary tumor","brisc2025","Pituitary tumor/enh_2208.png","9","0.999935","0.727273","flip_h","False","False"
"Pituitary tumor__enh_2609","train","Pituitary tumor","brisc2025","Pituitary tumor/enh_2609.png","Pituitary tumor__enh_2213","val","Pituitary tumor","brisc2025","Pituitary tumor/enh_2213.png","9","0.999889","0.580645","flip_h","False","False"
"Pituitary tumor__enh_2610","train","Pituitary tumor","brisc2025","Pituitary tumor/enh_2610.png","Pituitary tumor__enh_2214","test","Pituitary tumor","brisc2025","Pituitary tumor/enh_2214.png","5","0.999881","0.942857","flip_h","True","True"
"Pituitary tumor__enh_2611","train","Pituitary tumor","brisc2025","Pituitary tumor/enh_2611.png","Pituitary tumor__enh_2216","test","Pituitary tumor","brisc2025","Pituitary tumor/enh_2216.png","6","0.99981","0.911765","flip_h","True","True"
"Pituitary tumor__enh_2624","train","Pituitary tumor","brisc2025","Pituitary tumor/enh_2624.png","Pituitary tumor__enh_2229","test","Pituitary tumor","brisc2025","Pituitary tumor/enh_2229.png","9","0.999924","0.84375","flip_h","False","False"
"Pituitary tumor__enh_2634","train","Pituitary tumor","brisc2025","Pituitary tumor/enh_2634.png","Pituitary tumor__enh_2242","test","Pituitary tumor","brisc2025","Pituitary tumor/enh_2242.png","8","0.999922","0.927083","flip_h","True","True"
"Pituitary tumor__enh_2637","train","Pituitary tumor","brisc2025","Pituitary tumor/enh_2637.png","Pituitary tumor__enh_688","val","Pituitary tumor","original","Pituitary tumor/enh_688.png","12","0.955752","0.846154","flip_h","False","False"
"Pituitary tumor__enh_2637","train","Pituitary tumor","brisc2025","Pituitary tumor/enh_2637.png","Pituitary tumor__enh_2136","test","Pituitary tumor","brisc2025","Pituitary tumor/enh_2136.png","10","0.999888","0.909091","flip_h","False","True"
"Glioma__enh_817","val","Glioma","brisc2025","Glioma/enh_817.png","Glioma__enh_866","test","Glioma","brisc2025","Glioma/enh_866.png","12","0.999917","0.926829","flip_h","False","True"
"Glioma__enh_1517","val","Glioma","brisc2025","Glioma/enh_1517.png","Glioma__enh_1190","test","Glioma","brisc2025","Glioma/enh_1190.png","12","0.999865","0.817391","flip_h","False","False"
"Meningioma__enh_288","val","Meningioma","original","Meningioma/enh_288.png","Glioma__enh_675","test","Glioma","brisc2025","Glioma/enh_675.png","12","0.981226","0.287356","flip_h","False","False"
"Meningioma__enh_821","val","Meningioma","brisc2025","Meningioma/enh_821.png","Meningioma__enh_1211","test","Meningioma","brisc2025","Meningioma/enh_1211.png","11","0.999943","0.892308","flip_h","False","False"
"Meningioma__enh_872","val","Meningioma","brisc2025","Meningioma/enh_872.png","Pituitary tumor__enh_1043","test","Pituitary tumor","brisc2025","Pituitary tumor/enh_1043.png","11","0.999945","0.902439","flip_h","False","True"
"Meningioma__enh_886","val","Meningioma","brisc2025","Meningioma/enh_886.png","Meningioma__enh_1483","test","Meningioma","brisc2025","Meningioma/enh_1483.png","7","0.99995","0.931034","flip_h","True","True"
"Meningioma__enh_903","val","Meningioma","brisc2025","Meningioma/enh_903.png","Meningioma__enh_1549","test","Meningioma","brisc2025","Meningioma/enh_1549.png","10","0.999923","0.925373","flip_h","False","True"
"Meningioma__enh_1018","val","Meningioma","brisc2025","Meningioma/enh_1018.png","Meningioma__enh_1279","test","Meningioma","brisc2025","Meningioma/enh_1279.png","12","0.999938","0.92","flip_h","False","True"
"Meningioma__enh_1030","val","Meningioma","brisc2025","Meningioma/enh_1030.png","Meningioma__enh_1357","test","Meningioma","brisc2025","Meningioma/enh_1357.png","10","0.999928","0.862903","flip_h","False","False"
"Meningioma__enh_1217","val","Meningioma","brisc2025","Meningioma/enh_1217.png","Meningioma__enh_823","test","Meningioma","brisc2025","Meningioma/enh_823.png","12","0.999951","0.8125","flip_h","False","False"
"Meningioma__enh_1440","val","Meningioma","brisc2025","Meningioma/enh_1440.png","Meningioma__enh_1666","test","Meningioma","brisc2025","Meningioma/enh_1666.png","9","0.999912","0.861111","flip_h","False","False"
"Meningioma__enh_1449","val","Meningioma","brisc2025","Meningioma/enh_1449.png","Meningioma__enh_1674","test","Meningioma","brisc2025","Meningioma/enh_1674.png","10","0.999925","0.885714","flip_h","False","False"
"Meningioma__enh_1451","val","Meningioma","brisc2025","Meningioma/enh_1451.png","Meningioma__enh_1676","test","Meningioma","brisc2025","Meningioma/enh_1676.png","8","0.999838","0.842105","flip_h","True","False"
"Meningioma__enh_1523","val","Meningioma","brisc2025","Meningioma/enh_1523.png","Meningioma__enh_896","test","Meningioma","brisc2025","Meningioma/enh_896.png","12","0.999942","0.961538","flip_h","False","True"
"Meningioma__enh_1608","val","Meningioma","brisc2025","Meningioma/enh_1608.png","Meningioma__enh_1813","test","Meningioma","brisc2025","Meningioma/enh_1813.png","7","0.99993","0.878049","flip_h","True","False"
"Meningioma__enh_1697","val","Meningioma","brisc2025","Meningioma/enh_1697.png","Meningioma__enh_1476","test","Meningioma","brisc2025","Meningioma/enh_1476.png","10","0.999936","0.911765","flip_h","False","True"
"Meningioma__enh_1769","val","Meningioma","brisc2025","Meningioma/enh_1769.png","Meningioma__enh_1564","test","Meningioma","brisc2025","Meningioma/enh_1564.png","10","0.999935","0.734513","flip_h","False","False"
"Meningioma__enh_1786","val","Meningioma","brisc2025","Meningioma/enh_1786.png","Meningioma__enh_1600","test","Meningioma","brisc2025","Meningioma/enh_1600.png","11","0.999929","0.7","flip_h","False","False"
"Meningioma__enh_1933","val","Meningioma","brisc2025","Meningioma/enh_1933.png","Meningioma__enh_2139","test","Meningioma","brisc2025","Meningioma/enh_2139.png","4","0.999891","0.926829","flip_h","True","True"
"Pituitary tumor__enh_484","val","Pituitary tumor","original","Pituitary tumor/enh_484.png","Pituitary tumor__enh_2499","test","Pituitary tumor","brisc2025","Pituitary tumor/enh_2499.png","10","0.95795","0.880952","flip_h","False","False"
"Pituitary tumor__enh_506","val","Pituitary tumor","original","Pituitary tumor/enh_506.png","Pituitary tumor__enh_2274","test","Pituitary tumor","brisc2025","Pituitary tumor/enh_2274.png","11","0.964024","0.888889","identity","False","False"
"Pituitary tumor__enh_1087","val","Pituitary tumor","brisc2025","Pituitary tumor/enh_1087.png","Pituitary tumor__enh_1885","test","Pituitary tumor","brisc2025","Pituitary tumor/enh_1885.png","3","0.999868","0","flip_h","True","False"
"Pituitary tumor__enh_1088","val","Pituitary tumor","brisc2025","Pituitary tumor/enh_1088.png","Pituitary tumor__enh_1889","test","Pituitary tumor","brisc2025","Pituitary tumor/enh_1889.png","9","0.999935","0.574257","flip_h","False","False"
"Pituitary tumor__enh_1151","val","Pituitary tumor","brisc2025","Pituitary tumor/enh_1151.png","Pituitary tumor__enh_2362","test","Pituitary tumor","brisc2025","Pituitary tumor/enh_2362.png","6","0.99991","0.9","flip_h","True","True"
"Pituitary tumor__enh_1261","val","Pituitary tumor","brisc2025","Pituitary tumor/enh_1261.png","Pituitary tumor__enh_1421","test","Pituitary tumor","brisc2025","Pituitary tumor/enh_1421.png","9","0.999934","0.878788","flip_h","False","False"
"Pituitary tumor__enh_1448","val","Pituitary tumor","brisc2025","Pituitary tumor/enh_1448.png","Pituitary tumor__enh_1393","test","Pituitary tumor","brisc2025","Pituitary tumor/enh_1393.png","7","0.999946","0.890244","flip_h","True","False"
"Pituitary tumor__enh_1449","val","Pituitary tumor","brisc2025","Pituitary tumor/enh_1449.png","Pituitary tumor__enh_1394","test","Pituitary tumor","brisc2025","Pituitary tumor/enh_1394.png","11","0.999929","0.964286","flip_h","False","True"
"Pituitary tumor__enh_1460","val","Pituitary tumor","brisc2025","Pituitary tumor/enh_1460.png","Pituitary tumor__enh_1405","test","Pituitary tumor","brisc2025","Pituitary tumor/enh_1405.png","12","0.999917","0.727273","flip_h","False","False"
"Pituitary tumor__enh_1592","val","Pituitary tumor","brisc2025","Pituitary tumor/enh_1592.png","Pituitary tumor__enh_1341","test","Pituitary tumor","brisc2025","Pituitary tumor/enh_1341.png","10","0.999914","0.810127","flip_h","False","False"
"Pituitary tumor__enh_1649","val","Pituitary tumor","brisc2025","Pituitary tumor/enh_1649.png","Pituitary tumor__enh_2102","test","Pituitary tumor","brisc2025","Pituitary tumor/enh_2102.png","8","0.999935","0.955224","flip_h","True","True"
"Pituitary tumor__enh_1803","val","Pituitary tumor","brisc2025","Pituitary tumor/enh_1803.png","Pituitary tumor__enh_1054","test","Pituitary tumor","brisc2025","Pituitary tumor/enh_1054.png","6","0.999921","0.8","flip_h","True","False"
"Pituitary tumor__enh_1848","val","Pituitary tumor","brisc2025","Pituitary tumor/enh_1848.png","Pituitary tumor__enh_1068","test","Pituitary tumor","brisc2025","Pituitary tumor/enh_1068.png","11","0.999909","0.909091","flip_h","False","True"
"Pituitary tumor__enh_1936","val","Pituitary tumor","brisc2025","Pituitary tumor/enh_1936.png","Pituitary tumor__enh_1767","test","Pituitary tumor","brisc2025","Pituitary tumor/enh_1767.png","6","0.999911","0.819672","flip_h","True","False"
"Pituitary tumor__enh_2071","val","Pituitary tumor","brisc2025","Pituitary tumor/enh_2071.png","Pituitary tumor__enh_1724","test","Pituitary tumor","brisc2025","Pituitary tumor/enh_1724.png","10","0.999906","0.896907","flip_h","False","False"
"Pituitary tumor__enh_2072","val","Pituitary tumor","brisc2025","Pituitary tumor/enh_2072.png","Pituitary tumor__enh_1725","test","Pituitary tumor","brisc2025","Pituitary tumor/enh_1725.png","5","0.999903","0.792308","flip_h","True","False"
"Pituitary tumor__enh_2190","val","Pituitary tumor","brisc2025","Pituitary tumor/enh_2190.png","Pituitary tumor__enh_612","test","Pituitary tumor","original","Pituitary tumor/enh_612.png","12","0.964324","0.636364","identity","False","False"
"Pituitary tumor__enh_2239","val","Pituitary tumor","brisc2025","Pituitary tumor/enh_2239.png","Pituitary tumor__enh_1212","test","Pituitary tumor","brisc2025","Pituitary tumor/enh_1212.png","11","0.999926","0.95","flip_h","False","True"
"Pituitary tumor__enh_2254","val","Pituitary tumor","brisc2025","Pituitary tumor/enh_2254.png","Pituitary tumor__enh_2499","test","Pituitary tumor","brisc2025","Pituitary tumor/enh_2499.png","3","0.999876","0.928571","flip_h","True","True"
"Pituitary tumor__enh_2277","val","Pituitary tumor","brisc2025","Pituitary tumor/enh_2277.png","Pituitary tumor__enh_2516","test","Pituitary tumor","brisc2025","Pituitary tumor/enh_2516.png","12","0.999858","0.789474","flip_h","False","False"
"Pituitary tumor__enh_2414","val","Pituitary tumor","brisc2025","Pituitary tumor/enh_2414.png","Pituitary tumor__enh_2322","test","Pituitary tumor","brisc2025","Pituitary tumor/enh_2322.png","5","0.999829","0.788462","flip_h","True","False"
"Pituitary tumor__enh_2440","val","Pituitary tumor","brisc2025","Pituitary tumor/enh_2440.png","Pituitary tumor__enh_2348","test","Pituitary tumor","brisc2025","Pituitary tumor/enh_2348.png","12","0.999902","0.910714","flip_h","False","True"
"Pituitary tumor__enh_2501","val","Pituitary tumor","brisc2025","Pituitary tumor/enh_2501.png","Pituitary tumor__enh_2257","test","Pituitary tumor","brisc2025","Pituitary tumor/enh_2257.png","6","0.999936","0.625","flip_h","True","False"
"Pituitary tumor__enh_2530","val","Pituitary tumor","brisc2025","Pituitary tumor/enh_2530.png","Pituitary tumor__enh_2294","test","Pituitary tumor","brisc2025","Pituitary tumor/enh_2294.png","7","0.999866","0.722222","flip_h","True","False"
