sample_id,source_id,tumor_type,group_id,split,image_path,mask_path,image_sha256,mask_sha256
Glioma__enh_209,209,Glioma,Glioma__enh_209,train,Glioma/enh_209.png,Glioma/enh_209_mask.png,e3e892e80aa7ac37dc74101194071e58ab8bcd2a61a7221864ffc96e906ff76d,241734e905a846ab3394bec19abdbf597b0efae4d441d8034b50226ed1a8b787
Glioma__enh_210,210,Glioma,Glioma__enh_210,train,Glioma/enh_210.png,Glioma/enh_210_mask.png,fadf66be00647637553579ee90cec6ea306d1598e2d820b9573a4aef70054846,4851b30c88e3d0de8ebf3b7f625ad99f98eb5ce6e27558937bc76540694cd7ae
Glioma__enh_1841,1841,Glioma,Glioma__enh_1841,train,Glioma/enh_1841.png,Glioma/enh_1841_mask.png,e4de3ca03d2c46abc045996d9350d4ad0e88f203374befd832ce676a30ad6653,78dbf76359a3436f0f85b4031515407c81d419b2469b2b30148eb2c383095063
Glioma__enh_1842,1842,Glioma,Glioma__enh_1842,train,Glioma/enh_1842.png,Glioma/enh_1842_mask.png,f6a3bde5221aa97720ba293d7f1cf010d66cb3352d947e6c680aacb4eac2f4f7,81bdca35ac1779bfa746b63ed106824c262b48e8065af23eddee48658df7a61d
Glioma__enh_1844,1844,Glioma,Glioma__enh_1844,train,Glioma/enh_1844.png,Glioma/enh_1844_mask.png,3b3889605ef966d5673d5e4a756264195d6e7c1f47887a80f3840b0e32e859cc,f6e40707cea12493f73aeb7edb0a357ee4e4e126ce9375d89b6dc597bf6395a9
Glioma__enh_1846,1846,Glioma,Glioma__enh_1846,train,Glioma/enh_1846.png,Glioma/enh_1846_mask.png,2ae43e7f3463b1c5ebcddbfec9f2cc780a0046fceb1940b8b8841117078c95a6,d9ccddc53e568883587a43c3dcfc05596ee89a1e3a47f0fbe59f4985292c5f00
Glioma__enh_1847,1847,Glioma,Glioma__enh_1847,train,Glioma/enh_1847.png,Glioma/enh_1847_mask.png,cfeac6bf3838d6a9c6d32dc450b6835da4a3bd7e79da0a742a0f31736fa17c03,730cce0b407ec6ae57d0b635efda8364b70ef93e11c4361f9712a7a8c2051124
Glioma__enh_1849,1849,Glioma,Glioma__enh_1849,train,Glioma/enh_1849.png,Glioma/enh_1849_mask.png,29f576972d1273d1197c22f1c215328c616033c06ed666e63a569ea37ef1c690,d533e34fa3cd12e4767f5c8a46a19a15f0105dac090abbfd13cd28527ec327ce
Glioma__enh_1850,1850,Glioma,Glioma__enh_1850,train,Glioma/enh_1850.png,Glioma/enh_1850_mask.png,fdab81b15fb5a64e8fcacf2b9165df9c811bbf624121e3ee2e0f25f1414f4418,6a15539e67df3f0de8616e107f29766b817fce0c293d4c5dd18bbb03ccd75598
Glioma__enh_1851,1851,Glioma,Glioma__enh_1851,train,Glioma/enh_1851.png,Glioma/enh_1851_mask.png,bda06305944bb983df1b0627ee4ce563eb72f867f9587206b6add2606b3f25dd,4e84a8cf28e714a08c61c99c85da89cb9552083bb33abbfdb3b0d445a6e47745
Glioma__enh_1852,1852,Glioma,Glioma__enh_1852,train,Glioma/enh_1852.png,Glioma/enh_1852_mask.png,a757845cea1cace285fd7671a637ad5116d05d4072d0d2584ee854b5cc38b3f4,3fa2706208b8a7de25abaaa44937a805e90804515acc4ce7aebe2caca344a872
Glioma__enh_1853,1853,Glioma,Glioma__enh_1853,train,Glioma/enh_1853.png,Glioma/enh_1853_mask.png,f756998765c5efd5c513caf38ce40ada04d306d8f6a9b08054ea9301760c4f09,893e5b78797c492ab78dd405028afb1c4faeb499e4cf369a26016d1319ab2c3d
Glioma__enh_1854,1854,Glioma,Glioma__enh_1854,train,Glioma/enh_1854.png,Glioma/enh_1854_mask.png,a6ea9353adc2cf47eb74931110a005bd1e7544ec56a8cd806f5a667ba92e74a6,15207d2504c9fe97e85745a5a87a7826f2a1ce6bb4344c710eae34ff96f33cb5
Glioma__enh_1855,1855,Glioma,Glioma__enh_1855,train,Glioma/enh_1855.png,Glioma/enh_1855_mask.png,cff45a2941381567f6b8fbf3245dd94a7abedfe0f519023f8f51da9a2994233d,7404dc980cfcb5277af339ebdb1022cafbb55f2793b0fc02c65f8c8b1aaf091a
Glioma__enh_1859,1859,Glioma,Glioma__enh_1859,train,Glioma/enh_1859.png,Glioma/enh_1859_mask.png,3998963aa512cc8e2e1bcdb9689995dc554ea07c812e8ecbd3f2f6a35632435a,6461c8c37d037b58329605e2adc6f2b9ac8834f3a988738b94e55cbead87fb31
Glioma__enh_1860,1860,Glioma,Glioma__enh_1860,train,Glioma/enh_1860.png,Glioma/enh_1860_mask.png,244ab13ef1f464a4f861dad99473948dbbe8e9d375cfedb21e06dfc8c9260bd5,84cb361c9c4755ee9a5ae5389ab9db1c74868780662172089879c0ae8cde93a1
Glioma__enh_1861,1861,Glioma,Glioma__enh_1861,train,Glioma/enh_1861.png,Glioma/enh_1861_mask.png,d1618d090417f999f745b4f38387bd421044fd305eea7b5b9947bfbcadea0313,d3701231711a8daec2b5a4f2a29dbfefeb1e82ccf7dd6286166876bb8963a229
Glioma__enh_1862,1862,Glioma,Glioma__enh_1862,train,Glioma/enh_1862.png,Glioma/enh_1862_mask.png,8d68b7a567758035c6bc47dc2a276e8bde00e32203ae8bbe523091870d6687d7,c9039f60a714db15e3cbfc2dbee1269c5a650a479f0023ed8ccc49988fa5075c
Glioma__enh_1863,1863,Glioma,Glioma__enh_1863,train,Glioma/enh_1863.png,Glioma/enh_1863_mask.png,a751154a8119041d481a8b40f5d5aa5d78783a92f0763d5422b6a0d20508da4f,20b7bd5d24510ea31ee6f773b1e7fa0dfebafc86510ed2b7a28589b9483042d3
Glioma__enh_1864,1864,Glioma,Glioma__enh_1864,train,Glioma/enh_1864.png,Glioma/enh_1864_mask.png,7b08d6cbbbd8ec874d9cd48e34d1b0579fa4044ae1afacd01dcab255c0550383,480a13cc0422123d6aaa208558778dc8ff3ea4cf2e3704f075267811bacbc08e
Glioma__enh_1865,1865,Glioma,Glioma__enh_1865,train,Glioma/enh_1865.png,Glioma/enh_1865_mask.png,a836cb7fa69e5980c68137c11a6cc687ec6c4b6bcb0bd6344255c4051ab058b8,4feb1520e25dff86dc827e0f7ab89b1b9738685fce108497707a59826f98e32a
Glioma__enh_1866,1866,Glioma,Glioma__enh_1866,train,Glioma/enh_1866.png,Glioma/enh_1866_mask.png,99f5ad060946af12decf2ee3ebbb02118f5dd8cdd1f5437582bcf5a275a398e0,fffa378b7a91bca779f903158595f25a0097488e4e917d39de62d523bf22ba76
Glioma__enh_1867,1867,Glioma,Glioma__enh_1867,train,Glioma/enh_1867.png,Glioma/enh_1867_mask.png,d739b0049e8a8b33a1ef0209ab9b5cdc8ad7bf141a07db2e7af4362baa60d925,db3ba56ef0d7f12777ef3fc15254c1a97c91e63c5aba21a5507c03cb88c3ddad
Glioma__enh_1871,1871,Glioma,Glioma__enh_1871,train,Glioma/enh_1871.png,Glioma/enh_1871_mask.png,e5fc25fe3d21a69ba04bf27b5c10f6cff7775e8886641c8aa8f6583cd0fdbf86,b2878a6ed01a9752923d83030356b982724209b8c4736f7345383afa98a3ccd7
Glioma__enh_1872,1872,Glioma,Glioma__enh_1872,train,Glioma/enh_1872.png,Glioma/enh_1872_mask.png,8ccd4bda74591f0b51f4ec3c1ac783cbf9d3ea2294db20d6bf2794bbe3ae6144,a2548b206f29d5ef7df4dfd247ff2071e38320c13a48d7f256e0ec0618b585fe
Glioma__enh_1874,1874,Glioma,Glioma__enh_1874,train,Glioma/enh_1874.png,Glioma/enh_1874_mask.png,deb05f8e8e74cc11e0e3d1e727b846ec98a97800d888782b67b8f462f31f8af3,22ad475f0f80a335486465e98891444bd4879e6d9313c025afc0d375da6a2cac
Glioma__enh_1876,1876,Glioma,Glioma__enh_1876,train,Glioma/enh_1876.png,Glioma/enh_1876_mask.png,5f30c064b0d52bf45da65119bce59c219ce798b12a7f28f88f012bd3002147db,ed27dc055b497726744f025e3426b2eddb19f8ba97ed188f34058cb2cdc47e5b
Glioma__enh_1877,1877,Glioma,Glioma__enh_1877,train,Glioma/enh_1877.png,Glioma/enh_1877_mask.png,5c7af83a40785446a0a8bb8267521d37800f6cf57dc205f3c709318ecb51067b,0ccf7855b1542c9913b32a21686beac91116d63a3abdb80c8cd01cdd6d3943fe
Glioma__enh_1878,1878,Glioma,Glioma__enh_1878,train,Glioma/enh_1878.png,Glioma/enh_1878_mask.png,e0cb857d808d52131a2027bb29b09bf4450e2ccf8c53561dd6876ee779fb9b3d,5c4b32497d8c526328d931db1e763101008ff1dc28b46a25ce09d82c092eedf1
Glioma__enh_1879,1879,Glioma,Glioma__enh_1879,train,Glioma/enh_1879.png,Glioma/enh_1879_mask.png,d2399d93d5369c8f776de9d526ccb4e20e099d5ec9203e94199ea987e6fd10d3,045ba7f44cafa32b959a5cea54f1f70e91a389ab745f545ee3a4d0c063190329
Glioma__enh_1880,1880,Glioma,Glioma__enh_1880,train,Glioma/enh_1880.png,Glioma/enh_1880_mask.png,b584b471c76fc9a484b0c57c43bfcc26540a744d84e2147613340f52d0be03ab,962b52e4be1d12b90d32ad8a5e22693a5fbe8ea26d8b3e96ffad636236ab752c
Glioma__enh_1881,1881,Glioma,Glioma__enh_1881,train,Glioma/enh_1881.png,Glioma/enh_1881_mask.png,f8b11406e1d4a66ec8726a51d9d2ceeb24a617a865f86fdeb171f21f67942726,259a9e440bc73a59316d281910a50020c997c65c82150813d8bf60ddc03be803
Glioma__enh_1883,1883,Glioma,Glioma__enh_1883,train,Glioma/enh_1883.png,Glioma/enh_1883_mask.png,67a8c18595467313e9efde6abbf24dbd694d85ed745b951ae634e0c45d126040,34b9f10f50cc7c7d18835cda633a7e556899903607d95fd65c449fd984c6d24b
Glioma__enh_1884,1884,Glioma,Glioma__enh_1884,train,Glioma/enh_1884.png,Glioma/enh_1884_mask.png,e184b076d097aec271181b8ad9556c26a7f7f44905893cb85ad926de5980f75e,13e36ecf5b188c2a2b01ea7a617af72c642bd764dfb2372c810b4bce853ad5a8
Glioma__enh_1885,1885,Glioma,Glioma__enh_1885,train,Glioma/enh_1885.png,Glioma/enh_1885_mask.png,7fd8e15d80f09af9bdb8c36f3a8a55c44d43e29332fa362db4599c71d55630ae,11f67535c91cf63867d86fcbe57852a36fb87d1c2d72af463a7f49626a6d218c
Glioma__enh_1886,1886,Glioma,Glioma__enh_1886,train,Glioma/enh_1886.png,Glioma/enh_1886_mask.png,c84460e2d9729236f9e70281f7d3cc86a87de2bd5d4b95eee56fa8961543e57d,b8faf4ce9c219c07fd6c7b26588fa656ff04ae6e8053e6367bdad33060230329
Glioma__enh_1887,1887,Glioma,Glioma__enh_1887,train,Glioma/enh_1887.png,Glioma/enh_1887_mask.png,7d4f56fbd2c467b4873270bec744b143f52f7be45b4d22e538590d045ab8f14f,b920b51455974ec13a89e92327f6b56e845004d5347f9a5188f5c8b20e9fc8e0
Glioma__enh_1888,1888,Glioma,Glioma__enh_1888,train,Glioma/enh_1888.png,Glioma/enh_1888_mask.png,4e83788b84c29a55b422035be4b3b47391293c5efc39c1c97dc372cbc3fee741,b54bce814d060db3a9ec647f628a38bb152a1be5415c400a21d1f4c4b82576aa
Glioma__enh_1890,1890,Glioma,Glioma__enh_1890,train,Glioma/enh_1890.png,Glioma/enh_1890_mask.png,305c8df9fff44aa14076217fdca9bda74951d2f5bcd200056271aeb40f411aa2,f224bacc038d5978eea8fbe13818ee01ba5806c08854e94bab1a30c4175a52af
Glioma__enh_1891,1891,Glioma,Glioma__enh_1891,train,Glioma/enh_1891.png,Glioma/enh_1891_mask.png,9ab79cb046856a14459ed43c7fa34cf2684ba5d1955ef16c4a64b82cbc4d06ae,43732ec32bfd6b3dd7ff3224dcb020c03b7dbf203a6906708a119754b6028a63
Glioma__enh_1892,1892,Glioma,Glioma__enh_1892,train,Glioma/enh_1892.png,Glioma/enh_1892_mask.png,11286a512e8b46b4dedcb1192602fc3129a96a2f8b3f9e20e5d2d9fb7aa1617b,78853a485fcab1ed2b1b52167bb3d6a5380601d321ae4037866fab011ec509de
Glioma__enh_1893,1893,Glioma,Glioma__enh_1893,train,Glioma/enh_1893.png,Glioma/enh_1893_mask.png,08b0a1871a6f1c5191b043c8624c10011e1d926b72964293323274ef33dd595f,7a57311d1a31c81efc03e4f4d109214656b6e8923c5ba3f75fac66a403b69f53
Glioma__enh_1894,1894,Glioma,Glioma__enh_1894,train,Glioma/enh_1894.png,Glioma/enh_1894_mask.png,696332360ffe08ccc45d128ea3ab4fdf758e2eab2392e462beb939273506cc2b,c37204915221f57bfcea8b39e49dc43badcdf71b616e91aeed69999bc13f1b6b
Glioma__enh_1896,1896,Glioma,Glioma__enh_1896,train,Glioma/enh_1896.png,Glioma/enh_1896_mask.png,cc889c295f52cb1c54d364068d6b93bd377b9d33bd24d3aefbf855148151c10c,5f37206df10a5278675ba1aeeddff11e51cd7c84423fbba4b39936c0c1042fc2
Glioma__enh_1900,1900,Glioma,Glioma__enh_1900,train,Glioma/enh_1900.png,Glioma/enh_1900_mask.png,72d8405fa691c804697822fc845612f959596a1c32d57c0f695afc3f2f0c346c,552198a12ca7f9ab512e19f75878c9d6711c8a94d29308a2cd55d44e829ba4b2
Glioma__enh_1901,1901,Glioma,Glioma__enh_1901,train,Glioma/enh_1901.png,Glioma/enh_1901_mask.png,89bc13781e604c56f7d0aba12a1e1214f6272e10248d0fb6296d90fa318b748f,20a9c31dc70f9bb95164222818a501542e22fb336f262c4583c08411bf5175c7
Glioma__enh_1904,1904,Glioma,Glioma__enh_1904,train,Glioma/enh_1904.png,Glioma/enh_1904_mask.png,3cbc675ba7dc3f4a6fa50cd9490ef832078a094ff5ff927a411fb4344f77b038,412aa6b3856cd08eca46aff5700b31acd34074f582912fb437e31d24a61cca44
Glioma__enh_1907,1907,Glioma,Glioma__enh_1907,train,Glioma/enh_1907.png,Glioma/enh_1907_mask.png,b8dee8cd6b4f23ad9fd558c41ad6dbcaf59778dbb6fafd4c1d93d1e6f45bc5ae,d0030ca0de1918e9d15054335f2341886230a7fa4e9a2bf9afada12dfeb9dd1c
Glioma__enh_1908,1908,Glioma,Glioma__enh_1908,train,Glioma/enh_1908.png,Glioma/enh_1908_mask.png,49ee260546991c4b43f73bc03cbd0ae921c4ad0b48a3a264f3243a3980d596c4,662bb88a142146fc4b96432650b02bd39a346bb818859d6787cc1a8954ba04c1
Glioma__enh_1909,1909,Glioma,Glioma__enh_1909,train,Glioma/enh_1909.png,Glioma/enh_1909_mask.png,ec0054f4639c82f27b260852f4882caf302cb0643beb648994267b0d717c995a,ec032e8efe5d5603149e43cf8d1701216e39826a699143007dc7fce9aa26f1bc
Glioma__enh_1910,1910,Glioma,Glioma__enh_1910,train,Glioma/enh_1910.png,Glioma/enh_1910_mask.png,9e76c8c675d080e305025686d768763bef1a7b3203b73260e3e1751a1edda321,c68426cf531ae3d21b60dfd538148af43c2038564590e0ff33609f62d1458c24
Glioma__enh_1911,1911,Glioma,Glioma__enh_1911,train,Glioma/enh_1911.png,Glioma/enh_1911_mask.png,3646f3b564ece2fe571dfa3ed809abf1d08d44c3f33361cc67704b17243ede98,0aeae38216528e3d66bb84fab17938b987c417096684520799857528d327476c
Glioma__enh_1912,1912,Glioma,Glioma__enh_1912,train,Glioma/enh_1912.png,Glioma/enh_1912_mask.png,b5d1c5d80bf3d69e5dabf7020ab7f3b6c3a9b370002bc98d03c88f1d9211451d,eb26f6d5a831daa9f5bd3c17bbc80c3109709f3141511fae86356c4841a5c787
Glioma__enh_1917,1917,Glioma,Glioma__enh_1917,train,Glioma/enh_1917.png,Glioma/enh_1917_mask.png,2d22566be52bb8593460d2a1c2a0b55616d63d33b767cfbf052924c6cbbef0f7,368a8d229dfa00162ed1e159391ea00a78ef2ada47761e9fa10d66a677fba80a
Glioma__enh_1918,1918,Glioma,Glioma__enh_1918,train,Glioma/enh_1918.png,Glioma/enh_1918_mask.png,b9edf2d914441f4e65d9d88838556681492949c56c69ef2222038d606e5922aa,1a9381a6b41a8833581c306640cc25c829fc1bf9e79db4883d21562f3933a196
Glioma__enh_1919,1919,Glioma,Glioma__enh_1919,train,Glioma/enh_1919.png,Glioma/enh_1919_mask.png,e7940b0cc542a17ebac3a20558d00bdd938131b6738da98a61ea31581cd589da,606e2f0cd04bbd3ee620babba9d0890d61c917c1339188ae9d8ed800b0b91032
Glioma__enh_1920,1920,Glioma,Glioma__enh_1920,train,Glioma/enh_1920.png,Glioma/enh_1920_mask.png,6bf02e74b3941bb20724b2b68fce2cfd847f481cb140eb0074f0d72aefc2c1aa,a3d8095cbb329be70b39f054c117db91a66c9cf2a2d62b0f4f9125c14b98013e
Glioma__enh_1921,1921,Glioma,Glioma__enh_1921,train,Glioma/enh_1921.png,Glioma/enh_1921_mask.png,960649275bf782cbfa4f35e793d4b925359f03cc8b75eb577c22fef51ba959da,efe8061c91549b1cf9e0953d52b1ff8c34497d8efed8ae9b3df0cd8795878281
Glioma__enh_1922,1922,Glioma,Glioma__enh_1922,train,Glioma/enh_1922.png,Glioma/enh_1922_mask.png,91b8cdb2910a8c4a0e6ab120a938aa611fc1442689f497d490f9ccdbdc37205d,ef81541dd059b2ea4379a09a6b5d878f1960f567be9d8b404d021683f2935da3
Glioma__enh_1923,1923,Glioma,Glioma__enh_1923,train,Glioma/enh_1923.png,Glioma/enh_1923_mask.png,ad018be5204cb249bb94cbbafbe778ae270a3e89e87fb44f7921a4dfceae8835,cf1641878133ef08d74d5e9d29df9335b1393044a31107d92028f3fce7fd76d1
Glioma__enh_1925,1925,Glioma,Glioma__enh_1925,train,Glioma/enh_1925.png,Glioma/enh_1925_mask.png,420b10310ebd0940f5527f56be51664e29ffc95d837ce3e1bcabe92fd66af31b,f0017334d3f3f5574b06088ea26b6d593e2b658229fa669ca61d3fb11839a3cc
Glioma__enh_1927,1927,Glioma,Glioma__enh_1927,train,Glioma/enh_1927.png,Glioma/enh_1927_mask.png,3a25953e22cfc5985da021758f21e0b2afdf57914b90bedcb1dd3f0c331fd1f0,7eacbfa9db1a9486cc7ebfbf1dc961fbec0ed58e5794cc5389edf8bd6ff78da5
Glioma__enh_1928,1928,Glioma,Glioma__enh_1928,train,Glioma/enh_1928.png,Glioma/enh_1928_mask.png,db706617db36b95f1aa37649801f71037835880bb67923ee33da93405c3c4431,98e88dba79ac9ef53a4d10295d19ca5bbc4daa998741fd7f0f44a23debb959bb
Glioma__enh_1933,1933,Glioma,Glioma__enh_1933,train,Glioma/enh_1933.png,Glioma/enh_1933_mask.png,556f00e9959d570290d6be7e6070cd3d99d159073dfcd65686235ce85529c72c,4b25343e375a85d9f3950e5878f2797baf8690de8014075d53e0e0d3a66dd26c
Glioma__enh_1934,1934,Glioma,Glioma__enh_1934,train,Glioma/enh_1934.png,Glioma/enh_1934_mask.png,1012885e2fae2548b4ee13165c591f4bd24f7fc1a238e114e3a402d57e76def5,cc50506323afcba1c113b3c9b743a4ed102309d907c2cb65125b480a6599d09e
Glioma__enh_1935,1935,Glioma,Glioma__enh_1935,train,Glioma/enh_1935.png,Glioma/enh_1935_mask.png,a99bd8de0d24efce4b01a2c3fc5c9925445f5b23b8eaae4ce6104f95c9e93c51,44384d90b45bf3606a4d12e1aa6474b3da0fb5b8fadbfd862e5d29bc7203af14
Glioma__enh_1937,1937,Glioma,Glioma__enh_1937,train,Glioma/enh_1937.png,Glioma/enh_1937_mask.png,3e640d6805f3494a937be3baa71270b1da18ce0fe29021149f07d33dd22c7c4c,2adae83d2a3c5b2b25cd99d225857df44437f1e446b3c92f25211748b7a84cce
Glioma__enh_1938,1938,Glioma,Glioma__enh_1938,train,Glioma/enh_1938.png,Glioma/enh_1938_mask.png,4a963b53d1d2ab124366669b00e3d000c1a9515c7485921dc690161340f9a62d,edf613c988b447ab9a0e16fd6895e817d3ebd8f0765c4b56b90c2a90302d1a09
Glioma__enh_1939,1939,Glioma,Glioma__enh_1939,train,Glioma/enh_1939.png,Glioma/enh_1939_mask.png,eaa88a2392e26d59e18227bc9d64dd0f1ebe3d9ef37945f1a5206c63962e34a5,2fd6cd11fd4186ef39f24301644d0477e2fbad9fb7f9a714411373021bdf99de
Glioma__enh_1940,1940,Glioma,Glioma__enh_1940,train,Glioma/enh_1940.png,Glioma/enh_1940_mask.png,f7049d805d3c9a7a28ffab149b036e353ef321ce9ec9634d038fa3ab523b20f7,11ec8a5ff40ffd5bcd633e393d7fbd46d899e310a482b0918b0d9b2077550334
Glioma__enh_1941,1941,Glioma,Glioma__enh_1941,train,Glioma/enh_1941.png,Glioma/enh_1941_mask.png,0157c985f97aa1eb63c9ea63a2cd9f9535939fec2d2177ae81b97b7c6fcfac6b,9cc8caebe531444d800cba738166f925cb41929b899b0a514eb0779bcb5f91b7
Glioma__enh_1942,1942,Glioma,Glioma__enh_1942,train,Glioma/enh_1942.png,Glioma/enh_1942_mask.png,2be0e9db05cdf61b24538b57db5693f051549c151ffacb7c2cf817e4db569c9c,fc2c3323a805472476b0f762bf5c933923b25dda8fa3ac3278f69d0fc45abcf7
Glioma__enh_1943,1943,Glioma,Glioma__enh_1943,train,Glioma/enh_1943.png,Glioma/enh_1943_mask.png,46b64b2546d818d48702f87cac1511aeae59a14cb832813c27b39eb31ac6180e,f926f1f76c5e562b206c69409e5ef6995cd9ba61d1f2c49ee54f457367d4405e
Glioma__enh_1945,1945,Glioma,Glioma__enh_1945,train,Glioma/enh_1945.png,Glioma/enh_1945_mask.png,0d9d1a395217124d17473ad6123b7e6fed5ad02e5cdbd1df145f28e09db4734e,6e1b5410af441573598ba53d656249b62f2ed77b10b4436585f06358c253a58e
Glioma__enh_1947,1947,Glioma,Glioma__enh_1947,train,Glioma/enh_1947.png,Glioma/enh_1947_mask.png,dd618c7fec99b0b27232fe7ec879f2f85f0effabeef1619b1e5fede22608b30f,ffb0574f9f27d7c011aa1f30e067dfdc88798a5e076351c867f6f5f8745e4b04
Glioma__enh_1948,1948,Glioma,Glioma__enh_1948,train,Glioma/enh_1948.png,Glioma/enh_1948_mask.png,08ecb2ae8c2156fbd6188d85b2a99a324e4dc04f3613f38dbd9b49bdc63c83a4,8c4bcdc498b312aae2e527bc63f3131346aa30b5a8e6af60a6789eca7cfeefea
Glioma__enh_1949,1949,Glioma,Glioma__enh_1949,train,Glioma/enh_1949.png,Glioma/enh_1949_mask.png,4eb2b9beb2dc52bc6a5b662141fa70972aaec9eab38050ab0875718e8d8d332e,1923a0e51dbad3d014e92e5cb94ee2d5169067bf51b06c3bc7a1bdbb1645ab2b
Glioma__enh_1950,1950,Glioma,Glioma__enh_1950,train,Glioma/enh_1950.png,Glioma/enh_1950_mask.png,02db46dbe340499619b54cc906be1def816b20ac830cef5f0abcfecf125caa8d,1d8d5cf68c79e795dd4e38bdff4c957561ce8979b02a838cbd0e9d222180925b
Glioma__enh_1951,1951,Glioma,Glioma__enh_1951,train,Glioma/enh_1951.png,Glioma/enh_1951_mask.png,f04ea0449d304afd38619e003462687c9ca9c35409e662c6975293c9633d6991,a998915aa5d9eed30e987e8af230cb8e785e669d2e520c67394de710fd4c67f2
Glioma__enh_1952,1952,Glioma,Glioma__enh_1952,train,Glioma/enh_1952.png,Glioma/enh_1952_mask.png,847b8a7da0113af9d18d952f35923be86a3d507f032abedd5700ff96f4e416c9,0d4e687c14e26b2839a4443fca3324301983bb252feb651167e31f3e6aed47bd
Glioma__enh_1953,1953,Glioma,Glioma__enh_1953,train,Glioma/enh_1953.png,Glioma/enh_1953_mask.png,d993418d56662fd1270e5b9f201d73a953f840efd5ad4d5e945335812d578038,813037f4f9ada9b4b9cf0d4a7e9afe4f3a8acebadbe3c5b76b051e62c3606882
Glioma__enh_1954,1954,Glioma,Glioma__enh_1954,train,Glioma/enh_1954.png,Glioma/enh_1954_mask.png,9b6a75d4755f63009c3f695081d8d27741681e9e29e2502df3bf08c92eee3f78,798c77f8fc9c7aebe8f0fdd18654ab9e8680da8f5451341844e57dbc0393aa09
Glioma__enh_1955,1955,Glioma,Glioma__enh_1955,train,Glioma/enh_1955.png,Glioma/enh_1955_mask.png,7581dc3cb2ae17535f3fc817fe295e46eaa7ca63e71b79972cd95a233a1d7a26,443c2bf86d038cfb230ceaa817c1f482a1c9bb004f6a4f87be5e868001e7db3d
Glioma__enh_1957,1957,Glioma,Glioma__enh_1957,train,Glioma/enh_1957.png,Glioma/enh_1957_mask.png,b72fb129e08ecab720b449e87c84fca5690e8776631d752c192c6a5290629cb3,24ce8833c35e54b546dc3e050ebb0f5ed8db46f8e2679bbdd4d87a0204a5d02f
Glioma__enh_1958,1958,Glioma,Glioma__enh_1958,train,Glioma/enh_1958.png,Glioma/enh_1958_mask.png,90c0e3b5870797ccd1c22707c2697304e5e35cf85b2b3c10b924d0524ddad934,0fee10058f7199135b392990d7dd2cf4d0f67c61628d027ede7a1ce229aa3458
Glioma__enh_1960,1960,Glioma,Glioma__enh_1960,train,Glioma/enh_1960.png,Glioma/enh_1960_mask.png,79e3e15a244962bc5117062c6b7c67acb576e97ab0a46f5b9e8216dbbb62fe10,d1879dac87662378582984b0bbfee1c16d1f01c454646c62293861558c1f7033
Glioma__enh_1961,1961,Glioma,Glioma__enh_1961,train,Glioma/enh_1961.png,Glioma/enh_1961_mask.png,5c2bc8e988d8ed7aa0532ed862fc436bfaf02e56c5b772d0a10e57ef93831849,b69758c81a51a57ef0c4d0543ccffc5394fc563ab727edc735c56d5a8506a59a
Glioma__enh_1962,1962,Glioma,Glioma__enh_1962,train,Glioma/enh_1962.png,Glioma/enh_1962_mask.png,9f050994a960cc2452fa8ca684ad5289e69573386f5589390b19927fe950d457,8d3c8d09579b7a9a67e3df83549baa0f7b792960f1c9820a97e4f35b425cb274
Glioma__enh_1964,1964,Glioma,Glioma__enh_1964,train,Glioma/enh_1964.png,Glioma/enh_1964_mask.png,c0549e67ea5923116fc8ceb9ba8bdfc33c0d88d6315cf8940ef7f60e97462631,08c489f9f2d6aa86e7ee300eac1527cb17c3a5061da06b99932c2c761d0ca7e3
Glioma__enh_1965,1965,Glioma,Glioma__enh_1965,train,Glioma/enh_1965.png,Glioma/enh_1965_mask.png,1c2f88be5bcb3a421b9b3a35f839e65280f3a36e9b72fa0549b7ae6ad8e8d69d,b73a2c02d17dc1f982b7b2f828cd9dc8ca8e2239e990d912ece37aa3a0a39da1
Glioma__enh_1966,1966,Glioma,Glioma__enh_1966,train,Glioma/enh_1966.png,Glioma/enh_1966_mask.png,91d1ab85cf89e5f3d27682779d1d6f47ff703241bbc55f20eeef2207e519cf6f,334dce1e12dc650cea6a8c7752b553bb118fe7f3b9f83b78bfca6bf77673c82b
Glioma__enh_1967,1967,Glioma,Glioma__enh_1967,train,Glioma/enh_1967.png,Glioma/enh_1967_mask.png,d01f74bd705118b25f9b742ac886917f0664729f2f4e5add6b3c8a0c0fb745c3,a0280a4f5d3a437d583c875ebac333809dc29c7ea6600e427ae438fb5dd85dcf
Glioma__enh_1968,1968,Glioma,Glioma__enh_1968,train,Glioma/enh_1968.png,Glioma/enh_1968_mask.png,50bb4db0a58acc8649852379b126485a8e9f843489485fbb9c8082ac31c7d0fe,1c5757fb3779c3cd3452ae7bfc4b16c083bd56dbc926acb18f415e7c064ccb79
Glioma__enh_1969,1969,Glioma,Glioma__enh_1969,train,Glioma/enh_1969.png,Glioma/enh_1969_mask.png,96d29afab2d56ecf3f7704b88c34d51c99e4dae85c750930f014ab6344bea216,7b1bfa1c6ee93c702be2e287b705d4266e07d57d99782d784671702b839b1440
Glioma__enh_1970,1970,Glioma,Glioma__enh_1970,train,Glioma/enh_1970.png,Glioma/enh_1970_mask.png,4d0730824e2ceec25fb468082ce96036ad4362e628611bfb4de80e4dc147abb7,3fffa1d5f10320c81b6e983173f10db5992e4b0a90b9202ad14d64380c489a57
Glioma__enh_1971,1971,Glioma,Glioma__enh_1971,train,Glioma/enh_1971.png,Glioma/enh_1971_mask.png,a3277336f7c9eddd3456c1a0fad4c6124e7a5d12bf12bda355ba20f1f6aaa03c,7a5b9fe57d4a7404ab1ef71e6bccdde0980d62975a622b67d35ce18a5a978dc5
Glioma__enh_1972,1972,Glioma,Glioma__enh_1972,train,Glioma/enh_1972.png,Glioma/enh_1972_mask.png,eaf651d3e9159bafef8d1957936ff3701f7ef7c69e6fec3b546e48e6992b2ee6,039d83c76e64ca22afb7dfc3536f6503d0c2131ce94fb278e67301944b436c74
Glioma__enh_1974,1974,Glioma,Glioma__enh_1974,train,Glioma/enh_1974.png,Glioma/enh_1974_mask.png,ef49c14c8582ae683cd64531a08aaf6630f3671a53ed86da024deafa9913a21d,b5d4749a15c211bfe895ef0a6a572b2221479df3ac934475d5eb1ae2cc692a7a
Glioma__enh_1975,1975,Glioma,Glioma__enh_1975,train,Glioma/enh_1975.png,Glioma/enh_1975_mask.png,30655e7b016372fca100bb64535ee61fbc20f7cfa9a87be7393c826a7f110551,ed6ef69770f97708ce88deb34cc851cba8f0a0256a99736788883954b097a811
Glioma__enh_1976,1976,Glioma,Glioma__enh_1976,train,Glioma/enh_1976.png,Glioma/enh_1976_mask.png,8fc5358c3626340c708688aebe321a049a883c2a8b66c328e677e9f2833a3b1d,bbb115df863b02d081557943a4c81ece4c1d1f9cddfb8a1a0118c56955d14e70
Glioma__enh_1979,1979,Glioma,Glioma__enh_1979,train,Glioma/enh_1979.png,Glioma/enh_1979_mask.png,156c57671ce4feb814000ca9a85f48678100c41daa9d0907269f064044661f6e,57b69db99dc9ee7833f28d3fd3bfbb0ea6cc76f2a60d6a345306bbcb5beed980
Glioma__enh_1980,1980,Glioma,Glioma__enh_1980,train,Glioma/enh_1980.png,Glioma/enh_1980_mask.png,cc7c8f15270ebdc5fe3b62587a3a910dfa30f6aa9434c81404735b78047fa2be,85083540bfdf4d4afa126f74fa3de4c50228ce02e4c39bd47a2d1df361647d6c
Glioma__enh_1982,1982,Glioma,Glioma__enh_1982,train,Glioma/enh_1982.png,Glioma/enh_1982_mask.png,cec8ae1b5dd120bde11ffcc03231fdea4a7d84081f521be4f7d5f18fe288974d,f90003c965358689259571e73fb830425b0b102f49fe5e3fff12d5d97c435293
Glioma__enh_1983,1983,Glioma,Glioma__enh_1983,train,Glioma/enh_1983.png,Glioma/enh_1983_mask.png,6d32a60a3d9059d3df8e14adba08e722899d4372e5c95481b6a06b9c0e74360f,19aef37967ab8e884c9d9aa2e26f00aa04cd729aa45072484639b223d641a22c
Glioma__enh_1985,1985,Glioma,Glioma__enh_1985,train,Glioma/enh_1985.png,Glioma/enh_1985_mask.png,c49f36d040f4aa396bd72b67f0048f6bcf98aa718d4c916687e5dfbf4425d90c,0cd1e5cf47607efb8231cf01ffe13ae72a102886eb21e3c9d0147e7ba6f147f4
Glioma__enh_1986,1986,Glioma,Glioma__enh_1986,train,Glioma/enh_1986.png,Glioma/enh_1986_mask.png,7e1ba91a2dfdfbb88f6e2e72e78ff2581fab30fed48939e1e968e54ef1fa241b,deef944d9acaea19f7ce7daff751d453a4017be9cd470261cea7b19e39a05ef1
Glioma__enh_1987,1987,Glioma,Glioma__enh_1987,train,Glioma/enh_1987.png,Glioma/enh_1987_mask.png,8a2fd9c143f9da5cfb19493986f7678cb58c6aa4b3772c3f16c2f817dbb48212,68ccbf964938687db3ed598119ddcca7226104c684dd1e0de5cb19bd78ce0473
Glioma__enh_1988,1988,Glioma,Glioma__enh_1988,train,Glioma/enh_1988.png,Glioma/enh_1988_mask.png,71d3074bcaeff7532bab4daaf062f40067028980a8d6fa02203ff51ae78d84ec,2636d20ecbd4f06a202b9f58003acf3ecb2bae93c7e90ddc625c1a3bdebc5c89
Glioma__enh_1989,1989,Glioma,Glioma__enh_1989,train,Glioma/enh_1989.png,Glioma/enh_1989_mask.png,db8ba1e29263c6cf9d05f727832e098ed7da2191da6b642899bc43ca65c6993a,c76c2fb8d79992214f9b913d7c3460eb382d1f12f20c0bd006142d7b14250e3f
Glioma__enh_1990,1990,Glioma,Glioma__enh_1990,train,Glioma/enh_1990.png,Glioma/enh_1990_mask.png,8bea5011e9dcfe8ee3b99070eb57e2e8030d728ed6c7e928dce644fc40b96a4f,4e3f570e85a80febcb1ace8835ea29775f23c15d37644564a26d7ce9399e741e
Glioma__enh_1991,1991,Glioma,Glioma__enh_1991,train,Glioma/enh_1991.png,Glioma/enh_1991_mask.png,509cf6d407f077d2e2b6461f68d1fc50624fd415af1218510820b1e3fb4261e5,e13f3ed50a23086c099ce736dd87e7d2a238d0296b22a15253dc8b896488f13b
Glioma__enh_1993,1993,Glioma,Glioma__enh_1993,train,Glioma/enh_1993.png,Glioma/enh_1993_mask.png,e8f70a462a00503f395ec7db09d1a376d83b110efb5157ec2ec739fbb1efbe11,a9085e3d12c54af51b53840428dfd4f1cdff72f706a84f06381bdca0980a0337
Glioma__enh_1994,1994,Glioma,Glioma__enh_1994,train,Glioma/enh_1994.png,Glioma/enh_1994_mask.png,b443e5c29f292788cb7918497d21c9521870dd1bbf963299df56bec644682195,be90b2ac5375b3d1aa2bb79fe1ceb9dc9004613a155f73df5d4bcd0ba60df52a
Glioma__enh_1995,1995,Glioma,Glioma__enh_1995,train,Glioma/enh_1995.png,Glioma/enh_1995_mask.png,0bd6255daa0a3b6105cd106f7b34752be6fed55df3fcd6ccebc7544102417c07,502b4f01636c7923cba1e8e89463c1937bead01c0fa760bf87898d31f98e5438
Glioma__enh_1996,1996,Glioma,Glioma__enh_1996,train,Glioma/enh_1996.png,Glioma/enh_1996_mask.png,d2248352b7b5ade9c9fa9374a415420f59e1861641d1a55d77aed069ab4125a1,61685df24291e94ecc08b0520381a9f0249588ed0db06651b6fe1c750c148f9a
Glioma__enh_1999,1999,Glioma,Glioma__enh_1999,train,Glioma/enh_1999.png,Glioma/enh_1999_mask.png,b83866e77f82eb2a5ef43c1a4de3e86188bc3f44ce2776b23f5fda594b4c1f39,9a966209dc56273d76bf8aa1d421c82283106884d0014368a4ab4b21c2d8a2fd
Glioma__enh_2000,2000,Glioma,Glioma__enh_2000,train,Glioma/enh_2000.png,Glioma/enh_2000_mask.png,758e02277f18a01b063336fe0bf45d98e93c9e096ff8555bbf62ceb49afaae1e,8e4aadb504469c3e61c0ca5759669c2d56c984d9f77da16a5ca617cd184d6e15
Glioma__enh_2001,2001,Glioma,Glioma__enh_2001,train,Glioma/enh_2001.png,Glioma/enh_2001_mask.png,1341e1c5bc139c57f6fbc35ea65cf42a0da7b1cc6f329bdd1696e814edf8b9b9,34707e4df0911fe9dbca798adbb6ee4b716927fead28e77db042dcd456dbf594
Glioma__enh_2003,2003,Glioma,Glioma__enh_2003,train,Glioma/enh_2003.png,Glioma/enh_2003_mask.png,fcf6cd54b6fb8181dd57647156a2361b264b5495d6f2b471886a419a93dbc371,92c4b1494046c2862071c7a06723a7d0d4833cc00a44bc71970ed24e23946291
Glioma__enh_2004,2004,Glioma,Glioma__enh_2004,train,Glioma/enh_2004.png,Glioma/enh_2004_mask.png,f3fdfc894a3257900e86fc30bd5b445637106e9f09cd4b229c7a4ee70c427f48,daa352433ef2c9f88076cc14f1e55da2af8f97d5ea1c048a977e101f055c5f24
Glioma__enh_2006,2006,Glioma,Glioma__enh_2006,train,Glioma/enh_2006.png,Glioma/enh_2006_mask.png,a9d6cbdaecff60d447b77c5ee53ce9fc09ae8d6de20869923893b6de905170db,7ce5217463c1ea79851af665d74b0f9b35f7b0695e011f3b626d6982660fba5b
Glioma__enh_2007,2007,Glioma,Glioma__enh_2007,train,Glioma/enh_2007.png,Glioma/enh_2007_mask.png,2ebff3811842b617867cc413689261303fb6c855693d6e2893743b28e6a5cbfe,8234a86acfb36e14e1224b079088561445a173bc9193e30031c331a94b25b179
Glioma__enh_2010,2010,Glioma,Glioma__enh_2010,train,Glioma/enh_2010.png,Glioma/enh_2010_mask.png,5fc909967cd4b64eb06c3e892195965e0bc43680d8efd075901f0d9e8e347f5d,7a08258cd380e3ee997a208294f8a8b7aafbe6972e628eafb4cd6e4f4c062391
Glioma__enh_2011,2011,Glioma,Glioma__enh_2011,train,Glioma/enh_2011.png,Glioma/enh_2011_mask.png,27c86747b3f29753a5a3794037a34db18f454483efacc68301398c2b5261ce09,f4dff9dba2d64e3d0279dc59177e5319cede814857c9fb046b967443fc19b889
Glioma__enh_2013,2013,Glioma,Glioma__enh_2013,train,Glioma/enh_2013.png,Glioma/enh_2013_mask.png,25d99752526e726780ee0150a7927f29faf91a466ba3f81a42b2bddc4eedb155,7ca955d1142ec41c04f633e8e5721f9ff5ad8a064941de83f8e3c08ef0696dc7
Glioma__enh_2014,2014,Glioma,Glioma__enh_2014,train,Glioma/enh_2014.png,Glioma/enh_2014_mask.png,b817c26e3dcb1e6c022a90b6da1abf513b0d0177813d1e8d2fafaba8b4baae19,4fbe74b5d2f4c3a6766e99880dcfb725b6a122c4dbd014b0d18125f9e9aad4b3
Glioma__enh_2015,2015,Glioma,Glioma__enh_2015,train,Glioma/enh_2015.png,Glioma/enh_2015_mask.png,afdb7d77a4db833ba90c6e1cd0f65b10bb4c12dec6b652ce0b114c5012ca7d4c,42298464e3e6e2f1beb8e5d83026ba15621a47384d4892eb152a6b3367256a10
Glioma__enh_2016,2016,Glioma,Glioma__enh_2016,train,Glioma/enh_2016.png,Glioma/enh_2016_mask.png,0cf3993048fd270dc8a7484b1e5a23eb6f09cd0dbdb43b509f39c9de3a11b12f,c2c929ca28a283e7a011fd9edc82d5daec51d2f9869512af5d427311bc3d6f0c
Glioma__enh_2019,2019,Glioma,Glioma__enh_2019,train,Glioma/enh_2019.png,Glioma/enh_2019_mask.png,0a6c235ab0132106d0d49623a9e1b3d86d75ed9f29e5fa9a748dc7b1570c794a,0a2b200e71f1b7c521662f6a3da4fbb2fd1c602963f49e82ace6a914a3ebfc15
Glioma__enh_2021,2021,Glioma,Glioma__enh_2021,train,Glioma/enh_2021.png,Glioma/enh_2021_mask.png,95866991e99237c301433e609d2d88d8bae773f50ed5d8e8cf4a6eef8df14a41,6223acb42f2887e8722e3a1ca333975fd4129a7b1f2413b4bfa67b7eccf62bbb
Glioma__enh_2022,2022,Glioma,Glioma__enh_2022,train,Glioma/enh_2022.png,Glioma/enh_2022_mask.png,9d3591a63ee7abcdb6b637f4d5523c0e264cb7a21219e2387c7f0914e0dc0241,28e7a37f7ba9d677e061eb9b42598f9c4cceb05e06417ae7e29cf6e3467ee7bf
Glioma__enh_2023,2023,Glioma,Glioma__enh_2023,train,Glioma/enh_2023.png,Glioma/enh_2023_mask.png,8342daa71ef94a6fd41ab40484323d4272ba2151d0734392281d97ea7191fa9f,0563922608b5dae1a1ebffd2cad92179cc17959e80da9eb378932741d75d150c
Glioma__enh_2026,2026,Glioma,Glioma__enh_2026,train,Glioma/enh_2026.png,Glioma/enh_2026_mask.png,7dc14be5e796fd9b7c66788917dde9b3478e2dab801e03e19660a5966c89c4b6,d47e148bce6c6bd31de57bae731fc57b73baa67ad8b87b7a4333decd5203dfb8
Glioma__enh_2027,2027,Glioma,Glioma__enh_2027,train,Glioma/enh_2027.png,Glioma/enh_2027_mask.png,b0b28cf7d95147dcc9e3d5161c7bdb0c16b8ebb3bb8ec8e484d43faa573ca9b3,43953a567aa93112f38065aa6e49a3e9f90b436b8b553658687853cbf5ff3bcb
Glioma__enh_2029,2029,Glioma,Glioma__enh_2029,train,Glioma/enh_2029.png,Glioma/enh_2029_mask.png,26ba3211cd83f04e485fa7e314d2b2694533fc01fd0182458062da95e99234c1,27eb7eb7a4710a6e0e2df521f1290c6d24915e2924feab69757bc49f0db3b7fb
Glioma__enh_2030,2030,Glioma,Glioma__enh_2030,train,Glioma/enh_2030.png,Glioma/enh_2030_mask.png,20b2d74408537744580f2fccf16207a1170de3c2d7316e432190f405877f02c3,d0880956e8e79fb51a1d9d520091454f8c062f673f33255b8439da25a246eb13
Glioma__enh_2032,2032,Glioma,Glioma__enh_2032,train,Glioma/enh_2032.png,Glioma/enh_2032_mask.png,5732002057062aa99ca5b68b3bdb1c10ec5ee9b97bac3cb4eed771a2d50a9c14,02e8703b8300ae6f6f4b61d7576525b2dbfd3543720fe5ee0f90819b7777a785
Glioma__enh_2035,2035,Glioma,Glioma__enh_2035,train,Glioma/enh_2035.png,Glioma/enh_2035_mask.png,11aa16220e3f596aa66962d4da994f221789387a16a8810a1e507cd4148d9cbb,0ba08a90397f0dad9d2cb77f3b28c31436826971ca119c93c8a4340b210f201c
Glioma__enh_2036,2036,Glioma,Glioma__enh_2036,train,Glioma/enh_2036.png,Glioma/enh_2036_mask.png,b58c676d4834aff920237f632a04dff42349ef63d112398d7bc966b7343ddebb,c1c842052ebe233cc9b5d910747fec57b3b1797f743653408704fc4072d45605
Glioma__enh_2037,2037,Glioma,Glioma__enh_2037,train,Glioma/enh_2037.png,Glioma/enh_2037_mask.png,95bc05d04eccf64083be1b0776081f46cae3dbc776f7c91be639df32935070fe,cd361148e2a6254f247a441c2bfc59c66495c9b83c4c5293bace96e5f01d7410
Glioma__enh_2040,2040,Glioma,Glioma__enh_2040,train,Glioma/enh_2040.png,Glioma/enh_2040_mask.png,c4f15edd618b510894757b49d149393087b292b3d0ca04481c9275ec788a2430,588a2d4e81d35eb572afbcb7bb9f1bad07393d39f3c110b68d31ee99281f790b
Glioma__enh_2043,2043,Glioma,Glioma__enh_2043,train,Glioma/enh_2043.png,Glioma/enh_2043_mask.png,d7353ba58bf20eb3a98335b4995672842852eb6b907b32624aae10e6e5278f44,647c5fc424a46bcb3eafd81c20e1b5964f562b8d91fb668b0ed8ec17cdd90b95
Glioma__enh_2044,2044,Glioma,Glioma__enh_2044,train,Glioma/enh_2044.png,Glioma/enh_2044_mask.png,785272d31814f916db4f8f4153bc536a83370bbf5e52e11709fc58bbe6a2eeb5,05b9b05b876623d85d33e85d93c91d6cc2139fd431e251bad80a5b875a529e54
Glioma__enh_2047,2047,Glioma,Glioma__enh_2047,train,Glioma/enh_2047.png,Glioma/enh_2047_mask.png,cdf737fbdbc30f82d305214c47c169ec355a7ee5495ce49fd465bd7145f93af3,d1c177a32cb2b2c7592adc7c9eac2deb1e5cbf10b18ceb698ccdd305ea6a2d6d
Glioma__enh_2049,2049,Glioma,Glioma__enh_2049,train,Glioma/enh_2049.png,Glioma/enh_2049_mask.png,f51e3aa31ac789a96cb50cfe0f049d55b578c20ac98512a6cb8d7610b42ddecd,dc9a849276998e84a827b045b2a5b267594978db9143d2fdf78e366eb360b651
Glioma__enh_2050,2050,Glioma,Glioma__enh_2050,train,Glioma/enh_2050.png,Glioma/enh_2050_mask.png,23de21854062e9707db4cd0f9cb35b3059a8c37aaefe86f56994e04bbbc8a91f,483ce32b97eebf153a8f11969b8c0197adf92d89997aa67536e8ab457f806dc6
Glioma__enh_2051,2051,Glioma,Glioma__enh_2051,train,Glioma/enh_2051.png,Glioma/enh_2051_mask.png,38ef69d189456f87f2b46e6285162eee586cbfcf978b3ba4da5111003ca0a08f,caa6433e94492ad721d7d7fd03bb471ee3a4a463427d88b6f848e209884fe98f
Glioma__enh_2052,2052,Glioma,Glioma__enh_2052,train,Glioma/enh_2052.png,Glioma/enh_2052_mask.png,111956bc6b9d5647d9274c8eb1a5783f0358679f23ddafc913f81d1a1ab7ede6,0ff2fa304ff69a37048c170bca2f51f5bbc054fc062d0085ced40c8676ba8f94
Glioma__enh_2053,2053,Glioma,Glioma__enh_2053,train,Glioma/enh_2053.png,Glioma/enh_2053_mask.png,ef78186bb46d73bea9a60868c08e69c5e98c0d6e4787712d869265e257ce631c,0e8c0a90715bdc25f3b416e752c341d08ab5a94dc112aa3aee2a7d3d85c9acce
Glioma__enh_2054,2054,Glioma,Glioma__enh_2054,train,Glioma/enh_2054.png,Glioma/enh_2054_mask.png,9e5ca01cea0d5a011457e82fc3abc333c0a3b2a6800e9d21932daa9b4b3a36f1,646c3d9932a9fc03c66a8129f5daad232fdbdf7a80475520f726469cc564956d
Glioma__enh_2055,2055,Glioma,Glioma__enh_2055,train,Glioma/enh_2055.png,Glioma/enh_2055_mask.png,5455bf9d74d3310b4e0da26724f08ca499cc00a4c7e72448d254844289426a4b,4048a463b76c9db7a7fb2c6ce70f72b2c8288693aeca6d03ffd834766379f0e2
Glioma__enh_2056,2056,Glioma,Glioma__enh_2056,train,Glioma/enh_2056.png,Glioma/enh_2056_mask.png,252c3ea3d933b21b5d8c034a2aaacea09f257c85eed6a936bdd5be9ad25fbb99,b366a18ecf129fb1ea0907eec70f06c70b5b7f8c08dd15177785032c932266cf
Glioma__enh_2058,2058,Glioma,Glioma__enh_2058,train,Glioma/enh_2058.png,Glioma/enh_2058_mask.png,db1b62a3958a26bc52060d29c965f724af740ee346242c6db32c0bf910ea919c,745c4433800c3cc81af0f4c5243397726419de1e1834738d7e94be62be560292
Glioma__enh_2059,2059,Glioma,Glioma__enh_2059,train,Glioma/enh_2059.png,Glioma/enh_2059_mask.png,53a58a1655bc4b9491e942efe05aed977f29669006221246c1975984b167389e,c15f58102c495ad18f1e95c453f8f35d65c2f90a4f638dbeb2f0d8d3e3763789
Glioma__enh_2062,2062,Glioma,Glioma__enh_2062,train,Glioma/enh_2062.png,Glioma/enh_2062_mask.png,8783bc17390b2e39687c019f6c460163bf51383a2a1d0bc3c00514c5f5f9a541,07d53120fcdbcff7440385d472e42b5f3443c589518e524ac8a69dc4b7ec3c38
Glioma__enh_2063,2063,Glioma,Glioma__enh_2063,train,Glioma/enh_2063.png,Glioma/enh_2063_mask.png,b94431b248052c0d29c24b253825ac07092fd23defb9be85acb74791e7ebf85a,35f4351e40a17038c988791172ae02f9f4e8f66772f2686bf12180dd88f89d49
Glioma__enh_2064,2064,Glioma,Glioma__enh_2064,train,Glioma/enh_2064.png,Glioma/enh_2064_mask.png,24496c460c789e42b81836673e7ef6553c90308bf397ef87c3e045a5897ce614,16f70d6404c3a6712f2508fba4d9c604420441dcb10db2ef74743c26ee5048be
Glioma__enh_2065,2065,Glioma,Glioma__enh_2065,train,Glioma/enh_2065.png,Glioma/enh_2065_mask.png,e13d92b374761d6a41efb8ceba2c70cda2e12dad38752e8166852b91df439670,16f9c96f9c3a9c40f95bf90d7cd748b4013254ee17f701f998e5a025c2a74723
Glioma__enh_2066,2066,Glioma,Glioma__enh_2066,train,Glioma/enh_2066.png,Glioma/enh_2066_mask.png,d42f2bcf6b3994927e329c91b3fe01157ec17b7bc7e5d61bbada45218e7c673f,4ad421d931579533551a0f6eb0f380e3211cb9abc3d1b662a1ff7143bdd864b5
Glioma__enh_2067,2067,Glioma,Glioma__enh_2067,train,Glioma/enh_2067.png,Glioma/enh_2067_mask.png,f1396baeb8a272d9fd694db854465141083c647a29b3b324e9d499efb86b19b6,f15bbdf20b6b0d52ef10ee462d7ec1fdd10d983208a918c228a43f36d23dd5ae
Glioma__enh_2069,2069,Glioma,Glioma__enh_2069,train,Glioma/enh_2069.png,Glioma/enh_2069_mask.png,c09ff3c96b3ee5c112453faf066632217efe5e0a32658704ac198bb7d4c963f9,f2a2492d17a49e3913fe48dc355a0894690c2a166869647f162278e5bf22d4e6
Glioma__enh_2070,2070,Glioma,Glioma__enh_2070,train,Glioma/enh_2070.png,Glioma/enh_2070_mask.png,6085394730ef852217484ce4bb8f18ad3905e75500f2bd654faa7f783a3b6d06,bd1491b4f0c198506433e0e35305ef9548bd7480d9c72dc21367d981399698c4
Glioma__enh_2071,2071,Glioma,Glioma__enh_2071,train,Glioma/enh_2071.png,Glioma/enh_2071_mask.png,cee86dc0f464e355364a53cdef46594a6997564570727221db846f29e4e232c4,250dadd6e4286f373f185ae99664f1012af15584c11dae115e5dc8a6d4d01ca0
Glioma__enh_2072,2072,Glioma,Glioma__enh_2072,train,Glioma/enh_2072.png,Glioma/enh_2072_mask.png,15442cf43a8e9588927be10b6632a23d9121b43434a11d73e5bc7af179cae5e8,dbb32da7462f0e044c58885b7a2c7877cb6ef343fc9c64f37bd5448bb56ac0ef
Glioma__enh_2073,2073,Glioma,Glioma__enh_2073,train,Glioma/enh_2073.png,Glioma/enh_2073_mask.png,8549c5a0d1d19c235faae534f37c104d11404dde1762dbe255d8df45843f4336,9a9759e46a5faf3daad35cb5e2cd14286fd0a3ec1d0d0eaf0fb24bd2354feb70
Glioma__enh_2074,2074,Glioma,Glioma__enh_2074,train,Glioma/enh_2074.png,Glioma/enh_2074_mask.png,b7eeb52d1fbe582a07cf900a84a12814daffc2b93c2a2f01a1996e0d18fc23e7,2b30269f9d1c52ffea422da2928da968e0ebdf5a871e5f0439bbfa4d971dfe09
Glioma__enh_2075,2075,Glioma,Glioma__enh_2075,train,Glioma/enh_2075.png,Glioma/enh_2075_mask.png,a9396a1b33677911923d87e4e8bec340042e6fc89ef6a6d2c30fa4149ddce507,996fb78b8c8b0faa7ff3361389a1147e4187f2a173407a21038cf19eeeb3cc5d
Glioma__enh_2076,2076,Glioma,Glioma__enh_2076,train,Glioma/enh_2076.png,Glioma/enh_2076_mask.png,0d0391364a48a171e7caa70daa761f7c280cc4aa602318c5f28c46c8c0ff4218,ae884c77498cd7471eab4f0814118cb0d94c4db71cdd8ceb52ba5429694cb141
Glioma__enh_2077,2077,Glioma,Glioma__enh_2077,train,Glioma/enh_2077.png,Glioma/enh_2077_mask.png,60f4bc8eb02368c724255717120fa6149841f3617e7d7c8fb794dce5c54d4d70,194bc348b89398d2ee182c50da17f3e221f436e5a415fb34cd18522dedb8588a
Glioma__enh_2080,2080,Glioma,Glioma__enh_2080,train,Glioma/enh_2080.png,Glioma/enh_2080_mask.png,94e607cb6f307212e0676444d32ce3d1c40ab89fc21500e9fe09bd94f36bf4c2,69911d00126ec75f9493cf6a944b84462fa6af329368e9836ee439681d584a2a
Glioma__enh_2081,2081,Glioma,Glioma__enh_2081,train,Glioma/enh_2081.png,Glioma/enh_2081_mask.png,17dab787f66ed51285de082f8b1d43fbedcd134a422d1dceed610b3e1af72b5e,1497bbd29af705ae334269848d993d6e1f26b6f24327c9ceea2e1eb43733350d
Glioma__enh_2082,2082,Glioma,Glioma__enh_2082,train,Glioma/enh_2082.png,Glioma/enh_2082_mask.png,620931591ef648dc4f725a3e1644c5f103675d619942bf0f287c8bdc1dbc14d9,baf7f4b4f69fc2bdcfbe6d4f320315d76b0e38146980a6cbe1f793ffb56ca87f
Glioma__enh_2083,2083,Glioma,Glioma__enh_2083,train,Glioma/enh_2083.png,Glioma/enh_2083_mask.png,3b9a7dfed99ac3869204ebc6a27447e757f3250ac527bd50eca560c9bc825deb,27dd809f133eceed9900f650c2226b2e036263287488d3942a34c07783ff6ff1
Glioma__enh_2085,2085,Glioma,Glioma__enh_2085,train,Glioma/enh_2085.png,Glioma/enh_2085_mask.png,2ac67d31b211d0cd8b872f9614f5e593e8307544d872b4fea6dc533f7204db6d,9a2544329bd584e4e138e7fea99b6660d6771ad5044523bbaa31500b4cc9b70d
Glioma__enh_2087,2087,Glioma,Glioma__enh_2087,train,Glioma/enh_2087.png,Glioma/enh_2087_mask.png,44eac73d447603c04914aea45873c79f2e2d96d0f9cbda122ccc17ebe26d4d6e,28e66c5d44ee50abac1cce50b8b51402d1a20ae6f3baca0eb485516d3382b874
Glioma__enh_2089,2089,Glioma,Glioma__enh_2089,train,Glioma/enh_2089.png,Glioma/enh_2089_mask.png,e9b7bafb5ae467b244a392f91f2b72214d209e1ba6812540c549d0523d6a390f,8955ffc4c59e1955e69bdac852f6ed33788ba7c4fd7d82e28910459cd37473ff
Glioma__enh_2090,2090,Glioma,Glioma__enh_2090,train,Glioma/enh_2090.png,Glioma/enh_2090_mask.png,0f48dac578a94b163912d5c727f6ce3f78eb885b236e77fd80d3e25f42a282f9,f26bcfca9494ad337f73c781117ae5d14c19d25e5de7ac83ac43b87a85953e43
Glioma__enh_2091,2091,Glioma,Glioma__enh_2091,train,Glioma/enh_2091.png,Glioma/enh_2091_mask.png,b706e4b33dace17ee8a40d16a29c5353191fcebe93251c5e777c45d8b1469e09,19e1eb4c606b0779a68cbc4b6b6add26ccbd4037721699ec7211cd8dd4782600
Glioma__enh_2092,2092,Glioma,Glioma__enh_2092,train,Glioma/enh_2092.png,Glioma/enh_2092_mask.png,48118f12bbbe0ab263fa035250629843638e50e1f247236ab136cf266b11e379,fc30d166d09678bf1b1239eb87f2c9bcd2b664c380609625de9facd9e4c0ed90
Glioma__enh_2093,2093,Glioma,Glioma__enh_2093,train,Glioma/enh_2093.png,Glioma/enh_2093_mask.png,3c96a716fe2645492743f4d2929e2fba52f510aff12aab807b17f04a52efabe0,fca75fb27a574f9d81f535c176db11c12f71ec0ca1356063c5812d62537a2250
Glioma__enh_2094,2094,Glioma,Glioma__enh_2094,train,Glioma/enh_2094.png,Glioma/enh_2094_mask.png,f85c5c22eb09ff8f1e315445e9a95192a3649e3bcc10871e50efe450fc6bbdad,563c5022915601a034a9bc964456f33240038dd61fefb1ffb6db8de3d18c7974
Glioma__enh_2096,2096,Glioma,Glioma__enh_2096,train,Glioma/enh_2096.png,Glioma/enh_2096_mask.png,059b5ff09ea1f9a485322f0cd4f836d349ccb99926cd2fc44b1868102c9e3656,2fa64d437577d400f86526656f3d577a3e59c189f61c6bded0c603b74599ea50
Glioma__enh_2097,2097,Glioma,Glioma__enh_2097,train,Glioma/enh_2097.png,Glioma/enh_2097_mask.png,f31ec49c098145493b8ef15c6a4b2391296fbf94c590a76441ec1bf04d449e9e,0d768bc870d2ddb1d943a28b50b4dc74f5a10e6614200ffc8b332223de2d31c4
Glioma__enh_2099,2099,Glioma,Glioma__enh_2099,train,Glioma/enh_2099.png,Glioma/enh_2099_mask.png,53525f4a5c0d51d7501e8922335f6d1deb75c362bdb4f18165cb98436fc0091d,3f9c2281ab648a1967978a07edd699b6885812cb4c18b16ba1259445afbdb097
Glioma__enh_2100,2100,Glioma,Glioma__enh_2100,train,Glioma/enh_2100.png,Glioma/enh_2100_mask.png,5a4fe30b6a974d6f04988670973e5249e3e515f68b442dc46ca21e221ff666a1,5fedb04e811a36b1b31dddf67fab728fa884911fca72005de5ba322635367edf
Glioma__enh_2101,2101,Glioma,Glioma__enh_2101,train,Glioma/enh_2101.png,Glioma/enh_2101_mask.png,f6ed334624f3bbb025d2cfa2791ea0a8ef7bcd7b19db4d64f84b91867df78728,6d260371d887c3b19e4a3361f06aa7bb45b7c256f2fe34382fb30d746e2e205f
Glioma__enh_2102,2102,Glioma,Glioma__enh_2102,train,Glioma/enh_2102.png,Glioma/enh_2102_mask.png,8efe5977178182eb19a544d2060c730e0eb4819ae8bdfb74b6ab52e36bfb73cb,79c0ded6962eae27aa3ad988f92e0e9f993d318bd65bc7c226683d6e869f8718
Glioma__enh_2104,2104,Glioma,Glioma__enh_2104,train,Glioma/enh_2104.png,Glioma/enh_2104_mask.png,0bf32d370287291190567428da5ce15f8b27885c2d0c2b3aee4b3a3eee4e2bee,92cc18734c573488941c25ae4400f0034101647d3a1f819d8a733f3d362da4bc
Glioma__enh_2105,2105,Glioma,Glioma__enh_2105,train,Glioma/enh_2105.png,Glioma/enh_2105_mask.png,34bfe09f53f1bb13c19f3f692594b3f85672397d764b0b52133cc0902bdbfd0c,4b4d6179a31b119ebb642bd58b67a5f9fe0e9156dbcf33ec48b302ed95370c56
Glioma__enh_2106,2106,Glioma,Glioma__enh_2106,train,Glioma/enh_2106.png,Glioma/enh_2106_mask.png,7f777d0fb99b4e5b338c035bffd3da7f76867a80e690262a9dae101f730d9aef,230aec698aac3588a1bf9cb9b5778e61e5bdcd6a096250a1f2c896bea3fa45f2
Glioma__enh_2107,2107,Glioma,Glioma__enh_2107,train,Glioma/enh_2107.png,Glioma/enh_2107_mask.png,fcf2185e35e5bd2cd8e6937f72516299ead7e9747f633ea048f5063e1b8bdff1,23d497a78d43b8d9837c7e58c2d411b8b6445e21177b07b4f8c75973fbc8073a
Glioma__enh_2108,2108,Glioma,Glioma__enh_2108,train,Glioma/enh_2108.png,Glioma/enh_2108_mask.png,5dc3052ebf0f82800395db04ea7ef850a38ce67be1cef8d00c64ddee61ee79d4,ae3ec906485c2c018d7f52122f15ae15e5c519bfc8998be62c78e863daab2701
Glioma__enh_2109,2109,Glioma,Glioma__enh_2109,train,Glioma/enh_2109.png,Glioma/enh_2109_mask.png,a8a97ec34279eccfc482b2db9799cf378828db0ee45025f6577855c7e6e7b378,9dd66349f5d6bd9aa323966cd477c1ec3d520d196d696bb02c51978f5cbafeca
Glioma__enh_2110,2110,Glioma,Glioma__enh_2110,train,Glioma/enh_2110.png,Glioma/enh_2110_mask.png,00f1e7acdd14ef0f2321ca9e12c8caa808abf0c0536c8a61ec6e0cabd82cf791,5b86150c33ea9987d3bf3584864880d1c5915d3f89718b02fda172d427f6e591
Glioma__enh_2111,2111,Glioma,Glioma__enh_2111,train,Glioma/enh_2111.png,Glioma/enh_2111_mask.png,a44a0462aae82fe7b96df9b4690295648fd0362349b5fe2c09d4536854858306,60982186eccf4de12112d8f93892383a95c7dd6d42b98d6b9145f0065ef7d7fb
Glioma__enh_2112,2112,Glioma,Glioma__enh_2112,train,Glioma/enh_2112.png,Glioma/enh_2112_mask.png,bf51a65f942487ab6c7a8a4d9c0b65444f3cd7a126edc0956c2afb4f8907a453,5cc77dd99241a939c615964447d4dd4240ff4f6383287a022fc26f651c964bd1
Glioma__enh_2114,2114,Glioma,Glioma__enh_2114,train,Glioma/enh_2114.png,Glioma/enh_2114_mask.png,496c86a4a5dc2c9e5631abf249fcdcff6ec6d3a2358b2ee82b4b95fd472041a2,ac0ddd29941c6e821f121a2bcc5cab3bf9ef7f8fd54b3a1bc46bca6722d27ec1
Glioma__enh_2115,2115,Glioma,Glioma__enh_2115,train,Glioma/enh_2115.png,Glioma/enh_2115_mask.png,daa30c72b22e2e5784b861a4e72886536d5ad46130cda27d115abb8b3b05c9d0,b332fe8a39cbb49e8ebcc238859c6c97759de3f5eeff1fd96fc04d33e02acd01
Glioma__enh_2116,2116,Glioma,Glioma__enh_2116,train,Glioma/enh_2116.png,Glioma/enh_2116_mask.png,47489a3ff6681527eecec2958814d671c97ea8d22842bbbdff97b35ed0e0874c,d6c8488b127ffaafc822d1ccbd65a6d1f1dbea3e5fa5b69a4177ab71c7e312d8
Glioma__enh_2117,2117,Glioma,Glioma__enh_2117,train,Glioma/enh_2117.png,Glioma/enh_2117_mask.png,07a9d9b36e42f0eda7cb375fe22a8544f9b77f33811cabf19d594b4ce09dff6d,bdd7eb3e04f1fd8310237a9218b33addc730f66a5ed3ac7747034afb5b7ea278
Glioma__enh_2118,2118,Glioma,Glioma__enh_2118,train,Glioma/enh_2118.png,Glioma/enh_2118_mask.png,510fc811048a0b9497f5e7b458dc2a849e3996b15c105e57cda0aeb9ba0020cc,a88e5df449e49f60b3396f7aea6274174a5c1282b8246f37b1396576277db0bb
Glioma__enh_2119,2119,Glioma,Glioma__enh_2119,train,Glioma/enh_2119.png,Glioma/enh_2119_mask.png,c2e1e3bce16f6f0ec5463fb5d1afd3a7fec60b6d69edbaefce67732b04490958,e32f730bf0703acd1eea6ac7fb124f9684a3d4dedc3192dd4803dfea5828d608
Glioma__enh_2120,2120,Glioma,Glioma__enh_2120,train,Glioma/enh_2120.png,Glioma/enh_2120_mask.png,9cea99c1ca2d85ba2b8d236eefe77df2c59dc5420e93043ddeed446f630523ae,e40fb065886a93ceed764fac9c98a88d7259cd9dfc8d59953b957bc51ceaf43f
Glioma__enh_2123,2123,Glioma,Glioma__enh_2123,train,Glioma/enh_2123.png,Glioma/enh_2123_mask.png,a742478db2df197fab89bbfbf311379823e7409f17304c8305502391bd746447,ffb5891237b206273100ff794b73a1700cb750dad4ee087ce226c6e082c804fd
Glioma__enh_2125,2125,Glioma,Glioma__enh_2125,train,Glioma/enh_2125.png,Glioma/enh_2125_mask.png,e9df86275b5e7c6fdbe33cb8144bd8cb0bd84b1e1198271c1f2a7f58f1a77e58,ed19936ada48e735d0d387e99e0602dec45fe56a98f0f17f77b965f555b9e797
Glioma__enh_2126,2126,Glioma,Glioma__enh_2126,train,Glioma/enh_2126.png,Glioma/enh_2126_mask.png,6c9b92c73f3b57635ece57d46b4a83a5cc6ba370c40290906a076d9a93796de8,8bf2a138e58e683487c827bf26160b92bb03858918e0e108be49edd7406bbeb1
Glioma__enh_2127,2127,Glioma,Glioma__enh_2127,train,Glioma/enh_2127.png,Glioma/enh_2127_mask.png,bdf72da8bbd344ed0d51f724b1665e4566adbe636aac548f3201376b2de4ff57,ada0ecffebb2bc41f063102a90bfb94ecb79783dec036fa4af06cdc60244d6a2
Glioma__enh_2128,2128,Glioma,Glioma__enh_2128,train,Glioma/enh_2128.png,Glioma/enh_2128_mask.png,be3db0c69f1a046cf5195bd6665552cb3aeef44c8d07ae9433d97c9250f78e69,7986cd0ea7a35434db2741c183970378839fdab3dd631699ff2df41a40082a45
Glioma__enh_2129,2129,Glioma,Glioma__enh_2129,train,Glioma/enh_2129.png,Glioma/enh_2129_mask.png,7cda24eeef3c42cd8d6b73d558a7f401505609688ffaaf9a35dae40d4b742907,59e6b48de6c8e812747a543e46bb17b38f3e0b3864b9023b8c243127610c742b
Glioma__enh_2131,2131,Glioma,Glioma__enh_2131,train,Glioma/enh_2131.png,Glioma/enh_2131_mask.png,e5bda99d3b219d2e338b3db1be15a87d0b96ad0aa02c6a8c67fa1daed516312b,0466d98943583d2e0399355cac6c7909d592ff502c13413dbbca1538cc2c9a63
Glioma__enh_2133,2133,Glioma,Glioma__enh_2133,train,Glioma/enh_2133.png,Glioma/enh_2133_mask.png,8a995a34a061f09647e356e0178ab0861ae0d1fd7d2fd1c6c996fdce16951b93,58836ec9f83ef50dd5cbf4eae2d2ad92f3d34862a0469e6c88d26d0870274838
Glioma__enh_2134,2134,Glioma,Glioma__enh_2134,train,Glioma/enh_2134.png,Glioma/enh_2134_mask.png,c2ee1c476bb87c7894da806e80cde56c1e6b4912d65560ce0fa6ceaace53cd7d,f86624c09d9a2e71fd6fb3ac1d6c41c9665844351011c470102d475e5c025b86
Glioma__enh_2135,2135,Glioma,Glioma__enh_2135,train,Glioma/enh_2135.png,Glioma/enh_2135_mask.png,19ef5da504c4a1e51ef7909dd0aa87e29e27b6de1fc00d80f0ff1b49fb4a70cb,7208ce3ee456669e9afed38e135244f0f5606fc18bcfa888019350e32e1bab73
Glioma__enh_2137,2137,Glioma,Glioma__enh_2137,train,Glioma/enh_2137.png,Glioma/enh_2137_mask.png,9ad0d36b0f9b83966c378fcc1cdb134ac58b735578d59deb8ee164156ad61679,e6226d2e6aec9f93fc913dfc4a22fed3807b33d459cca5a819248c736047bd9c
Glioma__enh_2138,2138,Glioma,Glioma__enh_2138,train,Glioma/enh_2138.png,Glioma/enh_2138_mask.png,694b5e770e3c21d94bf87af6a9cbb4fb3ffb14a395189f9a1b4ce77b9c2901b2,30c0cec431bb35bf5621fff882ced829c1060af369fd26e6b21763f968d473b8
Glioma__enh_2140,2140,Glioma,Glioma__enh_2140,train,Glioma/enh_2140.png,Glioma/enh_2140_mask.png,a55f642e02a6313cd7f7038c44d58335f2db9ca5747696bed1e0578df7dbeec1,7535a2f9e30786de409f3b45588506e6a2aacbba7d02bc00b99508c38484afbe
Glioma__enh_2143,2143,Glioma,Glioma__enh_2143,train,Glioma/enh_2143.png,Glioma/enh_2143_mask.png,01b3b15a03bbcdb0555ca30ceb05158d709856eeb3d531fa9bb029097d207abf,7d5c49d09a3aec33f728422e7db74eca8f3a468b5c42997c34ad982e3fec8bbe
Glioma__enh_2144,2144,Glioma,Glioma__enh_2144,train,Glioma/enh_2144.png,Glioma/enh_2144_mask.png,f3df882f049a8831f4695d65c4959e89a32e017e4d01a8d4f982901aea4e8eef,8980110c543dadf865c6a91b7bcf3f510285b41c695ed011f55adc95509a72d7
Glioma__enh_2147,2147,Glioma,Glioma__enh_2147,train,Glioma/enh_2147.png,Glioma/enh_2147_mask.png,0266b01d9be8353d6fff75e0b8dae14a861eab9a5f39f2f8cceadb1d8a8269f1,848d9ec02978d770e9464ad6ef75ad18ee9fda536f69e620360d22bc4c28b42e
Glioma__enh_2148,2148,Glioma,Glioma__enh_2148,train,Glioma/enh_2148.png,Glioma/enh_2148_mask.png,457c5057b0adbaf6a726f91cb28160d55ac40563145827656002644722602e4f,017c7d3163a3d7a6f284512dc7d819749b0947340f778fd1a6ab94c4d705f15e
Glioma__enh_2149,2149,Glioma,Glioma__enh_2149,train,Glioma/enh_2149.png,Glioma/enh_2149_mask.png,1b03765e739fa73930f1637afda21ad0c147744a57e6de80069f1685a3f0f0c2,fa9847a398d35b873b8e0d88c360d4f36ddcad3a400e49fe4d03e2c0798a19c9
Glioma__enh_2150,2150,Glioma,Glioma__enh_2150,train,Glioma/enh_2150.png,Glioma/enh_2150_mask.png,2b2f3338f8dcbfa3ad1e48a07171d792a6da3944dc9b23f504eee8940ea5e020,644010ad373d77a1664f68de216e1016c00088c1304ab577d62394206fc2a4ea
Glioma__enh_2151,2151,Glioma,Glioma__enh_2151,train,Glioma/enh_2151.png,Glioma/enh_2151_mask.png,57d6c368807f6dd3d0fba71b2c33cab74c63a6adc664b7141dc5982a7e8aee5c,01c13d558d79bd883d71e70353c48938bafb84a3389ae95581774ad3106c3273
Glioma__enh_2152,2152,Glioma,Glioma__enh_2152,train,Glioma/enh_2152.png,Glioma/enh_2152_mask.png,1f0af1b5b4a291401ce5b2c580b205a3b1af905fdd0dc5c3c3546e46d2226ea6,7316a6ea6d8d03e2c424cb8ac080768ac052fbf62753edf802f07ffb3493ccb4
Glioma__enh_2154,2154,Glioma,Glioma__enh_2154,train,Glioma/enh_2154.png,Glioma/enh_2154_mask.png,c5e829d3e5a19441fadef93bda47d25e49f89590457b42168a3073e835b96a9b,c304a06750ac98e4bc2a5602347a896837fd7d589a4e37335f9baa0c84dd507a
Glioma__enh_2155,2155,Glioma,Glioma__enh_2155,train,Glioma/enh_2155.png,Glioma/enh_2155_mask.png,443e7b09ddc3599c5f1dfa6f2e237ef143fbf6f2c10184d7987e5c4cf9335e0b,fac89ea166b40d36997750ee4c9b77261ed5420ff907e0d97eb91cb37a66b3fd
Glioma__enh_2157,2157,Glioma,Glioma__enh_2157,train,Glioma/enh_2157.png,Glioma/enh_2157_mask.png,bc6cdb03452fffff40f69ef0dc2c740aaa6928d6e12a85a387561ad5ee59e2b8,147cecd0185df71891b0036ee512bee5330faab9d18a5b2f694f015da92b33bf
Glioma__enh_2158,2158,Glioma,Glioma__enh_2158,train,Glioma/enh_2158.png,Glioma/enh_2158_mask.png,7e675d8fbb662568a24911fb673061aab7b51c7ae868daec09d7157d5cb18171,f7dd134c3884f1df34130a15dc00280e69bc6432b7ae4fc29a8c9644e1b4836d
Glioma__enh_2160,2160,Glioma,Glioma__enh_2160,train,Glioma/enh_2160.png,Glioma/enh_2160_mask.png,6d46bbd1d5c8978338f8c874805133ffea654513a68364ae73df06536be31c05,51dab36f72cf2a0aee9009cdb430ffbb6d18205d96ed6ee1d215b8a9dc851e88
Glioma__enh_2162,2162,Glioma,Glioma__enh_2162,train,Glioma/enh_2162.png,Glioma/enh_2162_mask.png,2ad27f5befa8a92f9e58e89437b3244994dddc58d0e4634453e0d2b66d90141c,11125b7a6b15b4465ec281cd924c3c986f405d81844dacfc702fa0e3a8fc1440
Glioma__enh_2164,2164,Glioma,Glioma__enh_2164,train,Glioma/enh_2164.png,Glioma/enh_2164_mask.png,7f5235b6bf95a823e3747fab4401b0d1b57288c140fe52d0c816be1b753a155d,4567ea519f76837e5aec805150cedfa41d760f40e5780130fa9be7f8c7711e0b
Glioma__enh_2165,2165,Glioma,Glioma__enh_2165,train,Glioma/enh_2165.png,Glioma/enh_2165_mask.png,0b1b03d63393d0e10a4af42520fb1ce0d8383c4667d9c7d37593a818c1059d42,53c86da6a8db15ad4fb587bf8cc6ead470074552025887b4f1c11a05e0054e93
Glioma__enh_2166,2166,Glioma,Glioma__enh_2166,train,Glioma/enh_2166.png,Glioma/enh_2166_mask.png,08f52cd427cc988608b96374ed669781db06d306b2de123f2eef167dc4ae9fbf,a447cf25f801ddf930dd968c24d124ee4b2bcc42614cb0f8defc28988feff368
Glioma__enh_2167,2167,Glioma,Glioma__enh_2167,train,Glioma/enh_2167.png,Glioma/enh_2167_mask.png,5e21de46b13740e57a5a22e67785e3c05c6fe1b8571696327dc2a855bdfc4baf,ea92f4b256549b514178cd20956377974e4f110f72c3d43eb4de5e1727900690
Glioma__enh_2168,2168,Glioma,Glioma__enh_2168,train,Glioma/enh_2168.png,Glioma/enh_2168_mask.png,fd5fe87b09ce4f5836918d5e03fd5415b00c394762d00285096274eccfad341e,d13263adb71e796061d729a6b605d2cdc264a48a798e65272c22d5704bb6560b
Glioma__enh_2169,2169,Glioma,Glioma__enh_2169,train,Glioma/enh_2169.png,Glioma/enh_2169_mask.png,aea38a5a5d23fc80a9f28c4440d8c2a75fb7fe16a070f500e69b972c9aee9f4e,d073f05026c612f194f433417703e7ee72e9e4b7cf4774ffef64b19f7a7f11a7
Glioma__enh_2170,2170,Glioma,Glioma__enh_2170,train,Glioma/enh_2170.png,Glioma/enh_2170_mask.png,bc5bdf490901f1b07413229b9ea9ee526cd5898214cc56fe6b8b3cdce22146d7,9f03945b33f42f7a227555a80914e2b91e1d70175561d70b4a8790b5ae452eba
Glioma__enh_2171,2171,Glioma,Glioma__enh_2171,train,Glioma/enh_2171.png,Glioma/enh_2171_mask.png,aad33b3c75a931e293ddcbde88e7047d7a664e743c4c950a9e0fcf9993409b69,d725821e8fe59aca04c5474e4e0b4bf63b82a60267fddf46a2d85ac81a66ae8f
Glioma__enh_2172,2172,Glioma,Glioma__enh_2172,train,Glioma/enh_2172.png,Glioma/enh_2172_mask.png,148e1e00add0ca3ae9540bebac3017df3ee25cda30f1e881881bf32067e8fc88,e57a2f52dc74439357e244694d8f493d65d837aa088e91c324196dfde4ea3a59
Glioma__enh_2179,2179,Glioma,Glioma__enh_2179,train,Glioma/enh_2179.png,Glioma/enh_2179_mask.png,3df5dfad9a4a7f2238ac45d52c72a998fa8692e3a385989237dce84e28e8ff72,8d02c5727e6d7def2287875ec15019bfd1cd4135eba20dfef924949b957bc020
Glioma__enh_2180,2180,Glioma,Glioma__enh_2180,train,Glioma/enh_2180.png,Glioma/enh_2180_mask.png,b212c6e047d7a11117b92bdc60cac358151ca6cf850ff50a516b433e887a93f2,034a071ba158ab9c36ebc04fcbd7c73ba69c723920e9f6d16b272b18ccd52c68
Glioma__enh_2181,2181,Glioma,Glioma__enh_2181,train,Glioma/enh_2181.png,Glioma/enh_2181_mask.png,8a4a2de7ddf1e6e4a92b5bdbade6194831b700d8b2f6465f8c13ae596a0439b9,be445eaf19839580a748634c086b9e67c2b3e252ea74f63fd9dc47efdcd59a79
Glioma__enh_2182,2182,Glioma,Glioma__enh_2182,train,Glioma/enh_2182.png,Glioma/enh_2182_mask.png,e7f60979a44948e27656c51fb28ad1d4b1a052107d371343f86e2d76611de651,73c70307a1010fbb47c1f4b6de019b8b9cea7cb53e69bea12069678aa5ef9584
Glioma__enh_2183,2183,Glioma,Glioma__enh_2183,train,Glioma/enh_2183.png,Glioma/enh_2183_mask.png,72342074fe61f4d4c5fe479ef4b2b8ef15c4233c2ff0a8dca650c35efb59d89b,f06ddb7778ce4ad21549bb7ecbc24dd39fd2dd692a9e6a6dad05ea96563f1a21
Glioma__enh_2185,2185,Glioma,Glioma__enh_2185,train,Glioma/enh_2185.png,Glioma/enh_2185_mask.png,cdb133481e369ee21a30b3cd3f6b5599adc979640df61982d105cb8ea1710f17,93bb7b247ee2982cc1f20c092827d681428591e49404472131d5e5da0cd31b26
Glioma__enh_2186,2186,Glioma,Glioma__enh_2186,train,Glioma/enh_2186.png,Glioma/enh_2186_mask.png,80d1b95321c0be6f51b0749bfdfbd4b145c753822e931282fc65d0261c2d3c8d,f842a548446cd7210d86abf5e5e5b1d8f74d18873c1e15a3b01b17d13f9477c6
Glioma__enh_2187,2187,Glioma,Glioma__enh_2187,train,Glioma/enh_2187.png,Glioma/enh_2187_mask.png,10fb8f3d4687e9f2ae87fa2dbbc5e7461904e24bd1bc398ae1ae5d518d91e95b,3ec75607faf041ddd2577af2909540c83f7e4e3f89a98ea3511b227dbee0f25c
Glioma__enh_2188,2188,Glioma,Glioma__enh_2188,train,Glioma/enh_2188.png,Glioma/enh_2188_mask.png,01050fa48be502d72d3c41cdd2eb7a0fa93003c2e38aa25eab55d404f2da1b1e,2a0458727ddad50888a6642e72a83eed116184978f0e9ac2217ecbf877d6b985
Glioma__enh_2189,2189,Glioma,Glioma__enh_2189,train,Glioma/enh_2189.png,Glioma/enh_2189_mask.png,12777c7cda86ddc151df4c7efa7abdc45efe1ec408740f1164c8ead0929a2036,2edda72c7d55a44303a49d742f2f97b22d86c04f7349aa56af09d0988f6353fd
Glioma__enh_2191,2191,Glioma,Glioma__enh_2191,train,Glioma/enh_2191.png,Glioma/enh_2191_mask.png,ab58cdff0d8d7656213da136c6e7e3ca39c23f9b14a92d6000d9c563facef2ff,cd47e9d2ffac7c9e923e333aba0c1eefe0300c013fe9f3fa141d19e0504dc654
Glioma__enh_2192,2192,Glioma,Glioma__enh_2192,train,Glioma/enh_2192.png,Glioma/enh_2192_mask.png,14c66605bd2f515761cd727da790bd67fd47e63351b60519964adc4f7d22391b,e57f4b7fa56757d5fa65611110fa678beca447cbaf5baaad67a9f41879652f8f
Glioma__enh_2197,2197,Glioma,Glioma__enh_2197,train,Glioma/enh_2197.png,Glioma/enh_2197_mask.png,10b446de164f386df72d9b0fa8ea8dca8d6aff2b520cf3b5395ae3f642828ade,a8b1ae5604b0ab2e5553827c49b98c72b973eb84ddbb017c47907d707f95949f
Glioma__enh_2198,2198,Glioma,Glioma__enh_2198,train,Glioma/enh_2198.png,Glioma/enh_2198_mask.png,5377c5f7beb06f63b130053fef3177ea6201a1c88274ab3974b42fdd3dd54c29,c42de47090f8596977266a28007fd21356409247fd8698630cf95bcdc5def0cd
Glioma__enh_2200,2200,Glioma,Glioma__enh_2200,train,Glioma/enh_2200.png,Glioma/enh_2200_mask.png,003f9499c2423cc3963dd4fb153853c6a3d69c54f214d6c28ce85e492b376974,bc1194170112ef6364c941f5eca6169bbf454eabbb39ac150b42344ad21ca808
Glioma__enh_2201,2201,Glioma,Glioma__enh_2201,train,Glioma/enh_2201.png,Glioma/enh_2201_mask.png,f08505a24670dc3a9cb016cc0d8f45ad22f5ad6442e06bc3166d10ef4ee86ae5,5cb0c86c4bce7a3e89e92a707d6c71ab9ed6de3a3b5df31de4ddd8cc80093b70
Glioma__enh_2202,2202,Glioma,Glioma__enh_2202,train,Glioma/enh_2202.png,Glioma/enh_2202_mask.png,051b12d3cd856d821063bfb3f304f299ed7f50387de4194f3960425dd14f12f3,8f2e3dbc1c15f61fce0f7589a5b61ccd820cd5621944ee4f110cc048ebf2cfa4
Glioma__enh_2204,2204,Glioma,Glioma__enh_2204,train,Glioma/enh_2204.png,Glioma/enh_2204_mask.png,85e46be3dd1d65b389cf04c867527e4335151a50a18c2da5102b5461e002a709,4ba4a134dd89eb54bb1cb8f381184e2d42d626376370ab44cb1ffac89cf841fe
Glioma__enh_2205,2205,Glioma,Glioma__enh_2205,train,Glioma/enh_2205.png,Glioma/enh_2205_mask.png,76d0b9dec174d515bef735882b9ac6c24d06c326a34299d3c13305e7ce418bb5,d9bdb634c8c22e9c27f4193815c33a0ec8e4c425fd362cc8d14edd2788f8a4cc
Glioma__enh_2206,2206,Glioma,Glioma__enh_2206,train,Glioma/enh_2206.png,Glioma/enh_2206_mask.png,850fbf780028bf4808c4613338e123b3a03afb96e1db5da0104c4d1f904156bc,5a52f040a68312fb4ce7209ada3a0757fac17134b2bc78e642a6279567b344ab
Glioma__enh_2207,2207,Glioma,Glioma__enh_2207,train,Glioma/enh_2207.png,Glioma/enh_2207_mask.png,2c043cf4cd6e153bf50564258fc46b97602c1e1e63f35e4ed9c48c6bfdc50dab,65b8cc2dc305d978b880ae0fed9f0e49c44c2113a7778164d2d3153788c8502c
Glioma__enh_2208,2208,Glioma,Glioma__enh_2208,train,Glioma/enh_2208.png,Glioma/enh_2208_mask.png,83c2902997f2c0684dc481d287c7201a4c9532c1c895464d64f20026195bfaa4,4ff01a15f3ad68fe932fe86e58f20de26a324abce6a31b7c99e22a2b6c9d4a81
Glioma__enh_2211,2211,Glioma,Glioma__enh_2211,train,Glioma/enh_2211.png,Glioma/enh_2211_mask.png,f6094f114493b4787b0d881b39b9c8d75006d8403009683010c0552d7aa7b01b,7c110458afe4277f9312d6bc0ccc8d6d58866c49f87b427228f24e1dd67e76cf
Glioma__enh_2212,2212,Glioma,Glioma__enh_2212,train,Glioma/enh_2212.png,Glioma/enh_2212_mask.png,17cbb09ebd53a28a8e3ab8134f820fc005bc32192d303e8fc3a945292aa71ed6,8f7ff84e59c28d7168fc4f7bc190a11849f3172ae04e0a261e08553cb0d901d9
Glioma__enh_2213,2213,Glioma,Glioma__enh_2213,train,Glioma/enh_2213.png,Glioma/enh_2213_mask.png,d24ffa3eadbb69b886a3b56a958d8e2adc4e03e05ca7c5febf15a25e10338250,9dd87abf4d66fc6d89fdff315c06e760066e22ea3b33ee7e0f04e5246a1e6b3d
Glioma__enh_2214,2214,Glioma,Glioma__enh_2214,train,Glioma/enh_2214.png,Glioma/enh_2214_mask.png,274c3bf79c60417de124a31f46dd5c97d987301b9ffe492766d4a409da5c3969,f269f372fd4e0135ce77b848a9f8803512b52024fc6098787ced5d6cabd8b2f2
Glioma__enh_2215,2215,Glioma,Glioma__enh_2215,train,Glioma/enh_2215.png,Glioma/enh_2215_mask.png,d0e53280d3c52fe165f435300185bdd0664d152c1b3411689753bfaaa0c85eeb,7ffc03458dbcf10a30427d9945487249437b15cf8cb8c1be4bb338115d4b1e28
Glioma__enh_2216,2216,Glioma,Glioma__enh_2216,train,Glioma/enh_2216.png,Glioma/enh_2216_mask.png,30c4f2924ebea6e281edf820bce0141618d51828045273f6bb42375d8bfad703,edffd563f65b644162c059ebdc4e1a266994ffb34848fe51b954459a92c6455d
Glioma__enh_2218,2218,Glioma,Glioma__enh_2218,train,Glioma/enh_2218.png,Glioma/enh_2218_mask.png,ed33feb274888700ae7856e2ada9bdf5c28dddd9e7306b4e1d2af7a3ed263837,b5749c14ab3b6e5e9b5f00bd46e0caa5357f7412029b3acb5e1ab8f8fe8746b9
Glioma__enh_2221,2221,Glioma,Glioma__enh_2221,train,Glioma/enh_2221.png,Glioma/enh_2221_mask.png,a824702c1e50360ff2d1f8ca19c105b0960896721748da2a143786e500ad6dc1,19f3bedb5740fbc96519ccd6fc6456878da92f4a91ca78524fd362370ab4332f
Glioma__enh_2222,2222,Glioma,Glioma__enh_2222,train,Glioma/enh_2222.png,Glioma/enh_2222_mask.png,1a4898cc26f0ce4f6a938c50ecb5ea38131c4f79d17426a44045095432144c09,1f9e07156b60d6dcec693a80e3651a796c700d803ea93a706bc45d54829ef09c
Glioma__enh_2224,2224,Glioma,Glioma__enh_2224,train,Glioma/enh_2224.png,Glioma/enh_2224_mask.png,9456d5bc9c57c79e34674ea2cd02a7a9d109ae94ef9c8aadf309c2f7524dd66e,65649f81d2340bb6f2f3fc9a28d6769dc890f022836daf10b5cda6428027598f
Glioma__enh_2226,2226,Glioma,Glioma__enh_2226,train,Glioma/enh_2226.png,Glioma/enh_2226_mask.png,b0cd139ce127f12d2dcc71079f15860032a8fec55752921fef5c6514d6aaf4d9,734764ed0914bf5aaa56692219c11f4ab4d349ceef6e27389088d9d37e03df91
Glioma__enh_2227,2227,Glioma,Glioma__enh_2227,train,Glioma/enh_2227.png,Glioma/enh_2227_mask.png,1b0bd67637b147c564a3b26dccb9b3700be921bbefc56ac7aba0f0196178ee1e,6e4b8567ccb8da4cced7246b14d16e35b277ec1412ea77a181bd89ff022945c6
Glioma__enh_2228,2228,Glioma,Glioma__enh_2228,train,Glioma/enh_2228.png,Glioma/enh_2228_mask.png,8ff949468a7180e363404569c74f38e3a35d6056625c4459af04a05cce5dcf79,05c6d16eb59c7e4012e518899bd5509c361c3809f3f9cf0f31d26dad419ebe9f
Glioma__enh_2229,2229,Glioma,Glioma__enh_2229,train,Glioma/enh_2229.png,Glioma/enh_2229_mask.png,8bf875f10689797ef00125639d0a21ea47742dde83b9ca0f87d2e11397360403,0f86685bac313b1970689a1918df1171b13a51ef506e604b2023513d32404bca
Glioma__enh_2231,2231,Glioma,Glioma__enh_2231,train,Glioma/enh_2231.png,Glioma/enh_2231_mask.png,92ea4834ab8e96c707cf7f286ed90feb6a0e6a598870b730ba1584e5a19ec9b9,62c572a6e3f84cb96ab36c4237867aa6cd9ee51e8c537433899bda1e729e96e9
Glioma__enh_2233,2233,Glioma,Glioma__enh_2233,train,Glioma/enh_2233.png,Glioma/enh_2233_mask.png,208b87762ba00d5d4fba2ec2d120e47be883dc1b585de25f8ab9834afb450da3,1c407971b854dbd55b3d394fc8d74de5a26b58a15167e188b5a11be5630aa8fc
Glioma__enh_2234,2234,Glioma,Glioma__enh_2234,train,Glioma/enh_2234.png,Glioma/enh_2234_mask.png,0e142f0e9e5d03ba3d8f672c0b2dd46591d1b623384809a8c6a22d65ec1f087c,8c83e08f7c6762e06530f6a1ee221c62670d18c92f1111d98d64cd7c2ea7cdde
Glioma__enh_2235,2235,Glioma,Glioma__enh_2235,train,Glioma/enh_2235.png,Glioma/enh_2235_mask.png,5d61bc17ca8531335cdf47058f0ae8b52d7b012d0fcc52db78dce1b9cffd73a7,d8f0b8c86a761a0678d869a4747041ed4a1e840ed7d52797428b819eb7d747ea
Glioma__enh_2236,2236,Glioma,Glioma__enh_2236,train,Glioma/enh_2236.png,Glioma/enh_2236_mask.png,7310c6f530a8e96d3b8f36ad1b91386545332511b3b8e96be7761c5c9613b527,9bd9fb7eafcd2b14210f25af2fb7dfaac7421d8b6ec722d776169d4b87613b5f
Glioma__enh_2237,2237,Glioma,Glioma__enh_2237,train,Glioma/enh_2237.png,Glioma/enh_2237_mask.png,ed206f994238c9275f7feda7dcb76817db414e24ef07d4ffcc9512a1ec324ae7,fb266f809756631107919316348cef4e5605195d4663b35afba282bfc93ec66c
Glioma__enh_2239,2239,Glioma,Glioma__enh_2239,train,Glioma/enh_2239.png,Glioma/enh_2239_mask.png,b2a3ee604230b036291d580016ae5f4b94d6a88937350d811182d8a4023204c9,2ebfa68dfee72c4e33e25cc6ccffceba9ca56e3f45c7abb751c8feabd2d05b2a
Glioma__enh_2240,2240,Glioma,Glioma__enh_2240,train,Glioma/enh_2240.png,Glioma/enh_2240_mask.png,5527562194c63a47f36cf3ac7510e4a99215e97181a26a9355b5bfa105b2101b,49a24fad37886274f285e1d7875e291bc101ae220fefc6c7b016a3cccd7e1fa8
Glioma__enh_2241,2241,Glioma,Glioma__enh_2241,train,Glioma/enh_2241.png,Glioma/enh_2241_mask.png,41c134f65c8a7cece312f301140f63e811c314513b7e9735fdd367da980c702a,045c76935f2d4b566b86fefc9150c8608438e68b91ce7e6ba4328feb5321c935
Glioma__enh_2243,2243,Glioma,Glioma__enh_2243,train,Glioma/enh_2243.png,Glioma/enh_2243_mask.png,265cddf9e3ba6b221e54487e393432914951ded0d82b7a6c994c931ad2d881a4,37dd9181a4ed6e885cc614f9858ffefeeb8b46ab5ceefc639c7bee9b7b094c52
Glioma__enh_2244,2244,Glioma,Glioma__enh_2244,train,Glioma/enh_2244.png,Glioma/enh_2244_mask.png,15cc8bbda464c741ab6710036207543127bd03d78b048b55a6cdc770fefdb7e8,d458bb07f78e835cea6f5f6c360bd06bf27c54dffd5976c881ef85808112130d
Glioma__enh_2246,2246,Glioma,Glioma__enh_2246,train,Glioma/enh_2246.png,Glioma/enh_2246_mask.png,97ad38f6e30269e1053946e1ee97ab7c0e7bfa09e9ae4509247b4564252a70a7,d15bc0fa2b626ed1b5ba3923f41f034991a6e2a9e96dbb0ac68d4b6d12f0a3f5
Glioma__enh_2247,2247,Glioma,Glioma__enh_2247,train,Glioma/enh_2247.png,Glioma/enh_2247_mask.png,2892162e2fd29794b156feb095cc13eff7f62edf2a33fb1c5782d71b41c320b8,d65da924ece8384d454d369343378a2145e9008a4643b6c16b3cdadf379c8550
Glioma__enh_2250,2250,Glioma,Glioma__enh_2250,train,Glioma/enh_2250.png,Glioma/enh_2250_mask.png,1441b8ef8bb2c3ea8e363400111b48964401f591c7936bd452d4ed279d64f1bf,d70cc8e022f856393a430c9058812528509b9876a043657e848a23a2e86155c1
Glioma__enh_2251,2251,Glioma,Glioma__enh_2251,train,Glioma/enh_2251.png,Glioma/enh_2251_mask.png,9a36a9e892584550c95205c292c294123852f79f34ce2f4e10fa55a6c4ba4479,532efbf7951ceafb4bc3020810f5827a7d505f736996308d8cdae2a2b6ec5ad2
Glioma__enh_2252,2252,Glioma,Glioma__enh_2252,train,Glioma/enh_2252.png,Glioma/enh_2252_mask.png,3e5962533abee4f1371e00e3fa1831296a398e55ee995db6dd990089a9ce5e4d,463dbae8b31f08a8acd642cccbe531f487a6e8ddab7d62fb25137b0e160b0348
Glioma__enh_2254,2254,Glioma,Glioma__enh_2254,train,Glioma/enh_2254.png,Glioma/enh_2254_mask.png,1defa63aa0a7670608096f4e7c3799c22fccf0ea0622180e1b99a42eb0753e30,d19226d22e1ddefb176469fa2e66386ed618edc3e96faf710b562804a2f2b9c8
Glioma__enh_2256,2256,Glioma,Glioma__enh_2256,train,Glioma/enh_2256.png,Glioma/enh_2256_mask.png,b9aec6bec4ba9e811e8a3ce3aaa189a27cf5ed923f6034a4c61c3108c29c7dd3,614801b2df53f5a41315ec3ee036e7b3d079256a701d09ac84f8e748707545b5
Glioma__enh_2257,2257,Glioma,Glioma__enh_2257,train,Glioma/enh_2257.png,Glioma/enh_2257_mask.png,9832ba5fc45361aaea337994c8beeaa40cc4499dcb3092aaf0ef4761352b2870,f6066ce253189ef8187df617cc9ce1478ad669e1517e1bf1ac873368871d80e6
Glioma__enh_2259,2259,Glioma,Glioma__enh_2259,train,Glioma/enh_2259.png,Glioma/enh_2259_mask.png,5026b171cbee8e0e64e3778222c8afb73175090f4999b700dd7a90ddc85535c2,8a9f35092fc760efb738739cb7845c5bd9bdb61df273244c327b0885b0ad848e
Glioma__enh_2260,2260,Glioma,Glioma__enh_2260,train,Glioma/enh_2260.png,Glioma/enh_2260_mask.png,c62fcc32c6524505c91bffb286ae812955ef00e7b55724e8919e6d8dfa5f0605,95b19889368eb8a05d5f72558f116e025bf0c2fa3f0ffab0dc4f4092ea1da7ec
Glioma__enh_2261,2261,Glioma,Glioma__enh_2261,train,Glioma/enh_2261.png,Glioma/enh_2261_mask.png,4f45cbd8e82a7df97a84c0f7ad881e942b9b217188b1c5d1c65fc072d209bc95,f07ee6580c7272dbb9b47e0866080bf34a8990d66b34e80f331eb30ef81d710a
Glioma__enh_2262,2262,Glioma,Glioma__enh_2262,train,Glioma/enh_2262.png,Glioma/enh_2262_mask.png,502ac29cbd365bb29c12363697ba8c4d0e69776f8bc1206e93869d3165c9b02e,2e3f226a192a6f7e3a21c6fade95a27ebe94e5bd32df81d16d50d4ca6351b189
Glioma__enh_2263,2263,Glioma,Glioma__enh_2263,train,Glioma/enh_2263.png,Glioma/enh_2263_mask.png,ca3684c43de8def0d68521b9033a695134ac6a80278219d9dbbf5cb946a4ff43,ed667c4eb8afdea83b00f57f4b736d86ae35a91e87dfb878399ba01e42ac6048
Glioma__enh_2264,2264,Glioma,Glioma__enh_2264,train,Glioma/enh_2264.png,Glioma/enh_2264_mask.png,148d9e9ea2bf11dbc9d1349e03642ea5259b078e8a17d9b594768375d6f2e489,aafdfc1374adf16c3324e832d8af7726f8a6c1dd3cbda590976905be6af77d25
Glioma__enh_2265,2265,Glioma,Glioma__enh_2265,train,Glioma/enh_2265.png,Glioma/enh_2265_mask.png,92aef48c5fbb645fa9f00adeb17e9c1c0974eb627167cb0f0bd95a0f6927fa2a,fa720ff2c248d650a16c5ff58dc1a09169dde1e29267fa14753b332ea18d1f6a
Glioma__enh_2267,2267,Glioma,Glioma__enh_2267,train,Glioma/enh_2267.png,Glioma/enh_2267_mask.png,4109d0526d4984bcd86e1a9012f38140f28687aef5f25e763aa5833121b2a38f,df7803f01f4d0e6bcd6f62caa5ef7d9ee1746ad0ba054878ccf66b92148b281d
Glioma__enh_2269,2269,Glioma,Glioma__enh_2269,train,Glioma/enh_2269.png,Glioma/enh_2269_mask.png,f190240c6b95f3e32e43d736ac95a9ab279278eb277cae7cf1eaba13c55a2eef,3cceece7a7928a2dc16f0d4e45ab6a7059026ec9e09ad38b349c2fa4739dbd1f
Glioma__enh_2270,2270,Glioma,Glioma__enh_2270,train,Glioma/enh_2270.png,Glioma/enh_2270_mask.png,6cb3ec357b04c0bca4198bc88360387d287edb500a90aecba6802ce598af51a4,c790c30d677cfdb7bf73edb7cd4c16ac566167366cc94ca1b00cff4cb7fc73ab
Glioma__enh_2271,2271,Glioma,Glioma__enh_2271,train,Glioma/enh_2271.png,Glioma/enh_2271_mask.png,c498127d3bb9e233e544035414a19d831cf95b289c5109baa702d96f1f8c5595,40b40637944e566b2277f01734a6e1536d8282e81ebe238526996e3c760f833e
Glioma__enh_2272,2272,Glioma,Glioma__enh_2272,train,Glioma/enh_2272.png,Glioma/enh_2272_mask.png,87aef9ecf4d79d1240cbe8746b907e6cf962806c2ce183bb94e0d6b75ba5840e,f0246566cc1d0b2580615da52d4a199931cdeab12f70e7c759c3b62efb11d468
Glioma__enh_2273,2273,Glioma,Glioma__enh_2273,train,Glioma/enh_2273.png,Glioma/enh_2273_mask.png,13191a1ed70627d580371cc971e64645ab1da5a0608dcd39bad5ae63b95271d7,2cc8970da09040d6378f16de151a72b0bf6e8e065265e3d201e856d5dacdbfb8
Glioma__enh_2274,2274,Glioma,Glioma__enh_2274,train,Glioma/enh_2274.png,Glioma/enh_2274_mask.png,3808657e9e328b8a7f4c8f25db08c8b07456ed22d03e5ec0ecee54699a845fa3,be9f7c372c2b69b85dc2a3943d7970ccff0423573f361d2148867665148beeda
Glioma__enh_2275,2275,Glioma,Glioma__enh_2275,train,Glioma/enh_2275.png,Glioma/enh_2275_mask.png,cb2e19635e944b8ca85b00c9309774c4c26ae71302f2e0e61489e019be93942d,d45889455911bb1d06edeac0a13deb07b9725ad920c7442772c2cf765c66ca4a
Glioma__enh_2276,2276,Glioma,Glioma__enh_2276,train,Glioma/enh_2276.png,Glioma/enh_2276_mask.png,9c40faeb86895ccb328c80c0b5d459a04915907f0a3d604c951c7771b68c2d9e,1f36b09c1788288da0649b48cd256fc3fe9a18cc677dc38cf46365ca991cbe18
Glioma__enh_2277,2277,Glioma,Glioma__enh_2277,train,Glioma/enh_2277.png,Glioma/enh_2277_mask.png,3f9fc07bd292eea4d1cea0eb02afee9a9b3783fa2ebbb4097b689d5a225d8a98,6cdd90bacc551606f918c6b0b51690317cbeae2f935163296e6f3b5b7325e53c
Glioma__enh_2279,2279,Glioma,Glioma__enh_2279,train,Glioma/enh_2279.png,Glioma/enh_2279_mask.png,343dc0811a013c2df1a9ecc3c419d015ad24366c758b2d646cfa735780e3e7ff,345592ff0a916f9bef67c11084bf7985959aa40954b4ad155899b864eabfc4eb
Glioma__enh_2280,2280,Glioma,Glioma__enh_2280,train,Glioma/enh_2280.png,Glioma/enh_2280_mask.png,eb35aadf1691cca1333e3709165465c23a8109b6d8f592da005cc343741d3d0c,29ea42cc62f940a90b4024d7f68943049fc96e10bf06b48fe08fba78a1ce48ef
Glioma__enh_2282,2282,Glioma,Glioma__enh_2282,train,Glioma/enh_2282.png,Glioma/enh_2282_mask.png,12f85638fc62dcb5ff85ed640eda1520096e0aab65b61b2128679a91f2a15d56,dd45d221068af3545ef0a3c3f742cf5cb0c7383909556c3e57fa4e825824cd32
Glioma__enh_2284,2284,Glioma,Glioma__enh_2284,train,Glioma/enh_2284.png,Glioma/enh_2284_mask.png,5889ae20d0a44d226637726c00b0c43051b06827da7baf46f373850b6610eb6a,2692ed917bf37977179ea42eb041a34ec4afad8093ce616d33f08d3322181f37
Glioma__enh_2285,2285,Glioma,Glioma__enh_2285,train,Glioma/enh_2285.png,Glioma/enh_2285_mask.png,a94e649cf745f7898ee70baa34d0e8937f9ea67d64a4eda2a90401b949c249b0,dfb063482a0ccc7d93ccdd0fa8dd1f7b3b71528d218865b5653a3b428a82d86b
Glioma__enh_2287,2287,Glioma,Glioma__enh_2287,train,Glioma/enh_2287.png,Glioma/enh_2287_mask.png,ec896fe53cc128b959ae0ca4587572c1fa11ea153b6aed9be1fac4c057110f3b,621702efe093a60df45dc8554999daa481043021c5b0ce7c5744e674dcb6a5d7
Glioma__enh_2288,2288,Glioma,Glioma__enh_2288,train,Glioma/enh_2288.png,Glioma/enh_2288_mask.png,a28356bcbcd582717b7401b813aae93f95f4780b1a2b8833a07b29074a9dd5f7,4ffeed3fb7364eb9c6a90b3a96483708fb900659ecbf029957bd6c3e6a621d85
Glioma__enh_2289,2289,Glioma,Glioma__enh_2289,train,Glioma/enh_2289.png,Glioma/enh_2289_mask.png,a74a807cc81fa57d502160efbd005f5283e13cfd818de2618179cddc2e999930,71168347cd3234acdb257c815780195bde3b448da392c37885aa862e972ef7f3
Glioma__enh_2291,2291,Glioma,Glioma__enh_2291,train,Glioma/enh_2291.png,Glioma/enh_2291_mask.png,72ba5f1572cb7c0bc428dea9202114ec23509ae8c74cfba980637af42bbb4f43,b8d24567dc57935998e2173c9a3dec6b375802b08ea36a1e032f08684469b56b
Glioma__enh_2293,2293,Glioma,Glioma__enh_2293,train,Glioma/enh_2293.png,Glioma/enh_2293_mask.png,c7b379c20911803b36e9847ededca286e522511417892531b12c619d1d37cd5b,6731fe0d860e01af9b4d5cd6c548baeababba86989f3a1068c819c0db349a339
Glioma__enh_2294,2294,Glioma,Glioma__enh_2294,train,Glioma/enh_2294.png,Glioma/enh_2294_mask.png,763f416e8f749c7f55108fee3a1731e490bb263e9080291e7ceb8a42b6cbb821,877dfc7ffb24792bdc3fcb16e024b1a56299cfd1e04fd83612c49868ba2e9d52
Glioma__enh_2295,2295,Glioma,Glioma__enh_2295,train,Glioma/enh_2295.png,Glioma/enh_2295_mask.png,e4dc3dc5b498250ea81d3d704d82acaf0dca858c9b9e999f8ef52d10592f7b5f,4b72fb54babcf8f721c9a0127cec3a1ab1600823e41ebb75cec55daa9df309f7
Glioma__enh_2296,2296,Glioma,Glioma__enh_2296,train,Glioma/enh_2296.png,Glioma/enh_2296_mask.png,d67ca26e8474bae5f79c6ae42e83c4ab7a2c793b92240141bb26c24fd3a0347c,e7f20e702bbe6a296bc0c9bc11cb4265c4d53e024adb36216a0acb51e3110226
Glioma__enh_2297,2297,Glioma,Glioma__enh_2297,train,Glioma/enh_2297.png,Glioma/enh_2297_mask.png,e7ac1a6fb1719a4ab4aa81378ae19cd346f2459deafebce862f2feb320aa06d8,73b7aad38ed5dbbde02d3e4070ca6c7e85b508af82f65275b48ddecadec1dff2
Glioma__enh_2300,2300,Glioma,Glioma__enh_2300,train,Glioma/enh_2300.png,Glioma/enh_2300_mask.png,0c9b6344d2c0535e7e211fc932bb2e43e06b9db543135c4bbfaa63bc455f04d0,e7e174d4012576b521822a1e2ff21f0b1e71729b46e46fa9b704f78bc17a421c
Glioma__enh_2301,2301,Glioma,Glioma__enh_2301,train,Glioma/enh_2301.png,Glioma/enh_2301_mask.png,db3b7ca0ec5f07687052868a8daad3cf9e90f2e9e823e600e340474c0c70e6ba,25c2611608ea7fb912941b5058047720fcf57758ee768359026ed289a0dbcc34
Glioma__enh_2302,2302,Glioma,Glioma__enh_2302,train,Glioma/enh_2302.png,Glioma/enh_2302_mask.png,e10113975857e24c635c15cf71a95d144dfd3350f1736e74445563ea1762cfc2,b3c7fa1b8653aafefb0ecd3707444d064662140ab8c39203dbc7d3b6b9257466
Glioma__enh_2303,2303,Glioma,Glioma__enh_2303,train,Glioma/enh_2303.png,Glioma/enh_2303_mask.png,380d02ec37f56f809ff7a0e6dbd04ee5c98093241b416338910bfc5c0d6fd5d6,08cc1c77157ca860177ac5caafaebda6b8f17bade15294c1d95e778504acb023
Glioma__enh_2304,2304,Glioma,Glioma__enh_2304,train,Glioma/enh_2304.png,Glioma/enh_2304_mask.png,12c078f597229ba437f89799ab08281b08a0571ab36fa1b322aa67a3de22c924,216837e1e51ecf0f611ec5214d0ca33a49f3050509cad25bcb3e3966b5455545
Glioma__enh_2306,2306,Glioma,Glioma__enh_2306,train,Glioma/enh_2306.png,Glioma/enh_2306_mask.png,d18e59eff0082203795458450db3380177897d91a1e1a64c26b7f5317186153c,4de04a571baf3bfaecbe0cab8fd813691108a47e5501993f02e81b8b384f2c60
Glioma__enh_2307,2307,Glioma,Glioma__enh_2307,train,Glioma/enh_2307.png,Glioma/enh_2307_mask.png,a3a014c0c1884d8247b40ab6c5b951e6b588a776b2d43ee015861087b6e08fa3,4e7b26436b71f5ac6412652680e5d562814beda9c303d90fb882b973c63f63be
Glioma__enh_2308,2308,Glioma,Glioma__enh_2308,train,Glioma/enh_2308.png,Glioma/enh_2308_mask.png,1048675c175035dfa473e347147e4bbf59ca89cef74066cc9cfff7861fe54baa,37570a4abcf17a30646e6a7674559cdf4271baedd4a8ee38d20ece4e3cb52bba
Glioma__enh_2310,2310,Glioma,Glioma__enh_2310,train,Glioma/enh_2310.png,Glioma/enh_2310_mask.png,44ee6a10c7cc0a33ebe0c614b479e7fe9d26afb44889a3f81e3c82be3f32ed43,4c48a2db973ada2492655cd64a4a838017e3cebc05c3bfb66790c2c9013bd7e5
Glioma__enh_2311,2311,Glioma,Glioma__enh_2311,train,Glioma/enh_2311.png,Glioma/enh_2311_mask.png,3cb2428f1fb3aa9e7f52f3adfb9bd08957308e8b3f59032b62a35e2323952138,9b94eeb5458d817028e0e44ac3a3f9edd4e8e952feb980f84cf97fa32905498b
Glioma__enh_2312,2312,Glioma,Glioma__enh_2312,train,Glioma/enh_2312.png,Glioma/enh_2312_mask.png,57dda4453a3de4b10e69a471a4b2ccda9eb80b3d4a818c153c647911aee36ac5,4aaee87ec75cba12da27027fc1c3bc69931ca5d7a403bedc5d1f5e27be6e3cec
Glioma__enh_2313,2313,Glioma,Glioma__enh_2313,train,Glioma/enh_2313.png,Glioma/enh_2313_mask.png,9aae89a48280ae53bc7a64cd6278494d6ac37ba17e91c8255ffc6b9c1d941d2b,e4542bce76209a5eb2b2cdf1af2457e16e83b4c88c55f039ea76e1c0935f10e0
Glioma__enh_2314,2314,Glioma,Glioma__enh_2314,train,Glioma/enh_2314.png,Glioma/enh_2314_mask.png,5e24ea088875746d7287e434b9663afe2ba8eb9cc850292056cf8787ed879f38,45769c79cea19c693ac2cc0446b6647f6949d9ccac2c3bb8a841e79320b5707e
Glioma__enh_2316,2316,Glioma,Glioma__enh_2316,train,Glioma/enh_2316.png,Glioma/enh_2316_mask.png,93bafe0f5793ce732fb8accbf6a89a67728949e621743c23f01a1331fbf8aaeb,49543a6f149dd84470bb0b154f00594c88cac3ba9f290c6e69489c3dee7e4ab8
Glioma__enh_2318,2318,Glioma,Glioma__enh_2318,train,Glioma/enh_2318.png,Glioma/enh_2318_mask.png,58be796545942bb5e1432d40eda123469b5993f51f918857972819f372ea8906,b6534a8b7cfd97eca75781ba2ee5522067bc2f7dc6caffe35ef52de79c70f058
Glioma__enh_2320,2320,Glioma,Glioma__enh_2320,train,Glioma/enh_2320.png,Glioma/enh_2320_mask.png,a7fdc9f12269aba2c251e8f0818176d1930b3c752ff74488da33538deaad7fae,0d4af79c07993ba57e42bf6314b6603c1366bff77bb01ae1d3290a933d35e215
Glioma__enh_2321,2321,Glioma,Glioma__enh_2321,train,Glioma/enh_2321.png,Glioma/enh_2321_mask.png,8c1e0deee5b55800c25e2e4c236a9c7d24cdf07407d3c303fb2aa94bc3671cca,fb53d1c97575aaba445249d0ae6fda1b542c60eae1be96f3ededc2b9913933ae
Glioma__enh_2322,2322,Glioma,Glioma__enh_2322,train,Glioma/enh_2322.png,Glioma/enh_2322_mask.png,4414c850f647a1122058980da6b7d12bcb69fd193dc47d35269299368b9670f0,a2dc8367a2960ed7be40d7d812453a4c1d128804a5f697205d9ac41839b1c6e1
Glioma__enh_2323,2323,Glioma,Glioma__enh_2323,train,Glioma/enh_2323.png,Glioma/enh_2323_mask.png,3b343a7239eca98e29e1aedd8ad301f56fef11f4aa3679012c32ee5fdeffe227,adc879891515c86d0c3540946a26fd86e23392751edfe6a4da38fcae776c641a
Glioma__enh_2325,2325,Glioma,Glioma__enh_2325,train,Glioma/enh_2325.png,Glioma/enh_2325_mask.png,002a200863488ab29b19c093aa6a4875b0c445f8ebfe494bc77cec734fef0774,55112170dea289b3d7f55d8e1257b4a761095695e8c791dc506e6d76929cac1f
Glioma__enh_2326,2326,Glioma,Glioma__enh_2326,train,Glioma/enh_2326.png,Glioma/enh_2326_mask.png,96d61a86346a09fceb4960f921d24a6a7d584e4a22754824889944b12b6a005d,c142fa3c26366befc746de2c3cb79d840bc7fecb0d3a07ea3c134147b528a689
Glioma__enh_2329,2329,Glioma,Glioma__enh_2329,train,Glioma/enh_2329.png,Glioma/enh_2329_mask.png,f376d1ce911da67855d5779f4845a42c12a4d6bea8b83c17be398cec2fc7f90e,3cfa33fcca8967c8ac0fd980d85a98237ab4ec917bafb9f35fa618ad623caf63
Glioma__enh_2333,2333,Glioma,Glioma__enh_2333,train,Glioma/enh_2333.png,Glioma/enh_2333_mask.png,37da9cb00e0b79d2f87c47e55643f25a1715f760d3b32864ddef2af5f3407991,f4c403a6dd22d3bd684e59d56dfc544c783350547727e2ed22074c3b095d9fb2
Glioma__enh_2334,2334,Glioma,Glioma__enh_2334,train,Glioma/enh_2334.png,Glioma/enh_2334_mask.png,6f4eb71d0724d29ee9ba489b3a2cfaea8ac6db9435c79f69761467d64086e77d,594fbabbaaf15ffc5073eaa1ef63e69c123a683f66abab70efe3d426ce02442c
Glioma__enh_2336,2336,Glioma,Glioma__enh_2336,train,Glioma/enh_2336.png,Glioma/enh_2336_mask.png,54b4eb19855c547a2e93efe63ac0be31550b9de252815f5a972841228096a343,e9163713ad168fa46a052603ffe68d9af5d5f91b2736078da7d38931dee514b8
Glioma__enh_2338,2338,Glioma,Glioma__enh_2338,train,Glioma/enh_2338.png,Glioma/enh_2338_mask.png,9bb878252e162661c03a7ccab6ee839d99ceb0a8dc06cc2364b00710d457b8a6,255e0df705b048bc4e5bb9581b5223350488e8e6920faa616860dc5c8aeb79e4
Glioma__enh_2344,2344,Glioma,Glioma__enh_2344,train,Glioma/enh_2344.png,Glioma/enh_2344_mask.png,6538725260351996dc3ee7849346343a2e1272834be127f3f97cd87af6fc7c13,255d5325cf3181d8fb7c264402eef1147310aeddec1448a5b5217315df329dfb
Glioma__enh_2345,2345,Glioma,Glioma__enh_2345,train,Glioma/enh_2345.png,Glioma/enh_2345_mask.png,aed8737a3349f78b7680a57847b644561bf68651770f049916b45d5b2c38669e,6c1c30b757c8cedfd45610db3fbf4f8d02d4ecb64068fdbbd5ebad926684fba0
Glioma__enh_2346,2346,Glioma,Glioma__enh_2346,train,Glioma/enh_2346.png,Glioma/enh_2346_mask.png,6492f0d68e2b5bf9d5cf0f3fe65133c39580b9b9f1f4b3b17f633c2a78492346,4fbfdce316e6ce9a8d426de46314006756a410726a7f03824fcac7b95c4f6a08
Glioma__enh_2347,2347,Glioma,Glioma__enh_2347,train,Glioma/enh_2347.png,Glioma/enh_2347_mask.png,af480d8fac2aa217e18e0b14328c0cf7eb8d409d8da23b008d2f9cc519ec6f4e,9cf5b6d2d7b63a2d4d9ab170f27cbfcdffc2a7efad593cd3919707c22a38fb22
Glioma__enh_2348,2348,Glioma,Glioma__enh_2348,train,Glioma/enh_2348.png,Glioma/enh_2348_mask.png,a25e1270373e1408d847d9de422a6eeccfff4071e0c41277d895a2e439baa7ce,a3430b3575242f4c5ff65f48d6b41d52999c29ff612cd36ac50598425f3c02cb
Glioma__enh_2349,2349,Glioma,Glioma__enh_2349,train,Glioma/enh_2349.png,Glioma/enh_2349_mask.png,fe1e3d82f5b007c1f2d1db4bd14f6bcf9a2fa3238c582e200bca5fbd1811ff0a,61752f59c365ae746fa61936371a5feb967508ebb062727fd9e414d070e785c9
Glioma__enh_2350,2350,Glioma,Glioma__enh_2350,train,Glioma/enh_2350.png,Glioma/enh_2350_mask.png,3f67ccb7cfed00b08435173029b2201f9eea11583a1850c8c545caa98bd8a981,afc794581ede25249251c5008e96b70a0c3f5e02216a70718cd1e932e916c8e8
Glioma__enh_2352,2352,Glioma,Glioma__enh_2352,train,Glioma/enh_2352.png,Glioma/enh_2352_mask.png,d9e375d28eec153784bf2a3573e7fda0a4ca73fdc43a41147a07fe8da2d3ca7d,0b89175ca0d2c1cbc85a0e7185a08aa60235d840dcbb63438527b3a3241d4d7e
Glioma__enh_2354,2354,Glioma,Glioma__enh_2354,train,Glioma/enh_2354.png,Glioma/enh_2354_mask.png,6676341942e3f7729a89693ca61cf1a3f9a36580974a1255abbef725c820dcc4,d1d99bc02b6e15e112f8a932ebce7e047f556576341c0e2140ab4fac9219cfad
Glioma__enh_2355,2355,Glioma,Glioma__enh_2355,train,Glioma/enh_2355.png,Glioma/enh_2355_mask.png,5bedd992f62bbfaf15c476d18f1574d11428f478b19550723c19f65f27f1e151,1ed659159c110d4003e9e46cb0de6464e5586e4983ab0536237fdb86d631db97
Glioma__enh_2356,2356,Glioma,Glioma__enh_2356,train,Glioma/enh_2356.png,Glioma/enh_2356_mask.png,d6e3a9e4547abc9417ed6536434ce453bdf409c227de6c1fc77b5d5090198aa3,78af8cb79e6a6ae06c2b60b5d4deba2c8b1acc8ac22c66f06b3973b50a8a370a
Glioma__enh_2357,2357,Glioma,Glioma__enh_2357,train,Glioma/enh_2357.png,Glioma/enh_2357_mask.png,86e476d131d112d0477a66d3b93b9aef2a0ecd5258b753ba218aacc6d7ca8de7,622f8230906efd195cf443b53263f11510d832a456650d24a9c9e882c71687dc
Glioma__enh_2360,2360,Glioma,Glioma__enh_2360,train,Glioma/enh_2360.png,Glioma/enh_2360_mask.png,3785050a7c9578cfedb8fc8d1de95eae35ecb26575fe05e109f9d24728546ef4,565c31b225b068d9207a1d6b3cdfe00d0db40e8b5c8e27009933d029a940cbd3
Glioma__enh_2361,2361,Glioma,Glioma__enh_2361,train,Glioma/enh_2361.png,Glioma/enh_2361_mask.png,7d832c598196e0286357986466aedd5b4426e043ee1495306845bc73eb70a5ee,3845cb69b8d5e754fe64fba31c6cf30b8bf4b822f20eaf9e1831fb0d17a21e81
Glioma__enh_2362,2362,Glioma,Glioma__enh_2362,train,Glioma/enh_2362.png,Glioma/enh_2362_mask.png,31ae28fa4aef6708d16eec8979af00cebe69db45dc6c3d50378fd2efeee4c34a,9e2f09d15908e17851735102deefafc46ffe626f9c62aa7ff407bf204ee39698
Glioma__enh_2363,2363,Glioma,Glioma__enh_2363,train,Glioma/enh_2363.png,Glioma/enh_2363_mask.png,040d4dcba57f1188ced85b6525cbd4951d44920d55487da43f27acc37770ca26,58446e9b89119c7a1d17295925364e4ee9af51260ec7206e059787ed24168811
Glioma__enh_2364,2364,Glioma,Glioma__enh_2364,train,Glioma/enh_2364.png,Glioma/enh_2364_mask.png,dcea9877ba18a8927c5a4e475ee196e4db11987e18b3bb09feac022ae0ac65e3,61ec3f28eef8151fbe945d4a5ba6056c83d860154f68024419b8af9dc9e88653
Glioma__enh_2365,2365,Glioma,Glioma__enh_2365,train,Glioma/enh_2365.png,Glioma/enh_2365_mask.png,e5db3ee2257bdaf081c7969152f95204969d8e2ca37601ad65a3a5b5d041e163,635b3c17424c0f1b027cc110efa10ae07983a1da47dc8ba01428f78a8efa991f
Glioma__enh_2366,2366,Glioma,Glioma__enh_2366,train,Glioma/enh_2366.png,Glioma/enh_2366_mask.png,d216b2f3e21d6f4cdd0ed809456e1b342d2fe9f2dcdb061a2f2d1ee29fe76b3a,392af98e03deacb0ac0ab52e702b936f28e3a3b27b3923186d96109eae36fc11
Glioma__enh_2367,2367,Glioma,Glioma__enh_2367,train,Glioma/enh_2367.png,Glioma/enh_2367_mask.png,18c2b8c154478d5a88281bf935eaec7f56bbaf2c52d69b77b55248071656c20e,74dd94f1b15efdd0f3fc8b34bd453354b01f2ca828d17185d0df3b17e935881c
Glioma__enh_2369,2369,Glioma,Glioma__enh_2369,train,Glioma/enh_2369.png,Glioma/enh_2369_mask.png,e46f6ad11bd2a2108a233bfbb88c42bdc8ec2fbd015ff1bcbe9d1c77a137d50b,f4fc5ac1ec00e2d87e6b2e59a7118d03b7da266a9d6ed34adf27b1e78cfe9907
Glioma__enh_2370,2370,Glioma,Glioma__enh_2370,train,Glioma/enh_2370.png,Glioma/enh_2370_mask.png,eaed4ee23a6ed276fb2ec75a8c12a5f0b4e74f78008e639285c509643246ed76,7114fb24c051c414af8ed7ead43da0f2b42f3d5f1ef6bfed1f7b9b507a12ab2b
Glioma__enh_2371,2371,Glioma,Glioma__enh_2371,train,Glioma/enh_2371.png,Glioma/enh_2371_mask.png,f0e2977d4ab8838edcb4a75f530c12e1b508803308d1bbeef4683ee424e5d1da,6526ad2b8d50dbbab5fe62ead9c6a0d6b2b45cbbfb0caa929796f246ec570dc8
Glioma__enh_2374,2374,Glioma,Glioma__enh_2374,train,Glioma/enh_2374.png,Glioma/enh_2374_mask.png,f69c183654143a6e4059e8e182dc26b14d0f73b82707a1dce990e61597895c2d,03e1cd942a476d35bef3514aa65e7b63cdaec874e2cef716dd07597fff3cbf01
Glioma__enh_2375,2375,Glioma,Glioma__enh_2375,train,Glioma/enh_2375.png,Glioma/enh_2375_mask.png,3a38971705b1b9bf08686fc0a300b27744df34e90425799c2f9f614bb158ea04,c7dcf3b0174294fedc8c9d121be531617f6ac0490744bf282eb6a4d2ac82211f
Glioma__enh_2377,2377,Glioma,Glioma__enh_2377,train,Glioma/enh_2377.png,Glioma/enh_2377_mask.png,30b6623dde09de9276462efc8e29eaa685c49f6af5d3e9497cbb02b55f43edc4,9eb5fb5cc7480f402abf91666473eb67c553544a64f1ac0159244dd93d9f1b82
Glioma__enh_2378,2378,Glioma,Glioma__enh_2378,train,Glioma/enh_2378.png,Glioma/enh_2378_mask.png,a9e3e8a658dcd67618c11760e4e395fd3d2ab9053b4ac38696ff969aaa3e0c01,b8c373f8ddb752f04fa5c7f16a018580ea473baa0a383fa6296dc6fe351e8781
Glioma__enh_2379,2379,Glioma,Glioma__enh_2379,train,Glioma/enh_2379.png,Glioma/enh_2379_mask.png,603847ed44d520a2ef33a863da33f98959b124a0aa6b90e139cf629b7ffac7fe,b3b6a3bc5148a863e385cd45858b35d5c73cde64de7565bc14b29071ff41ef38
Glioma__enh_2380,2380,Glioma,Glioma__enh_2380,train,Glioma/enh_2380.png,Glioma/enh_2380_mask.png,cb43b255f32e6bd68d1973326d77e0d09ab46d20377c1caa6dc94867bbcb5cf7,c107a985b53294eca3e55b3125464690bd7c3a89825cbf52e727c62c5277abf4
Glioma__enh_2382,2382,Glioma,Glioma__enh_2382,train,Glioma/enh_2382.png,Glioma/enh_2382_mask.png,bef947633eeda51d32b873abe27fa1d2abd44418608fae085480c56a137e4517,cdc22338d39ed877d65248fd9f2ee985990cca2fd008d05b82faa68067b6c918
Glioma__enh_2383,2383,Glioma,Glioma__enh_2383,train,Glioma/enh_2383.png,Glioma/enh_2383_mask.png,1b8162e9c979ada7cbc386f8fcd02e9908fabc1816ec4b2a3ee906e32052f6a0,0a2d20f58723147b1fd9dbe27904bbdadac34b8fb267f8c552bf62451b084818
Glioma__enh_2384,2384,Glioma,Glioma__enh_2384,train,Glioma/enh_2384.png,Glioma/enh_2384_mask.png,540a4450e95f56eca3f1a26b5ee4c9df54770f1e8755c58641990b0df87648ca,e80890a43d920ea8e74496d45e9dd94397df802beb458f13741092b9dd16266b
Glioma__enh_2386,2386,Glioma,Glioma__enh_2386,train,Glioma/enh_2386.png,Glioma/enh_2386_mask.png,d6d0e9f943b1c656e439b7829a7168d576c294638764450469582e94c36468b9,2713627292764e7c3c70318a1d634fe323cb496b3f15cd7703e2a3241d752764
Glioma__enh_2388,2388,Glioma,Glioma__enh_2388,train,Glioma/enh_2388.png,Glioma/enh_2388_mask.png,a5712713254aa335de9bbe98431954b5717624e095987a2debc2180b6aa13d2b,12186192b0424a88c1bc168720a3cab1177e97b82c2572990d944647b25c8581
Glioma__enh_2389,2389,Glioma,Glioma__enh_2389,train,Glioma/enh_2389.png,Glioma/enh_2389_mask.png,8fab2a8d30269b49e743eb2ee224cedc338c24bcea2733fcbeb3b7714a2fc5e2,16c88091f6031d269eceb2d78e93b73c34e21dc4c776513f497afd7c3551a10a
Glioma__enh_2390,2390,Glioma,Glioma__enh_2390,train,Glioma/enh_2390.png,Glioma/enh_2390_mask.png,4a14508fc14889c5ba7d44c8a5589ecd0647837227a27f6a50c244828788de2f,17bc026d8e9e8989b90effe50150ed91d9e53082892255e1acadc852a3cd5b21
Glioma__enh_2392,2392,Glioma,Glioma__enh_2392,train,Glioma/enh_2392.png,Glioma/enh_2392_mask.png,4fdbc64f4e778442e0ef2ea1d5f5d9ab071166dda943cd84ab66c07b04fa241c,5dec62de0fe9630bb6305c222f50685f855b124e71f3cec4567c1c7ebed9e695
Meningioma__enh_1,1,Meningioma,Meningioma__enh_1,train,Meningioma/enh_1.png,Meningioma/enh_1_mask.png,9054130e7d905abebea438c6c4ccc2bc01ec0c16b28d2c7c5e8419be2e7ff2eb,c6daeee929abb1feb54f580b17ba00cab32640b2b02fe96ee59531d98c16acbf
Meningioma__enh_2,2,Meningioma,Meningioma__enh_2,train,Meningioma/enh_2.png,Meningioma/enh_2_mask.png,4020395ffa8aa3437791c0a902d355e030ad691f6db7d572045a00b75ac0c966,1acdda17cee28c3cf85e38f9697c1268f7d31898c576bad22bc12262dc7614ce
Meningioma__enh_6,6,Meningioma,Meningioma__enh_6,train,Meningioma/enh_6.png,Meningioma/enh_6_mask.png,5576afc42b41dfc30ac3d5db34b9babd4835f9cdcd62a3c0a4b04de4dac8ed04,2b48ab4947a08d9f67183d72b5f59a8508604a9dfee8b2589100f0bd2dc26ae2
Meningioma__enh_7,7,Meningioma,Meningioma__enh_7,train,Meningioma/enh_7.png,Meningioma/enh_7_mask.png,482b47ecf8e30b9eebf3e5e200c51b95ae16ff2c42d823266e433a8a6e561178,538c7d97b91b0cd58e7b9867464cb9475debbb1d84b7a68f0b0be55ff4f0f61e
Meningioma__enh_9,9,Meningioma,Meningioma__enh_9,train,Meningioma/enh_9.png,Meningioma/enh_9_mask.png,b309246673adbc8defce7c4dc7f2bd45b763c10d817dcee76cba402219dcd48c,5ba0152dc194f2e5e7a5d8333aac13f405ed5b5ba13e6073b6495e1c8cf1aa9d
Meningioma__enh_11,11,Meningioma,Meningioma__enh_11,train,Meningioma/enh_11.png,Meningioma/enh_11_mask.png,1a63ee597ba707e1faf5aee36d341bbbf9292949e4637f08d75405f5e430730d,d79db6e77f72ff8bcf91db264b9a7b6206e73ff55034c5cec91eb641da6dc978
Meningioma__enh_12,12,Meningioma,Meningioma__enh_12,train,Meningioma/enh_12.png,Meningioma/enh_12_mask.png,2bd5175f4d2dab7dea130e8bf3374be1f016f8cadcf71da51e88584e57174e32,2fdc80671c3ca305c392f268268c70c3f9969e5b54d6550d8ede4e066cbffc0f
Meningioma__enh_13,13,Meningioma,Meningioma__enh_13,train,Meningioma/enh_13.png,Meningioma/enh_13_mask.png,048bb64da09b8bdd812cf81cc3fbfcbc2588c45b8ce76263d351251943685d02,73ab8b8a954510e8111645dc5cd4fbf423574af7e8e0ca78ba43f0e57df090ca
Meningioma__enh_14,14,Meningioma,Meningioma__enh_14,train,Meningioma/enh_14.png,Meningioma/enh_14_mask.png,6db790312665032812e16423da6e72800edc144afc2339b2c89a50c60b386153,32c63b5936bc2465a0ac54e3e9d248ca57b65db2c6e3e9eb0fa6b600bf0e5677
Meningioma__enh_15,15,Meningioma,Meningioma__enh_15,train,Meningioma/enh_15.png,Meningioma/enh_15_mask.png,c33317abf8a248046a7d5c9730d5e65efeff15d552fb26a8bd0591e1f8509560,14a81ca8ab0602c43b7510bb0a23eed0865c1806608ea0210648a22323f5696a
Meningioma__enh_17,17,Meningioma,Meningioma__enh_17,train,Meningioma/enh_17.png,Meningioma/enh_17_mask.png,2a20386ed2ec707da9fcfe3e53abd87fd5c684f071330e3b7d71eb1e9a3af1c9,b987f609ea56e4b1b7253bdcc86a1bb53c7faa4028b499a318486241d1d886f3
Meningioma__enh_18,18,Meningioma,Meningioma__enh_18,train,Meningioma/enh_18.png,Meningioma/enh_18_mask.png,6b5b3f6a7675bd0d6fe23e5cca27e734127b99c24dc3e0cdd93b00e350c0a03b,a89ba2f54b95cd8366b06be1ea69eab8b081e8826fb411facac7b6102bbec155
Meningioma__enh_20,20,Meningioma,Meningioma__enh_20,train,Meningioma/enh_20.png,Meningioma/enh_20_mask.png,1ed20f42ae7fde22cef563ff0ad82f53ea23943bc42a84fc188d0bd915075e35,fd55891d2dbf15384245b4fa4e77f443a4704878bed2c0ab824262b7f575825b
Meningioma__enh_23,23,Meningioma,Meningioma__enh_23,train,Meningioma/enh_23.png,Meningioma/enh_23_mask.png,1c5c90fd20e7c4faf55dff56734bdb5f8c689878f988c8b6ca5c6114342199dc,8c73e867c7c15ec2f76d588fbbdcbcce8bdd24388001075663f0760fb18036b8
Meningioma__enh_25,25,Meningioma,Meningioma__enh_25,train,Meningioma/enh_25.png,Meningioma/enh_25_mask.png,43159c1fe537b6d71b06af98854e513135db6b8874233dae90f9083d8e95bcc3,a59f901b080a789bdea4344d485557521b59625a2ac9d43aedd33923ed53d2bf
Meningioma__enh_26,26,Meningioma,Meningioma__enh_26,train,Meningioma/enh_26.png,Meningioma/enh_26_mask.png,9ca11848f387cf71eb0270babb999192b4811ac4d807401575bc3cdce30c85d7,0ad337b52ad12dcf03e7bc83a82fa1ac1410e449de2a0f19f9dd80fa102d8682
Meningioma__enh_30,30,Meningioma,Meningioma__enh_30,train,Meningioma/enh_30.png,Meningioma/enh_30_mask.png,58e49625b413623e657895fe0ea5792a0bbad0cd68129e130bbaf2cdbab50fe9,26d7c44a9f2c131317bacd16f3a0a9564680e9e26709b5d5d5f69c2f68dc957e
Meningioma__enh_31,31,Meningioma,Meningioma__enh_31,train,Meningioma/enh_31.png,Meningioma/enh_31_mask.png,b652bcca9584e68d9425ebd63d210271a3811b1a89235e166a80fe5a27582bc6,7eab00a1814af342d34ff1490d642011c171fa95e0d2d5dcaf079308586eb789
Meningioma__enh_32,32,Meningioma,Meningioma__enh_32,train,Meningioma/enh_32.png,Meningioma/enh_32_mask.png,cd5c84c01fc6480a38fac0cdbbabad3ff77d8f275c35f09402fb5046b31e6006,6dfeb3e3612f3ad1ee026fe564e6ec09636737edd797aaf68658456ad5a8b559
Meningioma__enh_33,33,Meningioma,Meningioma__enh_33,train,Meningioma/enh_33.png,Meningioma/enh_33_mask.png,1dfae85d1f574d5616a3fa2ce5c1a3f69d3f79e1fb0e40f56352e77dc9a0fcdd,a88cb72e776d31c6b6428791e73d6be8bb4792f08f7412f6b633831e72e7825d
Meningioma__enh_34,34,Meningioma,Meningioma__enh_34,train,Meningioma/enh_34.png,Meningioma/enh_34_mask.png,6e525fe63e5ebd23354b04af88fc8662dbfb058b2470afc820494e454549c7ac,5ad5930a15fe5172b791973ca683228d7053c63e41dadac023644d02ceadb7e9
Meningioma__enh_35,35,Meningioma,Meningioma__enh_35,train,Meningioma/enh_35.png,Meningioma/enh_35_mask.png,64e9679b841b978d4f685e242d66c052d29939c2695415b1c433aa65989de8ab,9ddda2167d33d257ff20c41ee450415533a175d02f413c1d0194de731ddd1e5e
Meningioma__enh_36,36,Meningioma,Meningioma__enh_36,train,Meningioma/enh_36.png,Meningioma/enh_36_mask.png,a79e2ba5304e1f6a20a174b593a8695a4e5310e964de520bffc1a6c2b3731bd7,5c6426e80b268880d5067a858ca9b0f67cc485403f25a49631014c10a76b1eed
Meningioma__enh_38,38,Meningioma,Meningioma__enh_38,train,Meningioma/enh_38.png,Meningioma/enh_38_mask.png,68da7120e0ea45e2a6c57c58f4a37fa67bd3ae384551422cd0fdd765b9eea429,75ae8c3272179002a41cac1fbd1aeb6d77ddc8fa7bc950c530fd5b4747077e2e
Meningioma__enh_39,39,Meningioma,Meningioma__enh_39,train,Meningioma/enh_39.png,Meningioma/enh_39_mask.png,05df7982921f3817c41a2a8968431930f8770df6926c9bbf0595a28b07c2d270,eb26bf977b43022fa383d052e8873ef41a4939045d84736f12941a958a20e506
Meningioma__enh_41,41,Meningioma,Meningioma__enh_41,train,Meningioma/enh_41.png,Meningioma/enh_41_mask.png,4839ae39177b02f4f78c7c0d685dcfb2830087f5f61ed27fe706bb8ec9f41897,3b548688d11f29d5713d538f78298f4c39a6525caae98fe72a0ceceea1b9ccc4
Meningioma__enh_42,42,Meningioma,Meningioma__enh_42,train,Meningioma/enh_42.png,Meningioma/enh_42_mask.png,e28bb0493405624ca6779d76827dabe0850972f8cd1507301c600661b156235c,614626c0e56008e8ed6043e4e00f760f2d5b539043a144a3d9ea8ee719d14569
Meningioma__enh_43,43,Meningioma,Meningioma__enh_43,train,Meningioma/enh_43.png,Meningioma/enh_43_mask.png,fb1de2896d50a57b4a44a0b1f0c067c542e5fef468ff2307dc42edc8f02403db,a416c78e4edce7b177a9af2dbc6ecfda312167500cdac97289dcc712bb50eabc
Meningioma__enh_46,46,Meningioma,Meningioma__enh_46,train,Meningioma/enh_46.png,Meningioma/enh_46_mask.png,aa73443cfb82a49d18de46b80998d75b07a1f7c8c61792575b4808de7fe5209f,2fe6f21a658788fd60cf9fd7394b5fc26e7da1ac3cfea3d316fe7cc7f5f1edaf
Meningioma__enh_47,47,Meningioma,Meningioma__enh_47,train,Meningioma/enh_47.png,Meningioma/enh_47_mask.png,39bcabfa115ac414a8669994db25b00744d413513a7f7727b8f83ec6d832e329,d472a8b8a20813748900d9fac2a8507b5c803dd3cbad0e4c821fb584711c5b84
Meningioma__enh_49,49,Meningioma,Meningioma__enh_49,train,Meningioma/enh_49.png,Meningioma/enh_49_mask.png,299d712c980974d5f896b65f0925f70c95f8ef875b202d9ee179d9aeacd634a4,167cc27e8ce8010a485a03083a38b3fe2098f6d1e474d5a6ebc67b2d8a756128
Meningioma__enh_50,50,Meningioma,Meningioma__enh_50,train,Meningioma/enh_50.png,Meningioma/enh_50_mask.png,764aec815777e5543afddfab5336e7c2ad99a5f9260065f97607102b8b2d6e30,f625cdd29586d6ba9536711aeaad0ef560c6723f47e13ea4671c92052de854f3
Meningioma__enh_52,52,Meningioma,Meningioma__enh_52,train,Meningioma/enh_52.png,Meningioma/enh_52_mask.png,1653cd3f0e3ca87350b07187a950b0c0e13ca737441236b5ca91b39cf3241787,93213aa4b1c2de11623857a64c5e95c58d3992ac0f8d06e2a67b1c885ebf6fe0
Meningioma__enh_53,53,Meningioma,Meningioma__enh_53,train,Meningioma/enh_53.png,Meningioma/enh_53_mask.png,eff749738f2c49827184dd2d5b6aa99d2dc269f887cd5f6b486288b4afb0de82,b8ca20dd84d957ae060022459e86088c03810dfb409ef4a1ca52390c1e82812f
Meningioma__enh_54,54,Meningioma,Meningioma__enh_54,train,Meningioma/enh_54.png,Meningioma/enh_54_mask.png,f098bf73ac36922173cc5161ce94f1e894960598acf7e829a4fd49b26789b762,8c27ccf0fb2d756eb04f265334e9f4cfaeb026f76980159ed79617f11078bf7e
Meningioma__enh_57,57,Meningioma,Meningioma__enh_57,train,Meningioma/enh_57.png,Meningioma/enh_57_mask.png,15fcbae63080e71dcaacf78f5b27665ccaf2da4298042c07e1cf10ab79f566f2,6df6b7e93c8e3ff69ad1a1578ada17279d7e06359cb79c75248ba199dd1fe859
Meningioma__enh_58,58,Meningioma,Meningioma__enh_58,train,Meningioma/enh_58.png,Meningioma/enh_58_mask.png,f6587cf1f062b672198f934a5d1790a28846a7ad57c871b3c669012f53b76fba,fb300c4b0c8b9c9ef78a91709556649c8054736682e25da269db13a07d71a3af
Meningioma__enh_60,60,Meningioma,Meningioma__enh_60,train,Meningioma/enh_60.png,Meningioma/enh_60_mask.png,4554363efcabbc6a18628ccf7d6f5aaefa44a86fe5109438facc9530b1b0891e,02aa3391a6a4f7b191af195d2009145df4efa3534a396f63227d8b33a86f86b7
Meningioma__enh_62,62,Meningioma,Meningioma__enh_62,train,Meningioma/enh_62.png,Meningioma/enh_62_mask.png,5b03217067dc87dd5727820b5a12ac66d7a42f69fcbe3bec6f63069b813f3b3b,a8e8f8bad28146f7bef3b166232faa766606f801b3f35618f337cc4fdd4a420c
Meningioma__enh_63,63,Meningioma,Meningioma__enh_63,train,Meningioma/enh_63.png,Meningioma/enh_63_mask.png,9773d1ed39e6b1519bbc1de40e05402b56b47c3db6b59d608dcccdd21e5d6cc5,f29c9de26860401b7a958a840579bea63acabdc8aef06874bf5ac41aedc23954
Meningioma__enh_64,64,Meningioma,Meningioma__enh_64,train,Meningioma/enh_64.png,Meningioma/enh_64_mask.png,2d759b2a7748cea5af58136890cd5a85f864f0f698e2866acf33702fcc46b272,1d36f6980d099e2b0c846b6ed36e57d1628e7c95a4b9197b52276826e139eff6
Meningioma__enh_66,66,Meningioma,Meningioma__enh_66,train,Meningioma/enh_66.png,Meningioma/enh_66_mask.png,bcf9d58c71a1121a88d55fc0fa831553915fea7c7fddd4aaa2584a86c1067101,cc31e312e9072cafe27fd9efe0e0a85a2c4e295275f4ecbf28c1832961915d45
Meningioma__enh_67,67,Meningioma,Meningioma__enh_67,train,Meningioma/enh_67.png,Meningioma/enh_67_mask.png,30696b0faa2b5d2ef43a4849071eae5c45e87ec4d6d39cc3950ebf9f8ac8a884,4616e8cb44e4b67c5eb97fc9649c0d611c7852bb1846549cfbd651e41d2cd980
Meningioma__enh_69,69,Meningioma,Meningioma__enh_69,train,Meningioma/enh_69.png,Meningioma/enh_69_mask.png,d8910b21c0458de66f8f64d227272e49b844f696f32ab36ecc69c033792a3ba2,3d9563649bbe26f97fc015da6315a5fa48b13e821dd7acf8bcf50d9c3fad5405
Meningioma__enh_71,71,Meningioma,Meningioma__enh_71,train,Meningioma/enh_71.png,Meningioma/enh_71_mask.png,1bf4b03c58ee8e76bae45de9af9ad43434c167d5a27d7f8b7e31e944025579ee,3c5314b55e831271eaead2cdc6f98b2db7db2f240c74b9f52ff2c7c2aa65b329
Meningioma__enh_75,75,Meningioma,Meningioma__enh_75,train,Meningioma/enh_75.png,Meningioma/enh_75_mask.png,576f56c7902e9955793aa59509dc3ec131573a44134926241f04b4bc8710e9a0,a75b797616f515c113bcd65b34592a372a99a46fcc0cabaa63e21791864c23ca
Meningioma__enh_76,76,Meningioma,Meningioma__enh_76,train,Meningioma/enh_76.png,Meningioma/enh_76_mask.png,862a5e5165ec29d43ca57c64f2d65cfec73986e8c674b7e4a11e2483d388dc64,c50f8bd1e2f03a57b30ae086149692e4b7f1ae502514559a1ec7b5e4be866e4f
Meningioma__enh_78,78,Meningioma,Meningioma__enh_78,train,Meningioma/enh_78.png,Meningioma/enh_78_mask.png,a9fc8728fc960933c684af575b65934857a4b296184b6529d8f229925f2f2ad2,b34370a0db2668bdd6a05c980c9c1b74178dc602eeea6f19f3a1077bb746e4b4
Meningioma__enh_79,79,Meningioma,Meningioma__enh_79,train,Meningioma/enh_79.png,Meningioma/enh_79_mask.png,00b9bbe21f2f1eacc8bed25faf364ed3795348026581313c5d190deb8a63269b,067c3215a400f7f24e1211a54b5e6198a2dc41bf07fe8f1461bc3aacd1386681
Meningioma__enh_80,80,Meningioma,Meningioma__enh_80,train,Meningioma/enh_80.png,Meningioma/enh_80_mask.png,9b085f02f6e713ce796874d7e863442f994e9158062057ac967b8420320af2d9,c51c763f10d3be92f5070aee287be4fe8b996feeec6dc330530ca4b356098c10
Meningioma__enh_81,81,Meningioma,Meningioma__enh_81,train,Meningioma/enh_81.png,Meningioma/enh_81_mask.png,0151c688b9f1c6c5b786a8938c7bd3e3338a47996f1686399c8c2fca5b9b522b,a4ba692f09d35ad8c10d9726d4830bc3440cf296bcf027cff41fdbecb82bafd3
Meningioma__enh_83,83,Meningioma,Meningioma__enh_83,train,Meningioma/enh_83.png,Meningioma/enh_83_mask.png,9d8c2a440d59afe449b1e616f8270941afe8e4f653d3d876c629b8e816920ceb,ff9246531c795e13accb6874545195d907224d4eeb9adc1af7f56e87538476cf
Meningioma__enh_84,84,Meningioma,Meningioma__enh_84,train,Meningioma/enh_84.png,Meningioma/enh_84_mask.png,1178e995747e3abc8ef72141619a9bc6e035c06cb28430d19fcbbb00b47ec0be,b9b94ed207e5cbf3bcda71eb637d4d04a5eda0e71bd17edfff0dfd815d818248
Meningioma__enh_85,85,Meningioma,Meningioma__enh_85,train,Meningioma/enh_85.png,Meningioma/enh_85_mask.png,1c8aebe04b6eab07a43411876d0eb0ed6b7e4ec0f7a7ca3f531d75421134353e,d1f83046a5f15e68cf69e56857424a86fe53405c1a0277fbc79c69bfdd4f0ac4
Meningioma__enh_86,86,Meningioma,Meningioma__enh_86,train,Meningioma/enh_86.png,Meningioma/enh_86_mask.png,5bf4f817fe8a8bbdd7df4e14acdd6bea9cd46cbea6ecfa46d2eeae0e0c09465a,0b58a5351039e0b98fb16ea747abeb53443cad96140856d444aecec01982b2f0
Meningioma__enh_88,88,Meningioma,Meningioma__enh_88,train,Meningioma/enh_88.png,Meningioma/enh_88_mask.png,3e9838173d2a345618f99dbc40131f98dbd919d6cee5a729bee2d5f90aae59ab,fa0bd4f960ce0880e46c096e6f79e02109a45e31ce17239a8a857155c9dd22bb
Meningioma__enh_89,89,Meningioma,Meningioma__enh_89,train,Meningioma/enh_89.png,Meningioma/enh_89_mask.png,26fc14df564a8de199b5f440b72ed20143f0988b7f330103755c847ce2981bb5,1e9137c51b1b8a52c871812e86f28e254206ecfe8bafd6e021435ac8b87b167b
Meningioma__enh_91,91,Meningioma,Meningioma__enh_91,train,Meningioma/enh_91.png,Meningioma/enh_91_mask.png,846c5af6cbf8a124bf00096a71bc42316f87fb7dcecf1ce29c45acde8df71dfb,4505bc9717fcfe7a170814b3ff37025722cd4abacdae4cff20104cbb64d36ed3
Meningioma__enh_94,94,Meningioma,Meningioma__enh_94,train,Meningioma/enh_94.png,Meningioma/enh_94_mask.png,f4e0fcecced98afc188bff8627e68005c829dfd05ea4bcc63b904b2bd646967e,8fdb1039c8a52daf5c76281f99e304198a6ad371d4b6ed4363e984e7835b832e
Meningioma__enh_95,95,Meningioma,Meningioma__enh_95,train,Meningioma/enh_95.png,Meningioma/enh_95_mask.png,94487f3436a939f8fd73d6579c85c9af46fda1e671b882234e96336d28953fd7,f9709941bccec06a30c53dece2b2de8b2b04cbcc43ae55dc3c45b3912a77aa24
Meningioma__enh_96,96,Meningioma,Meningioma__enh_96,train,Meningioma/enh_96.png,Meningioma/enh_96_mask.png,032fa7b6306aa509add480cfd833e3f69768d8106a64e47b6dc581b48ce69798,1cc71a23daeae2a11f34af33d39e41246f5eb17c209cd89d04e303ee76d43d47
Meningioma__enh_97,97,Meningioma,Meningioma__enh_97,train,Meningioma/enh_97.png,Meningioma/enh_97_mask.png,7bc6a102bb8aede29769115a6de3b1bbfd37b7519cb06855c2013c15b01b8500,4b56dbe179f3d1645f539a31f5fc1471cc974096ef6fe0f95d8a40ed5173372f
Meningioma__enh_98,98,Meningioma,Meningioma__enh_98,train,Meningioma/enh_98.png,Meningioma/enh_98_mask.png,efa9dc11d80ade5a2d9e780279c236ccf03832b8a913a6e04cadacea98a0c0d5,6096a0e56c617cab9f204d65bcf49a18d16287a800c39444f1ad49823001b8ac
Meningioma__enh_99,99,Meningioma,Meningioma__enh_99,train,Meningioma/enh_99.png,Meningioma/enh_99_mask.png,80fb4a9c8e8aae70e40201ad18f9970d278b9a1a73d0b3a892a0c5de287826b1,76c8be3d8f0e61ebdbfe22cccfaabde1a2ba330a52b0890a33f135af517d7056
Meningioma__enh_100,100,Meningioma,Meningioma__enh_100,train,Meningioma/enh_100.png,Meningioma/enh_100_mask.png,8a4da5eb66689fc6394ea4d0be829a9c1f49603dadb2138d1fdec32a384d1c95,e019e6e1145763203b61aa1ebed01b6b87ffcb73ad373a7c87968799c4d4f8ad
Meningioma__enh_101,101,Meningioma,Meningioma__enh_101,train,Meningioma/enh_101.png,Meningioma/enh_101_mask.png,2f2653e560d646a098306d69f6a05b8d8b76e9d8745bac3e4ba18a4efd4fdcd4,15175c97e1a066eb2dc46b2db6f93dd6f6729383e5f030270ec2467db3a8cc03
Meningioma__enh_102,102,Meningioma,Meningioma__enh_102,train,Meningioma/enh_102.png,Meningioma/enh_102_mask.png,a8b3dba46c1ce32c833bb962bf4bc93375e5bf65a3026e3d7f7324c571c0c843,d3d1b25fd633fff5ce01ad0d8b9bebd2c4f3eb80b71f92f023bccea5f2828441
Meningioma__enh_103,103,Meningioma,Meningioma__enh_103,train,Meningioma/enh_103.png,Meningioma/enh_103_mask.png,40b76ef37bed6d9205ebf365aabfc03cd23ab4a084e7b3c8b666f8d0d27f9a1d,2af569761f68a853de5f7e1902507ad0f51d3d8f64c6330f551979a95d0d8ef4
Meningioma__enh_104,104,Meningioma,Meningioma__enh_104,train,Meningioma/enh_104.png,Meningioma/enh_104_mask.png,5638fa82b5405487a4599087f076c98ae6a2f33910b2372817c72934734b71a0,d1c876da6299f6b58d6b3788a381d4c214695665e4cf79aeadccefdae4b3be89
Meningioma__enh_105,105,Meningioma,Meningioma__enh_105,train,Meningioma/enh_105.png,Meningioma/enh_105_mask.png,4771f129ec62ff48b3cfa7db768cbd5d602bfbb7470c2205c7c80fb2a25ae970,603a456ab2f13cf41b38634f7937e950a908813cbeffded751ad5eb5a779eb6e
Meningioma__enh_106,106,Meningioma,Meningioma__enh_106,train,Meningioma/enh_106.png,Meningioma/enh_106_mask.png,e0f1ab73f381315214b588e65bfab031390eb614d5dce9965947493cf349e76e,7f2b1479b6a171d2b1fa32b8f6ef2efd33135474a27fa00ce7a5caac55521049
Meningioma__enh_109,109,Meningioma,Meningioma__enh_109,train,Meningioma/enh_109.png,Meningioma/enh_109_mask.png,b834e1a94e319d4822aa15ff04bee199bde847a0f1fb34f816c9213ec109e678,b467af44501808d757bcf6c7e8aa8bfae5b9c0211ff59e38db0e15d89d8f0e5d
Meningioma__enh_110,110,Meningioma,Meningioma__enh_110,train,Meningioma/enh_110.png,Meningioma/enh_110_mask.png,800e021de53bb8a6282dfca5613f96eab387b5b487eb2d47df95c15917f62048,683b97535a212a29bdedbe66dc13b13f47f451737a101125eb434a8af83aa625
Meningioma__enh_111,111,Meningioma,Meningioma__enh_111,train,Meningioma/enh_111.png,Meningioma/enh_111_mask.png,f2166e9356acebbfb4b9f4fb35fa984c4d27de149b2aa842f0a536547f6f759f,086c8c943a330fd31e2124084eca4e09844c8fd9a286b8966c383e9f06b46e15
Meningioma__enh_112,112,Meningioma,Meningioma__enh_112,train,Meningioma/enh_112.png,Meningioma/enh_112_mask.png,b22a897d1799614ad29320cd56c74d15c83f482ebd9f9f8597c28bdb26d4b1bb,c3e838eb0f2d7f334a5af0a104eb33244649704aea5601525be8acf0c7df3628
Meningioma__enh_113,113,Meningioma,Meningioma__enh_113,train,Meningioma/enh_113.png,Meningioma/enh_113_mask.png,1b70ba1575b0d0edd92233a172568c4e3c73d55fadfebe1e6d352e7aee796713,dd67437cf0e51396e9ddd623470d0c7d95013109520d17c0bcebf853d66df176
Meningioma__enh_115,115,Meningioma,Meningioma__enh_115,train,Meningioma/enh_115.png,Meningioma/enh_115_mask.png,49a45215dca6ebd15537dc5ed6861a4e0052b942f33f2720e16f3079921468c7,b0bed01d4f7394ed6132b770d356ca81ecaccd78652c6ce14027fb9b466edd35
Meningioma__enh_116,116,Meningioma,Meningioma__enh_116,train,Meningioma/enh_116.png,Meningioma/enh_116_mask.png,6002fbc8dc5077e7ab0fa4e5cb888ae976b964abd65a3cea87d4b4b8d92a2328,a10ae5e1eac41287c81135629abfaee218a50ea8ac57f395cdb7748ac779e0d9
Meningioma__enh_117,117,Meningioma,Meningioma__enh_117,train,Meningioma/enh_117.png,Meningioma/enh_117_mask.png,0efbdbd40fd0cb8bceb05a78fe997aad8609c53ef2d0bf54b3ff67fe13ce2505,dd7ca9a803523784ded35dfbe76ca006710f6ca4a233ac6e223a8ad6159b2be5
Meningioma__enh_119,119,Meningioma,Meningioma__enh_119,train,Meningioma/enh_119.png,Meningioma/enh_119_mask.png,eaf7c6fc512de38d30ae2fd56e6b782817c54801f490813f05f850df0bc02d3c,e16d5688a8c1daba7424de0a34c78ef4539b5a690353045765901cbfae72c58b
Meningioma__enh_121,121,Meningioma,Meningioma__enh_121,train,Meningioma/enh_121.png,Meningioma/enh_121_mask.png,cf46bc65f6d4fd9ddc65b021f3fe5642afdfb4840650fa53229cba04a735778f,5689e8c2dff69c752dff9955e3450c097dc9eaddb2638402465cddeed9cd33da
Meningioma__enh_122,122,Meningioma,Meningioma__enh_122,train,Meningioma/enh_122.png,Meningioma/enh_122_mask.png,acac3041685705260fad26075571723b7130a579d4cacfaf1804856a0300fb33,24f98d04a9096bed203d8414fe6cdf37c006ae24de459ec67a8b38c59254c577
Meningioma__enh_123,123,Meningioma,Meningioma__enh_123,train,Meningioma/enh_123.png,Meningioma/enh_123_mask.png,30f1e67447f8e5e87e090cb8d6a7a6c57922fc2c76179e334b7d607dca843ac9,2ff1362081c09549f4d5949c11db2eef732e55799b85edbc168c3748de6f5473
Meningioma__enh_125,125,Meningioma,Meningioma__enh_125,train,Meningioma/enh_125.png,Meningioma/enh_125_mask.png,c7136d4c215f9fb4b730cde279b59c7b67db3239bae0dffdaab728448202d07b,e1243bdcc415934fa4ad57b32320bef2f03836987c1f4381b5e89b1542c6fd3a
Meningioma__enh_126,126,Meningioma,Meningioma__enh_126,train,Meningioma/enh_126.png,Meningioma/enh_126_mask.png,7d59233368d9a122b4b6b4a95a135fa190f7403acb2e214774a1f0836d7e0354,b245835cee3187a48c8b2b13e4254e23a4fee391e66e9c8239eb232a162b2f06
Meningioma__enh_127,127,Meningioma,Meningioma__enh_127,train,Meningioma/enh_127.png,Meningioma/enh_127_mask.png,15e2ff56252f94b8eb26bf0a37cf87ea7c09f6821434e1c66110b1b465c8a5d6,f0efe194191f7b51d1f2359d67620930a608a74a6358b36fd43d8ef1d2dc1ce9
Meningioma__enh_129,129,Meningioma,Meningioma__enh_129,train,Meningioma/enh_129.png,Meningioma/enh_129_mask.png,d48444fd2c089a0eee940672c29101eac468550d13e8bc71b4a6e081613e69c8,9e726b12528df5584c9d77b436c8dd60c7fb05ce4f60f5bf21f88db537f69da1
Meningioma__enh_130,130,Meningioma,Meningioma__enh_130,train,Meningioma/enh_130.png,Meningioma/enh_130_mask.png,09254160891b09b01ea4dc6b8e1a1bfb6214a82bac9f820318ba7aa39d40cf64,1411d847e159d994860fa211e11e2c577cb422588eedfde3d880189baf27131d
Meningioma__enh_131,131,Meningioma,Meningioma__enh_131,train,Meningioma/enh_131.png,Meningioma/enh_131_mask.png,c3c3e7419b3f68e613e1b673c06d0bd38579fa830a5ca6a212700789b4df9cff,e4955611cf4466443e447ea644de6bee2601a4fa58d5f3faafda6a12b9aa6241
Meningioma__enh_132,132,Meningioma,Meningioma__enh_132,train,Meningioma/enh_132.png,Meningioma/enh_132_mask.png,e1f917d4e1fc874b8828719f991d93faa1c0c6ef11bba38ce8c0fcac5cf7d4b9,022d072d0d93d2dca639110b36042f3916e0473c7fa90fa70584921a56a35e46
Meningioma__enh_133,133,Meningioma,Meningioma__enh_133,train,Meningioma/enh_133.png,Meningioma/enh_133_mask.png,06653cb41f6bac9e60f379fe068c0059e3c0f8b4d5ffff52dbb38a48758cac53,626b3f83677285b08fa0f55faeddb51793eec108354d6778b7d2e7d995da2435
Meningioma__enh_134,134,Meningioma,Meningioma__enh_134,train,Meningioma/enh_134.png,Meningioma/enh_134_mask.png,944ffe1cbff0e1ebd5d463fa327c4429f94458e0b590208c3d721a17eab79dbb,e67e703c014450f20b7421166337824717946ce6f1bf6a97cc7ac98c2962ed77
Meningioma__enh_135,135,Meningioma,Meningioma__enh_135,train,Meningioma/enh_135.png,Meningioma/enh_135_mask.png,85a946943cb41a58dbc533f6bc718ddeb009fd9a2499997f6013535bb43f60ba,5f9e79ed281af45e141b938f0cf59d35fb55779def36d0e6d2bb99f2399d7045
Meningioma__enh_138,138,Meningioma,Meningioma__enh_138,train,Meningioma/enh_138.png,Meningioma/enh_138_mask.png,5aab07168ad2cd2d8130417f16c8323266dda5b26b37bfd179a89b2c2837012a,2eacbc91e0c619ac9cee61def520840fb37cee98336d07ce62b2896bfd83d3cd
Meningioma__enh_139,139,Meningioma,Meningioma__enh_139,train,Meningioma/enh_139.png,Meningioma/enh_139_mask.png,a8ecbf82746c641d7db0a019f1d63e469536226c69623b8183b5cc4144d850e0,c5e21e0d1e5d42b2dd52a538427aee437b5ef696586a92f931c034f010ac1be4
Meningioma__enh_140,140,Meningioma,Meningioma__enh_140,train,Meningioma/enh_140.png,Meningioma/enh_140_mask.png,b5731ae314a882f02739311219b9bcad594c130fcf34a53385462fa446b5ee42,0b4112f39d17c50bf8d779c96e20beb34fc0faed15d33b41516e089a3322ad41
Meningioma__enh_141,141,Meningioma,Meningioma__enh_141,train,Meningioma/enh_141.png,Meningioma/enh_141_mask.png,b31c6d4a4d7712191848e8b414a68b964909b0df18043dd28aa15d7b563bf202,2d73e445e0c4e58075833f9eba44b6ddb644603e6e025f38eaf02a7ae30f5ba7
Meningioma__enh_142,142,Meningioma,Meningioma__enh_142,train,Meningioma/enh_142.png,Meningioma/enh_142_mask.png,c4787f7618641b2096639a4d24b5bcb321865c09e4db82b1cbf5fe48972baff8,e0fda484701bd1087942ec00bbf474a58d0e55e9b7c83de51ff3b4e24ad013f9
Meningioma__enh_144,144,Meningioma,Meningioma__enh_144,train,Meningioma/enh_144.png,Meningioma/enh_144_mask.png,12a9afe8e26e5ee6ab2ba524512d15ab5e355bb8f563a876a6d416e632b076b3,0952ef2cec7beca9e2e5d2389e0fca386aeccaec8feca3432a570f8ce7375fff
Meningioma__enh_145,145,Meningioma,Meningioma__enh_145,train,Meningioma/enh_145.png,Meningioma/enh_145_mask.png,271c426baf45cc5b504ef0548e47055fdec0df0f52fed3b127ec3624a24f1da3,bdc5d6ef1ab52733208dc7aea1f06d71ed3b501ef4a43039f74053d7cd173096
Meningioma__enh_146,146,Meningioma,Meningioma__enh_146,train,Meningioma/enh_146.png,Meningioma/enh_146_mask.png,11444ac474cc547aa6bd4beed93b8cdd9b8c666eef81c57d3286071efd314362,456df2adcc47ee44aad856454ac62f05b228e40b9162a0767f3ae9ea13112afd
Meningioma__enh_147,147,Meningioma,Meningioma__enh_147,train,Meningioma/enh_147.png,Meningioma/enh_147_mask.png,0c85c60dd9115ad05ff08acc19b0240448b6b864cd0ba218feff78bf04dcb72b,ce2042810aa42c9b4eda4254696b4f5416927ea1d9c2366e93cf2713bdd14cb6
Meningioma__enh_148,148,Meningioma,Meningioma__enh_148,train,Meningioma/enh_148.png,Meningioma/enh_148_mask.png,147de9013ff5e54fdaa6dfa918988ff215d38b16669e7a58cdda7088e8d67f1a,c617b36fd4005bfe2d7129fc068cd729a978e219dee2faefd3c1907e1846cacc
Meningioma__enh_149,149,Meningioma,Meningioma__enh_149,train,Meningioma/enh_149.png,Meningioma/enh_149_mask.png,4fa8e07a62b7366426cdb576ed3a1de4278bf071528b0c64bc16f09dd05148ba,b4fb8a246cd35b859621c6edd96dc50ed81f00c3def711de5877f1458eece11b
Meningioma__enh_150,150,Meningioma,Meningioma__enh_150,train,Meningioma/enh_150.png,Meningioma/enh_150_mask.png,ee7db8e46bad1aa8db207e8f40ea3d8ce7454ce88889d72aaba91d8315cf98dd,045ceeb2704251475618f82730e18092b44a27db63df1278d1a64f95d52d9724
Meningioma__enh_151,151,Meningioma,Meningioma__enh_151,train,Meningioma/enh_151.png,Meningioma/enh_151_mask.png,d6ad3dbb9528d8d597fe69f8d33743cbc9e9cceb5678565673f7891b0843e86f,7a50e9a5b967a70206ced81189c897c272f17b84cacf773ce2b5d37ebc98ac09
Meningioma__enh_152,152,Meningioma,Meningioma__enh_152,train,Meningioma/enh_152.png,Meningioma/enh_152_mask.png,d0833281ac5f9370be9c3693ac0f2544960aada1f16007efd565a5abfa01fad5,51ebf964dc66f109947e89d10fff5cb5e289282db90abbb54836f13afc4e25d1
Meningioma__enh_153,153,Meningioma,Meningioma__enh_153,train,Meningioma/enh_153.png,Meningioma/enh_153_mask.png,3816e9e7025dd6fd019957bd0bd7be6226f18a8e457bf2f4fa97fee18306dd64,7d73a1c2ade3077b32823e3ba1981c978fabaea7cb4c83a481de4b42cb90e218
Meningioma__enh_156,156,Meningioma,Meningioma__enh_156,train,Meningioma/enh_156.png,Meningioma/enh_156_mask.png,ee291129731e69b86e91534c5978d245a67e0591835ca3007f319683bb4b7426,2ef51d307d8d39416e90a316e86bd9dc9a88fd996c559ea0f35c64e16625da50
Meningioma__enh_157,157,Meningioma,Meningioma__enh_157,train,Meningioma/enh_157.png,Meningioma/enh_157_mask.png,21d6e79d9a9c71274d7ae4a6f1acca1779424686445078018efb2234e1343059,c570b20829da672bd036ea0a057b53ed3923219f199f4d20f9ad66d81f0d1bce
Meningioma__enh_158,158,Meningioma,Meningioma__enh_158,train,Meningioma/enh_158.png,Meningioma/enh_158_mask.png,d130514758e93b4bb89af03fafb9750482150ecc9354ae34a9a40057a3559edc,c1de5b511dcc49458f18230cb0d14ea630f90c0ff47da5be5e6f35be57ba5ab1
Meningioma__enh_159,159,Meningioma,Meningioma__enh_159,train,Meningioma/enh_159.png,Meningioma/enh_159_mask.png,1ff7e6d1f62002e3adfd2dd6868c549a3a4eb7f7afbecdfc6d50cda4dfd4d33f,fa9aefb3d8a13e963850a369180934afb459837ea5e0c011a069ffb6c36e0925
Meningioma__enh_161,161,Meningioma,Meningioma__enh_161,train,Meningioma/enh_161.png,Meningioma/enh_161_mask.png,eed5f2d2ebab8f21e0c50ee95f7e090075a90ce3cb64be6722feb0ba4926e623,441e0185af32f6c9cfd3ab1d80a1d1f331c20b04aa0624f070c8e61cf6bd9222
Meningioma__enh_162,162,Meningioma,Meningioma__enh_162,train,Meningioma/enh_162.png,Meningioma/enh_162_mask.png,fcf80de75988926dde3641d898be3c0da657873b45c328b2ba1c928139ef45b1,74925bf0959abd009221b43e947cfc2ca7bba64953a48a15d094984bb98fa89d
Meningioma__enh_163,163,Meningioma,Meningioma__enh_163,train,Meningioma/enh_163.png,Meningioma/enh_163_mask.png,e95b2582e0ef9e3b27bdc6baccaf0880dc9d6dc5354d240866c58ecc43a2bcca,c578d6dd9203b8481e7361c35acb3bcee496b428eb375bb18867dca204bce315
Meningioma__enh_164,164,Meningioma,Meningioma__enh_164,train,Meningioma/enh_164.png,Meningioma/enh_164_mask.png,881a78c42182fcc452fd567682456e2eee464bf2d6e63183497b21fbe934f04b,b04f2a8c65324777075ab43278ac4db4008f98054b97aa089d9cf54e55471e6d
Meningioma__enh_165,165,Meningioma,Meningioma__enh_165,train,Meningioma/enh_165.png,Meningioma/enh_165_mask.png,5bef72662551903127327201b290635ec240b92c7df8827c04f197414c4b7474,4c000485315eaba2e5cdd5852adb856cec1af53fd3f180d327633f7a2275fad4
Meningioma__enh_166,166,Meningioma,Meningioma__enh_166,train,Meningioma/enh_166.png,Meningioma/enh_166_mask.png,293df2c2093a989774af42370e2c10574799727bece8f637d79fbec133d37635,062fb09f1ba0467d7b9c052d11f56f6c763ec1fe39ffefb92d78ea86f0988bc7
Meningioma__enh_167,167,Meningioma,Meningioma__enh_167,train,Meningioma/enh_167.png,Meningioma/enh_167_mask.png,47b2b669ce95b255a3635d98a178ff036136f4d0d13d2edc42bf3305f9db22c0,9a0fc0a50bf975acdc02cfa1ab104b0a0f67cb18ba164f67fb9939153852fbae
Meningioma__enh_168,168,Meningioma,Meningioma__enh_168,train,Meningioma/enh_168.png,Meningioma/enh_168_mask.png,89aa1838459dd3010beb22df8c9e4d262b53537703abff54a06c66b05419673c,fda99a08e13245c238a335db64b642da3fbe2a20721a526354b3fd46bd13acf2
Meningioma__enh_169,169,Meningioma,Meningioma__enh_169,train,Meningioma/enh_169.png,Meningioma/enh_169_mask.png,7164c1d82e24f35891504581c70eeccba02d03464ad5a01350b073a8b338ea27,d57595b2d94818e7998e1999970caa06984f1cc8cf9aa249ca6423c6ad564319
Meningioma__enh_171,171,Meningioma,Meningioma__enh_171,train,Meningioma/enh_171.png,Meningioma/enh_171_mask.png,92c505f6d4236da77c2675a0fa8ea4735e5838dabc117952a1eb714b87cc19bb,ed776bd8e1898f6e6b74e12e7310b40130e3ccf055d44c7d5c95c0fdf82aaa88
Meningioma__enh_173,173,Meningioma,Meningioma__enh_173,train,Meningioma/enh_173.png,Meningioma/enh_173_mask.png,733c46742f306fb80343296e9547608b34d69432a353041c4f64b5911d839180,42ead73bc985e70dacd1df258077334a23b203f064ec4ba5e6f03338ca643d86
Meningioma__enh_174,174,Meningioma,Meningioma__enh_174,train,Meningioma/enh_174.png,Meningioma/enh_174_mask.png,c6674a1b04933a08be58b04c4d7daf5acff05914cf3e2d4a811a3dd6bab28bf2,4bb526eef4f665d36d78a2b698c83bb0efa941afcb18d40eb1090494068fbdea
Meningioma__enh_177,177,Meningioma,Meningioma__enh_177,train,Meningioma/enh_177.png,Meningioma/enh_177_mask.png,1c79d0d01254176278ab8732d263afc7958e94c74a92396344113b047a10ea8d,aa26588fbdf15f24382206107feb3f0b22e705beae25ce8db6137b3fbcfbc5c2
Meningioma__enh_179,179,Meningioma,Meningioma__enh_179,train,Meningioma/enh_179.png,Meningioma/enh_179_mask.png,2a80396aebf79a3dcb982f4b7a97c5d7335dd750983b3354fd19ed6914d4a94e,c2d10d7891da0f6df2018c6669fde9df3b39356e76c7f9ebdc8dc359398eab82
Meningioma__enh_180,180,Meningioma,Meningioma__enh_180,train,Meningioma/enh_180.png,Meningioma/enh_180_mask.png,58dedd6bd4b201a59e96b9aadf03f13f6fe44a948d8593d34d7b63fef699c42a,734b13d43dcd9916ee779bbcfd540329822add642bd0d1b8ab973223f4dfd882
Meningioma__enh_181,181,Meningioma,Meningioma__enh_181,train,Meningioma/enh_181.png,Meningioma/enh_181_mask.png,4ab60dd906509ab33121a653bcac2be5ca6060b29f78aaab45234f6b8274e76e,c97117dea8063a72d1d8b9313a765cc5aa26fa2b5ab307b37210be2e9bf2f118
Meningioma__enh_182,182,Meningioma,Meningioma__enh_182,train,Meningioma/enh_182.png,Meningioma/enh_182_mask.png,16eab524720ca7c19c9e6cda2f02468e82cdf195ceead365b7924e564947117a,d5663dfa9d96619e87123a5d3fcdbba687a6dabebdae1df09748b3ade4624eb8
Meningioma__enh_183,183,Meningioma,Meningioma__enh_183,train,Meningioma/enh_183.png,Meningioma/enh_183_mask.png,69beebd643782e9e2ebb167679a06b53e9184adf472e5851751eaa7880c9e9be,534e911aa9bda477ea1e8ce30e3d6724f1bddb7a9dc9cc4970e0dc51acf37aa0
Meningioma__enh_184,184,Meningioma,Meningioma__enh_184,train,Meningioma/enh_184.png,Meningioma/enh_184_mask.png,cdf62b7b810785e92f342b878196a340ca28e0840ceb9aa990e31e1a9e953111,4ce12697028a295be0339c6ffcc01e67d19ad8c99d32764bf8c377eea82ec1de
Meningioma__enh_185,185,Meningioma,Meningioma__enh_185,train,Meningioma/enh_185.png,Meningioma/enh_185_mask.png,d42a4117d07677e1b8c72a7994ad858e3a95ad0df3a02b2c7ef6e374c30ac888,13d201a2c95e0a0de09633b663b3533eac91c953e135383bb3c380f508dbf218
Meningioma__enh_186,186,Meningioma,Meningioma__enh_186,train,Meningioma/enh_186.png,Meningioma/enh_186_mask.png,8d532bddad610816e70f192eb77a973900f59b40de43f4782755edaca17080d1,2a49cbaf0f92c59afa294582e76042647ac22f42594f6d6a4f74bda8229d0c09
Meningioma__enh_187,187,Meningioma,Meningioma__enh_187,train,Meningioma/enh_187.png,Meningioma/enh_187_mask.png,18f3b536081151e942bd8b6dedbeeabdca1342a0a633af70485d200a2f8c3218,6e493a25e7ae12b08f2cd36e711c4eda0de7deac2c5549a83c9bdb87cd6079e6
Meningioma__enh_188,188,Meningioma,Meningioma__enh_188,train,Meningioma/enh_188.png,Meningioma/enh_188_mask.png,58d6ad7af70a030c6b27769206a38b889ffe37bde1c258890555fc68a2eb1333,cb638776f208eeafa5a68607837c9ecdb0cf1f29dcb7d3b58cdab8041c085e75
Meningioma__enh_189,189,Meningioma,Meningioma__enh_189,train,Meningioma/enh_189.png,Meningioma/enh_189_mask.png,98c8def664689777f277e71f73eef2f3badd41b64f14b4a3f8ec585c746ac08c,5327b2bcea2896d4b3a227e78f3a252ccae3987025587a1f3119e8452a41380b
Meningioma__enh_190,190,Meningioma,Meningioma__enh_190,train,Meningioma/enh_190.png,Meningioma/enh_190_mask.png,96f930785d2ac51befd93378e03ab1adc4c6def6ef6fc28f0073a958f8cc51fe,814eb2726ed5e37f62330314607b13be9ca6eacdbc1c995eb5db6c147a457715
Meningioma__enh_191,191,Meningioma,Meningioma__enh_191,train,Meningioma/enh_191.png,Meningioma/enh_191_mask.png,da3afa99fe1428c24555b84594200b6ff43cc5d16950ccc18bdb6244cf3c78f7,f5d6ea9a5988da06cc2048e33d115ec69c93ee26cb884a6474fa6ce6d27f6e83
Meningioma__enh_192,192,Meningioma,Meningioma__enh_192,train,Meningioma/enh_192.png,Meningioma/enh_192_mask.png,534bba0990b9d8a9fd64b267a5dfa5c9f0411cc6b326c7828ff91f0e2af86990,c20f3c599bd6644df1e449524436dec567c36388422faf9d775f47b138199223
Meningioma__enh_195,195,Meningioma,Meningioma__enh_195,train,Meningioma/enh_195.png,Meningioma/enh_195_mask.png,fab64ec5a265068e6f90257e5485c1246707c9be3d9b851e39624f054bd06f6d,13497fc9614b1a6c8765435e4504e21d9028fa5aec31516414c63fc4e3d960df
Meningioma__enh_196,196,Meningioma,Meningioma__enh_196,train,Meningioma/enh_196.png,Meningioma/enh_196_mask.png,0d856fe183975e0cfd9e361dd286516b4717f484dce885fac3088a44890a515f,d21a8e367c736da00304e6b5bd508abbb6ab0947101f0001c56f016f51af8506
Meningioma__enh_197,197,Meningioma,Meningioma__enh_197,train,Meningioma/enh_197.png,Meningioma/enh_197_mask.png,059f2414028a55b2142f37fcc887cc3a49880659d379ac89f8d8d6d3919b68ed,bce7adefc24d71ad51886117e6d1d64deb0a14ce0ff6b0700789c0954f41e947
Meningioma__enh_199,199,Meningioma,Meningioma__enh_199,train,Meningioma/enh_199.png,Meningioma/enh_199_mask.png,bf0d960400d1f842d41dc6baef57f1ecdc26c595a441980b299f2198efd89392,6b50801e1189e35518a2ad7deaf63b07e444937d70b009690f0ea51bc54b1a0f
Meningioma__enh_200,200,Meningioma,Meningioma__enh_200,train,Meningioma/enh_200.png,Meningioma/enh_200_mask.png,c96557b2c9991bd74985252070281958f4ecf68d71eb0a07a8aadf5ce9a57871,e4d423f33b3bed3bbd57447bbd6c55b777dc7631b6841712b7662ce77d1d852c
Meningioma__enh_202,202,Meningioma,Meningioma__enh_202,train,Meningioma/enh_202.png,Meningioma/enh_202_mask.png,ed0d7bd875ecdbae08b74382a128dc493430a9e5d512ad5b784b0d509bcb2f69,a916b6d2086b1a3104fc6d4d2f63f0d891e9d0247ee4b7daee877adf69446ed1
Meningioma__enh_203,203,Meningioma,Meningioma__enh_203,train,Meningioma/enh_203.png,Meningioma/enh_203_mask.png,6032f2a94a224e25e64de334ec17929eadbeaba5df51c24176c1f3d2d8630d86,23dc5865db3db8803982459033e65ef9c7f405d881a2328df1405294b7fc06f3
Meningioma__enh_204,204,Meningioma,Meningioma__enh_204,train,Meningioma/enh_204.png,Meningioma/enh_204_mask.png,81df1242813d9a2c6c48d797808c1ba4d3ce58028e3001f2fa338fdf81398ae9,a698abf8a7b1b274811cc27064a744c32f100de7082ba30ea5b9eb49bc5c4cbd
Meningioma__enh_205,205,Meningioma,Meningioma__enh_205,train,Meningioma/enh_205.png,Meningioma/enh_205_mask.png,450c7b7a91e114b6247f5671479a869ae151b78801061420bebf98bce9aef6a3,ba4799f27366f22262b916631aa9f281716f4e4b79dc324dc593ccf935e8deba
Meningioma__enh_206,206,Meningioma,Meningioma__enh_206,train,Meningioma/enh_206.png,Meningioma/enh_206_mask.png,f99586f4e6d007f2b5c466f2de530656ee09b878992b20fe64ce027f970a04cb,6ece3644cab16ba11b2f1341776ebea2aa3a87a70603996a2bdae568483f7b1b
Meningioma__enh_207,207,Meningioma,Meningioma__enh_207,train,Meningioma/enh_207.png,Meningioma/enh_207_mask.png,e144680a93f49308610c924f46cb47d04a861933f64a3b20d0f323bd280cdead,877130127bad18be74a1275edca0c44efbdca5a4a06aac4d5f6d371da530f8e3
Meningioma__enh_211,211,Meningioma,Meningioma__enh_211,train,Meningioma/enh_211.png,Meningioma/enh_211_mask.png,4646dda0c5cc2e621afae6c3ac5e86736cf338e988ab47a6c798117c7aa3d054,207ed21cc594183d3b7a175b35ea3b5544c2048bdb32e7996ba08572558fb11f
Meningioma__enh_214,214,Meningioma,Meningioma__enh_214,train,Meningioma/enh_214.png,Meningioma/enh_214_mask.png,c43dbab38934ac4f5cd4015b83e023aa759c576e5ec473e3bb00ce816fe288b8,090e3423df529d64f58ea302ab1027577a99059740797c889fe24bd596464d9c
Meningioma__enh_215,215,Meningioma,Meningioma__enh_215,train,Meningioma/enh_215.png,Meningioma/enh_215_mask.png,45d7afe5121f363b88df5331d57aaaf87094fc0d4530897fbf7f6368ca851b0b,fcaa6e0e1f6e9756f1da88c9b128be5e07f4e5b8553480041836b19010065591
Meningioma__enh_216,216,Meningioma,Meningioma__enh_216,train,Meningioma/enh_216.png,Meningioma/enh_216_mask.png,3c0f71230ab59a26d1a8cedb78066acd04270817f4314cd12b7b330c549d0998,b4478ba746b04fe1e7162db45a2ed4afb3924c0dc3468b6210786be813a0167e
Meningioma__enh_218,218,Meningioma,Meningioma__enh_218,train,Meningioma/enh_218.png,Meningioma/enh_218_mask.png,0dc2bb49481c4914bd8752d0def3b03d203c1e6cab7e576d59c8d9d8948741fe,743b13c2de11f3aad40dde26e32dfde71e374445b254e840bf664759a9d80830
Meningioma__enh_219,219,Meningioma,Meningioma__enh_219,train,Meningioma/enh_219.png,Meningioma/enh_219_mask.png,33a6d49e92ac3b1fb7baef3c153b0b6bb9baf17631a634413a8ad6063ac92f83,50b7e4e34131c930a721223c1cd511e970f6d8a68ad7aaae6b9c01773efc9b47
Meningioma__enh_220,220,Meningioma,Meningioma__enh_220,train,Meningioma/enh_220.png,Meningioma/enh_220_mask.png,7df84840f7b9b56e72b6f20ad005eff15685a7164e2d2b68b691412297296ce3,247cf0c05c725504122c5091d63e082e1840a2b8640597dd37f8dbc0306b5a5a
Meningioma__enh_221,221,Meningioma,Meningioma__enh_221,train,Meningioma/enh_221.png,Meningioma/enh_221_mask.png,6ac4fbaeaf60f78f79bccab6379114ef0031df4e6c1f544db19b8d74ba74c745,d1af449af33c9ac3a6d66840053daad84c17af7a581e964ca1956b747abd4928
Meningioma__enh_222,222,Meningioma,Meningioma__enh_222,train,Meningioma/enh_222.png,Meningioma/enh_222_mask.png,c8d186e5eabffb58162d3c601debecc3cfb70fed12895a41ca866be46c5ae5eb,f22b35112f18e78294524157d291b234b53a1552f9fe9eb39bb5018416288311
Meningioma__enh_223,223,Meningioma,Meningioma__enh_223,train,Meningioma/enh_223.png,Meningioma/enh_223_mask.png,ac276bd91474888ccc1c554f9578b10c53ff624a605fa89e4cc532dba8ce90a1,1292aa9c7c1883ab061e7de4874ffccfb9bc7bc481d19a345b263d8065dfb00c
Meningioma__enh_224,224,Meningioma,Meningioma__enh_224,train,Meningioma/enh_224.png,Meningioma/enh_224_mask.png,0d7262f8b2880ca5ecbf58b353c74e7308fb8dc47af7616a8ab890051251dc33,34a6ff6aad5e7ab3c27c0c8dec1e2f931009dd9e3a34edb3ef1b908beca92175
Meningioma__enh_225,225,Meningioma,Meningioma__enh_225,train,Meningioma/enh_225.png,Meningioma/enh_225_mask.png,8f0f11366bcfd30d1268bb1b434195b8f703da0cfc96829d152e0ffbacd4f545,7a8c014ab75bbcdb27fa2d451b1fca393003649b454fb1530b264ab3dce5f0fb
Meningioma__enh_226,226,Meningioma,Meningioma__enh_226,train,Meningioma/enh_226.png,Meningioma/enh_226_mask.png,51c87272917ba98deca969fa8322e0689602be8d40647e84d90c4c82bd6eb25e,eaf219d5b905fa3fecc5edc77a1dcb778a319ce95caac7f815f7331517e215d9
Meningioma__enh_227,227,Meningioma,Meningioma__enh_227,train,Meningioma/enh_227.png,Meningioma/enh_227_mask.png,6237bed5398e1013b2d0b3094cb6c92ef9c0934e776ade5f931000ccd5e4000b,82a699153e8e092bfa61ddcffc46b4e4cddc2dae53848d200ca75fa7db8c0e84
Meningioma__enh_228,228,Meningioma,Meningioma__enh_228,train,Meningioma/enh_228.png,Meningioma/enh_228_mask.png,84d711b140c9d55dfbef8012493dc1d42c6f687f616664d8bf82728a50f54521,1beee9d6e6c40fc90b154695cf933130a945f3e0ef8bb1ab340e611b27e32052
Meningioma__enh_229,229,Meningioma,Meningioma__enh_229,train,Meningioma/enh_229.png,Meningioma/enh_229_mask.png,f69c294cb66a58027124cfc02524d95187aa1a206f015ef0aefbf4f3a25615d8,3f472a0f063931808d3236524f53dbc8947c67d7c2df668c33ca024ede6827f3
Meningioma__enh_230,230,Meningioma,Meningioma__enh_230,train,Meningioma/enh_230.png,Meningioma/enh_230_mask.png,d2f259c37046883b731af63f3ad939ed17e98e1227a139e027bca12a177fe4fa,0e9f6822d4db74dc99678ae3635834dfd18e1a087e5585176637572684a14dfc
Meningioma__enh_231,231,Meningioma,Meningioma__enh_231,train,Meningioma/enh_231.png,Meningioma/enh_231_mask.png,dc9b470d6802853c053a8b33ff78e3c3a13a8529cc827f6fdc42274bd8f3b0a4,8465d825aab209feba0f025123cd40ef0b933f23ac69268bd2172412a7e753a3
Meningioma__enh_232,232,Meningioma,Meningioma__enh_232,train,Meningioma/enh_232.png,Meningioma/enh_232_mask.png,22779f8e42c775ad5880c3ddc77b93830c17809ed3f2420f2f17d8f8e4177f74,c79eb8270caa8ad3e1dd16e7a68bdb77632516333b093769eabb1a1cbb5c2385
Meningioma__enh_233,233,Meningioma,Meningioma__enh_233,train,Meningioma/enh_233.png,Meningioma/enh_233_mask.png,52c16f68ec1e23f0997edcfe3030b891623c9f3006574d8f57c530bef4a50e06,8d5efa4863c10fff3685d7e94b3542f04d5b71b980b536ed71bc9d02e6f71961
Meningioma__enh_235,235,Meningioma,Meningioma__enh_235,train,Meningioma/enh_235.png,Meningioma/enh_235_mask.png,99ce6dde11fbdfdb50b619b29e08410305006315d14bb1da428dd4d3e56d8905,97168301a520c9c98800d8f7a3e5368745c49f98d14b1d390a922eb25475ccc7
Meningioma__enh_236,236,Meningioma,Meningioma__enh_236,train,Meningioma/enh_236.png,Meningioma/enh_236_mask.png,e6c5db9dbedcbd503c1c7fc2ee5db3c1706b878ad47b515c1aa426476c1f4f7f,46dbf0c2ce31db6d1e450a2400609788b7de73dcd27e8a28e7b9ec8304849e28
Meningioma__enh_238,238,Meningioma,Meningioma__enh_238,train,Meningioma/enh_238.png,Meningioma/enh_238_mask.png,6beb0a504878f6f4604fd7a23f14a38be86a6120fc7760c8de58a3f36176ee74,1f4590b3b0c0a6f3115bcc8ad83ba491ae702cd93c8d30dec7d91a46beae4757
Meningioma__enh_242,242,Meningioma,Meningioma__enh_242,train,Meningioma/enh_242.png,Meningioma/enh_242_mask.png,827ac6c4cc8fedab84ebfed51881ef4448ac19ce6b5cef459683722a6bc8b427,3056922fdbf5fd6475b5755e9aed0dbe1664355f151521103a8255a2fedec7de
Meningioma__enh_244,244,Meningioma,Meningioma__enh_244,train,Meningioma/enh_244.png,Meningioma/enh_244_mask.png,79c6a1155687014d3a4b9c44f2b630c0ce8f548dbe7b530e494d1e7de0603f00,e81bf44a0e46a0c146562b085d6167d4b158854a48d094a6db86b5cb5661beb4
Meningioma__enh_246,246,Meningioma,Meningioma__enh_246,train,Meningioma/enh_246.png,Meningioma/enh_246_mask.png,9cc5dafb009ddfcbc6fba7d841285f8d5f431c08dbd7fb3b0607cde7d9409f02,d4c2a9deee7f221d11728c51e2e62650295b6e4c998024c4a5c118d99b407af5
Meningioma__enh_247,247,Meningioma,Meningioma__enh_247,train,Meningioma/enh_247.png,Meningioma/enh_247_mask.png,48cae43d7b6803dbd1a47f3fda705b689a51660c884ec679cc83485326b94272,c1823c50c86136961c16a331d2ac1799fc0f4a4215945b5b7ec27f61eb8bc211
Meningioma__enh_248,248,Meningioma,Meningioma__enh_248,train,Meningioma/enh_248.png,Meningioma/enh_248_mask.png,5c0f4c895e9dc2ad726c96fc757851b265e02a56fb2a32527e5c5c4faf86084b,5743e3dcc14454b3e5bd4f99942d99980d0a2a854097d5316285e77cd9e7da82
Meningioma__enh_249,249,Meningioma,Meningioma__enh_249,train,Meningioma/enh_249.png,Meningioma/enh_249_mask.png,3c6ca417751d073f203bf706c3dec252a1ebe6de5250efa3a6f497cc078fbcb7,10f4483d9d14acb384a813830ed62839c324e08e2c6b76049e17aea9aaffc71c
Meningioma__enh_250,250,Meningioma,Meningioma__enh_250,train,Meningioma/enh_250.png,Meningioma/enh_250_mask.png,b48a541a04605812a02ba096affa95de2b6795b3f14a052b605bfb5384263a27,cf6d726a7773de851b40dfd6ab74e2ebacd8cc51ee5b0533116a88043347d2b9
Meningioma__enh_251,251,Meningioma,Meningioma__enh_251,train,Meningioma/enh_251.png,Meningioma/enh_251_mask.png,e0e2cf70cae36c377b9e1a85534cf675e311b7ca7c251ff585111e256c5f96ca,6f51946abb5a943bc71afe7f407c19bbf76fc80ce7c2b0bd762fcf24dd3df2df
Meningioma__enh_252,252,Meningioma,Meningioma__enh_252,train,Meningioma/enh_252.png,Meningioma/enh_252_mask.png,191dc5d7320646f4feba5ea21c5a243b68261be552183dbf791414dd5591236d,a4a9ec8876fe2faccb76f63e832dbdc56cf6ab755ef24dc6e8fe5bb12ea35fb6
Meningioma__enh_253,253,Meningioma,Meningioma__enh_253,train,Meningioma/enh_253.png,Meningioma/enh_253_mask.png,ff88c5b87d06b8ef9fa3bb50364032484305d5e4cc73a1816707847ee442de9e,95ceec7e0a75064c5a6ce5da939554593fdbb0668c1a511d13e454a39fc880b5
Meningioma__enh_254,254,Meningioma,Meningioma__enh_254,train,Meningioma/enh_254.png,Meningioma/enh_254_mask.png,9aaa34abcbc8c5c269351f012cc6ffad9968bf4a1eb93e9822ca6b28b4dd2b00,edabe749297e1938d74a52ea3b06444d61dc41c097547de7311098203744ed61
Meningioma__enh_255,255,Meningioma,Meningioma__enh_255,train,Meningioma/enh_255.png,Meningioma/enh_255_mask.png,d8bc00bc9b0a41bce3419a780e25478591c5f64f36205c2fc35a5d05d7399491,cdcfa2d5bd8c16a1dd4b1ce4a7446edc849c14388a136badbf0d9c6fef5e098a
Meningioma__enh_257,257,Meningioma,Meningioma__enh_257,train,Meningioma/enh_257.png,Meningioma/enh_257_mask.png,767de25322ca9787ea8b08e27fce6eda52d938ffb50f9d0ddaefe9a51cdf9453,a6beb364d97143eb9de6efafb286332683c6f451ffaff79f858f5ca88e0a501d
Meningioma__enh_258,258,Meningioma,Meningioma__enh_258,train,Meningioma/enh_258.png,Meningioma/enh_258_mask.png,c49d82f96b546acd841135e77b1701f6b9592a98016059e20419fbe530fe5f43,605434abd4e37a25405b9cc6c04a72f55744bad78a7255c955d87113665e693c
Meningioma__enh_259,259,Meningioma,Meningioma__enh_259,train,Meningioma/enh_259.png,Meningioma/enh_259_mask.png,6626d49d1b495684d54b5458aca6ede9dfc6a50219e39761a2808d55b12dab84,166a5df537eabd7fea7102671e4a3e041d424070d0de40c096d664b62887a2f5
Meningioma__enh_262,262,Meningioma,Meningioma__enh_262,train,Meningioma/enh_262.png,Meningioma/enh_262_mask.png,44abe6bc0b0fd3b7b5717406afc4ecb6691905df1dc670469732233ea3c0d1b6,1529506a0c071c58ee9c761c7f274e8f04b070650c110d310f8a9781ad9ef31b
Meningioma__enh_263,263,Meningioma,Meningioma__enh_263,train,Meningioma/enh_263.png,Meningioma/enh_263_mask.png,96375ba2b6c64c4f243877f9a00c373bcf9e080b7bc88aed066f1028184033d2,3315f9c75f17a84513ec2c71746c1cef05337a80edbd3107e0c442f2bd499adf
Meningioma__enh_264,264,Meningioma,Meningioma__enh_264,train,Meningioma/enh_264.png,Meningioma/enh_264_mask.png,f36c3776ad6789e2c0b159d17becb416ab9d3134c011d58ce2a9a889afd5e792,18a85a922fd30ef9a1ff147e60e11939be11a51eeff736c0fa83f0cacd1d91fa
Meningioma__enh_266,266,Meningioma,Meningioma__enh_266,train,Meningioma/enh_266.png,Meningioma/enh_266_mask.png,e1418f17cf4049a410c8a49183272f199e07ac86dd68a6cd448b25d840122d4f,572400bef33e117818fd8b380781803a509192f64a02f8a84f2aa3aba0146bfc
Meningioma__enh_267,267,Meningioma,Meningioma__enh_267,train,Meningioma/enh_267.png,Meningioma/enh_267_mask.png,de6032ff1c3cfa1008ce13120dbcb8d5d95689ff852fbc4cefe2098996eafedc,e230aa6e8f9983627078ce9ff74ac740f399d414017bcd55f8853914e671cd22
Meningioma__enh_268,268,Meningioma,Meningioma__enh_268,train,Meningioma/enh_268.png,Meningioma/enh_268_mask.png,2e744f8a8dd1e5ece2649e092bb8d098cf8530098bde2fe915903a3f86934a0d,573db06ae4ad68728455b85e7a48f26336ac75ff17173d9e6009bd33dd5e41c1
Meningioma__enh_270,270,Meningioma,Meningioma__enh_270,train,Meningioma/enh_270.png,Meningioma/enh_270_mask.png,064a2f001dcfb8dc5b2ff2278a2d314c247189ae6c7f4129dc0163dd1d3e8ca8,7012bada528e231ba0f7c9ea8f32673c75d45b3840900d69ca2117e1a0a7a0fa
Meningioma__enh_271,271,Meningioma,Meningioma__enh_271,train,Meningioma/enh_271.png,Meningioma/enh_271_mask.png,c07a69e028104c92cc449d92130ee02a3f1b88ab4f595bcf5456286a46bb7611,0fdd0bc18da3a4ecd29e5bce70978e2e2ec1d622d2bfd08099d30d52da2c7e51
Meningioma__enh_272,272,Meningioma,Meningioma__enh_272,train,Meningioma/enh_272.png,Meningioma/enh_272_mask.png,54873c3792757dff99e76bc2c49a8d90be580d0e9196ecfe282ccbe25f4069e4,152278519e394ece0096c02281682a7a1249cd1b1a4251fa8d3f039ad60abb8b
Meningioma__enh_274,274,Meningioma,Meningioma__enh_274,train,Meningioma/enh_274.png,Meningioma/enh_274_mask.png,23bf14a4205f9228770316d64167a498da0a2fff440f8b178bbce80746ce5be3,13b28006a9c57a5ebbb9b3bff0dce095817699afdc24506d3192ba1867db3d6d
Meningioma__enh_275,275,Meningioma,Meningioma__enh_275,train,Meningioma/enh_275.png,Meningioma/enh_275_mask.png,989410a417b3d2875dceeddd503d0bf3072de6c8148ead2baf4ae8e3d9d6716e,4cf915378fdcbb4060c2aeff6e729c2a0664dfca93485c93532f6e0ad57c5922
Meningioma__enh_277,277,Meningioma,Meningioma__enh_277,train,Meningioma/enh_277.png,Meningioma/enh_277_mask.png,8e93c419e613df64535c9a87f7a01a5c46242fb12b8932228ba57c43e279164a,c50818bfc22119ebc897b8a8ce56e0dc42dc871eaa018f6dc203e71238a924b8
Meningioma__enh_278,278,Meningioma,Meningioma__enh_278,train,Meningioma/enh_278.png,Meningioma/enh_278_mask.png,81b47906f3f4985b3cada8fcfd571ea15741b04a93e52d7e487715d0ac956247,ad68af974523b6bf9b587f8ecdf483d6ed732088947f1f3b503895c8c5f458b2
Meningioma__enh_279,279,Meningioma,Meningioma__enh_279,train,Meningioma/enh_279.png,Meningioma/enh_279_mask.png,1c7154bcd60c4b92c42c46ff8a22a05746783a444012e5e225f09c0441663022,d8bdb3762a55054d7c78609313f843221ffe3e8f79c8d6edf99f38a526ea41e7
Meningioma__enh_283,283,Meningioma,Meningioma__enh_283,train,Meningioma/enh_283.png,Meningioma/enh_283_mask.png,aa298fd515a9452e34d1d99f0b22182c33d332af68686bf69cf173054c6f52c5,263f973b4c8eab2e309d71238ac39592f81b13806585474441e63cc07165d0ca
Meningioma__enh_286,286,Meningioma,Meningioma__enh_286,train,Meningioma/enh_286.png,Meningioma/enh_286_mask.png,0e820aa37c178c34b4ddaed96fc3eb65b050ed5be3e279c721a9fd1f7984c22d,eb26d2dbbe7ab8be349f2a537f6f93a253b761fa05d6034a2ffe5f5aa5324943
Meningioma__enh_287,287,Meningioma,Meningioma__enh_287,train,Meningioma/enh_287.png,Meningioma/enh_287_mask.png,5bbd0ae4804f9e4645cb63b0b651f2a76258ac15a0cf91c8825276049a5c40ed,405a91b7c78d9fd6596eef2103d3b3661dea63bcfd1f12668f5871415cba5c98
Meningioma__enh_288,288,Meningioma,Meningioma__enh_288,train,Meningioma/enh_288.png,Meningioma/enh_288_mask.png,105388dc14e44b92eb59f3eb2a04491f594e74d2f096e119e94d1b702dfe91ac,214c272e4a3b64adcec0655b08fa82b55599e43074c01d70b0b1d39f26f5033e
Meningioma__enh_290,290,Meningioma,Meningioma__enh_290,train,Meningioma/enh_290.png,Meningioma/enh_290_mask.png,996f01d3573fe19f37f015b68b9fc183a3447420ec0a0a74a9c751d306bc0cac,2decfe5195e92156b472fa845276c9801d344c1b189b4399496b5c30f6aefe8e
Meningioma__enh_292,292,Meningioma,Meningioma__enh_292,train,Meningioma/enh_292.png,Meningioma/enh_292_mask.png,95116f21aea1b965638e660010807f1c59692f959747b67a6955336b78ec3a24,63a325ea294d6b4d2deb5b85744c21d2f12e7ca40e7924176791bf134339dcd8
Meningioma__enh_293,293,Meningioma,Meningioma__enh_293,train,Meningioma/enh_293.png,Meningioma/enh_293_mask.png,c4d6271e9739fc470257f2d1cfe1c17563e74e14504460f0d1349e916ea43751,5f59141c273d7ea1fcc5884c747880b36d4982f5a6e6c710d481cd71646bcc76
Meningioma__enh_296,296,Meningioma,Meningioma__enh_296,train,Meningioma/enh_296.png,Meningioma/enh_296_mask.png,54e8e80bc79bd113899c9b26a0f28f34e1eda8b45104b611edbc6d0c75a9e08a,cd52b31fe9757be9da1b3681da1a3c4627d047f6ed0147e26aba3701aae57cc8
Meningioma__enh_298,298,Meningioma,Meningioma__enh_298,train,Meningioma/enh_298.png,Meningioma/enh_298_mask.png,49d54c649ef4d442b7082a6fd201a396a1bb9f74e76a056071ccc454ac933db9,6a5bc8b5af3fa40710e6f3b7cd4248907db32e9b2c491c05bf3531dce978013b
Meningioma__enh_301,301,Meningioma,Meningioma__enh_301,train,Meningioma/enh_301.png,Meningioma/enh_301_mask.png,fc273c1922f39cc1db7cbc9ee32429adc63578c41a15d9291a6a80a0d57e6086,fed7fd14b4a99bfd056dffcba93a6f4539c03bdde2a644e8b80e77f999095cf8
Meningioma__enh_302,302,Meningioma,Meningioma__enh_302,train,Meningioma/enh_302.png,Meningioma/enh_302_mask.png,aec4e4c7460ae38fd9f795dd53ebc825370b169f7bf5567c3522be423bcef26a,b92c596288eff3ece1139e78cd6370257dcb5c38d945ec0aae337629d5ff6dd2
Meningioma__enh_303,303,Meningioma,Meningioma__enh_303,train,Meningioma/enh_303.png,Meningioma/enh_303_mask.png,e137f1ca07a2d6cdd66664a036871aff3aed4b781bab29df9dc861348d9ea0fd,5cab10c401cbd5b0762cd7377d1f1a4c37f01d20862c97bee0c0ab22c2bab4eb
Meningioma__enh_306,306,Meningioma,Meningioma__enh_306,train,Meningioma/enh_306.png,Meningioma/enh_306_mask.png,ea3e6df8567b7a965659a6568855f890a878b23e31f46b24c8a86fffd3f4adf8,a0c7d23689395faa92e55b097c623e9c9fee716ffdc74b8ac144fc3620bd0fa6
Meningioma__enh_308,308,Meningioma,Meningioma__enh_308,train,Meningioma/enh_308.png,Meningioma/enh_308_mask.png,0e1739cf3cc56f4e4be978f6a4849ea95c6aec7311a3f38b693ae9e8c0554e70,5d220c3eead06345305b49c651af216f763211b427ce690cbb4d0492ae3f1cce
Meningioma__enh_309,309,Meningioma,Meningioma__enh_309,train,Meningioma/enh_309.png,Meningioma/enh_309_mask.png,d481127ace11a8b95e854586b158d6bdda5067bb57d896bcf9b16a402646242b,50d03d4d623d2b2030f2dab8a04b215a740c32f5310b8f675961ea4ba6af9c24
Meningioma__enh_310,310,Meningioma,Meningioma__enh_310,train,Meningioma/enh_310.png,Meningioma/enh_310_mask.png,ca0679f6da6e40177bd604b4015a6436ec06ccc1d0e574bb08785456ce9f6dba,c48d6a5ae1ab67d96246c22c7d74e8d913392e798bf8be77ed706cd771d8014e
Meningioma__enh_311,311,Meningioma,Meningioma__enh_311,train,Meningioma/enh_311.png,Meningioma/enh_311_mask.png,00ad00f1d25773a4fe6baa838c6139c4391976a06ed269fe7fec3b244a7fd84d,f91cb0f6a27bf308521d2c6a7c13e47d88d67a57800cd83be0d69b3a658062af
Meningioma__enh_312,312,Meningioma,Meningioma__enh_312,train,Meningioma/enh_312.png,Meningioma/enh_312_mask.png,ec981305c855ef7e55f9e6e70963e2bde767b0dfbc49771b9227ce897bbbad19,b64313048cf2d8c63aabea9744a510c17f300af7617544e25bfe64dc17971b1d
Meningioma__enh_313,313,Meningioma,Meningioma__enh_313,train,Meningioma/enh_313.png,Meningioma/enh_313_mask.png,faaeb62e818c81285c30d9cf99b0bd436cee4f86c91d9d77f4d0915d4a6fb142,ccdebc7fc4f7d57ac2e03fa1fa7b80364adf8b5b00f84c879d7d1a2cc569f3d7
Meningioma__enh_314,314,Meningioma,Meningioma__enh_314,train,Meningioma/enh_314.png,Meningioma/enh_314_mask.png,7d90eaa4790198df2151dad473b85b33f48bca59a6e180f1b39973e97a3ea166,56165a04363ada487bf78dc3d104c1f6ad9bf7c86b902219ede4cb889a94a9a6
Meningioma__enh_315,315,Meningioma,Meningioma__enh_315,train,Meningioma/enh_315.png,Meningioma/enh_315_mask.png,df94689f3ea8b482ba2e4b659f5f520d4e9080bdf785385e663bf18c7161949d,f746f457f95295d97d48b11788b8c211ee677473265f4a5f8d775da849f127fe
Meningioma__enh_317,317,Meningioma,Meningioma__enh_317,train,Meningioma/enh_317.png,Meningioma/enh_317_mask.png,46d414599ea1bf1aa7005ada67b7941019e768282951ba7afe05844eb5e14a5e,a2f1c626f2e8224391411af4f23f0cf1d440acb9e01ecc7d4f5da834c9607b64
Meningioma__enh_318,318,Meningioma,Meningioma__enh_318,train,Meningioma/enh_318.png,Meningioma/enh_318_mask.png,0ca1b9d6fa57bd68124f8283d4463eca4b297e257370b31c21e66c52b2fe44f8,b4daf2ade4499a54ad868529af3e9033ddeb34530b35b35f83ce33ec89f54e6d
Meningioma__enh_319,319,Meningioma,Meningioma__enh_319,train,Meningioma/enh_319.png,Meningioma/enh_319_mask.png,142102291173ee5dafd29cdcc06fd08db788e6ca8cfd4eb20868d21c2081e191,0df6b18531cd35b1a1f686f8c309cc5e3f5dd70841775dc65766145b79229d1d
Meningioma__enh_320,320,Meningioma,Meningioma__enh_320,train,Meningioma/enh_320.png,Meningioma/enh_320_mask.png,bd3029afe490faa8d95c27e531b81de0b360a7931c67ba036481336ffd3d753a,862d97cf82e7275c7d9bef177043bd990f777f3e17fafcecad373942cd3b86ba
Meningioma__enh_321,321,Meningioma,Meningioma__enh_321,train,Meningioma/enh_321.png,Meningioma/enh_321_mask.png,bfce772953d700e579de6695c51357c23872eafb452fcaec36de62f5e47f5b86,d5a338dc776bcfa4a4e0219558d9b3c7a3bbd1714e4712e4f72c9a7e29e769dc
Meningioma__enh_322,322,Meningioma,Meningioma__enh_322,train,Meningioma/enh_322.png,Meningioma/enh_322_mask.png,de44023b7bb86f0bf5ab046ec31bf85f97e371ec73b9c5486d10fc2f74d360ff,125cac7eecb50067660b197e325d0af13339a4dd5e41bdbc34030aed970c1cb0
Meningioma__enh_323,323,Meningioma,Meningioma__enh_323,train,Meningioma/enh_323.png,Meningioma/enh_323_mask.png,25bbe27881844792e9c939f26f6dd0a69c4c05bc0cc73a598ef80eb7d3f2dd94,3256bf678565f1be75e7b31d8acc78525ff0a9648b41cd6eb694dadfde53148c
Meningioma__enh_325,325,Meningioma,Meningioma__enh_325,train,Meningioma/enh_325.png,Meningioma/enh_325_mask.png,6d0175419ca1dbe4cbf547d55c33de7c55369f82ef1248980b70e279ef47983b,281206012ad8ecfac012ae3094cc7e6d4450608b6e7b440f0ef117613a008358
Meningioma__enh_326,326,Meningioma,Meningioma__enh_326,train,Meningioma/enh_326.png,Meningioma/enh_326_mask.png,834921e1e24af7b80193ea64c0d07caa0301f19025b29f21d2a2aa7943611146,b6fdf9d8f553b91a3a6964688a5bb64af55da60b78fad74f9cd20564ef5f2243
Meningioma__enh_331,331,Meningioma,Meningioma__enh_331,train,Meningioma/enh_331.png,Meningioma/enh_331_mask.png,188b34ca649b7c125dfca6eb175b3d7a8344d00ad9a4a83b93e34b6286b68428,8752389dd6c8226be3a701982ad3f3907e6adf083d724e0f65003c9619e1f483
Meningioma__enh_332,332,Meningioma,Meningioma__enh_332,train,Meningioma/enh_332.png,Meningioma/enh_332_mask.png,4618e9f15e40091c51e6e90c5d0a3783738b4007a46a0c6cc9e9399da4fb9e95,abf8591ad33173fbac8d75aea8945a2a0abb8613e9c0d12d7e2cbd29b96fa45c
Meningioma__enh_333,333,Meningioma,Meningioma__enh_333,train,Meningioma/enh_333.png,Meningioma/enh_333_mask.png,327171d7e26c845941a861491bbc901bcbf3ff46dcfca7b0a4c995d052750db1,2a01e98c4aeef571500bd691abcae41b2111bf55c95b61cf1212c33a6ad450fa
Meningioma__enh_334,334,Meningioma,Meningioma__enh_334,train,Meningioma/enh_334.png,Meningioma/enh_334_mask.png,0f51e853560e4d0237148346af9d4d747e7da20cb01bf21bbdff6242ccf86e4c,42fbf4b4e0773be28de8deafad64072bfb42c673723d9a90cf41c2c85602d5ec
Meningioma__enh_335,335,Meningioma,Meningioma__enh_335,train,Meningioma/enh_335.png,Meningioma/enh_335_mask.png,9af958267490c77af318bf0b6803a095df8b32803398659bc08917edad392ab4,3ee594c192064af235477796aef66863ec93ac2711efb21c14592c9aa89aaaca
Meningioma__enh_337,337,Meningioma,Meningioma__enh_337,train,Meningioma/enh_337.png,Meningioma/enh_337_mask.png,ba27977049a37ff963d32440ab9bc2027cb265a2f1646f6ee82b85709e2eaaae,b5444e8554757ad3825c450a9309d7d9a2f4249d7bdb6c8a74c8e1fcf0bfa9e0
Meningioma__enh_339,339,Meningioma,Meningioma__enh_339,train,Meningioma/enh_339.png,Meningioma/enh_339_mask.png,ff559da6923c91003ae2661ace036169898b1f038a3f9dbd430b71e0835b8e38,d2c123475c96e5a7ae0af33a5acb3d062d0970bf0293d14ff050e142ea9e5140
Meningioma__enh_340,340,Meningioma,Meningioma__enh_340,train,Meningioma/enh_340.png,Meningioma/enh_340_mask.png,fa1ca5c1e545feb4e16ea8e266e47706a1475b3a1646b76b4d3e36c8ee1a79e8,f1299bc0210990ad55f435be3ca3a923f1ad5ceb9f0f1fbb6ce90056a108dcfa
Meningioma__enh_342,342,Meningioma,Meningioma__enh_342,train,Meningioma/enh_342.png,Meningioma/enh_342_mask.png,54a856d7b441550f6a7d06efe55da4246fb790b0b8be36e6ef5b353d760220b2,3520f94856707e328b31d0a7318ce5b9c7473e680f32b309f992bb376ffecaa3
Meningioma__enh_343,343,Meningioma,Meningioma__enh_343,train,Meningioma/enh_343.png,Meningioma/enh_343_mask.png,a0f36f64d8d2511245049617e6759dbe8387e4e7634917ed53d4c2fe6f3d8478,2f0f83e0a8071b161cc150204fb5f4d66e922549c1dbe6f8d59e46a6fe068082
Meningioma__enh_344,344,Meningioma,Meningioma__enh_344,train,Meningioma/enh_344.png,Meningioma/enh_344_mask.png,79b8b7053443fcd8dea5d1bbf0aff8f67fdd965c6e614c449f7309434a6f49d8,2fdae13bbea7e4ed056f42ebae079595573f6f69d3f0d3cc848372a281c3e586
Meningioma__enh_345,345,Meningioma,Meningioma__enh_345,train,Meningioma/enh_345.png,Meningioma/enh_345_mask.png,141cbfcb1af60ce58c24f327b2c223f9c3849423762e864031c1146a22bec36d,dac40c42881f951f4ec76114ae2db916ec0655caf058fa82fc67b5b7b626e402
Meningioma__enh_347,347,Meningioma,Meningioma__enh_347,train,Meningioma/enh_347.png,Meningioma/enh_347_mask.png,2471610f446abd834a47d4a0874319ac795139def70bfd6ae85dbb976bc29536,dbaf779e36b8478783963bd944d37e2222d0b1a66ae3d5a48a54cf4095d3d4fa
Meningioma__enh_348,348,Meningioma,Meningioma__enh_348,train,Meningioma/enh_348.png,Meningioma/enh_348_mask.png,86b3eecf075aa373147c9eaeefe41777f930bac39bce2b43872a13ee6cc098cb,d056cc158585b78f8df14db70d035cac5ee66d8eb168699bc4df5f46c9895164
Meningioma__enh_350,350,Meningioma,Meningioma__enh_350,train,Meningioma/enh_350.png,Meningioma/enh_350_mask.png,f3b7111ef69fdf6a655b0f7594c7e9e1db8a1be8ef04865b7f2530c88cda9b75,2237922fa1b5d6d01b167c97b294df21be6798d68febbc7c21bd4afe4b3ea148
Meningioma__enh_351,351,Meningioma,Meningioma__enh_351,train,Meningioma/enh_351.png,Meningioma/enh_351_mask.png,ee0c298215083581784df7bbc6e1283d1920cd809d356bb4ed4afaf17aa050dc,5b6800342d13bc204bd813265bd8f46d71fd3814ded2016aeacd2a5a43237eaa
Meningioma__enh_352,352,Meningioma,Meningioma__enh_352,train,Meningioma/enh_352.png,Meningioma/enh_352_mask.png,6d136bf25113e7e533cd75909db2b522434d2d840ad0aba082076e4ff9689c8b,d0a7796413462e5ec09919aaa315a38528e65fcfb9528e86bd39a803a78dbbfd
Meningioma__enh_353,353,Meningioma,Meningioma__enh_353,train,Meningioma/enh_353.png,Meningioma/enh_353_mask.png,b4c13572f5940c529713a4efd83045334dcbc93b6977fcd31b15cbe4c350a806,a6441ca0c6d905e736d6871973c5a8c611faebae4c2dbba8e9abb8fb40f23dc8
Meningioma__enh_354,354,Meningioma,Meningioma__enh_354,train,Meningioma/enh_354.png,Meningioma/enh_354_mask.png,20378aa767b1c1ef46f432157d43f6f662efcbcdcdb6a857f9d48de9efb47c96,f4c7d4ce48b06916ea1240fc40a4a22370c5c9a90ebcdd90f55cbae487d3dd85
Meningioma__enh_356,356,Meningioma,Meningioma__enh_356,train,Meningioma/enh_356.png,Meningioma/enh_356_mask.png,2d525fd9eed3bfa258c1fde9f216bfff1469e19db9527ce5075fc0502016d89f,360d86ec1cb7fa1d8b937498aef469b8b4b80a228ac62c0359c6451edc5a2d7c
Meningioma__enh_357,357,Meningioma,Meningioma__enh_357,train,Meningioma/enh_357.png,Meningioma/enh_357_mask.png,0d33e4e3721d152eb46cbf1579c3d27072cb02adcb3b3b6bbc6badd1969bda95,ab1f3168901883bd3aa0b0c0aff5f3a70ff34aabddf47ae0014b97c632f1b8f1
Meningioma__enh_358,358,Meningioma,Meningioma__enh_358,train,Meningioma/enh_358.png,Meningioma/enh_358_mask.png,5f5a53e69b28270ae6123def2eb76fa711e98296121a521ad292152ea52658b2,0d5402747163bf8fcd9feb942ae6ae0e7b12252711f5e165eeb2ad4bf95e292b
Meningioma__enh_359,359,Meningioma,Meningioma__enh_359,train,Meningioma/enh_359.png,Meningioma/enh_359_mask.png,509ad3ca8bcc065c8fce8b6000fcf573909027a1d64c828b2812e606cde84b8d,834562ec3517d2894ba55dbf1d9b153187abe30d1d594f7b37b0d5810acf77a4
Meningioma__enh_360,360,Meningioma,Meningioma__enh_360,train,Meningioma/enh_360.png,Meningioma/enh_360_mask.png,11e564be293ed74d2825c7c975ebae017f400fefbd86014e915fa7412cedd97e,53f252f9a4be074665f710a3035dfd38ac14fc544a13f111a43dada89997f103
Meningioma__enh_361,361,Meningioma,Meningioma__enh_361,train,Meningioma/enh_361.png,Meningioma/enh_361_mask.png,47df70be67e6e4cae7e1f00ef9837acec5cb54befcdc77ac5f626979657e3701,2600ef70d87e287763d99cfd2b85271bfc6e82c0559306d8c53391375ac2ac87
Meningioma__enh_363,363,Meningioma,Meningioma__enh_363,train,Meningioma/enh_363.png,Meningioma/enh_363_mask.png,ffd191f6ec3a2aa97925bf1fd52316e1fc1581f5039002183f9f34236653d9c1,0361ff74db1cd4244ad26fbc230ad03b2fb0eced861f2183a363b4441457f490
Meningioma__enh_366,366,Meningioma,Meningioma__enh_366,train,Meningioma/enh_366.png,Meningioma/enh_366_mask.png,0c187a3c93470cd2d386b7a81f72415f99e51e15f72df58375aecde58a1531e7,34559dbf72bd36be6856001571aa423244cd513f4a42cb53caef4c926d1ae80a
Meningioma__enh_368,368,Meningioma,Meningioma__enh_368,train,Meningioma/enh_368.png,Meningioma/enh_368_mask.png,8d388e284c667b2530bf2ee0329b3ff85402afb4d46452106a24af8451ef98cc,3e9ffea9919902c184d443342a372e1cef79467434886e38c0f05f6659248b29
Meningioma__enh_370,370,Meningioma,Meningioma__enh_370,train,Meningioma/enh_370.png,Meningioma/enh_370_mask.png,20e100c554405cb521de6cc64e9c75a59fc8a4e0aa83aa06b07336f7df7b5f29,70a8a84fae742ea0dc1f1d7d6b630fb07e81d01c45dc1a52ba9cffd2712324cc
Meningioma__enh_372,372,Meningioma,Meningioma__enh_372,train,Meningioma/enh_372.png,Meningioma/enh_372_mask.png,50925606532825f85e28759961eefd581897df87bea4883fd8a6df211b55db61,edca6e8a00dae872d9134966397d5be526cf9132306da291675445fdbea4e373
Meningioma__enh_375,375,Meningioma,Meningioma__enh_375,train,Meningioma/enh_375.png,Meningioma/enh_375_mask.png,74208c393c3ce9ee030df27b2c7e24cc160ce8b407647f41ac5badc4f0a21ca2,6ec6aa39cc1225123c0353dfbba6ce19e98601001ad14134f5153eed0975e4ec
Meningioma__enh_376,376,Meningioma,Meningioma__enh_376,train,Meningioma/enh_376.png,Meningioma/enh_376_mask.png,bca79cada50f1c97997ba7f14e3ebee8f1af7aa57ec83e0f6706c40af80ddc96,56f26c4d07ae866c7be99e1c8175637dfac58cb1c0b0715418d491dbe0011d3e
Meningioma__enh_379,379,Meningioma,Meningioma__enh_379,train,Meningioma/enh_379.png,Meningioma/enh_379_mask.png,c21e44dab4aa86b2c267003b826dd43a53cdd1b9adc7203e11a1da085e0fa7f4,38bcfb5c90d92bffc85f53399890422cfc00512197a787927737dc3ee08c300c
Meningioma__enh_382,382,Meningioma,Meningioma__enh_382,train,Meningioma/enh_382.png,Meningioma/enh_382_mask.png,14d73181b1757579f52c64438f9215373bbd54bc7ad972c1b4f0dd42ff830681,a152d6221544e6618ab31ab0c4430ba1d05367735fed87cca06760c3a2940299
Meningioma__enh_384,384,Meningioma,Meningioma__enh_384,train,Meningioma/enh_384.png,Meningioma/enh_384_mask.png,80a79832999a0625feef52e5b2bb7dfca861d99de0ce740df7047b4963224167,3f53960800fdeccb42383f0c9167ca0bc192c1b70e4250209b5e40af3714af9f
Meningioma__enh_385,385,Meningioma,Meningioma__enh_385,train,Meningioma/enh_385.png,Meningioma/enh_385_mask.png,7e8782e483d652ad5bf62d2b3e43f967f5051e0423fea74beb9f61c949de3aca,ef3ef05247deeea8631508ff9284653d88db10980828fabda7e93d322d01c4f8
Meningioma__enh_387,387,Meningioma,Meningioma__enh_387,train,Meningioma/enh_387.png,Meningioma/enh_387_mask.png,9c136e9e774264991c2e378ea87c0ca4bfeb0768d20b7815df480915fefa0035,811482422b6f96578c24f1b65eb8087392a3e1f544215fab2250402cb1e7076a
Meningioma__enh_388,388,Meningioma,Meningioma__enh_388,train,Meningioma/enh_388.png,Meningioma/enh_388_mask.png,a8372227e610cad38f7e8dedec1eecd79f16eca672b2c27cba673d04198a36a2,9aeac65c0ce6d990f5f094fe60edd1cbf1f1e0bda6d759f1645b58432e7fc1b3
Meningioma__enh_389,389,Meningioma,Meningioma__enh_389,train,Meningioma/enh_389.png,Meningioma/enh_389_mask.png,570e51b9f739d177ec2cbf27b486609ebc275a029ea4a9593bc90cf205114877,8d2772caa69121f28434c61fd0276df29631b179bbe78f7f7f2609747cb343f9
Meningioma__enh_390,390,Meningioma,Meningioma__enh_390,train,Meningioma/enh_390.png,Meningioma/enh_390_mask.png,ba025168ada71d5ffed942370c9d27f3686bb23a6f4a3f527a4a8301f016fa7d,920cce470983600665cb4b778c7b583690b244256107c49a45c98493977f8d79
Meningioma__enh_392,392,Meningioma,Meningioma__enh_392,train,Meningioma/enh_392.png,Meningioma/enh_392_mask.png,607cb6ef6f3bbc333c204d72c3fe873be27e5ceb3046a673f23bce82c2eea4f9,4f016fe70ed736b42746c0b1d8add8bc0a6eb58d0d3d4fcacd0191861084d10f
Meningioma__enh_396,396,Meningioma,Meningioma__enh_396,train,Meningioma/enh_396.png,Meningioma/enh_396_mask.png,b79c0bcc8c0e0a8fc8e812c93a73eb0b303611cf6cc60ff0fd8daf49a64a3b30,d96c54c3b7330337d5fa94dc4c10f0f27661fbdec0efee5973bfef45efd72cf7
Meningioma__enh_397,397,Meningioma,Meningioma__enh_397,train,Meningioma/enh_397.png,Meningioma/enh_397_mask.png,5db4388ba2611868eac32aa77a24ad59272543b305c5c99400ecb6e3296f1bf4,b2f1e9969544a584bb7ac9325b3e4e08d8f0d4b59c27d1c7db0fb709847fa440
Meningioma__enh_399,399,Meningioma,Meningioma__enh_399,train,Meningioma/enh_399.png,Meningioma/enh_399_mask.png,dd16194b88bfe5385e6f2d46d3498d27005117a866f46dba4ccaa0c95e1cdc5b,b84b701c0eabca90dbb4cc78b66725337bda317992807f756f649f176c363c1e
Meningioma__enh_400,400,Meningioma,Meningioma__enh_400,train,Meningioma/enh_400.png,Meningioma/enh_400_mask.png,b8e73942cd4094d317656347a27f0de5736beadcd052a7bca6662e76dc499abc,e3dabfc726018dafe51dbc4ac6c4f69f5fbf00f2d886de466500c796931952c8
Meningioma__enh_401,401,Meningioma,Meningioma__enh_401,train,Meningioma/enh_401.png,Meningioma/enh_401_mask.png,b28600299dc47bc9dd969f7b8727e19da76af3a4d07175a1da11fd389854d628,6f000695ee5b442626ad784a790fb16d59d185376db81b4cedb904006a4394d5
Meningioma__enh_402,402,Meningioma,Meningioma__enh_402,train,Meningioma/enh_402.png,Meningioma/enh_402_mask.png,3142ef4326e1f264f2bb20ea40c303275448c5c0cb23a2a23727a6c4ab24a488,fa72770f2f119500da9dbe539bcd8afb9ca16c8bdb8fb6ce667394687f3bcebf
Meningioma__enh_404,404,Meningioma,Meningioma__enh_404,train,Meningioma/enh_404.png,Meningioma/enh_404_mask.png,bd19ebaafd29b28eaf854140798acb438bcb677dc0b944f4376817f0ab23758d,ec7db74af88e82bfa894d70cbfe12e67a2c6cdcc270e3d8b39dc489fb7c4e8c2
Meningioma__enh_405,405,Meningioma,Meningioma__enh_405,train,Meningioma/enh_405.png,Meningioma/enh_405_mask.png,5957bd69b786e084ff6cded089b0fa947ad3cb2ca3d5abcc6b10fa0b8a426249,e26be70a82c9daddbcec461bc1e6abeccaacc85b167fd5194819868ab9b5979d
Meningioma__enh_406,406,Meningioma,Meningioma__enh_406,train,Meningioma/enh_406.png,Meningioma/enh_406_mask.png,f27c9b1ff966c93e0fb467b04db5487e97dc58b613bded4409cda5fc38555a96,eda27e8b350b017c809214236762c1eb3e2556bbb7f3849ad21754626bf5b31d
Meningioma__enh_407,407,Meningioma,Meningioma__enh_407,train,Meningioma/enh_407.png,Meningioma/enh_407_mask.png,1cefbdf0b61633c7da67625d09a4cddf43a94e0591d00fa69a972283e3efb256,3936e93c035f0cbbfb65b7adb6b8e4bf2d5e59ca78b6cbbd9103c7af7bc849e0
Meningioma__enh_408,408,Meningioma,Meningioma__enh_408,train,Meningioma/enh_408.png,Meningioma/enh_408_mask.png,95df6b0c0a3e3157133513ecd1c7093d6308696975203c8d60c759bf4fb9acaf,f25163c86c09c02555eedf419d216a45d9e7618d13a93c5768cb70698dc3c894
Meningioma__enh_411,411,Meningioma,Meningioma__enh_411,train,Meningioma/enh_411.png,Meningioma/enh_411_mask.png,7b9bfc96a86ffa36758fa3199cb97e26e3088937ad6ba672d16d50eea59a4e05,ff340a64e540b1d9b12a0b4f37a1a79c0917b81fdcdccac88c736525435144a2
Meningioma__enh_412,412,Meningioma,Meningioma__enh_412,train,Meningioma/enh_412.png,Meningioma/enh_412_mask.png,754f1641038920ebbb9c365c9a9d3708609aadcfc1bcd3a04dc912d7e99df7b2,56dc677225af6b7e8cb3691f0ffb53f03c193a796831540aad466cc88fba5462
Meningioma__enh_413,413,Meningioma,Meningioma__enh_413,train,Meningioma/enh_413.png,Meningioma/enh_413_mask.png,d984c92110252fed28a195ab34494f11d0cca43dd87b7cdf5c26b523203c87bd,7d79663123ef567afe974a2a624d8c999a1654f83337e3c6a3b54cfe17c1c569
Meningioma__enh_415,415,Meningioma,Meningioma__enh_415,train,Meningioma/enh_415.png,Meningioma/enh_415_mask.png,67ac164d481b83ca625d274464d155806dbbca4efee7c76c414320ade1d4a101,392dd3845e9037f371bb2503003c16b6046cea58c35f18d971b202c49178362a
Meningioma__enh_417,417,Meningioma,Meningioma__enh_417,train,Meningioma/enh_417.png,Meningioma/enh_417_mask.png,ccd6e2bd6425c325a291e2a3eccf3debe7e1bd7aca3f0f7ec8ea716073878002,8ec74fb43b448965d23c1fbf91a0ab6c1b56dd5720c57bbab5f4b9f9e9750011
Meningioma__enh_418,418,Meningioma,Meningioma__enh_418,train,Meningioma/enh_418.png,Meningioma/enh_418_mask.png,9975c71054273e9c5a1d544ba8a37ad3c8ef88315db874cd49d82e6231494066,c70320ef193070129f8fb9a344f411e323ea9291f9b15af1a8f4944ba8bfef16
Meningioma__enh_419,419,Meningioma,Meningioma__enh_419,train,Meningioma/enh_419.png,Meningioma/enh_419_mask.png,c9a74207bb62200415481c50f8b30372ebb1b43b95e38960ca96b08fee6df17f,e79abb498a7890487c3ed30d97b7c3c540a07df895ce956627fd48401e7b925c
Meningioma__enh_420,420,Meningioma,Meningioma__enh_420,train,Meningioma/enh_420.png,Meningioma/enh_420_mask.png,44b80dc324d9d987f4bf84fb1462df8d59c2801c00656e0dab700826f87fdfea,c5d233f9ccd6515383cf5d72a08eff489a07d0c92bbe49ab30b3fbbec4a108e5
Meningioma__enh_421,421,Meningioma,Meningioma__enh_421,train,Meningioma/enh_421.png,Meningioma/enh_421_mask.png,9e5128c1cba1904bad8dcda64ba7f805ec3beda28715811d30d2ab0194ad7aa8,b4131a7876973c0d962cb2df851e81abf2a8278c5bd650659dc6b21333520725
Meningioma__enh_422,422,Meningioma,Meningioma__enh_422,train,Meningioma/enh_422.png,Meningioma/enh_422_mask.png,ba569f654344967a56ae50bb0532a178ffd506145a9e19d82010249629691941,8467facbb3a6872e0f14c1fc9acd482f65131e7adc0cafe1b2ab774351b3e6c2
Meningioma__enh_426,426,Meningioma,Meningioma__enh_426,train,Meningioma/enh_426.png,Meningioma/enh_426_mask.png,103d7cb5125f0eec5edeabebb3f7d4f0bbfe4230d52a975dcdf805a152947bdf,a4e6bf8f204e8caf371a72e08c0d10dbc9177e8104a9bf53afff59c2bdecdbe6
Meningioma__enh_427,427,Meningioma,Meningioma__enh_427,train,Meningioma/enh_427.png,Meningioma/enh_427_mask.png,aa974625c68715bd7618c226fc184b36b1aedb00d58ad3056903691f1afd088a,2fcd864803ce7d4c031284980cdd552e6d4e4d9d3eba359c84ad72c9a3c37690
Meningioma__enh_428,428,Meningioma,Meningioma__enh_428,train,Meningioma/enh_428.png,Meningioma/enh_428_mask.png,b089afcad02bd6e3787817722bff88217686e3fff412a9c5bf97b93952ed1070,83e8b5d6284afa283612d328dbeb73ec7ca753a042142d40889e8517c4a6469f
Meningioma__enh_430,430,Meningioma,Meningioma__enh_430,train,Meningioma/enh_430.png,Meningioma/enh_430_mask.png,a0425ff520ab0149bbc9636c6f0503f39eec5ba6356daeffc444dbb0b6666bc3,075db2298afb555a527eeab7e40fc5bb563b6bf38a14a867e604d14c70196a1a
Meningioma__enh_431,431,Meningioma,Meningioma__enh_431,train,Meningioma/enh_431.png,Meningioma/enh_431_mask.png,cdae0484f5abe2a5866405418174f70b814eb506ae9b56b038b0dc83d6bfdd70,ac7536bf9cb60cffa4e642b4d131f1cd2deb4b1734ad01ae972ec08dffc7dfdb
Meningioma__enh_432,432,Meningioma,Meningioma__enh_432,train,Meningioma/enh_432.png,Meningioma/enh_432_mask.png,7c2b3953806f290801124dbc56889cff4046b4e56bbe58b6b9fe3909fa18c68d,5dc354c4cb6bc54e9300c50859e57e7e25c0c2a779e54b20b10531317aa0d289
Meningioma__enh_435,435,Meningioma,Meningioma__enh_435,train,Meningioma/enh_435.png,Meningioma/enh_435_mask.png,fc6e270435f6202d761934cedbf44b99b405758d74895ddc96a3d3eabfdc9dd6,71d98fde9050bd4a7887ec80c812f7446c7f735a60b992801e9ecb222a51144b
Meningioma__enh_436,436,Meningioma,Meningioma__enh_436,train,Meningioma/enh_436.png,Meningioma/enh_436_mask.png,bdb0599b9c043f347c3fc93b56670bfd66ae391f4a1437581c469ccdf8d0fe77,f8e1cbc3874aa86fb6d2b2738ac64b4ee2034b44f2d3457a97b60c09d536004f
Meningioma__enh_438,438,Meningioma,Meningioma__enh_438,train,Meningioma/enh_438.png,Meningioma/enh_438_mask.png,b3cd9e01ad98ffce135e6507506c21be2d871d7baa16cbf7b0f7937059487b28,6f9c5b69fbf1d8e301e6b66743f54fe39170a6ce0d9b769e2b506b12c51d6f08
Meningioma__enh_439,439,Meningioma,Meningioma__enh_439,train,Meningioma/enh_439.png,Meningioma/enh_439_mask.png,ac9f3f418c397f42ffdabf118545e46f38fcefdc08891b3f78e46a79796eca6f,4372ba30eabc604efbf18dd80e7474c59640b4450f6e3c5f69422abb2bd9d71f
Meningioma__enh_441,441,Meningioma,Meningioma__enh_441,train,Meningioma/enh_441.png,Meningioma/enh_441_mask.png,d4361850c99caae935493b50d4942cdaf9785bca2ad238a534875b548099ef04,460aaee100ae38892787db93a716c84936ed9681ccfe8cfc2f4f59e54ef12744
Meningioma__enh_442,442,Meningioma,Meningioma__enh_442,train,Meningioma/enh_442.png,Meningioma/enh_442_mask.png,e27b10e99b284b95f663167479b9f5f5acfbd3dd9e7d6d840baabc021513917c,bb45fb0f2074e6598eb95e39bb4b6882fb4ec73c7dff5683dfed830d401fc880
Meningioma__enh_443,443,Meningioma,Meningioma__enh_443,train,Meningioma/enh_443.png,Meningioma/enh_443_mask.png,ba863e12ae347497d91939df8b29193ac5fe1422e7f1679ef61882a3ec1ff389,decfddee22e5fa393537c158999f68cf290a8a6f98402f405e2fe7db38c179ce
Meningioma__enh_444,444,Meningioma,Meningioma__enh_444,train,Meningioma/enh_444.png,Meningioma/enh_444_mask.png,a6375e53689d8a81cd874976d4e11f350b1db33ead459ecf682d9082764b1fa9,76a4c6b350e88dcf5224e1a965a96b4563cbf223f12822f470b84207900ec44e
Meningioma__enh_445,445,Meningioma,Meningioma__enh_445,train,Meningioma/enh_445.png,Meningioma/enh_445_mask.png,56099d89f677aca4bd3a82bc5ffb0af48f0487258d6ed4cb3a4b033d7ca9ab79,92a39b53f894a0dc94589b355f8e807e6a626a8974737519809cc9eefdb823a2
Meningioma__enh_446,446,Meningioma,Meningioma__enh_446,train,Meningioma/enh_446.png,Meningioma/enh_446_mask.png,141d4ba4f8a4f5d6a69340396aba49e63de9dc78633842b84f199694f99ee831,747d1f629940fe27230232cce06c8a276f0ab2b9e7195b587a2acb1b4ac48276
Meningioma__enh_450,450,Meningioma,Meningioma__enh_450,train,Meningioma/enh_450.png,Meningioma/enh_450_mask.png,8516e0cff0c0bec45784dcb8ae9b6af383703a712847ee6b9ea7cd48bdc4ca1b,921ce2196ce948ce6389442e06cf2caec2665688c43deb7fc1f12629b31833c5
Meningioma__enh_451,451,Meningioma,Meningioma__enh_451,train,Meningioma/enh_451.png,Meningioma/enh_451_mask.png,cd374ddbe0f74fb9fcf572518ee3b817ed21930252148f218315b7c9548bd57d,36e1ccfec8f80bbe097aabdd1ef061237588d1c78f03741e1ef59254a60452fa
Meningioma__enh_455,455,Meningioma,Meningioma__enh_455,train,Meningioma/enh_455.png,Meningioma/enh_455_mask.png,96c4098a2ee9e576d1dc0a34cee0f68413a63c393cad78306920b4ad8b9afa13,dd8da175c9a569ea41fb970f6f791d68e50c61bfdc3788525a8799ccd3ad3e43
Meningioma__enh_456,456,Meningioma,Meningioma__enh_456,train,Meningioma/enh_456.png,Meningioma/enh_456_mask.png,edba9409587405002dd3cff4bb8abf5adbc03d5e4c36c3783bcf08268907a6e6,2f6bc0295a03df8c89967ae8dcfdcc94371c65c9c743537aa8651b0d1a74fe4b
Meningioma__enh_457,457,Meningioma,Meningioma__enh_457,train,Meningioma/enh_457.png,Meningioma/enh_457_mask.png,7e8826de0bb61aa8da179464a6f2c783f17a5a7a24f680584556bc25de9b1bd2,8b7a31bc7af560ab55c7d0d7907088c1f1a82f44e955e3f85e712c2a482b49a2
Meningioma__enh_459,459,Meningioma,Meningioma__enh_459,train,Meningioma/enh_459.png,Meningioma/enh_459_mask.png,b3fdd1b9e420ab3acedc7ae432480ffa58f0aa195da5519595e020c7930696f0,64a9a731adf881ff587c4c89801e09a614b999855d528cf12e5eeccee9596408
Meningioma__enh_460,460,Meningioma,Meningioma__enh_460,train,Meningioma/enh_460.png,Meningioma/enh_460_mask.png,f01807e8b451ab24546320f211be0d457f8d4eb92daba6f10543d524781523c9,2bb463781a06f85a7fbae1de7fed74fa7a2ddd91f519182d63a0d4f2f4d978f2
Meningioma__enh_461,461,Meningioma,Meningioma__enh_461,train,Meningioma/enh_461.png,Meningioma/enh_461_mask.png,f5092691e84b017b3ff728f98d856411d8527dcacfee69d2b89ee3ef0e740ca6,6f10e54950c657d5e5da2db6218afcc769d3d5f0a22d3d7545205c3997b81b7c
Meningioma__enh_462,462,Meningioma,Meningioma__enh_462,train,Meningioma/enh_462.png,Meningioma/enh_462_mask.png,c94ca9d7f1193aaddae51683f6a2638086ccf5473ef80cf05ea4a87e81336fb9,981b8c78cc94e0e214f053fac3b0e32d8e26315a65d90da25ae2c846e8c54741
Meningioma__enh_463,463,Meningioma,Meningioma__enh_463,train,Meningioma/enh_463.png,Meningioma/enh_463_mask.png,45789bb0c625a26b56e8117dd14f2a1f0a749c7dfb4ece7a4c39edbfdb80710a,e6853a23bf8dac1c05418af72d372218401fdc737fc9e3601681742626037cf3
Meningioma__enh_464,464,Meningioma,Meningioma__enh_464,train,Meningioma/enh_464.png,Meningioma/enh_464_mask.png,3b0c779bac02b318155750a567830a88aebec749a3f72b18b2f8ccb434a4e717,b5a71d5a281c5b7d9db3cd42273e3b896ac97b6f380033693a91d208b7d3fb0a
Meningioma__enh_466,466,Meningioma,Meningioma__enh_466,train,Meningioma/enh_466.png,Meningioma/enh_466_mask.png,e04a969ea567cbc3e432c69f4d32a73b025269f9d21b09682c24794eab886c12,e122767ce6986acacfbbbb8988933e35efb94dd88113e132190d6fbdf5b0b58d
Meningioma__enh_467,467,Meningioma,Meningioma__enh_467,train,Meningioma/enh_467.png,Meningioma/enh_467_mask.png,a9dbc5a9ced9d1ccf5ceec81e1c38eaaa4ecceaf37caa7829a58680d853ee2d7,9ca28deecb5b78ca45100390b25b318df8dd6df6c1d38f91d502928c3a293267
Meningioma__enh_468,468,Meningioma,Meningioma__enh_468,train,Meningioma/enh_468.png,Meningioma/enh_468_mask.png,31c263dde8366850688e7cf7d2227391dac04cd0b222b6d95dfa52b7335caeb9,a9d00e3a892c7a3ec545eb8da7396889fcbc6ea88215d473c96d175f0e3d1764
Meningioma__enh_469,469,Meningioma,Meningioma__enh_469,train,Meningioma/enh_469.png,Meningioma/enh_469_mask.png,d8bfeb4e0e0533eccfab80cf61b45906374c549ac20ef4968b41dbb0e1b43610,b67e14c33b98d333dfc0018520996429eea7233e96ce8187450e9d50531cd251
Meningioma__enh_471,471,Meningioma,Meningioma__enh_471,train,Meningioma/enh_471.png,Meningioma/enh_471_mask.png,ae0e4f23d2818daaacb1697cad907e43293e1b14122aacdb8968b0e9e4fd97c1,23d0af2c02ded010f6706f9b989becaa0a82f5094e6eaaaf08cce64f758c968c
Meningioma__enh_472,472,Meningioma,Meningioma__enh_472,train,Meningioma/enh_472.png,Meningioma/enh_472_mask.png,bb104ddd2c281245a5ac3a77718b265251805eb4245f79428e541a56620e3baa,056bbb92418c0295c565e1cc1367e77c3642e1b3bfb4702d1bd6a39ea42af5dc
Meningioma__enh_473,473,Meningioma,Meningioma__enh_473,train,Meningioma/enh_473.png,Meningioma/enh_473_mask.png,97d646ed65a8bb9ad678abc2f5a83cae53792fb87c19b79dcdd96b4cb81d4146,da2cb373d62e02a3a941efa8f3e8c7821f926a8f704a61b3525ae715d534e874
Meningioma__enh_474,474,Meningioma,Meningioma__enh_474,train,Meningioma/enh_474.png,Meningioma/enh_474_mask.png,a951cd1839b49033549945a5da148aa587f57ede786157f68bd8dd1b9a4f530b,c503c54731948888d404051d2b4b15dc102b6d3a8c7dd8dcdeb9e37e3f9bfe45
Meningioma__enh_475,475,Meningioma,Meningioma__enh_475,train,Meningioma/enh_475.png,Meningioma/enh_475_mask.png,5f458d5228b3ad12402c130ceea4b79d2817d2a26f29b210370370357ee40fe4,e3958f0564a7ca679a3325e6be42d7097b9b11b35c1d0a9cf969a9e8c1249475
Meningioma__enh_476,476,Meningioma,Meningioma__enh_476,train,Meningioma/enh_476.png,Meningioma/enh_476_mask.png,6a5ba55b4ffe6cca377699211437c174be403e3c2d00f2bda56277a1f2dacdd7,ff94429f04d3c819118e0f8bba52dfb234a066d2a73a9acfa6d9d438e748a780
Meningioma__enh_477,477,Meningioma,Meningioma__enh_477,train,Meningioma/enh_477.png,Meningioma/enh_477_mask.png,300820be2018cee79e6448b2c4ebf621ec7d384f073661ca88f416146386758e,b8c632297dcc3dae578d5ee2c4797fe8b2f119b0728b2b0c14c7de27bdcb2408
Meningioma__enh_478,478,Meningioma,Meningioma__enh_478,train,Meningioma/enh_478.png,Meningioma/enh_478_mask.png,980c8ccd3f10e7e6b78ef42fac04d1240c03ad83a14478d4253717f22a67ede8,d3f3281a5c043da866c985dbea3b17f70cbc94d9a2a0a8526c120874609066b7
Meningioma__enh_479,479,Meningioma,Meningioma__enh_479,train,Meningioma/enh_479.png,Meningioma/enh_479_mask.png,90ba5fb72c7771a046df8abcd6161139612542e9e6ae180af64a269d07b1e431,367af20f0dfe3a054f3ffb96dd6cdf42c86cc3f95f5bbe683743c17d1e97b66f
Meningioma__enh_480,480,Meningioma,Meningioma__enh_480,train,Meningioma/enh_480.png,Meningioma/enh_480_mask.png,c00b6ecf2d7a85253d99ddafd660b281f3f4cec3c4caf2b4785c76cffd27ca77,d0b356f79824e43ad25e797dd3a6476d85901e06d4b4abeb59016a200cbc8715
Meningioma__enh_481,481,Meningioma,Meningioma__enh_481,train,Meningioma/enh_481.png,Meningioma/enh_481_mask.png,7ce05c12f945da37a84867eb6cc2b495a81548e6791fc7095bc102dc7995e541,b9964208a1ccb22fa0d581284e4ea02b3e4f32577da0bebcb94e901e63858989
Meningioma__enh_482,482,Meningioma,Meningioma__enh_482,train,Meningioma/enh_482.png,Meningioma/enh_482_mask.png,f8fe395764ebff66a4a1974fa43d482e59ae58d317f683c20a9b248cbe2c40cd,8639ed78028bf15cc6c8b8db11891bb20d88c8b916f78e89e975ee8109003524
Meningioma__enh_483,483,Meningioma,Meningioma__enh_483,train,Meningioma/enh_483.png,Meningioma/enh_483_mask.png,ad6a0b6a8bc317238734b63e2c735f1537f89d4cbf9f4d4769cff131206bbe81,13d3c581627fe806764c13ce25cde2343257e1f731b238e11a99f368b988ede9
Meningioma__enh_484,484,Meningioma,Meningioma__enh_484,train,Meningioma/enh_484.png,Meningioma/enh_484_mask.png,8be3cc951386d631e72cec5e414ad2ac28dfa0610ab6da1bff9aabb1d97667ac,683569c923df81afd69bd23563c394aa87ccdbf03f30431dde89f2910551109e
Meningioma__enh_485,485,Meningioma,Meningioma__enh_485,train,Meningioma/enh_485.png,Meningioma/enh_485_mask.png,6a973ef30393f9846f3f499e32ef8a366082c69f222d3470ba5ef656a1d9046d,122732340862d8d086a11cb282e6c6097d299258103caff44d1680171c58df1f
Meningioma__enh_486,486,Meningioma,Meningioma__enh_486,train,Meningioma/enh_486.png,Meningioma/enh_486_mask.png,eda01d5cc9ff4f8ffde921dcafba05b833e9e6a002a1213aaa0d3baef24fe703,5bb04535381140bef2bba2c88868de733ae5875c519c870d81e7afaf010b0d48
Meningioma__enh_487,487,Meningioma,Meningioma__enh_487,train,Meningioma/enh_487.png,Meningioma/enh_487_mask.png,ab235a3ed8b07c12e7ff9d0e605b928f97f809a96fe3398e084427b5fd8ec229,a17b29ec4d98dea4e3f616ab73736daf42ac12d92b6970e1d52d63a7af51cb27
Meningioma__enh_489,489,Meningioma,Meningioma__enh_489,train,Meningioma/enh_489.png,Meningioma/enh_489_mask.png,d3281bf3b83d6d00d70dc484e1ec958f4bec2313375c04ecbc3443466996bfcc,0b6b171282b763ea932fc1179b4ee427842ec2f83fcf2d0595e16b771af9ae65
Meningioma__enh_493,493,Meningioma,Meningioma__enh_493,train,Meningioma/enh_493.png,Meningioma/enh_493_mask.png,8028e246ddd0ae3510a7d456c5fb083f297ec6d91ea7954e3356a8d0c800033f,cf0d82a477eb145333233ff68d47d14bb0ac965befd11fd5e21092d3b3c8ba7f
Meningioma__enh_495,495,Meningioma,Meningioma__enh_495,train,Meningioma/enh_495.png,Meningioma/enh_495_mask.png,8b3064304d7633aea1e0941ae0eda4e02827563ed586e755530f212ebf91b7d5,4462e6ed67045e5d7815c9c226a7021b2963cb035ee01e4490b876d7f4e437f8
Meningioma__enh_496,496,Meningioma,Meningioma__enh_496,train,Meningioma/enh_496.png,Meningioma/enh_496_mask.png,d689039882825d0492ac3bedd34811640af32c250106b65cfdd8ad77ee20c602,33df3437ffd34c3560d27f46871e8bdd7faf91792446a60c8244ac1fcf53eaa1
Meningioma__enh_497,497,Meningioma,Meningioma__enh_497,train,Meningioma/enh_497.png,Meningioma/enh_497_mask.png,d4acf6af6d70f416e51222804335f16ef4a804694e430b49eb4572641732fce8,8aafb757ab7e6594e463f71c23962293e429a81e577b821979879c7758d17157
Meningioma__enh_498,498,Meningioma,Meningioma__enh_498,train,Meningioma/enh_498.png,Meningioma/enh_498_mask.png,a02a926d9007de3bdb6c091690d5ba3d78535b332e678f42adccc42f7868934e,5d57b83aa6503018a7cfedc5172cf9578d2cf2bea0fb9f90c83f1addd5c41dcf
Meningioma__enh_499,499,Meningioma,Meningioma__enh_499,train,Meningioma/enh_499.png,Meningioma/enh_499_mask.png,dc18e6682446037c55727dea1d7cdd0c439c947a2dbea0d02dda4dea6e7710c8,44c5be096bc995de91af4d2537642beddb8f9b13ffe13cd7abd53e64ca3f6c28
Meningioma__enh_500,500,Meningioma,Meningioma__enh_500,train,Meningioma/enh_500.png,Meningioma/enh_500_mask.png,18345c5b6ecccb05fe334081bee642fe39923656ad70e2f8c94284400307d00d,4e34d4397088f545fceeea7fe6041b0273be3bc80c0a6e55dfc94c283e4b33c9
Meningioma__enh_501,501,Meningioma,Meningioma__enh_501,train,Meningioma/enh_501.png,Meningioma/enh_501_mask.png,3792b4499e328c1dc5841718832c295df7d328a96ace8dc24bd7dd55215c71da,e4bf4e116fe78ab91d10909c847d30045572f34639f5c8d7d0decb69be1c9e6b
Meningioma__enh_503,503,Meningioma,Meningioma__enh_503,train,Meningioma/enh_503.png,Meningioma/enh_503_mask.png,ae37a8f7b3c750236a5aa79ea004c0d279e9b9c922d54cb705fbdc42b782f814,df1e5fb21152e04fddf882994de87d6a662d58a067d6e9e86b9b1e5237b60ee2
Meningioma__enh_504,504,Meningioma,Meningioma__enh_504,train,Meningioma/enh_504.png,Meningioma/enh_504_mask.png,2ccfc9d57a5a76956bdc812dc9fc4415218c1c7d13e3498d012066f0549567fb,9cb46de512bb15b4754da514023b0c78f90405de47d2a42e763657862a16a4c4
Meningioma__enh_506,506,Meningioma,Meningioma__enh_506,train,Meningioma/enh_506.png,Meningioma/enh_506_mask.png,acc7bfe4755a35b5d4e5e7d9768b8ad0d55e9fd0c9145f6f705aeea207cf211e,88b78e1f27090e23eb9f935f5e6b4d1b983d5c9c81b00cbbc6b65a388b257389
Meningioma__enh_508,508,Meningioma,Meningioma__enh_508,train,Meningioma/enh_508.png,Meningioma/enh_508_mask.png,a087d516eb3be9eaa8705afef31fb765e76eea6b4ec58f969ca55c5a5debc093,6c4f44d8fae5c334d6e0eb78490a5f52860bd0267ef5049b61110ab38be36064
Meningioma__enh_509,509,Meningioma,Meningioma__enh_509,train,Meningioma/enh_509.png,Meningioma/enh_509_mask.png,2a738faea51b20a8994c90f8103ff2640d975dd8bb0cc346c1b79b28c910d733,4c197b5d9b0743c6cef944aa6d5135ced1a0e0de075291960b088fbf0d61426d
Meningioma__enh_511,511,Meningioma,Meningioma__enh_511,train,Meningioma/enh_511.png,Meningioma/enh_511_mask.png,1e257318d5f4efb3be15feb702ebfc29af577c9c22c957d9c454d28531ec0585,acfade8e933b21c27b3b8a71362b00c24a0cb5532c430d1c297da1df6cdd9c86
Meningioma__enh_512,512,Meningioma,Meningioma__enh_512,train,Meningioma/enh_512.png,Meningioma/enh_512_mask.png,7cdd4e6e1d13a32ca7a1e55b0cf5d594f5d89d96726f0b386e93318785f64be9,8f1539d7afeb0f16753d92e7e503afcd3d1a5fef71c238ff8d4623fdc420b7e0
Meningioma__enh_513,513,Meningioma,Meningioma__enh_513,train,Meningioma/enh_513.png,Meningioma/enh_513_mask.png,69616d2d4d9a7a0110e03796ec1e35043cd1afb864e9adfaa06c929f1bdc8f3b,ca7251b5d867bdb13c66dc87525cf80b82a1ca808f58f5ceb3a1938caf96eb38
Meningioma__enh_514,514,Meningioma,Meningioma__enh_514,train,Meningioma/enh_514.png,Meningioma/enh_514_mask.png,805b40f464a7f8f7ad2e2978e5b71a72da2338340aee670fa08adfcee1d2e91b,05e1d94c776d83e8d7440bf30a214b75a544c31f37ae2976de5d1096ab306744
Meningioma__enh_515,515,Meningioma,Meningioma__enh_515,train,Meningioma/enh_515.png,Meningioma/enh_515_mask.png,cfdef4945847100b10eba157a31a3a38ae4d82ff876b87638785c17955672267,c37945c3a5f16031145e6b8c47e51ce871934d30bdf3f37f84b83943ebf6b4c4
Meningioma__enh_516,516,Meningioma,Meningioma__enh_516,train,Meningioma/enh_516.png,Meningioma/enh_516_mask.png,4026b8239ea181b32b79a39b0b2aa511ae0a446174abc6b4100a8bdcadb5d2e6,5838f8a2592dab750df9791bed5dd0ee437d85bedca3489b3112c9d4645d8126
Meningioma__enh_519,519,Meningioma,Meningioma__enh_519,train,Meningioma/enh_519.png,Meningioma/enh_519_mask.png,0742d22f71586a2e4b1cb3692120cbc571279572a3c3ec88d521f8bea98d6498,5bcc3767bc3a5b10ae6f8ee2fc71c02c6c43d52aecfd64f32415ecdb17ad2e7c
Meningioma__enh_520,520,Meningioma,Meningioma__enh_520,train,Meningioma/enh_520.png,Meningioma/enh_520_mask.png,b69f9ade9c5d6fe65bbbc2e761669931adc377daa58d84c11ffa87c15483fcd0,7acaa311ab876817140dda405cd0b8a9301ebc8f94ca27a52b33e0cf1b73e639
Meningioma__enh_521,521,Meningioma,Meningioma__enh_521,train,Meningioma/enh_521.png,Meningioma/enh_521_mask.png,f5943e21557e85dea514c5463cded0368b187c6d7debf38fb452642e53d1ba19,92f49b73ef2051ab84224f3c1639cc03dd26ebf3ac5143b7347713a80a3d69ea
Meningioma__enh_522,522,Meningioma,Meningioma__enh_522,train,Meningioma/enh_522.png,Meningioma/enh_522_mask.png,068766721ec5fe644de9170da8980f623466bc5057a62aec5ad84635769cf99e,853197e1e4812fa0d981b710867d13417505482a2504fb68053e80ad07b5ce51
Meningioma__enh_523,523,Meningioma,Meningioma__enh_523,train,Meningioma/enh_523.png,Meningioma/enh_523_mask.png,5abdc6fa93ee370d18425ccada605537489686c7326c18c212971a3dbff01c6c,5b0ee737acd1c4ad5cead6b6bd19d6ba44ad62a3e8cf344c1f578b66ef4ceeac
Meningioma__enh_524,524,Meningioma,Meningioma__enh_524,train,Meningioma/enh_524.png,Meningioma/enh_524_mask.png,554cd39a7e6ab08ac67383d9dd01c52edf3c665c356530face3ed0eaca1f4a52,f40419c080ae8949420c452317a84b07e6639e790c239590be025bdc4b18618a
Meningioma__enh_525,525,Meningioma,Meningioma__enh_525,train,Meningioma/enh_525.png,Meningioma/enh_525_mask.png,47dcd151a2516a5d8fd37815c083654b6d03479dcc379c11e2b94d526c4f44d5,89307548ab0f36d0a021276b7d11306d54c7b1d096a44b67e814dac25403c5c6
Meningioma__enh_526,526,Meningioma,Meningioma__enh_526,train,Meningioma/enh_526.png,Meningioma/enh_526_mask.png,1aa05fc104e2d4ead2b44be6ea3852ff4579891395a331afd969db6685c9281d,472ec3f4b4a455d2cf1220376d2710b7b79d4e7a3242c9bec2f54eb9ae4135ad
Meningioma__enh_529,529,Meningioma,Meningioma__enh_529,train,Meningioma/enh_529.png,Meningioma/enh_529_mask.png,53814c54f617e9f554e2b095c7cd2b693e36b8b7d7868cb288056995a5e7c6fc,2a468d79bfc556f3f3c4c5a5ba3eeb65f2c9fe9fba9833fa09207b5017eec88d
Meningioma__enh_530,530,Meningioma,Meningioma__enh_530,train,Meningioma/enh_530.png,Meningioma/enh_530_mask.png,b7254c62669fa33978880a621c0d7a6da54be0f07d0bbf76f415f02e60539c27,c3305dcd93d3e5550853a35b89a75019c6045215b9ae5b40a8adc3390e94f838
Meningioma__enh_531,531,Meningioma,Meningioma__enh_531,train,Meningioma/enh_531.png,Meningioma/enh_531_mask.png,9cef65ad89703a116d2349a56d394a0500ee481d3f566dbe42cf22d5408e9ca1,365d43d8db9fdf07d3f292172ea126a22f9465c3d16f4fcf219f73429a2611ad
Meningioma__enh_532,532,Meningioma,Meningioma__enh_532,train,Meningioma/enh_532.png,Meningioma/enh_532_mask.png,90fa02af2cffb3d37c4cf5cb8fd76ea3f366a0887b167964d231167340945428,368ab9acb92f9efd6e560e3e83e0def83ef16e44daac2461f83a8569ecd536ea
Meningioma__enh_533,533,Meningioma,Meningioma__enh_533,train,Meningioma/enh_533.png,Meningioma/enh_533_mask.png,a95f90ff550daf18145ff7269920d5290181b249949b16b9d64229ca71d37f8f,a6003eeaafbb68967896d06c8f76ce1a6f5a821f7e39c71a4db7a76aa8e24c6d
Meningioma__enh_534,534,Meningioma,Meningioma__enh_534,train,Meningioma/enh_534.png,Meningioma/enh_534_mask.png,66a4b4433eb7a2af55e67d40edcf8e654fa7adb62b6348c9a8208edd486f02d3,7121cdecbe0de67c0e4fbbbfadc4a62942c5a19230e6054e61e4821a573de9e3
Meningioma__enh_536,536,Meningioma,Meningioma__enh_536,train,Meningioma/enh_536.png,Meningioma/enh_536_mask.png,b4e5972a5326687eeb324bb76ae525120f0d33cc91686b3901cceffab18e6133,cb458dbc44d9ca49e74bda9c4870ef11fdd76c3b64a95f0a6096122517598645
Meningioma__enh_537,537,Meningioma,Meningioma__enh_537,train,Meningioma/enh_537.png,Meningioma/enh_537_mask.png,9167d46781167799c65c52b77081dc2dfdfca9b4fb03bca7cca1d2641734caff,b31893278cc54e1a16e84141e9514b7d8761e6d6876c09013f0412344dd5ac01
Meningioma__enh_538,538,Meningioma,Meningioma__enh_538,train,Meningioma/enh_538.png,Meningioma/enh_538_mask.png,6f1ec1ce93e02198958bef2dbbd76f6054c71f3af3e80040a0fa1c8dc6a34f2e,28dbe8cdfb39bf6cfb3674579a40ba85f0602acfbfb9806e7b7766c3bb6b85e4
Meningioma__enh_539,539,Meningioma,Meningioma__enh_539,train,Meningioma/enh_539.png,Meningioma/enh_539_mask.png,5defd2378359bda9db497075b0053a1cc44c4c0751738c4dfcb22ba7668b69b5,9e23651c3319be59fbfb50466686d8a16eb00da5f3e4510714a3ddab60f2578d
Meningioma__enh_540,540,Meningioma,Meningioma__enh_540,train,Meningioma/enh_540.png,Meningioma/enh_540_mask.png,65c20db92cd2672de7846872cbf9182a937c5ed65c29ed835dde44cf98e7e991,a87a5bef7bed46830c0f1b8af133817412b06900fb9c9246c239b00af64e10be
Meningioma__enh_542,542,Meningioma,Meningioma__enh_542,train,Meningioma/enh_542.png,Meningioma/enh_542_mask.png,c39da4e5f45964a881688122a84afa5c5865b6c11f820edc070511074230f510,fefd9e22d08ca63a9d745fbea71c553d2eda8d5c02a1b44267710e9aaea6b694
Meningioma__enh_544,544,Meningioma,Meningioma__enh_544,train,Meningioma/enh_544.png,Meningioma/enh_544_mask.png,5bf0d5caf83b87ab0d295f4b30009e741983edbac41567e535f6ed9e0ec210a6,3c923b1d080786a44a402caea4d23fd94c6fa04c026acf5298125092bc50b550
Meningioma__enh_547,547,Meningioma,Meningioma__enh_547,train,Meningioma/enh_547.png,Meningioma/enh_547_mask.png,3fbd26923c40ccee86021908a11b311eb99744918bc6c379d73bc7034f02fc37,bddd672264a45a3f3a2e979092e826120863e91131cb8e0bb2dbbc1bc7c0cbd2
Meningioma__enh_549,549,Meningioma,Meningioma__enh_549,train,Meningioma/enh_549.png,Meningioma/enh_549_mask.png,4ae294943976c205c0091ffb841560f46118bda83fd4382067f894afa646e174,7750bb18a252f533c210262d191272743c0d1a83adc82b11c26e8a0ffd1268f3
Meningioma__enh_552,552,Meningioma,Meningioma__enh_552,train,Meningioma/enh_552.png,Meningioma/enh_552_mask.png,c61cae129dd5ebb25f34ef9e28bd8dd92a5ff7cba913cf3c1894ec4c858a3a74,e3ada9e93e78390690aea788f45c93d2cb8ac260df4280d7402038ae96fb64f5
Meningioma__enh_553,553,Meningioma,Meningioma__enh_553,train,Meningioma/enh_553.png,Meningioma/enh_553_mask.png,b679220f20f7b583823b0058ad649c1a5e1372015acebfaaa36710bf1925ddb5,3a42b1bd00cbf5a342d02abd69557a135f5d9aba7cdb0b9c3c0a6e498125bcdf
Meningioma__enh_554,554,Meningioma,Meningioma__enh_554,train,Meningioma/enh_554.png,Meningioma/enh_554_mask.png,0504f22182b47cc735386302ac27dfbefb2d5801f7663d7a870a8bfc78100405,de13e458ff060603e70110cdea0011afef6d7557b6984d85cb783c156b0235a4
Meningioma__enh_555,555,Meningioma,Meningioma__enh_555,train,Meningioma/enh_555.png,Meningioma/enh_555_mask.png,b86e554d3e25cd673c2adc7f5aa2c6f50fc8d30b7923bb9aa6a499e9ad8d580c,c0600b4489d41d1cf46cda7a2e86134d839bbae8bbde4b9ce31d954af628dd38
Meningioma__enh_556,556,Meningioma,Meningioma__enh_556,train,Meningioma/enh_556.png,Meningioma/enh_556_mask.png,c3584969a66a1d5a193a8efa225984a136b253bb66cd68fce302ee79f884df79,f5ed3fbfcc8d99d05097508dd76f8ac44e2cea1c7f0d0f366811bc82a0124e4c
Meningioma__enh_557,557,Meningioma,Meningioma__enh_557,train,Meningioma/enh_557.png,Meningioma/enh_557_mask.png,36d333ceaee43a19a1df975cba10b6e879631c2ef6c7fbb73f7b3c19d65d9027,aefab71f8936162d784a6f4b23acb8c482a10899fafcd93eb22f7e6023eb560c
Meningioma__enh_559,559,Meningioma,Meningioma__enh_559,train,Meningioma/enh_559.png,Meningioma/enh_559_mask.png,93f26564f9b37bd2180f4131faee9e48346b71b44e6d5ce370a5606bb3f94192,658353b6b13b6783f9bf8693780d6264517119ba44d636968eede078ff1576d1
Meningioma__enh_561,561,Meningioma,Meningioma__enh_561,train,Meningioma/enh_561.png,Meningioma/enh_561_mask.png,dd98dfc3def375cb053fbbc71c9bde5a310fc46a4926faa31a824ad15a093b51,8ae653773d9a149a0bface6e4ab8607dbcf59827694cd17203a95c8d79148e32
Meningioma__enh_563,563,Meningioma,Meningioma__enh_563,train,Meningioma/enh_563.png,Meningioma/enh_563_mask.png,037b752b4cd97097dba57f1e32b17f1a3db2776b40743012f940be4edf5d2991,7d4115a71d47e6e30938bb7ee292391118daf1f46016f4bfde296fb422356534
Meningioma__enh_564,564,Meningioma,Meningioma__enh_564,train,Meningioma/enh_564.png,Meningioma/enh_564_mask.png,f8dc573c4fc953a1bb4de079839da4c74a149d15e292de4c71e7478f7ff02f1e,1ffefec823a7529d8272956ad73db53b43dfe48063fb723dfe44b7c0ead2fbae
Meningioma__enh_565,565,Meningioma,Meningioma__enh_565,train,Meningioma/enh_565.png,Meningioma/enh_565_mask.png,ffb02d5afde69e233add33ed4d7c6c6787d41bd42ec3d7a0c3ff6915186fc306,7a2d5df68c8ac7a02e12f3d79cf1271af4be200fb7bfb0d23f0e27a5e9f1b567
Meningioma__enh_567,567,Meningioma,Meningioma__enh_567,train,Meningioma/enh_567.png,Meningioma/enh_567_mask.png,a1d01466f5604368d9e59c1ed20c990d528448ef55581bdae8f809679795c681,bd714deb7ba256531e6768ba547faeb3cd014b29814addeb2a3e6046ec20597d
Meningioma__enh_569,569,Meningioma,Meningioma__enh_569,train,Meningioma/enh_569.png,Meningioma/enh_569_mask.png,9411a287cf5e84e3e93b41211acc2692f5b5394024d863dd7c0b589b895cf5a2,0bc5b55639e3ec7d90b80d7b0c89377ec4f9e9445c5f12ea3ec847d9cc44e766
Meningioma__enh_570,570,Meningioma,Meningioma__enh_570,train,Meningioma/enh_570.png,Meningioma/enh_570_mask.png,85028b524b01d8a0d33e650e6b9c2eee0fe2a182d7662e98e9aed426e60b6691,88f65268e0c25a2d0113370661c10b4f3c5a81814e37812fe71534b27821f6f9
Meningioma__enh_571,571,Meningioma,Meningioma__enh_571,train,Meningioma/enh_571.png,Meningioma/enh_571_mask.png,18825b34fae468e87b3d013b4231fc136e8cb04e3e289bc7fca843fdf2c57e22,9649fd82cccf89026aaf183fa67c84d5db4678c0b38b8a3ed43d931eddcaca12
Meningioma__enh_572,572,Meningioma,Meningioma__enh_572,train,Meningioma/enh_572.png,Meningioma/enh_572_mask.png,1b985d4fbc77e037da3853d3b14b4f0068cd0fefece7c80efd8970ca26c9a4e3,8712ef70f96fce14609ec8c1b31c464825c955000125c4c6bfb0c0b940576a10
Meningioma__enh_573,573,Meningioma,Meningioma__enh_573,train,Meningioma/enh_573.png,Meningioma/enh_573_mask.png,f4a0f0b15a710d508fae607d543e8be116e6d31d3a7fb2eafb58f4c054d4336c,92d7874167aed884b8f5855b88584b30ab0fc3a228429e98f61b63e7c948e054
Meningioma__enh_574,574,Meningioma,Meningioma__enh_574,train,Meningioma/enh_574.png,Meningioma/enh_574_mask.png,c7fb4d210c641a3e4891b948ef983018450acc2465ca4df817a51df93edb55d2,9797ec6a86703f88e1603254aa9d0aaf9c48306becd9794fb15bbe78c7e8b698
Meningioma__enh_578,578,Meningioma,Meningioma__enh_578,train,Meningioma/enh_578.png,Meningioma/enh_578_mask.png,ae3e966f957c24e6490ab70b72b05ed12e0e897ea6ac72fde69b1ddb686cc507,29136922a72c9e8d53f8544f7098c6f48ff3c34984649fa94cefa56c129ced51
Meningioma__enh_579,579,Meningioma,Meningioma__enh_579,train,Meningioma/enh_579.png,Meningioma/enh_579_mask.png,d51fe2423915f0209af790892d2b01377ad053665c83be2e5791e0da3fed7fd0,36f873565aedd32e0052de2ae6a384eb9078267a5b3661073684d520ec53e5f9
Meningioma__enh_581,581,Meningioma,Meningioma__enh_581,train,Meningioma/enh_581.png,Meningioma/enh_581_mask.png,51656998cbdb5eb13a374d580f108be2cf784046382b76105d4eab17c636d7d1,be24df60c170279775491f29f902bc3b7dfb7a86c2aa7dcc69d8c63f51e31bcf
Meningioma__enh_582,582,Meningioma,Meningioma__enh_582,train,Meningioma/enh_582.png,Meningioma/enh_582_mask.png,b90950be9a211407b7679eaf149413315ad5a823218892bdf81db147bec5994d,e145fe77854af2dfc96e98b3fdeb0b2065d67465f8c104a8ab27fe41c908fea3
Meningioma__enh_584,584,Meningioma,Meningioma__enh_584,train,Meningioma/enh_584.png,Meningioma/enh_584_mask.png,648937a5bb9c02a303c4e75d408828dca24e4c63f8426843c73ad970fd6417f9,f0d83da3cda4cdc8e064ac62cbe3ba74fb30a7620d15334ca045b7107b51af75
Meningioma__enh_585,585,Meningioma,Meningioma__enh_585,train,Meningioma/enh_585.png,Meningioma/enh_585_mask.png,01a54f8cab99a14ccbe523fe68202d29251e2c653396344713f7cd4beb49f2d1,828f87a3b7007ea0a4af22db30a4909a4688298d1ebf6d236b952296534fa6c3
Meningioma__enh_586,586,Meningioma,Meningioma__enh_586,train,Meningioma/enh_586.png,Meningioma/enh_586_mask.png,1e5ab8a993e844f1d176aa167843587ca81428d50dbb3ae2c6cca926ed1cd36b,676b0697a10898f3e67371ae033b857feeac09d28ef9152b8ab2725d20ae887e
Meningioma__enh_587,587,Meningioma,Meningioma__enh_587,train,Meningioma/enh_587.png,Meningioma/enh_587_mask.png,52b49e2003ceb8402d5e3c40bc4cb98c4ca02a51457eede24645bc9380fd55ec,47e04b59b214b66fc387d5001bad9af8c6ec53ddb77a0db808da28379e922365
Meningioma__enh_590,590,Meningioma,Meningioma__enh_590,train,Meningioma/enh_590.png,Meningioma/enh_590_mask.png,527fd8184c34f34b27b9469bd82fd54968dd68c6a6e065a2462e0c692bf3dd36,1b75dd417bbf9a6db9b2e66c1945f25266caac0ab21f0f0b165213f10caf1aae
Meningioma__enh_592,592,Meningioma,Meningioma__enh_592,train,Meningioma/enh_592.png,Meningioma/enh_592_mask.png,68bb1a09acc4d779a0411938e0c26df98bb1ce92bb183242d4acabb635c4241f,b06ae83bd3069cb264f6f126b1c102215d5cd0533dbdc1e0a5b51219cf383486
Meningioma__enh_593,593,Meningioma,Meningioma__enh_593,train,Meningioma/enh_593.png,Meningioma/enh_593_mask.png,74322641db5548000f15012c7c706e1b7b6e4fb22724a21464a27cbbbd3d2db9,e2d60f0f3365767a2005c4fe6a7875530c35be19c1495198fff7431cf987fdd3
Meningioma__enh_594,594,Meningioma,Meningioma__enh_594,train,Meningioma/enh_594.png,Meningioma/enh_594_mask.png,8a14a7542c6e4d0fe59d6ad6acb889f4f517000ffb33d5872fff35a8fe0cb4ad,4536baa339dc4f340390298f1c0e0b934e3ad8bdbe68a66f132dffbc2dbc7c1e
Meningioma__enh_595,595,Meningioma,Meningioma__enh_595,train,Meningioma/enh_595.png,Meningioma/enh_595_mask.png,d5681c04acdb942526971416abedba9616ae598d6b192f871c8950ab36822226,a184bf2b5209a21de449f6ddf48af7aa2036b56499a8d20a328ef85236540898
Meningioma__enh_596,596,Meningioma,Meningioma__enh_596,train,Meningioma/enh_596.png,Meningioma/enh_596_mask.png,c894e09592250bedfb0332f2ad2acc860072c03b475d342806e8a7cc8212f84f,c1ec4e5d3b56085abf8d7d2530141a1f65398083345a0465731ded6d6fc1cc79
Meningioma__enh_598,598,Meningioma,Meningioma__enh_598,train,Meningioma/enh_598.png,Meningioma/enh_598_mask.png,08b2a8e68679eefbd32f9e56a45013ec70bd77db628478565192266525f0824b,55d42b6bfb5be9055009e29d4dfc408b17a535b708fe3509b1a8f84db3acc485
Meningioma__enh_601,601,Meningioma,Meningioma__enh_601,train,Meningioma/enh_601.png,Meningioma/enh_601_mask.png,a2898326ba272a77788c3374a0865a9e8a9e7e45e73fdf006ae7132fa23292c1,225475c9f9241f191151bdc2c35c9e9c48779e837cbc274070fdb069b1971355
Meningioma__enh_603,603,Meningioma,Meningioma__enh_603,train,Meningioma/enh_603.png,Meningioma/enh_603_mask.png,9d3f2b5b9ad6b7295d0ad34c2ed21f8588ded93a49caea9bd6c6a7a38d3e800d,263be1823a82054a2d3f46faa4946ed92cd5eef226ec702bd946a44681d50338
Meningioma__enh_604,604,Meningioma,Meningioma__enh_604,train,Meningioma/enh_604.png,Meningioma/enh_604_mask.png,a89924f3bab2282548f1296fb8c114946c8505d4a78c91c900c65bbeb4bb6b9a,ac6ecccb2db6fa15be4bc66f4ded2f29fec23ab2c9e0ffe7dbb7e05e912fbb04
Meningioma__enh_607,607,Meningioma,Meningioma__enh_607,train,Meningioma/enh_607.png,Meningioma/enh_607_mask.png,e49ab4a64405e116798d1c82df4a3c60d80b89793d33c7d7ee36e0e7415c3c3d,db1ca9212b1ad9cbba13133b048c9c2fcb81dafdaa76d2ba34c1cd8c35ae214e
Meningioma__enh_608,608,Meningioma,Meningioma__enh_608,train,Meningioma/enh_608.png,Meningioma/enh_608_mask.png,5509e6e39e1b7d0e27ab3cfa01ac61c2d44e56213240cc4ca4c19fd5747ed8e3,9f13665445504be978c8c55389e05e83aa8ae1ad42f2e458e2aeb006aea704b6
Meningioma__enh_609,609,Meningioma,Meningioma__enh_609,train,Meningioma/enh_609.png,Meningioma/enh_609_mask.png,cf8e0d864ca8e323a57563298fd8cc2a0c9480abf6ce841c56e3e29c3044c99a,a914e81c6fc6c2f95053a82105db68f6157d0c570d454c7a053bccf9b1830465
Meningioma__enh_611,611,Meningioma,Meningioma__enh_611,train,Meningioma/enh_611.png,Meningioma/enh_611_mask.png,c71cea70478d7769fa4b177127abd8cf6d97c3135f820580a52d33e618d3b477,d0a669a1ed2aa6a32177494067aa31e2af3d0be5469fea43ddefb582a98e656a
Meningioma__enh_612,612,Meningioma,Meningioma__enh_612,train,Meningioma/enh_612.png,Meningioma/enh_612_mask.png,820ce6d7dc6c0d9cc2ac7cbbbc79c069c387791802926ee6ebc8d73adf818ed5,0a31dc6d0e88c79da0d3fe1ae387a873d4833674c2bd5d90b3241f7e538da7c1
Meningioma__enh_613,613,Meningioma,Meningioma__enh_613,train,Meningioma/enh_613.png,Meningioma/enh_613_mask.png,6ecee20868b0602ec5195583830938c3ee76da9028375724716ea576d9552c25,fd853dd832a4e3e8ac1ec51a7f8ff82792a36cd5c186542338cbf8b568e674c5
Meningioma__enh_614,614,Meningioma,Meningioma__enh_614,train,Meningioma/enh_614.png,Meningioma/enh_614_mask.png,e8e25c3f2963961a3be9526c51c3b5424ccb28753550c5f9f96e3a5c14c5206f,a30b3f6b91d3e3a9108e7743f043bbca039082cd73b2f1cf64c46879bb092053
Meningioma__enh_615,615,Meningioma,Meningioma__enh_615,train,Meningioma/enh_615.png,Meningioma/enh_615_mask.png,051f86b681fb58040d909561d8f1125e24cf146aeb9bbce9e64703bdc57e0a17,5762406c177db471b2319cb98d5f4dfaafbd09b76647a49be94e4b24bc7e3b3a
Meningioma__enh_616,616,Meningioma,Meningioma__enh_616,train,Meningioma/enh_616.png,Meningioma/enh_616_mask.png,ea5247187766317e443c820a0c33bfe6c4e6f497dbcbc59091ac4862fd6aa18b,0b4ab383a2853f5ff2a24420f27296bf91d3b7a3e87db375efa51be4d9141f52
Meningioma__enh_619,619,Meningioma,Meningioma__enh_619,train,Meningioma/enh_619.png,Meningioma/enh_619_mask.png,858751d05c420089c250eb268923d519304bf44c4507c010785decbc3c6261a1,d455b23a70607dca5fe9e0f628029f08ecb70208b6b8cecb055ece81761ef910
Meningioma__enh_620,620,Meningioma,Meningioma__enh_620,train,Meningioma/enh_620.png,Meningioma/enh_620_mask.png,d150d8c5385245ab648745372d3b4f2be9980c686d6cbb00c0dca274be83208e,9a41b749f3325b0501ac4f8fa30e94e962fca31f3d383f45f53b2bef430d196f
Meningioma__enh_621,621,Meningioma,Meningioma__enh_621,train,Meningioma/enh_621.png,Meningioma/enh_621_mask.png,9c5e4a8f7b771f3377171389938ffc7f2d86d312ddeb6b0a290fbc66d9e2b52c,a2ebf77348b2ee679a2c34bf08e9bbcf1bba79fd516f82b8e936b89d1271ccbd
Meningioma__enh_622,622,Meningioma,Meningioma__enh_622,train,Meningioma/enh_622.png,Meningioma/enh_622_mask.png,017cc7a37178f5dce09fc8deb980184d71af37b8620543884e528b8a66d2c264,73ecbe185d80b1ca10d08868c891e903d31ffd56c3a6a142e6b6cdaf1e01ce75
Meningioma__enh_624,624,Meningioma,Meningioma__enh_624,train,Meningioma/enh_624.png,Meningioma/enh_624_mask.png,4c4e0bbdfbf3551baf4dd60a364b28caa01ddccb3ad8d46d887384682be37737,4c54c89a64e5c6eb93eaac0a22297fa786bccfd0f32b8d059f77f7c5fc03e112
Meningioma__enh_627,627,Meningioma,Meningioma__enh_627,train,Meningioma/enh_627.png,Meningioma/enh_627_mask.png,ee0a58e74a74daa4b6205ab4c51fd8974b2a54636f982d5f62d2405a73c4079a,e157f11e38f6b81783dc8b7009de16f8e504fbeb7bb93f6937d3a41fc4e4ef21
Meningioma__enh_629,629,Meningioma,Meningioma__enh_629,train,Meningioma/enh_629.png,Meningioma/enh_629_mask.png,c31f51867df0fda00c26ed2ecfee6c6984fa116d0e5138900ac18dd016af8c5b,b59d846db4f2600e14f8a83d49491a320253b08ebb4c62891e726ab61ff949ef
Meningioma__enh_630,630,Meningioma,Meningioma__enh_630,train,Meningioma/enh_630.png,Meningioma/enh_630_mask.png,524d466c01fd5b9180a3e26031abaed74defe48832d2ac9e9dc955dba0eccb34,09f0da5f50afd5330ef74165924f3bc5f6196f3f2037013d0185529163b05504
Meningioma__enh_631,631,Meningioma,Meningioma__enh_631,train,Meningioma/enh_631.png,Meningioma/enh_631_mask.png,c0256437867e1c8001487baedb081628f07cc376688f122d45f4f9bdc715d8c0,f686cd66ed50404b65d565a1f2dbffe0f83b9c7966d5a28f0047a338dea0ebe6
Meningioma__enh_633,633,Meningioma,Meningioma__enh_633,train,Meningioma/enh_633.png,Meningioma/enh_633_mask.png,a54482e76a625f3402b9f06744f70874aa46e9974f01d077d425e8196fafc738,213d813a43821b97059cb8e4cd52c9fec04d4c59a5d64287fb81fbde7e8e6492
Meningioma__enh_636,636,Meningioma,Meningioma__enh_636,train,Meningioma/enh_636.png,Meningioma/enh_636_mask.png,ba7d83e55a26587083c7e12b0a3de4e85675a6a43fe0871c27c93068548ee9b5,0073f3b2499c1df3b3a561798352515d76a37064dfe29822c52a1ade9878dfdc
Meningioma__enh_637,637,Meningioma,Meningioma__enh_637,train,Meningioma/enh_637.png,Meningioma/enh_637_mask.png,087583792ad21a3a6dc81450ebf005c9e1e8e773206be29121887fbc9bd943d3,ee43c13b3a32199b18c3bb24f7a3a5c09df9eef5338c09f1147633f31e984f17
Meningioma__enh_638,638,Meningioma,Meningioma__enh_638,train,Meningioma/enh_638.png,Meningioma/enh_638_mask.png,2e5b577a911d5b6b01d0708fcf56ed7bc4c6568a4b5d8a76150c8353a51db4b9,ec773f4c3da92d914fdc750da528d983876b4a80cadb78500230a5c82729814b
Meningioma__enh_639,639,Meningioma,Meningioma__enh_639,train,Meningioma/enh_639.png,Meningioma/enh_639_mask.png,053e2bc5b8fe511c5ed355b29050fa437e98a82492bfdff81ef1aee661eab923,674803c1bc61b3565698353c7ae4284549ddd8449f8244bd9be7f21766a4450d
Meningioma__enh_640,640,Meningioma,Meningioma__enh_640,train,Meningioma/enh_640.png,Meningioma/enh_640_mask.png,eb66977ab8a29007d474f940e317d7bb35860e926df8e9a724b34af363c9b9b9,ed246506a1104ce0adad80f052ecd4d8e7851f7969d85bbaf90e99f0b7e87526
Meningioma__enh_641,641,Meningioma,Meningioma__enh_641,train,Meningioma/enh_641.png,Meningioma/enh_641_mask.png,738c474c775f6a3921058d7741c1225e1e88386872ed423ad5a9a0f7e83b575e,6791f79bf333007eaf70ca27240c25b1ad956480c6c96e189b8edb7dd4923f39
Meningioma__enh_642,642,Meningioma,Meningioma__enh_642,train,Meningioma/enh_642.png,Meningioma/enh_642_mask.png,e1350f8993ce4092ea761822f00f4fa308043045c20a238dec3d1024f84c4be1,64f474c6ae24f5780ec9c1bfb0f8dc25628ab654ed5b853f4b863b0c9e22969f
Meningioma__enh_644,644,Meningioma,Meningioma__enh_644,train,Meningioma/enh_644.png,Meningioma/enh_644_mask.png,bc722316ed994ddb7e84d3469446d82e257b25c714c7cb8c28c7bb1aba0ac597,8c8bc15a212b4917f09654b137bc68f924ca99fe1083979f04010d25d975f33d
Meningioma__enh_645,645,Meningioma,Meningioma__enh_645,train,Meningioma/enh_645.png,Meningioma/enh_645_mask.png,dd60920583ea0420df5dcd9222db2b7deb04274ca0c3d0cc4167858d81676604,c0e8570565c41653029dbb0382e81762c0ef86bbf4d319f5852c4197081b81ff
Meningioma__enh_646,646,Meningioma,Meningioma__enh_646,train,Meningioma/enh_646.png,Meningioma/enh_646_mask.png,812272f1ef83edecf377442a65fbd80dbcaca9c1f6bb6c63a87efcf2952d2927,d834b10506a2cdd2e300a853ef5963d15c9a9f6e9f38672f618ffb06e5aee3d3
Meningioma__enh_647,647,Meningioma,Meningioma__enh_647,train,Meningioma/enh_647.png,Meningioma/enh_647_mask.png,ae5b63f516ec717d1730e4d9a7ce732abb92265ec857533e97f00bbcf65a859f,17ee8ca6b41bad35239c13c93535bf1184ff51c8dd0fcdf46167b0aa6b7b03eb
Meningioma__enh_649,649,Meningioma,Meningioma__enh_649,train,Meningioma/enh_649.png,Meningioma/enh_649_mask.png,56d78928f52d25c1bbfbce507520240f8157fc9196f23b97e12a8aa5e2cf0f53,181889357ae1a6c685f5af23fc814e9a84e7d7f26ce86aa9c658fdc7bae07372
Meningioma__enh_650,650,Meningioma,Meningioma__enh_650,train,Meningioma/enh_650.png,Meningioma/enh_650_mask.png,b63cdc43ad9d35f8ab76216cbc56ea919b3af72c88c23473c3a7b0c2aa26ff83,6ec74498cb0b7b9a29d6d7991ec74b694698a68f34d4c9037e84a30650f9225e
Meningioma__enh_652,652,Meningioma,Meningioma__enh_652,train,Meningioma/enh_652.png,Meningioma/enh_652_mask.png,9aa40f9b65950b99c780f80b4f22913de64fa29e82f4afa19986e1d5f750fc90,f26120eb60551cdf7d60dfde61b3f1556fb08c16026f8867db3f13955daeda55
Meningioma__enh_653,653,Meningioma,Meningioma__enh_653,train,Meningioma/enh_653.png,Meningioma/enh_653_mask.png,eede0bc19c1f269bad4cf91111709da6433992ef3baac7627871d961083cebef,c4d4f34a9a5fbd880f2655dc6fc144d86347e0b9d5ca20057257bbbc79fc5767
Meningioma__enh_655,655,Meningioma,Meningioma__enh_655,train,Meningioma/enh_655.png,Meningioma/enh_655_mask.png,037eaf617e371b0f5b8034a6bf811cff1a4166764c98be24371b26d4298f4df5,a9fc6e901aa120ecdd92597aaf6ff1689ea3dbfdf65a773d4eb8031748d3ba53
Meningioma__enh_656,656,Meningioma,Meningioma__enh_656,train,Meningioma/enh_656.png,Meningioma/enh_656_mask.png,b8d0cf581cc309a8327a9c22d2e9bd687d23e063deeaed0531d340b1d2a8c342,6ad07e940fad6127f04b2b604502b7d35467c981c60ef602cc56f4a19b6df4e2
Meningioma__enh_657,657,Meningioma,Meningioma__enh_657,train,Meningioma/enh_657.png,Meningioma/enh_657_mask.png,50a354deb8d0774d4c00f2850696227f9bb2b9c36c4318ab4bcb951dc722ced9,b0f5f8e076625a8700cd389e001e93fbb44f968515dbec435ebe7f0c21695754
Meningioma__enh_658,658,Meningioma,Meningioma__enh_658,train,Meningioma/enh_658.png,Meningioma/enh_658_mask.png,9a9e90696b8eb06da2a66959cfdcacf1b2956d45609931776bac54a67f8a3665,ebe0d23b843a631f3714798febb12c98d1918e7db1ecefa68352af132d2780f8
Meningioma__enh_659,659,Meningioma,Meningioma__enh_659,train,Meningioma/enh_659.png,Meningioma/enh_659_mask.png,0360a423f248ceb5ef1f70cf01bebae88ae32cfe1eb06c678b60e2bdd3ffef59,7bd66e09d0b8b479142e6fc4be46692b5e20cb90b8a30180a6cf5714b0513bec
Meningioma__enh_660,660,Meningioma,Meningioma__enh_660,train,Meningioma/enh_660.png,Meningioma/enh_660_mask.png,0b51d4e9cf515e1be35ad373875ee8dc76dd1ba3a16efb46d2d1442c552f0b82,cc17ce9c881090086fc64b4c8756aa4e4e9fbcb18f98901658a3246dc41b538f
Meningioma__enh_662,662,Meningioma,Meningioma__enh_662,train,Meningioma/enh_662.png,Meningioma/enh_662_mask.png,a27bae82b7d3e1348825e36e81e8ef954b44feb61ee8f0048f71a852248c44cf,8ebe4cd44b5cb5ce7cbf4cf453b2ea732fa46a39106bfd2ff2485f8c0d20469a
Meningioma__enh_663,663,Meningioma,Meningioma__enh_663,train,Meningioma/enh_663.png,Meningioma/enh_663_mask.png,6160725b7dc1342826d577c93bf69bdbbef31b078cb107fe9359658094ad5047,fa9053263801b3c9b35071fd41ec445f791d14be84af94db29b58b8c933d0b64
Meningioma__enh_664,664,Meningioma,Meningioma__enh_664,train,Meningioma/enh_664.png,Meningioma/enh_664_mask.png,ce653a5f28eb350d90e9352031165bdd7bb9cbed6be8c954886381ca8934b6a9,7a3a27aeb546b260a4a5f3fa013ea18482f70cb0c4764b4b48e210714474d7f2
Meningioma__enh_665,665,Meningioma,Meningioma__enh_665,train,Meningioma/enh_665.png,Meningioma/enh_665_mask.png,4f9990e6759cadc18985dbb54f21c84f7a34e4f0d1985c96d4e2bc7087273326,f1c254eacf53b2464e59a69f7db96b4d0f666fd7fc409c44e70870b620084f52
Meningioma__enh_666,666,Meningioma,Meningioma__enh_666,train,Meningioma/enh_666.png,Meningioma/enh_666_mask.png,7cfabbde0aa188a0ba40c502dac80e73bd96b08fe9f77401181bc3530a3dd4d5,c2efa09c90e69c1969d1dbef8f750a25ccf722c0e10dd434015fab5237c57a08
Meningioma__enh_667,667,Meningioma,Meningioma__enh_667,train,Meningioma/enh_667.png,Meningioma/enh_667_mask.png,512a9f99f765bfc1a556988d3d1f6cc3b55713c054016dcff5f487b5071799ee,cd849f2e6497fd862ef2a74a96ef16efbfb9ce2f49be4b2cc6d869db34ea1a09
Meningioma__enh_669,669,Meningioma,Meningioma__enh_669,train,Meningioma/enh_669.png,Meningioma/enh_669_mask.png,c201e506689ec415cd2dcd7c5bc52225f6096584a9ac580ac9e098ccec452bb8,3829a925ccc1c66b966117e82b09764445331dd61178371a195307c9e7a103c0
Meningioma__enh_670,670,Meningioma,Meningioma__enh_670,train,Meningioma/enh_670.png,Meningioma/enh_670_mask.png,035ce4fb2c57efe0d932720b53d1a3c5d1a4a5a0e01c63108482f180bced7947,44cea704e582ddad14b0b2ab0780c753f3695968e566088e07f80065df31ee8a
Meningioma__enh_671,671,Meningioma,Meningioma__enh_671,train,Meningioma/enh_671.png,Meningioma/enh_671_mask.png,f3490b5460c0b82b8896cc2eb2054d3327a80d6eb39350791cfa45c7f72f829b,ac17594fbfd376fa0c2e4215c922c4e1aee0046fafd23a9eff4ccea3987ad963
Meningioma__enh_673,673,Meningioma,Meningioma__enh_673,train,Meningioma/enh_673.png,Meningioma/enh_673_mask.png,c55aecf167a4a34a0a9c82ddb661c919b9b3bab23d7742549ef961e3372e875a,85fbff499c0c9b52feee17db75d8cc526362a701817aa0b8c0598a31710af32a
Meningioma__enh_674,674,Meningioma,Meningioma__enh_674,train,Meningioma/enh_674.png,Meningioma/enh_674_mask.png,25ba3eb996c78d3ee0d688c7d0763a9253e3a6c20f6d224544245f9d0d339664,6f2387ffecaf9e26b6ce816df6184ed6599d5edc3d30cd7828cc2c6ce9388f74
Meningioma__enh_676,676,Meningioma,Meningioma__enh_676,train,Meningioma/enh_676.png,Meningioma/enh_676_mask.png,5cf802a8425b77cbe2d12b06b7bb1753284a09fb9f97c7f256c7c9b7c00d3bd4,a3d96265f537afe433a208bad344f5b2db0424845e4619f3567f9edf884072db
Meningioma__enh_677,677,Meningioma,Meningioma__enh_677,train,Meningioma/enh_677.png,Meningioma/enh_677_mask.png,008f422507df30bc0b35c6affa3e054d89636b16e69b9961dbdb4cfccad4037b,604de80966e956efd4ad8cdce9295de22e0c5e09a727c19e11ab2ee3bc2c1357
Meningioma__enh_680,680,Meningioma,Meningioma__enh_680,train,Meningioma/enh_680.png,Meningioma/enh_680_mask.png,eb432810f11db333862e4cb757c5ea474f9c9ed51b75e2df0ed4db1a1796e1c6,e1e85c15b7f07be68748796e4ef36bfcdf499794ae7a4265e5d82f344fc7ade4
Meningioma__enh_681,681,Meningioma,Meningioma__enh_681,train,Meningioma/enh_681.png,Meningioma/enh_681_mask.png,d5209ce01edc6f2d37b384f768d264c94fb461e1c01e4fcaeeaee5a156a0f420,777fc247e68c2e0281213ac7f59ada4f79abc31eb98d82955d32c40b27eaec4e
Meningioma__enh_684,684,Meningioma,Meningioma__enh_684,train,Meningioma/enh_684.png,Meningioma/enh_684_mask.png,7e53d73438db529a48b5436805518801d8837373071edb7c4dd24cc8d3432025,f8f7b2475663fade56622e490697dd64c751e8a29b47fc168a55441d17cf49ef
Meningioma__enh_687,687,Meningioma,Meningioma__enh_687,train,Meningioma/enh_687.png,Meningioma/enh_687_mask.png,1174195401bef659de6344279e5334d41a61c9371a5db7b18afc60eef16a5c8b,dde90eef5e296bc8c6528a99ad6d1c036a5772028be91e614ecc592e74c9bf46
Meningioma__enh_688,688,Meningioma,Meningioma__enh_688,train,Meningioma/enh_688.png,Meningioma/enh_688_mask.png,cb34758d3e9c6e8a1e0135c116b61e162ac2a60f46aa92d4c993283ca4b04899,7567621a8e3b7d176ded6b5ee18d17140a22053f849cd8dce6689d055d513452
Meningioma__enh_691,691,Meningioma,Meningioma__enh_691,train,Meningioma/enh_691.png,Meningioma/enh_691_mask.png,285c61b6ae6bf5377de7f3bf5412ad551a8de64953c3695a0a170d71dffa49ca,c198ca8aebe790bdcbbd416f3c0b7540b6667615095b0cfc938a6cd7e2e003c4
Meningioma__enh_692,692,Meningioma,Meningioma__enh_692,train,Meningioma/enh_692.png,Meningioma/enh_692_mask.png,04e983ccc09476428f074865174e011dcd1ba0e1cebb8d07334f49039bc7d0fe,ad486a48a7012688075772f6df0de8ce2f18d7ba2b0ef06961c8b07b49c6358b
Meningioma__enh_694,694,Meningioma,Meningioma__enh_694,train,Meningioma/enh_694.png,Meningioma/enh_694_mask.png,4a1aa5562deca6a4941de37977e3c02c5687d48339f1c0340ee50c7b34e22938,ad045aaf5ef0030e79ba15b6d33adca66e771a2f436b6a4c47f4d2d65ee49821
Meningioma__enh_696,696,Meningioma,Meningioma__enh_696,train,Meningioma/enh_696.png,Meningioma/enh_696_mask.png,51a95af7430c53ccfdc074c2880e12b2c2909459a4c8a7b0da05ce38176b344c,de8c8266f34f91d172c7a2527b84208a4da08f34b97fb8a21203d0ef3bc0642b
Meningioma__enh_697,697,Meningioma,Meningioma__enh_697,train,Meningioma/enh_697.png,Meningioma/enh_697_mask.png,2721adadaaddfc14a209730386b3736489ee5923c9e355cc679c34e664eeb72d,1999550acb5311b4e5c2fcf50b135ebc72630c1a25983237e592a265ddfff925
Meningioma__enh_698,698,Meningioma,Meningioma__enh_698,train,Meningioma/enh_698.png,Meningioma/enh_698_mask.png,84fc397aa76bcb2a21d49deda0d320808fe390f08cbc067e80bc66441c9de60e,cfa23ef89d47ff01c84899693abfac2a82b52124962ba5092d75c0825bd3d383
Meningioma__enh_700,700,Meningioma,Meningioma__enh_700,train,Meningioma/enh_700.png,Meningioma/enh_700_mask.png,2b6af28e998d19547467c37b21982bcd59b636fbdb6fbcf7e970613ecf1e6916,11a7cd5ae7e5f29caa2735fab863f165cf9f21e2d6fa6248356c566d53fe9b9c
Meningioma__enh_701,701,Meningioma,Meningioma__enh_701,train,Meningioma/enh_701.png,Meningioma/enh_701_mask.png,b0bd0eb8b66234a6f9deaed1a6ddc71e8857ebcba9c87b9e0fcdbe3715c6cec9,9a21f72cab70730e37b0e65e0599b804403d36354e951fe3c0e5b8ee11539611
Meningioma__enh_704,704,Meningioma,Meningioma__enh_704,train,Meningioma/enh_704.png,Meningioma/enh_704_mask.png,7002a9f1a05fd5f42d95b9c436571b43039683884bd23e1a877ade6a0aba5397,6567cb07f31d6f98db34e15ebfdee26d6e2be7b55a9fe6312fced46121daa948
Meningioma__enh_705,705,Meningioma,Meningioma__enh_705,train,Meningioma/enh_705.png,Meningioma/enh_705_mask.png,19dcaeef536dde5fa008ed01b50aa8aa993b3563ed521d82e1b525549ee03071,9da25b6ecd984293d4f8b6ed3c4fb0fc28e009f97a5d46639833d2f62aaaed60
Meningioma__enh_706,706,Meningioma,Meningioma__enh_706,train,Meningioma/enh_706.png,Meningioma/enh_706_mask.png,3adff576fea39dc1be12a10bd253d1750f52aac450a03dda1771e3fc4340852b,054d57600050a2a94279cd67a6ccb19d28044bc57a826f3efea9f2ffa40d2d41
Meningioma__enh_707,707,Meningioma,Meningioma__enh_707,train,Meningioma/enh_707.png,Meningioma/enh_707_mask.png,0c54ddf11bbff8779efe4502f66cc110c049ebbabea3060fcfcbeba38687f3e7,a7c6b5a29dd277642830fae4b34df6e97692d22a36d2af69e4d4212396d99802
Meningioma__enh_708,708,Meningioma,Meningioma__enh_708,train,Meningioma/enh_708.png,Meningioma/enh_708_mask.png,187fa3d56fae7515f1e021cd49692d5fbc20a8b412f42c6a1319055cb42e834d,c88ee437a73a7f945cdf52971a41d7d4b4d97d1fb00890a85a6be1975ea5310f
Meningioma__enh_3030,3030,Meningioma,Meningioma__enh_3030,train,Meningioma/enh_3030.png,Meningioma/enh_3030_mask.png,cbb183a195fef240ee5cac3ca118dd77393671efd9d7cb2279d6b28fc874aacf,829f40f9933cfee21eac51f62ba1eb8b7029b09ee4b9d11b5891e40f5d057575
Meningioma__enh_3063,3063,Meningioma,Meningioma__enh_3063,train,Meningioma/enh_3063.png,Meningioma/enh_3063_mask.png,6f3c49dbed028b9bd94bac5adccebce1e3762b268428b22758d71ac1ff5055a0,f6704bd74edfdaa863702ff79658220a641f40f5c74589443128efb4b2ed10ad
Meningioma__enh_3064,3064,Meningioma,Meningioma__enh_3064,train,Meningioma/enh_3064.png,Meningioma/enh_3064_mask.png,fb0a48aaf394a89743310ac15e1128b0b0cef353bc8e5c0dcbb64d8e6ff5b51c,71a96b646fa7a3ccdba8a719cab70c46ab60eeb41b6d7bc94a9afb4637ce8322
Pituitary tumor__enh_711,711,Pituitary tumor,Pituitary tumor__enh_711,train,Pituitary tumor/enh_711.png,Pituitary tumor/enh_711_mask.png,dacc2961f1e0cec48f937687c2ccb0dffc7795066b91f2cf7472c22d0c569b79,c1b1bff80e7456080f63bc63916e0ba63ab6a5f54b6fa5cbb487339cccbaaa25
Pituitary tumor__enh_712,712,Pituitary tumor,Pituitary tumor__enh_712,train,Pituitary tumor/enh_712.png,Pituitary tumor/enh_712_mask.png,0e6d7b7db4bb5076475eac4fffc04d5dfda0e1aefd53ef2d89a2ae3bfd10744b,213d4f85f9abc8e514521d0c6877da4da217df5622cc1870d8221b2459dfd94c
Pituitary tumor__enh_713,713,Pituitary tumor,Pituitary tumor__enh_713,train,Pituitary tumor/enh_713.png,Pituitary tumor/enh_713_mask.png,e300e0374d64db87e308ceae1cd94d023d76cf66842166deea48cd3c10643b60,3d8110b2a55f1326b0cb1897391392a7ec6e272268d3daf8aec43a46f93a9ae4
Pituitary tumor__enh_714,714,Pituitary tumor,Pituitary tumor__enh_714,train,Pituitary tumor/enh_714.png,Pituitary tumor/enh_714_mask.png,29cec1c1a0403c1a7c06b92694b3385da58143c425c9b06c550e4d03a45a6b32,e1cd544bd34bdd734c453b01bab4f6cc7098f842f494654799b6e983f54e4013
Pituitary tumor__enh_918,918,Pituitary tumor,Pituitary tumor__enh_918,train,Pituitary tumor/enh_918.png,Pituitary tumor/enh_918_mask.png,8eff12ec20eceaed63f633f3f31f9421f3ae373b6e5bac318feedb6f41eab1d1,fcff88b2825be2b3ed964071aec6fbdf010fb57c00b65e36b46e1dcc3145e5b9
Pituitary tumor__enh_920,920,Pituitary tumor,Pituitary tumor__enh_920,train,Pituitary tumor/enh_920.png,Pituitary tumor/enh_920_mask.png,b035fc4bbd0b049993a0083ce393c463efe7ffc9c6ff714b79c24f999a9e409a,88aa01f58571e60c2edb1f2fe0bcef5b3d787679099f8a2d38a55bf6fa5c1387
Pituitary tumor__enh_921,921,Pituitary tumor,Pituitary tumor__enh_921,train,Pituitary tumor/enh_921.png,Pituitary tumor/enh_921_mask.png,31a266571ebb082ae337dc8d180008d4a704cb82490dd9956ef19a0145f72736,39f742f6cc55e18dfa2936e7d21df8570671e01a0b0df28588a2e823e011c531
Pituitary tumor__enh_922,922,Pituitary tumor,Pituitary tumor__enh_922,train,Pituitary tumor/enh_922.png,Pituitary tumor/enh_922_mask.png,427d959a7e52737855dbdab345d5ffd138123c9a37178fea133b7b9e2b665991,dbb12bf157b5e7d5fa2bd26b8360ec506ee922d8dfa180c47d569216ac208dc1
Pituitary tumor__enh_923,923,Pituitary tumor,Pituitary tumor__enh_923,train,Pituitary tumor/enh_923.png,Pituitary tumor/enh_923_mask.png,d808162fb4c4434246c30e6a6feb7940d6a25b1291164978d8329a71c4563d99,78788330cfc33ebaa13c3f3b097681a49cfd3b79523cbd15863e54fe14560ff0
Pituitary tumor__enh_924,924,Pituitary tumor,Pituitary tumor__enh_924,train,Pituitary tumor/enh_924.png,Pituitary tumor/enh_924_mask.png,972d3668fda70cd1dbc06512548a3dad14e892a8fdd864a53249274f9ff9c2b6,70feb4c99e8a45e818bc4df66b578891100af630f90816c5e0e68c8aa95e3957
Pituitary tumor__enh_925,925,Pituitary tumor,Pituitary tumor__enh_925,train,Pituitary tumor/enh_925.png,Pituitary tumor/enh_925_mask.png,f6b13557dd26e2561414754a065aa454ac76ef9481b56a45ed86c07d4e8f40d5,7f1306c24708b2e8bd79a86a1a7316ceba29336f8ae29b0cca2610ba3a788ad6
Pituitary tumor__enh_926,926,Pituitary tumor,Pituitary tumor__enh_926,train,Pituitary tumor/enh_926.png,Pituitary tumor/enh_926_mask.png,8c72ccddf845c4587c9aa4ab8f5760740dfba4bb4a1f469f3fee30279e43536d,ad7b7c0d680c757a70a46b1f0e3cb0f86b3d43a31a5ff934b7192f6da3b72e21
Pituitary tumor__enh_927,927,Pituitary tumor,Pituitary tumor__enh_927,train,Pituitary tumor/enh_927.png,Pituitary tumor/enh_927_mask.png,6333f0635a5f607215391b677bfb09fb2cbd467cb8fc0a16050c692acf7df4b8,7ca18b59adcf9d946f09f3a36f2a3dc5fcd4a2a4c6854e16dcd64f97df9f1644
Pituitary tumor__enh_929,929,Pituitary tumor,Pituitary tumor__enh_929,train,Pituitary tumor/enh_929.png,Pituitary tumor/enh_929_mask.png,43696839d163efbac1dc22e3d7e593c77390fed9533b2ba8291b916d477232e9,5fa26f9947d7ead2bf1e85b0acf9d109e9ba6722acc0bb6ea430257e2995e043
Pituitary tumor__enh_930,930,Pituitary tumor,Pituitary tumor__enh_930,train,Pituitary tumor/enh_930.png,Pituitary tumor/enh_930_mask.png,54f704661b77f39e09bb9516e251b0165d1e59ab0c8bfcc7bb1714524c9a827b,06039bb0d89820d600dad72ea91451da03efb84b0ae7e74a52d92bbe8058d837
Pituitary tumor__enh_931,931,Pituitary tumor,Pituitary tumor__enh_931,train,Pituitary tumor/enh_931.png,Pituitary tumor/enh_931_mask.png,b6faca224463cad1cf257a1e992119b9bf687e020c9004fd4ab633335bbab254,b15b1343868e0cd7ed220244d2f71a6f82b6a853f57e8680f84808045b0e593e
Pituitary tumor__enh_933,933,Pituitary tumor,Pituitary tumor__enh_933,train,Pituitary tumor/enh_933.png,Pituitary tumor/enh_933_mask.png,962f4861057b95939d748c179a807703131d93fe5cd9e6b797ca191178228611,ae96fd0be09906592ccf13ccaee1b8ac1a526332998bb496096154fd97da1c20
Pituitary tumor__enh_934,934,Pituitary tumor,Pituitary tumor__enh_934,train,Pituitary tumor/enh_934.png,Pituitary tumor/enh_934_mask.png,89d05e80a6da93df9e55d49102a9481e059dacfd3ee1c87b89b73191ac83cd87,ab0daa2a05026c11627d0fec045e51d5045eb0ecada619992484cecca73418f4
Pituitary tumor__enh_935,935,Pituitary tumor,Pituitary tumor__enh_935,train,Pituitary tumor/enh_935.png,Pituitary tumor/enh_935_mask.png,0e711db4b45ebea0ea8c13ed70ac329fba59d4b33115d97f36367e2ec34e098d,17106a540305a2fa87eac9a86b50af11c588b757edd4c33ae481814a877fe81d
Pituitary tumor__enh_937,937,Pituitary tumor,Pituitary tumor__enh_937,train,Pituitary tumor/enh_937.png,Pituitary tumor/enh_937_mask.png,8cc72b4390500ec57a7921387a9686eb1f8ab08b6e5105494e58bdffa9787de3,7f8e0fbd1f191ed1ec7c899b2625e5e91ade273bde2e5c79087d0a56ae6ca933
Pituitary tumor__enh_938,938,Pituitary tumor,Pituitary tumor__enh_938,train,Pituitary tumor/enh_938.png,Pituitary tumor/enh_938_mask.png,03bcfbd65361643d18ac3653e86cf7941e1c6698e2925c8be391237ef624f1e7,52f2e1f827163b4beb6f0e580cb5e6392e6407c25523ed9c25c2e16b78de99d8
Pituitary tumor__enh_940,940,Pituitary tumor,Pituitary tumor__enh_940,train,Pituitary tumor/enh_940.png,Pituitary tumor/enh_940_mask.png,a2dbf38b208189934c8301fff06400a918e2bb5c0f7f0edba990c000dc313f3e,3b129fff597852652836457b631357c235a5fe6d9b7b6c9350d83c2a26ffa974
Pituitary tumor__enh_941,941,Pituitary tumor,Pituitary tumor__enh_941,train,Pituitary tumor/enh_941.png,Pituitary tumor/enh_941_mask.png,25b51781c94effa186d4200e6b96730c238fe918a98c2c4fac64cdef66cc1b1d,f7c9738a44f84e7d3229f63f12986d8c5042d4efd8ecfb37c9df122e0de0d202
Pituitary tumor__enh_942,942,Pituitary tumor,Pituitary tumor__enh_942,train,Pituitary tumor/enh_942.png,Pituitary tumor/enh_942_mask.png,dc04e191b6cbdd0bd1054286af7ce8ed3f49d9746631086c1d6df5ee0dfb7fa7,77b458af968368233b39d430d04502e4a879528415de358114d2e3b7097373e9
Pituitary tumor__enh_943,943,Pituitary tumor,Pituitary tumor__enh_943,train,Pituitary tumor/enh_943.png,Pituitary tumor/enh_943_mask.png,9537a952e832e0da9b974bcf9bb2cd1e80235b89c58b18867546137d4d4c7cac,4da268ee39a33334139b1c9920f5b1b5436585607042613f781ffd3457fa5bce
Pituitary tumor__enh_944,944,Pituitary tumor,Pituitary tumor__enh_944,train,Pituitary tumor/enh_944.png,Pituitary tumor/enh_944_mask.png,bb4c6a942c7a1745f58d0fc4c2a3bd1d4a1c1dd3806539a929e8672011ab91d1,cfc547b688282abc73ad58061ad4b80f2eef281eea5068916fa8a40240a36eab
Pituitary tumor__enh_945,945,Pituitary tumor,Pituitary tumor__enh_945,train,Pituitary tumor/enh_945.png,Pituitary tumor/enh_945_mask.png,1ee88c03c84942cdeca3e755b465af6c6ee342084fbe4a15de2126304aabc465,ec2203b2d702ab81de110067550184cdf9331c974402a6013277be93064417fd
Pituitary tumor__enh_946,946,Pituitary tumor,Pituitary tumor__enh_946,train,Pituitary tumor/enh_946.png,Pituitary tumor/enh_946_mask.png,6705191813e9c1c18dc3243289a26b8927d763c47210fa8676fb6a325b730dd4,b875c50f968c3ccd3100763d2458fc0eddbec08a89f919e87a89f8c79412742f
Pituitary tumor__enh_947,947,Pituitary tumor,Pituitary tumor__enh_947,train,Pituitary tumor/enh_947.png,Pituitary tumor/enh_947_mask.png,fc2ce31b87a7c8ab0ccccf520d91741302f7b8a7f25b1f36f9a32f792369b28a,148b442d29aba9be82fd27981b881a340b6ccb23bc05fd8ed28b9c456677d811
Pituitary tumor__enh_950,950,Pituitary tumor,Pituitary tumor__enh_950,train,Pituitary tumor/enh_950.png,Pituitary tumor/enh_950_mask.png,5ea146b7e286474adcd1e727ea6c68bb9a84d27f5f7798502567b677b4bc74b7,d0df77c6dbb7537cd463da008315692f9f8a9edf6e2d13bbf0de795efd53c62c
Pituitary tumor__enh_951,951,Pituitary tumor,Pituitary tumor__enh_951,train,Pituitary tumor/enh_951.png,Pituitary tumor/enh_951_mask.png,8a0041526a9d39a785808858807bf7d7e9537dca3fb8c4c282cfa39c22c51096,1601a35a9726fb206dab6ee5ca5aecb289cb899b1c0d32456cfe7314b7f7ea54
Pituitary tumor__enh_954,954,Pituitary tumor,Pituitary tumor__enh_954,train,Pituitary tumor/enh_954.png,Pituitary tumor/enh_954_mask.png,266c2fa72967f2d130632e3e2fa576247a1d956f0b21c8b83c62d9a96c33ad74,d87be398f0d340d0b4c41554f683d167dc0f3d0a5ff5082736725b5059f54eb7
Pituitary tumor__enh_955,955,Pituitary tumor,Pituitary tumor__enh_955,train,Pituitary tumor/enh_955.png,Pituitary tumor/enh_955_mask.png,0ca7445962265a0a50fed12357b952282da2b901aabbe4345375e01302170d02,87b3b4a33ed3817c1315c2ef228fc13d8871d452dab8ca51c198b3f5432fe0c3
Pituitary tumor__enh_956,956,Pituitary tumor,Pituitary tumor__enh_956,train,Pituitary tumor/enh_956.png,Pituitary tumor/enh_956_mask.png,5a1e97e968c65f0e99ecc4817a74e975c67784701d6ee63146db74dcc72a0270,b55f96f4dffd2ab715430ad202557a5a87a9575ace6b60f3e33af392afc4cb87
Pituitary tumor__enh_958,958,Pituitary tumor,Pituitary tumor__enh_958,train,Pituitary tumor/enh_958.png,Pituitary tumor/enh_958_mask.png,7bf32f9f8b66eb09e70705d89337012684b8cdb5ec16601f67558d6bbabdf8fd,db52a92225c50e817647e10f35c00d8bee8477a66301566fd751b1681c3b489b
Pituitary tumor__enh_959,959,Pituitary tumor,Pituitary tumor__enh_959,train,Pituitary tumor/enh_959.png,Pituitary tumor/enh_959_mask.png,6c182e487a4959464cdee2a46d906b99e28885ba5bb40f9a579df94901e2038a,4d1c4820d09a09c33a646d1841fc2f671341aa0ceee482240ef901602a0d7899
Pituitary tumor__enh_960,960,Pituitary tumor,Pituitary tumor__enh_960,train,Pituitary tumor/enh_960.png,Pituitary tumor/enh_960_mask.png,64f8eb36f0c047e28c0efa9dd690d39fe8873b6e62c1fdce0ae55c1641157842,d7d4cf406ee6e96a8336133fa6130156a64d90aa1b0cde7bdcb72dffc5c0b6cf
Pituitary tumor__enh_961,961,Pituitary tumor,Pituitary tumor__enh_961,train,Pituitary tumor/enh_961.png,Pituitary tumor/enh_961_mask.png,951eb0f94aee3244f02ad8122738bb2235efd071a0f0420dfb824dca2632aa29,770533a4aa741e98b0220f400ed80f1227eaf58d5779fcc635970356e078916c
Pituitary tumor__enh_964,964,Pituitary tumor,Pituitary tumor__enh_964,train,Pituitary tumor/enh_964.png,Pituitary tumor/enh_964_mask.png,5534c58ac9486bbc19dd9eb421b1bf3f0cd606bf801c53d4bbf0788dc5eed292,a8ede294b0529cc1a4b848558491bc8c0ead94d747a1dd86f2c19bf9868fd42c
Pituitary tumor__enh_966,966,Pituitary tumor,Pituitary tumor__enh_966,train,Pituitary tumor/enh_966.png,Pituitary tumor/enh_966_mask.png,8f62f6f38b2cfeed7a84ea738deab221dc8398409f29cb5ce7b4940d48555359,4a13dd9d5fcd05bad8e816fb5a42550cf25253d8ca557310eb828d5d7da73ea2
Pituitary tumor__enh_968,968,Pituitary tumor,Pituitary tumor__enh_968,train,Pituitary tumor/enh_968.png,Pituitary tumor/enh_968_mask.png,ca82558598b08063a8bfb566f47370d653f91df77b9bdffd7082ab3d263540b6,f56457b3bb26d7012962d511febf991fd9282cdba9979c4cbb27e12fb4ec7603
Pituitary tumor__enh_970,970,Pituitary tumor,Pituitary tumor__enh_970,train,Pituitary tumor/enh_970.png,Pituitary tumor/enh_970_mask.png,830eebcb86dfa0ccc8c2111dcbc272f6e82a2de79f19bd4c18e9f73e13228b6a,63656b384bf4a098f82571c1592f5f54c47e38adff73a96ce1c35d3b2e5d7674
Pituitary tumor__enh_971,971,Pituitary tumor,Pituitary tumor__enh_971,train,Pituitary tumor/enh_971.png,Pituitary tumor/enh_971_mask.png,e9df71050b5012cd95af6d8491ed087412530d3af1bd8126ddad785f418e4595,b1d43793a53759d86c903964b1ea4d355e8f2446f236eb417ba26de06ca91152
Pituitary tumor__enh_972,972,Pituitary tumor,Pituitary tumor__enh_972,train,Pituitary tumor/enh_972.png,Pituitary tumor/enh_972_mask.png,47130d5b7da5a88ae612846514936d9fb75f38cb1ca39ccae8fb8f43e09e33e0,8837dbea37dc3fcea5d8ec17edd72c5485e301213110ef01331d11211ef1562e
Pituitary tumor__enh_973,973,Pituitary tumor,Pituitary tumor__enh_973,train,Pituitary tumor/enh_973.png,Pituitary tumor/enh_973_mask.png,78513cee1f97c51bddbfdefb01053677fa70989a92779cc391bc5839d12f305e,8f4e267a7a8b7593bd64ed01fa655c1c580e6a15a3815c33f30265c9ad0fd9a3
Pituitary tumor__enh_974,974,Pituitary tumor,Pituitary tumor__enh_974,train,Pituitary tumor/enh_974.png,Pituitary tumor/enh_974_mask.png,6a57938ecd340dc0a73d08a8c381847f8491fad9be453adcd72c4178cd752a77,c63912849efb39d0fb65ca68b8f6cdf82150da7914dc6dcb31080a7b50cd783c
Pituitary tumor__enh_975,975,Pituitary tumor,Pituitary tumor__enh_975,train,Pituitary tumor/enh_975.png,Pituitary tumor/enh_975_mask.png,318d83be1c95176a0843fecd0b951e8072bcc1bc6eea38f6891aa0f0f68fa8b2,484ced03077035d915a606a58256631f0c3194b6730bb23de00e006d716d9b40
Pituitary tumor__enh_978,978,Pituitary tumor,Pituitary tumor__enh_978,train,Pituitary tumor/enh_978.png,Pituitary tumor/enh_978_mask.png,425fa029f5828634b63e0994024ca3a5761ecb5dd418cd4d82da381a9693cebb,efd9e3ded548b10484873282264f63fa1a3f2df3401a59a047d584e5d1a0c4ed
Pituitary tumor__enh_979,979,Pituitary tumor,Pituitary tumor__enh_979,train,Pituitary tumor/enh_979.png,Pituitary tumor/enh_979_mask.png,95d8e32ff00d6a7cf6ab4746a54b5a07a953044a3f1dc88720f459efe730fa68,71352ad9b578054574f8c7683ec490e9a1e2974186ff9c17a068ce5b3830f72f
Pituitary tumor__enh_980,980,Pituitary tumor,Pituitary tumor__enh_980,train,Pituitary tumor/enh_980.png,Pituitary tumor/enh_980_mask.png,edbfbb61206417e918be84b0b651b0c3b7aced6ce5e9526e419eb0cb04d3dc1d,e496fb6968996c202b524748338c2430183b7f96b27447b32c87d39e62457f7c
Pituitary tumor__enh_981,981,Pituitary tumor,Pituitary tumor__enh_981,train,Pituitary tumor/enh_981.png,Pituitary tumor/enh_981_mask.png,bd15f3b2ebb09b34f624d0c30f4b1230746dbbb6ae3c914a71c9b5013b06b44a,757f438bab84df144745392373949c661cabb028c8ce4584f2d1faee176bf7ba
Pituitary tumor__enh_982,982,Pituitary tumor,Pituitary tumor__enh_982,train,Pituitary tumor/enh_982.png,Pituitary tumor/enh_982_mask.png,282a201b24ca684488ea2574be292517e9dcf349be92285a7fe996af57526108,975fe3f73bf194455958b26875a254a0da5e142262e587efc0f0ad3b4eb89484
Pituitary tumor__enh_983,983,Pituitary tumor,Pituitary tumor__enh_983,train,Pituitary tumor/enh_983.png,Pituitary tumor/enh_983_mask.png,ddf8372604cb717f39343ea1e7814c30e29b7aa671d0c5ef98b27dcd9832079c,59fa0602b7dc91a76662a4ba27b34a317f8e716b2dd14bb88cec703c78ff7f0e
Pituitary tumor__enh_985,985,Pituitary tumor,Pituitary tumor__enh_985,train,Pituitary tumor/enh_985.png,Pituitary tumor/enh_985_mask.png,8b7c5652d047f674b3b6b9d6d430626a2aa64e46d6215058273bfef5b8b063f1,94171ccbc6f1c178b9e380974bc7626d8074ab7eba0ff56be489086bb02ddd71
Pituitary tumor__enh_987,987,Pituitary tumor,Pituitary tumor__enh_987,train,Pituitary tumor/enh_987.png,Pituitary tumor/enh_987_mask.png,082945dbad006c593a4a0af4adde16aa7f21925779fdd6f6fac1e647c7308de5,1bc7ef2a84ccff0b5d3f9172f58f8b019a18fb7a90386dbd648b02b4ffe7fb20
Pituitary tumor__enh_989,989,Pituitary tumor,Pituitary tumor__enh_989,train,Pituitary tumor/enh_989.png,Pituitary tumor/enh_989_mask.png,ea5c837981e86a346889ac83e3d5df78577ae35acbf3afe95e76b64b7ad260ad,01f1797312bd8cd1cf248febc79dfd4859e24d0ad56fb97a9b1915ed4d402eeb
Pituitary tumor__enh_990,990,Pituitary tumor,Pituitary tumor__enh_990,train,Pituitary tumor/enh_990.png,Pituitary tumor/enh_990_mask.png,b0eddb244924428d26085c58339f48db8822e0d6e3c25bc12f3413ca8b48a42a,5fd57b40c8c54919aa55371258f44bf87038e9f0ee5b1bb8b8bfc9ed362bc02c
Pituitary tumor__enh_991,991,Pituitary tumor,Pituitary tumor__enh_991,train,Pituitary tumor/enh_991.png,Pituitary tumor/enh_991_mask.png,a60ad9b904f36f7af98a7e718613d7f0dfc5547a4128d7ee069fed414d7cdca6,9871b301fa2d41d589758719fbfa169cf8aabf5bd4e5c1e9cb2500540d01585b
Pituitary tumor__enh_995,995,Pituitary tumor,Pituitary tumor__enh_995,train,Pituitary tumor/enh_995.png,Pituitary tumor/enh_995_mask.png,57bc7396d6f3ab6a7073fbb4fb62d62da52db13f6ab435c9425ccdcabc41d8a5,4d3b0661d38ebda5f67396c18bd64962d2e460f57961fce1d5cd9e144b59f730
Pituitary tumor__enh_996,996,Pituitary tumor,Pituitary tumor__enh_996,train,Pituitary tumor/enh_996.png,Pituitary tumor/enh_996_mask.png,67d6df66f3628d52ccf8ae71cc33a204172ab143526811e71a8c3f63e5ee3713,d654c2c153a2b708aa8633bfe42194e2a428d47c4b6fda310821865b41af1380
Pituitary tumor__enh_997,997,Pituitary tumor,Pituitary tumor__enh_997,train,Pituitary tumor/enh_997.png,Pituitary tumor/enh_997_mask.png,dfba8401ad6ffad64652ebd60acc5a37bf43f37564444c5fab07c886186d763d,34b76563d5d312e7011703c21be156c3055d1c056d9ee9760ec7643679a2df5b
Pituitary tumor__enh_999,999,Pituitary tumor,Pituitary tumor__enh_999,train,Pituitary tumor/enh_999.png,Pituitary tumor/enh_999_mask.png,64c131bcdf1496c32188bc64cdbd79ee772dda4a8ecf3ebdeb37729ff53658c7,e0966bda2e8465602fc64cdcb559523bb39ed37e44e40744b8664b939938cff3
Pituitary tumor__enh_1000,1000,Pituitary tumor,Pituitary tumor__enh_1000,train,Pituitary tumor/enh_1000.png,Pituitary tumor/enh_1000_mask.png,df8d5ad2202f63ebd44ec28ca47072118facb1c6868a8dee9b00d349ac970f33,99031641e824f71f6cf213d1b7b58d8c816850320be03e16116ddbce9ebfbf8b
Pituitary tumor__enh_1002,1002,Pituitary tumor,Pituitary tumor__enh_1002,train,Pituitary tumor/enh_1002.png,Pituitary tumor/enh_1002_mask.png,6fc4f3208a14e49a50d5214807f82a51875a6ffea16c6d22aead1dd26f08e019,27c3e3de1d9f8cd260c8b89bcfe9e78134490908e71bce4c2364a9438bdb9455
Pituitary tumor__enh_1005,1005,Pituitary tumor,Pituitary tumor__enh_1005,train,Pituitary tumor/enh_1005.png,Pituitary tumor/enh_1005_mask.png,455f12977094340eed73f119c85a925e703028d6535fe6b001e537421e8b8832,8015023018c2789e37829b2e56a18c7ebcaf69e4460d9191acb5b14d820ec182
Pituitary tumor__enh_1006,1006,Pituitary tumor,Pituitary tumor__enh_1006,train,Pituitary tumor/enh_1006.png,Pituitary tumor/enh_1006_mask.png,01ea27e253f67ecb2184f366d96e51f95a28d1a0ac386bdc12c4990695d053e2,1211c4840c5c3a4237f40be88e2aa728ebcd03a5a3a29032c9687203f0ce3aed
Pituitary tumor__enh_1008,1008,Pituitary tumor,Pituitary tumor__enh_1008,train,Pituitary tumor/enh_1008.png,Pituitary tumor/enh_1008_mask.png,897bdd5d89fe9107c47d49badedfc65470196e44c89aaad24abd3816ff51c3cd,0377c441040a2c3aa7d0a4b780052aafb36f6da2226e2c796344a6881aac0fd7
Pituitary tumor__enh_1010,1010,Pituitary tumor,Pituitary tumor__enh_1010,train,Pituitary tumor/enh_1010.png,Pituitary tumor/enh_1010_mask.png,ef010ce5b524958978dda1854c4409078941655b2f22384c0b9a15a7e376ef7e,9bd07772dffd8c711a2a39c034f98da1f0bf57b033173579c7d64c4ed6f9034f
Pituitary tumor__enh_1011,1011,Pituitary tumor,Pituitary tumor__enh_1011,train,Pituitary tumor/enh_1011.png,Pituitary tumor/enh_1011_mask.png,4918820c012ea29623f9efaa9095f81cc0f6b7942aa09989b958a2fb6d70a90c,c12c41671c49f79db8561014436bdc1af915a7b0a5d950a21604324ee3365182
Pituitary tumor__enh_1012,1012,Pituitary tumor,Pituitary tumor__enh_1012,train,Pituitary tumor/enh_1012.png,Pituitary tumor/enh_1012_mask.png,97d6b42158c8ae857c77da2a439f06b1c7f2020108877e243b26dae180e78a6d,c34cbe70dab22e57fa431df5f82b7ff69e400c72761e5c1f77b9c8336c704423
Pituitary tumor__enh_1013,1013,Pituitary tumor,Pituitary tumor__enh_1013,train,Pituitary tumor/enh_1013.png,Pituitary tumor/enh_1013_mask.png,f45f28772759894eedea77e5d6351f9a02268a7fe01ea8bce5a5ead80085d3a5,7ced08c9e770b18402565edccc5b03e2beca47546bc5d89e2d3186407468fd5c
Pituitary tumor__enh_1014,1014,Pituitary tumor,Pituitary tumor__enh_1014,train,Pituitary tumor/enh_1014.png,Pituitary tumor/enh_1014_mask.png,eb05f6026c0135eb56d1f6209dcddf8c7089c3afff16bbf64565546b96080980,00c1a9fd29d2979809611c629ce8c45986b3164354e6fc8194449e46bf609ab3
Pituitary tumor__enh_1016,1016,Pituitary tumor,Pituitary tumor__enh_1016,train,Pituitary tumor/enh_1016.png,Pituitary tumor/enh_1016_mask.png,91749d95a8d67b0574619ab5d5bc17280e67a8af4608e26ee7a0f84f42588ef5,279f9f455f4bf56fdb046b03c91050f05911cc4667113b0a9aa3fc67040f6339
Pituitary tumor__enh_1018,1018,Pituitary tumor,Pituitary tumor__enh_1018,train,Pituitary tumor/enh_1018.png,Pituitary tumor/enh_1018_mask.png,eeaf6a25b9bbe021c623f545b1624f23a758496ea6da180805e8adc1f9c142f9,c0d6be17ecd67ebc966d9d964e13139b4ba167fd53a7cabf57e54ff6ec424ca2
Pituitary tumor__enh_1019,1019,Pituitary tumor,Pituitary tumor__enh_1019,train,Pituitary tumor/enh_1019.png,Pituitary tumor/enh_1019_mask.png,6e05c06ae2dfd7c9f01d49c935e704b518f0fe844a9c690765abeb9e2706e1e4,25b4a341887b122f14ab3e6b64291c639a891ddaa445a2dd355edaccc01bce63
Pituitary tumor__enh_1020,1020,Pituitary tumor,Pituitary tumor__enh_1020,train,Pituitary tumor/enh_1020.png,Pituitary tumor/enh_1020_mask.png,2d92bb769ff2f054bd85ce73ebf1c91c37b58775b65163ff825eab8044206191,dcc051b1aae38ab2f170470b95427447b6b625b72fbba6b0406c62a52bfb95b9
Pituitary tumor__enh_1022,1022,Pituitary tumor,Pituitary tumor__enh_1022,train,Pituitary tumor/enh_1022.png,Pituitary tumor/enh_1022_mask.png,5a5cc20dee00219666df1bc89b0141579a541205da3b64638c93c729b0cce21c,a45d76ec0140cfb7f0f10d555632f3d011d41ad5d82e46a818ba21d3aee1e47c
Pituitary tumor__enh_1026,1026,Pituitary tumor,Pituitary tumor__enh_1026,train,Pituitary tumor/enh_1026.png,Pituitary tumor/enh_1026_mask.png,4c14cbc356f2ae487a23b785200f1fb6402394108fdd7a714cc726066d418f0b,d71699f42ee3da7558c09fcf8e45c1d0e0c47ec266112f6e5bebbe1b1fc5309a
Pituitary tumor__enh_1027,1027,Pituitary tumor,Pituitary tumor__enh_1027,train,Pituitary tumor/enh_1027.png,Pituitary tumor/enh_1027_mask.png,d360411561e8bc76f3009506eeb06874df1314cfe8489a9ee14ad08fbaf2a68b,f323ff805c02028444b0ad3d16d694d459fef801ee836b66b7802b377e876d65
Pituitary tumor__enh_1029,1029,Pituitary tumor,Pituitary tumor__enh_1029,train,Pituitary tumor/enh_1029.png,Pituitary tumor/enh_1029_mask.png,e029885933adc35eddd6e88539b0610a3033b41bd7bdeedbd6fabf1821ad8c97,9f219d25b31c7b34c5d2f870b26e0e53d17c698477560cd333757fd30409757b
Pituitary tumor__enh_1031,1031,Pituitary tumor,Pituitary tumor__enh_1031,train,Pituitary tumor/enh_1031.png,Pituitary tumor/enh_1031_mask.png,a9c8db3ab89f884e17412436bffd769239b8122b42d19415a4fecc9f724c0b17,9733578d7b95c05163deb403a97975ec79e41a6235a3c9cdd07bfcff0353e67c
Pituitary tumor__enh_1032,1032,Pituitary tumor,Pituitary tumor__enh_1032,train,Pituitary tumor/enh_1032.png,Pituitary tumor/enh_1032_mask.png,039c897ae7ad8d7f8031af24cb897456a49f288f9e57e78a903724e3e4a976d6,24563d3ffbeed3cf0b4af8b626b2064754a3cc2f99cb0eef59484c9e66cf8c90
Pituitary tumor__enh_1033,1033,Pituitary tumor,Pituitary tumor__enh_1033,train,Pituitary tumor/enh_1033.png,Pituitary tumor/enh_1033_mask.png,03d81e26d32194c008ea0fae44928f465c798be59ba5a343a059cd5edcdcd665,c7c9ae396d24c5e29d421ae4cd4a2c078f224bb93ec7b29eb491acad94524aac
Pituitary tumor__enh_1034,1034,Pituitary tumor,Pituitary tumor__enh_1034,train,Pituitary tumor/enh_1034.png,Pituitary tumor/enh_1034_mask.png,64c3a418b082187abc504ff0b2dc11efd859581b42cda12be2ac86623cedd39d,1f59de875584af1577da0367413ec0fbf4b8059a17a418d0b9054ca64a0c6167
Pituitary tumor__enh_1035,1035,Pituitary tumor,Pituitary tumor__enh_1035,train,Pituitary tumor/enh_1035.png,Pituitary tumor/enh_1035_mask.png,f48f08b8520bb88a90f187729a32f4988ea066f44a83d64348ccf5746a1315e1,938cd3175df2bbc8e7a40b38f68206af41d6e3960a66469386217d6c8cd150bf
Pituitary tumor__enh_1036,1036,Pituitary tumor,Pituitary tumor__enh_1036,train,Pituitary tumor/enh_1036.png,Pituitary tumor/enh_1036_mask.png,b50fc208cb3954e2c4f84c67998dedc3b3b4e54cab1850cf8ce03580db2afe71,f9a7b7dc94537e629bcd038e3cc8e9f9817b621a8e1b06b50bbb179db6f7c5c4
Pituitary tumor__enh_1037,1037,Pituitary tumor,Pituitary tumor__enh_1037,train,Pituitary tumor/enh_1037.png,Pituitary tumor/enh_1037_mask.png,1c65f9ad2724cd0a36ea8cea20c4bb29be814696fe767ba1556894248ed907eb,1762125030d604dd747ac63b1dc6200305f94cb1ff51182bc5f8545ce0241787
Pituitary tumor__enh_1038,1038,Pituitary tumor,Pituitary tumor__enh_1038,train,Pituitary tumor/enh_1038.png,Pituitary tumor/enh_1038_mask.png,dcf84cdc178fbf900ccf99377e1eaa70cb21297a2dad363d2159ee852badaf8e,9d3ca947bd5f24f71d4d393e9b379bb52701c555ff4e3d2795292291905861b5
Pituitary tumor__enh_1039,1039,Pituitary tumor,Pituitary tumor__enh_1039,train,Pituitary tumor/enh_1039.png,Pituitary tumor/enh_1039_mask.png,e8826155b79e3d6b3d3bd0e79138765bd1df068b9dc6514a4d0f48e5cef36c76,481fbdc1ba88cb63d0fecb17ef94371e04be0e4810267371aecbe2676add7754
Pituitary tumor__enh_1040,1040,Pituitary tumor,Pituitary tumor__enh_1040,train,Pituitary tumor/enh_1040.png,Pituitary tumor/enh_1040_mask.png,6f6cb9cac7e685f95d12e7c70761de1a002a71ffd0cf5eed9260f9ea47dcb583,548788149d3744617d29528deab74e0123d83aa867062cd204ab48a4b3d9408b
Pituitary tumor__enh_1042,1042,Pituitary tumor,Pituitary tumor__enh_1042,train,Pituitary tumor/enh_1042.png,Pituitary tumor/enh_1042_mask.png,076008f25f09cc142a1d84711f3193642d3ab6ae51126486789c02ae0395c9d2,2d60f39333b5bb7cbf074ae88f63d51331e96e0ff786ba0db1e504c2d5a1433d
Pituitary tumor__enh_1043,1043,Pituitary tumor,Pituitary tumor__enh_1043,train,Pituitary tumor/enh_1043.png,Pituitary tumor/enh_1043_mask.png,81ea1681536ae0bd297d9977dda2ba7ef842c9c81b20643e7c5c85fb58a1990e,6ee8f6dd90e9e373cd8996671dc5b869aaea933bcf0326b71a168ddd0cc09614
Pituitary tumor__enh_1044,1044,Pituitary tumor,Pituitary tumor__enh_1044,train,Pituitary tumor/enh_1044.png,Pituitary tumor/enh_1044_mask.png,f4ad4138c57653b63ddf5e92dd2a4fcf34cce1810ff55cc0871a7bf9a20ccfac,ad07d880361f82f21ea7aa1282c3d4bb20bf8f7e15139a122c4a03084f4fe66b
Pituitary tumor__enh_1046,1046,Pituitary tumor,Pituitary tumor__enh_1046,train,Pituitary tumor/enh_1046.png,Pituitary tumor/enh_1046_mask.png,30b87a8c83bcce33cf299d2f0bca21ebfdd652f91677f6fca82e41a6571f3d74,0e85745a875a46f2a2dc435585c4434cc6447af6770e83e85978d6868b546c6e
Pituitary tumor__enh_1049,1049,Pituitary tumor,Pituitary tumor__enh_1049,train,Pituitary tumor/enh_1049.png,Pituitary tumor/enh_1049_mask.png,0673161db2e5e34f9ee00750e51be1d6005a803b47399f313f6d26306b47cf1b,c963f056a05f03d10470e914c5a200d8aea1296d37b9cf2314266239e935194f
Pituitary tumor__enh_1050,1050,Pituitary tumor,Pituitary tumor__enh_1050,train,Pituitary tumor/enh_1050.png,Pituitary tumor/enh_1050_mask.png,eb285b25b8e984c346fad3299f485e5c969eed4d70f27f611b1083e15e7867f6,f6f9b4a9145e7b78577205b530cc9273f7eecb4032461673e0f0a8ea9e51e408
Pituitary tumor__enh_1051,1051,Pituitary tumor,Pituitary tumor__enh_1051,train,Pituitary tumor/enh_1051.png,Pituitary tumor/enh_1051_mask.png,1e01f7b90847f57343e3cd8220727b88c1962b07607d670391ca2185dda417dd,b707e28d1c937bfa25b4c6358fadc3059e152f493a8ca25fac4184f9d5d415fb
Pituitary tumor__enh_1053,1053,Pituitary tumor,Pituitary tumor__enh_1053,train,Pituitary tumor/enh_1053.png,Pituitary tumor/enh_1053_mask.png,8026a7142b689f70a93a6a6ce7e9ce52d02774cded9eb20716107bbadae90fff,0127646c2c4db312d0bd08ec04a8f2ecf3b8da959bdcdd62a57b6fd01458d4a8
Pituitary tumor__enh_1054,1054,Pituitary tumor,Pituitary tumor__enh_1054,train,Pituitary tumor/enh_1054.png,Pituitary tumor/enh_1054_mask.png,fe3a25ee5d6d7b130963a17977ccfe578f389fd2068db9db24b5f4b653543bd9,f90d02a538391d36474f6333de8569176f9f4c3847cfb3c3b24ab17db712d54d
Pituitary tumor__enh_1055,1055,Pituitary tumor,Pituitary tumor__enh_1055,train,Pituitary tumor/enh_1055.png,Pituitary tumor/enh_1055_mask.png,cf5ca59f4618417c200726d3503a049f5fbe220b59072a4facdc64ffc33d3510,e320defa88b614d9cf30b1be72411d136d5d8794d1672bd0f64800aef3f359db
Pituitary tumor__enh_1056,1056,Pituitary tumor,Pituitary tumor__enh_1056,train,Pituitary tumor/enh_1056.png,Pituitary tumor/enh_1056_mask.png,7a7da486acc5b1dc1bd1128e0dafc71feeadd98c9e6435936464bc9c155865bf,000d720ca01e6978ed33d3eeee01f23a9b0362671879f17a20e1878a0c6eabd0
Pituitary tumor__enh_1057,1057,Pituitary tumor,Pituitary tumor__enh_1057,train,Pituitary tumor/enh_1057.png,Pituitary tumor/enh_1057_mask.png,345357a38bb899c05be87cddb9c29e44e771285f77c2828cdc654a5c1ddd473b,2d7f0ce470b5e2145a1983937dd69b6deb3b16fb45246d5dd9c8b57c6f3a4d0e
Pituitary tumor__enh_1058,1058,Pituitary tumor,Pituitary tumor__enh_1058,train,Pituitary tumor/enh_1058.png,Pituitary tumor/enh_1058_mask.png,649c671a468dd3a14e7bffe348727add22703f5cf32c92b714dea7f0a74da16b,e83497823e864fd768046bac569d23190b64a1fcb66e04b96fd06449ea7fda9a
Pituitary tumor__enh_1060,1060,Pituitary tumor,Pituitary tumor__enh_1060,train,Pituitary tumor/enh_1060.png,Pituitary tumor/enh_1060_mask.png,e3a03c86390422ea5a86b3dcb167e7f2202bc6bb4add7a0411255eb72af9e5c8,2b6f2e3309d2d1853329b0cb7d04f98851c6a18b9e89c5d0255abdd147ccba35
Pituitary tumor__enh_1061,1061,Pituitary tumor,Pituitary tumor__enh_1061,train,Pituitary tumor/enh_1061.png,Pituitary tumor/enh_1061_mask.png,787ad861191f78a728f6b69fa83d38dce3e79ab9809e98edd433a21fc211ec78,24129e258fa13487d06f1b54f260dafe37fdb2aa1af576145e47144925682807
Pituitary tumor__enh_1062,1062,Pituitary tumor,Pituitary tumor__enh_1062,train,Pituitary tumor/enh_1062.png,Pituitary tumor/enh_1062_mask.png,b14ce1821efe15f007c9b9e5c852b1e704d9eabad3903b2d16d193864ff2abd2,f5070ad21dc9a3dad3c018f71e857a1f1af10b084fc4883f50f0e59caea27a18
Pituitary tumor__enh_1063,1063,Pituitary tumor,Pituitary tumor__enh_1063,train,Pituitary tumor/enh_1063.png,Pituitary tumor/enh_1063_mask.png,6bf2164055146fe183811e65c81714218cedd662ce770f039b46e38c03625ca9,a974e5f03f1111f643bff831bcdf33088f2e4720b1f47f3e5be4794fd3218314
Pituitary tumor__enh_1064,1064,Pituitary tumor,Pituitary tumor__enh_1064,train,Pituitary tumor/enh_1064.png,Pituitary tumor/enh_1064_mask.png,98a52347c6742bc89b4f4fc66ac81bcb630a6bc230b1da77ef0479aaaf20c08c,d8502dff7d940824ead46a628ef82bb84e846701e83893533231d66c98ecd634
Pituitary tumor__enh_1065,1065,Pituitary tumor,Pituitary tumor__enh_1065,train,Pituitary tumor/enh_1065.png,Pituitary tumor/enh_1065_mask.png,8a4f2a2bf9a052e4e465c3512501134aae3bc49c573ddb026f1b66b662ef5829,8892e5bc05fdf228196a990456ab1a7555114df9d1efeedf9903615d50ceca06
Pituitary tumor__enh_1066,1066,Pituitary tumor,Pituitary tumor__enh_1066,train,Pituitary tumor/enh_1066.png,Pituitary tumor/enh_1066_mask.png,3eadcfa5499fe21acc4394c00b0c4ccfdf8cece80f15ca5d4fcd1ba354324a24,667fef47ea62e3d90dae139aa1bb5eaa7d34eb53be6f430c1f983ac96686ab17
Pituitary tumor__enh_1067,1067,Pituitary tumor,Pituitary tumor__enh_1067,train,Pituitary tumor/enh_1067.png,Pituitary tumor/enh_1067_mask.png,afc4de9c9f24fa595233b2dff841fec704f6b095244f50fdf6872b497b463d93,42cc5c80332d4976896bdb45abe07779f345e13a5953af418eed94561ff15b1f
Pituitary tumor__enh_1069,1069,Pituitary tumor,Pituitary tumor__enh_1069,train,Pituitary tumor/enh_1069.png,Pituitary tumor/enh_1069_mask.png,232d03b0e4a29df63a8a8390b2b24b9f0fa784a4e7d03d3026f3368ef19fa5c9,77e155a875ee8b2110b2c5c11f5ac8424322f974ec12dedc2a7d290560c845fd
Pituitary tumor__enh_1070,1070,Pituitary tumor,Pituitary tumor__enh_1070,train,Pituitary tumor/enh_1070.png,Pituitary tumor/enh_1070_mask.png,478648f189f4db067ff92504425d721286fe92a1b57f678accaea3d220ff8c0b,df37786d61ce0193d5e8cc9a8e81d8212f43670b0ba00c3e8665500ac376008d
Pituitary tumor__enh_1071,1071,Pituitary tumor,Pituitary tumor__enh_1071,train,Pituitary tumor/enh_1071.png,Pituitary tumor/enh_1071_mask.png,6dba6337d2172ce0f9b5d9b70d29a01498bf66540195934b53ae805500288345,9d1e4d244f78c49de7ab758f2752264362f01e3bd4b6571e3c1e2ea09497d513
Pituitary tumor__enh_1072,1072,Pituitary tumor,Pituitary tumor__enh_1072,train,Pituitary tumor/enh_1072.png,Pituitary tumor/enh_1072_mask.png,f4a66751da44a482c57a09d324abda4d7ecab56f051e461fcbb6482acaa891c1,4586b2fbc68dbf7ae99500a85248d44e1f489e5bbad1e30ec3edd788e2cedb82
Pituitary tumor__enh_1073,1073,Pituitary tumor,Pituitary tumor__enh_1073,train,Pituitary tumor/enh_1073.png,Pituitary tumor/enh_1073_mask.png,2a77315fa9e8781f8240ad5661097f3f47bd7881bfec35cb31f5363ad75a5250,d9938ccbd171f3cd5da3eba8d296eb00a6990afece78c98621d7558565cb8b04
Pituitary tumor__enh_1074,1074,Pituitary tumor,Pituitary tumor__enh_1074,train,Pituitary tumor/enh_1074.png,Pituitary tumor/enh_1074_mask.png,ab6c1c609b4c79289d2f9dea2a85e4f3671f078169af1eaf0d2a4e26bd2f0b8e,185f9cf7deed9687236f1a04f6665cca657a2ae141878774204299d72d268d05
Pituitary tumor__enh_1077,1077,Pituitary tumor,Pituitary tumor__enh_1077,train,Pituitary tumor/enh_1077.png,Pituitary tumor/enh_1077_mask.png,04802b252bfa89efd4703a09c92dc8755548b5d41b40ec17674fb7b5769c23d4,10556185c201c48c17b661048526310bd9ab7f15fdca942b2c9523dc89a80de8
Pituitary tumor__enh_1081,1081,Pituitary tumor,Pituitary tumor__enh_1081,train,Pituitary tumor/enh_1081.png,Pituitary tumor/enh_1081_mask.png,4c9e6d6de8ae42c697df2b125e8ff8b743df111f960187f009ad6c584464d12e,67d028e0ace5f56da2b830ff0b62c9828bbd2e65c6a19356e74664a56c111e08
Pituitary tumor__enh_1083,1083,Pituitary tumor,Pituitary tumor__enh_1083,train,Pituitary tumor/enh_1083.png,Pituitary tumor/enh_1083_mask.png,5ef830e375cb584e7cfa9b03a251c490b95d8821cf9690666d96a6ddcc47dc27,5fada677ed68944343591e8577fa85ced6e2899c5aee3ccc881d872ed416b9bf
Pituitary tumor__enh_1084,1084,Pituitary tumor,Pituitary tumor__enh_1084,train,Pituitary tumor/enh_1084.png,Pituitary tumor/enh_1084_mask.png,58b8e9fc6b4d8a25b90a369d2de8779ae389cd3c19d9e1a174a96735ff158475,9592b1ef360b2ec1d978dca9f28b2c121343844ba66874814adc670859138d77
Pituitary tumor__enh_1085,1085,Pituitary tumor,Pituitary tumor__enh_1085,train,Pituitary tumor/enh_1085.png,Pituitary tumor/enh_1085_mask.png,ea74f3baf08df69d98c3aed609804d8e9d3ba2f519f9597db2dce6136a881a74,2456c8ccf84773baf53aa1edbf38206b22e09bcbcf78066f37205f464b266422
Pituitary tumor__enh_1087,1087,Pituitary tumor,Pituitary tumor__enh_1087,train,Pituitary tumor/enh_1087.png,Pituitary tumor/enh_1087_mask.png,a7f5d66f119783f6b8413c36741bfc16ec1d1a6c17b9fc7ca1442b9c4afa6a90,57b47955d947116ab907cc792defc44ed0e1eaaab3eeb17f79a67fe0416c8d74
Pituitary tumor__enh_1088,1088,Pituitary tumor,Pituitary tumor__enh_1088,train,Pituitary tumor/enh_1088.png,Pituitary tumor/enh_1088_mask.png,d22a1c28628abe3a987835a735cf6c74297b19563d74ab93cf2a463756ef4f9d,804813bbcc42672f4e897924b7690cfd088013bdc288ce45f182c66bb41404a6
Pituitary tumor__enh_1089,1089,Pituitary tumor,Pituitary tumor__enh_1089,train,Pituitary tumor/enh_1089.png,Pituitary tumor/enh_1089_mask.png,91a6b1c13dc81bb40dc93cf7848879a40feb4d0553dbe66c67bda286f09d98b4,04caf5a911a39530b7b8d4ab571262346bc661b766ef9abaa5f1c8a176f96562
Pituitary tumor__enh_1090,1090,Pituitary tumor,Pituitary tumor__enh_1090,train,Pituitary tumor/enh_1090.png,Pituitary tumor/enh_1090_mask.png,81ecdc0d968bea880ed13ecea2b9aeaf768e1cc3c951a86afd36086e9bcbe25a,e65d594b1137e504cd2dabb1605e9c0ca2a5ee9c56793b6927720b88bf8c8dc6
Pituitary tumor__enh_1091,1091,Pituitary tumor,Pituitary tumor__enh_1091,train,Pituitary tumor/enh_1091.png,Pituitary tumor/enh_1091_mask.png,5a949b33e79ff6dc5f8b3d51eb573f5fea2fde919926513fb32ab217075702ba,ffadbf218c4b0f62dfed754b28d2cff7a59842aad2e84a1dab66d729bfa62137
Pituitary tumor__enh_1092,1092,Pituitary tumor,Pituitary tumor__enh_1092,train,Pituitary tumor/enh_1092.png,Pituitary tumor/enh_1092_mask.png,1a06930348a2afb1f92eb6c834cada55a6fac425f50a688f6f4c5f9f6b6d62e2,c00565737e0fac4203dedbb490b4fc3eb6e5d1bdc55f491412b3ba56534ca3d6
Pituitary tumor__enh_1093,1093,Pituitary tumor,Pituitary tumor__enh_1093,train,Pituitary tumor/enh_1093.png,Pituitary tumor/enh_1093_mask.png,7d7cb54516b9d968bfde1ad0a7b1bd0acb92257f3af01f40b9a6b4631f1829a5,39244261ddd64f011ae1406b2d41b6eb7f3d78e774f0018b9468902970d54979
Pituitary tumor__enh_1094,1094,Pituitary tumor,Pituitary tumor__enh_1094,train,Pituitary tumor/enh_1094.png,Pituitary tumor/enh_1094_mask.png,016d734f744f827e2c2126fc44fb29324591df37d615254644593a0711e37bf0,f541022d90bbbe3584555337c128811ce087ef17a3602e9a765a1d51e5a35161
Pituitary tumor__enh_1095,1095,Pituitary tumor,Pituitary tumor__enh_1095,train,Pituitary tumor/enh_1095.png,Pituitary tumor/enh_1095_mask.png,2c25ca14eb4143d8dd800c5b21f11155f0cae4e6cd491c0173c0b7dbd63236c7,c8d9f4233ccb3d3a696c379c8d1329b2ad501badd8f1b6d4804a45ae9d9ff592
Pituitary tumor__enh_1096,1096,Pituitary tumor,Pituitary tumor__enh_1096,train,Pituitary tumor/enh_1096.png,Pituitary tumor/enh_1096_mask.png,f82bdb80016f4f1c3ebd00432364517d6389b5f45ea3725435ae59c396859eec,5d262f8e1f1bf77e562be49f7d7ce8c58670b976daca16d81cd1e17a8c913239
Pituitary tumor__enh_1097,1097,Pituitary tumor,Pituitary tumor__enh_1097,train,Pituitary tumor/enh_1097.png,Pituitary tumor/enh_1097_mask.png,2b05d95531ef4ee2f6e6121ff593f22b3126713da1fff1038e52f43fa56fa7cb,5dbc1c2246446109f39b1a6d0021d45ed248c1f34e209bb389c13a952bd74536
Pituitary tumor__enh_1098,1098,Pituitary tumor,Pituitary tumor__enh_1098,train,Pituitary tumor/enh_1098.png,Pituitary tumor/enh_1098_mask.png,c586f9ffb23e042e84af919fd296e0593c5e3d406402ba28cdaf500c04e704c4,c8d4a059b069d23adddf562f76964ebc13c4d02b5988425f66c0faad16a951c6
Pituitary tumor__enh_1099,1099,Pituitary tumor,Pituitary tumor__enh_1099,train,Pituitary tumor/enh_1099.png,Pituitary tumor/enh_1099_mask.png,a9985e15c7ea6abbf046a12de84fbdb50354c7c8532e6b0be7fb06e183971d3f,c56c37935d38cfd1c3a7e1e839c0ff89985923b31e169a44bef3381e418850cc
Pituitary tumor__enh_1100,1100,Pituitary tumor,Pituitary tumor__enh_1100,train,Pituitary tumor/enh_1100.png,Pituitary tumor/enh_1100_mask.png,ef8528323dda1fc03b16a74c2a3129d0acef02e1fa2549cf7a9a58e73af1918a,9e8f0825e985b4c5bcf1904d9e1b8cc92dd7d902bdacc6837ef8d7569f7aefdb
Pituitary tumor__enh_1102,1102,Pituitary tumor,Pituitary tumor__enh_1102,train,Pituitary tumor/enh_1102.png,Pituitary tumor/enh_1102_mask.png,a6244f51f505af2d10140906618308244c949c2916f5c0077eaa3b23ae9bddd6,6d6afa078c69dd8a90ca7dd536bd6d7e29691487859c9e63cf8129373c031f3e
Pituitary tumor__enh_1103,1103,Pituitary tumor,Pituitary tumor__enh_1103,train,Pituitary tumor/enh_1103.png,Pituitary tumor/enh_1103_mask.png,ab96cea9aff47ff856480c68515c5dd3f17759009a2e3f93f366fa870e3d126f,ff6ec5c4b9162df88dc6f4d79425e5497a04f807877cd45b1535c69584e4a516
Pituitary tumor__enh_1104,1104,Pituitary tumor,Pituitary tumor__enh_1104,train,Pituitary tumor/enh_1104.png,Pituitary tumor/enh_1104_mask.png,ba8e5d06c39d0d6b4faca3a6ff87e37d971e49e7e83f6282970db79290b593f5,badb327875e25396bd9ca7f7b80fe060b070eec63eaded788b8b450dd1b64026
Pituitary tumor__enh_1106,1106,Pituitary tumor,Pituitary tumor__enh_1106,train,Pituitary tumor/enh_1106.png,Pituitary tumor/enh_1106_mask.png,e981f3dd8a038902722f51c94c13756587c501ee655e144de945f33a4d688b9e,c7539f6921962ba09753ea172e233491a784654a68b49645f0135a9a08ed9d72
Pituitary tumor__enh_1108,1108,Pituitary tumor,Pituitary tumor__enh_1108,train,Pituitary tumor/enh_1108.png,Pituitary tumor/enh_1108_mask.png,4066c51313de38b8fff4cf5b5a1754c74aa3a60b3af2b4fc3f85876770afec58,134d7d154b306dc6c1a15380f9ccaeb19f9a0e2618d5bd2b9ee602e41673ddad
Pituitary tumor__enh_1110,1110,Pituitary tumor,Pituitary tumor__enh_1110,train,Pituitary tumor/enh_1110.png,Pituitary tumor/enh_1110_mask.png,b071ca4763e4cae8f4245760723c0d8e23bc8803062bd8f14bb62231d84b72a1,e2b741d04495b407a7472a9c7b059313be959989c969d34e438d20efe90dfd13
Pituitary tumor__enh_1111,1111,Pituitary tumor,Pituitary tumor__enh_1111,train,Pituitary tumor/enh_1111.png,Pituitary tumor/enh_1111_mask.png,30791701d3bee02ba52106475ba297bc001b0d192a5e3dd7274738e44dc6874b,47be5b7942a9396d5cf6c7e7eec06eaa5784bee8ab1836714edd35aba7785eeb
Pituitary tumor__enh_1112,1112,Pituitary tumor,Pituitary tumor__enh_1112,train,Pituitary tumor/enh_1112.png,Pituitary tumor/enh_1112_mask.png,e4b005f42c253e1cc0e8257aeb616bb2d1d1585e406f8aaff0036bd1bf7c1f93,f2833fbacef9a3fc699d64b124573ae600ff5594efe5562a100b3de7b913d000
Pituitary tumor__enh_1113,1113,Pituitary tumor,Pituitary tumor__enh_1113,train,Pituitary tumor/enh_1113.png,Pituitary tumor/enh_1113_mask.png,4856f34a34be5525e9610db3f21cc7956c51d12cbd5a90abd150c303fffdd7da,473c351152c79f56fcd752785c9e99aebddf6af4383e0ae804be964b107034ef
Pituitary tumor__enh_1117,1117,Pituitary tumor,Pituitary tumor__enh_1117,train,Pituitary tumor/enh_1117.png,Pituitary tumor/enh_1117_mask.png,053c6de0128ada00665364b3318da25055aff196ab12fe721795793379f0dcd1,53230be3f95a2f04c19b0f6a877a0851525993fa623ed70d2e7aa7229af62bbd
Pituitary tumor__enh_1118,1118,Pituitary tumor,Pituitary tumor__enh_1118,train,Pituitary tumor/enh_1118.png,Pituitary tumor/enh_1118_mask.png,80f38f20d12ff813fb0fefa93567b18a757576924e5864eedd260b836fc2192a,101186cd7e4fdf86b25d51015c4f75c18e45e33ec120a0c2b83d59e5c5cfe9d0
Pituitary tumor__enh_1119,1119,Pituitary tumor,Pituitary tumor__enh_1119,train,Pituitary tumor/enh_1119.png,Pituitary tumor/enh_1119_mask.png,7f950260a3048685d5659baf890896edde44eabacae59fb0ccb71863c84fe619,17b9f1f632f14fb7884889c783966c1cfc1c404de52587179ab1f5e60d1161fc
Pituitary tumor__enh_1121,1121,Pituitary tumor,Pituitary tumor__enh_1121,train,Pituitary tumor/enh_1121.png,Pituitary tumor/enh_1121_mask.png,811aef1917f1e240e41ced7e1ca88cf02df9d5bf88e03bc31201d6f034044904,9824a202220448217d2e55740ac0c4443064b6cf321f8b4f425f4cfb457dd0ce
Pituitary tumor__enh_1122,1122,Pituitary tumor,Pituitary tumor__enh_1122,train,Pituitary tumor/enh_1122.png,Pituitary tumor/enh_1122_mask.png,4087a566df7492bba0de12ff6be7a39eeeac4a5088adf196d6237feee200c59c,85fc7eb37136b58ef1ef67833622395a7bde2d8bd38c4a745be70704e188dfec
Pituitary tumor__enh_1123,1123,Pituitary tumor,Pituitary tumor__enh_1123,train,Pituitary tumor/enh_1123.png,Pituitary tumor/enh_1123_mask.png,c96db1dd34966cd27b1d7f9bed71a266f53eeffeb2649b11dbe620d4c3e8680b,9ff6b90e9e9f9026f3fc5a3ca1eb03254cd2c1f334d7246c65ec40e1f31a84d9
Pituitary tumor__enh_1124,1124,Pituitary tumor,Pituitary tumor__enh_1124,train,Pituitary tumor/enh_1124.png,Pituitary tumor/enh_1124_mask.png,5b5aa558c45fed2891b465ac18911a3e0bb00eed71d36b3f415d314569afdb28,cb1c9f1b3808882bc993a9c9de4f6ca6bc0c951e3a10d23c28eb57dda09d5294
Pituitary tumor__enh_1125,1125,Pituitary tumor,Pituitary tumor__enh_1125,train,Pituitary tumor/enh_1125.png,Pituitary tumor/enh_1125_mask.png,4cacc7fd21765c56a51f15a0044042028a53e3a75ea64985acc8b99be3d88f9b,fff26b569c4260c0a4a5c2c7c4b3e9d064a27aee0afd7a29b4debefbb59ae706
Pituitary tumor__enh_1127,1127,Pituitary tumor,Pituitary tumor__enh_1127,train,Pituitary tumor/enh_1127.png,Pituitary tumor/enh_1127_mask.png,7d2fe1792225fb37c77e7f29af0ef951ab465b397fd30838d45996273aae0b12,4d9d3892dac10c3d803485dbf822c52612941052d0e2e786a7b468d166197db2
Pituitary tumor__enh_1129,1129,Pituitary tumor,Pituitary tumor__enh_1129,train,Pituitary tumor/enh_1129.png,Pituitary tumor/enh_1129_mask.png,fe036b768887244d3784293ada38e2678bcc3e88366c4eff121f8a1650156e5a,f4b5028a31da850f61a8ab9d8e651f0c4710a66eefde15ec9c1ebe0a3ce112a4
Pituitary tumor__enh_1131,1131,Pituitary tumor,Pituitary tumor__enh_1131,train,Pituitary tumor/enh_1131.png,Pituitary tumor/enh_1131_mask.png,eb5abc19486a088c6c1afd3b529a240df2746b33310f75db7c8acac52aeb570c,be69fe26f9b33cdcbdb689ce25329ac547cd74079ac8ad339cc694cec84f1d6d
Pituitary tumor__enh_1132,1132,Pituitary tumor,Pituitary tumor__enh_1132,train,Pituitary tumor/enh_1132.png,Pituitary tumor/enh_1132_mask.png,3899aacc6d428280eec6de841c9cdf848fe362b932d20a18a7855f3ccc9b7e9e,876db8e0216b3065c831d50129ca48c1d0e08aa677a77eacbc63cb929d41e0da
Pituitary tumor__enh_1134,1134,Pituitary tumor,Pituitary tumor__enh_1134,train,Pituitary tumor/enh_1134.png,Pituitary tumor/enh_1134_mask.png,e4792b588d8cbed4766c72d3a7cb581d9687b0058629d7472652d70099cd3c78,b445187d6dc2aea0ac5566a6bd04d12ba9f2676632289aeffed8515ec3a908c7
Pituitary tumor__enh_1135,1135,Pituitary tumor,Pituitary tumor__enh_1135,train,Pituitary tumor/enh_1135.png,Pituitary tumor/enh_1135_mask.png,c2f6198dd8af8e198c5ab7827b394a8baaddfefc4af314520abe072a95e6dbb5,99b88654d865e2ab37be4173840b8c8a51e2c0e3b92c9ebc9cf64ec3cc635b27
Pituitary tumor__enh_1137,1137,Pituitary tumor,Pituitary tumor__enh_1137,train,Pituitary tumor/enh_1137.png,Pituitary tumor/enh_1137_mask.png,424956aae534a0020bac3840fd4da8945a9abbbe660165247a223a977791a253,e35abc0a888bc485e457896ecd924ea81f825338ee73de197588d9011c8b95ae
Pituitary tumor__enh_1140,1140,Pituitary tumor,Pituitary tumor__enh_1140,train,Pituitary tumor/enh_1140.png,Pituitary tumor/enh_1140_mask.png,e2e18652367faf7370c9094754ea8bdb95dd825c0c3bf9e45bc4398c9d3fec73,c6aec285ef5615791d34670b3dadba6e2150e0833ef3e4615b24166f3d7d6a96
Pituitary tumor__enh_1141,1141,Pituitary tumor,Pituitary tumor__enh_1141,train,Pituitary tumor/enh_1141.png,Pituitary tumor/enh_1141_mask.png,1aef6a80f8874cc7a512e30faebb1412d7b77418541f21d6064af73cf6ea5392,2c0ff88ab6af44a9b41b6166b5eb9b33e9da179cc3319dd0719aae9e18ae7ea2
Pituitary tumor__enh_1142,1142,Pituitary tumor,Pituitary tumor__enh_1142,train,Pituitary tumor/enh_1142.png,Pituitary tumor/enh_1142_mask.png,9ec146e11288434a7ecb7c5ab168085839e8622033a2efa150db5644399baf25,367d3cab14dc35605b18208aeca939aabdc28dc0cc91007d58a269c9147ca1b7
Pituitary tumor__enh_1143,1143,Pituitary tumor,Pituitary tumor__enh_1143,train,Pituitary tumor/enh_1143.png,Pituitary tumor/enh_1143_mask.png,1046c5f373d35b6a01eb01ceaca9d0cb208b530e3f871e02477d2af9de325179,4953ab24a81a888c22997e1f11e4a00ed312efe8f096f1d04be6d6786e7d22fc
Pituitary tumor__enh_1144,1144,Pituitary tumor,Pituitary tumor__enh_1144,train,Pituitary tumor/enh_1144.png,Pituitary tumor/enh_1144_mask.png,ab496ee9d57fe2fe329316d45f122f754200342051f6ef2871dd5893eb6b2808,fb5944ad27760781fa7c8bb2285775f184ef5062ec8b5fc56bafe330ef6780dc
Pituitary tumor__enh_1145,1145,Pituitary tumor,Pituitary tumor__enh_1145,train,Pituitary tumor/enh_1145.png,Pituitary tumor/enh_1145_mask.png,b4b5a0522cbffbc7875cd203f1dcd79b53ca8c5b0c0c894f2a121033b44e0afd,7a0ebe656d0802bc0ba4d3ed535ffb1c30cbff34d5597a9a3d64b4e8cd15ff1f
Pituitary tumor__enh_1146,1146,Pituitary tumor,Pituitary tumor__enh_1146,train,Pituitary tumor/enh_1146.png,Pituitary tumor/enh_1146_mask.png,3a3613f39ae7dc1ffba45283524306ee6518cb15136ceaf0c758a389de2417e7,01112045060d0949adfa628cdad85214ed066aad082560d1c7921e0effd44096
Pituitary tumor__enh_1147,1147,Pituitary tumor,Pituitary tumor__enh_1147,train,Pituitary tumor/enh_1147.png,Pituitary tumor/enh_1147_mask.png,e4713a672ed22d3c1d14f15ec11eaa96cfc52219c9df61a2dc7e5409ebc1bf37,8f01eeea1abeb23122585f75e90603f29ef2ff87ce1a3d5deca22cd840a89ffa
Pituitary tumor__enh_1148,1148,Pituitary tumor,Pituitary tumor__enh_1148,train,Pituitary tumor/enh_1148.png,Pituitary tumor/enh_1148_mask.png,afd12ed85b966e1311af6e440af2475e093df5231fa0671129e3adee28ee4bf5,c29dd956246fe21934b6c6381f4025df7e573aeb6c04060360e20e49cbf84e3c
Pituitary tumor__enh_1149,1149,Pituitary tumor,Pituitary tumor__enh_1149,train,Pituitary tumor/enh_1149.png,Pituitary tumor/enh_1149_mask.png,fcfa750d1c5a7cc6882d543ddd09e0b0b4e428c93c35d433c771e5869e22c2ad,2451341a29659be7d45c467ed1a29ab5a47a5461151f3340da4896d01b6d3694
Pituitary tumor__enh_1150,1150,Pituitary tumor,Pituitary tumor__enh_1150,train,Pituitary tumor/enh_1150.png,Pituitary tumor/enh_1150_mask.png,12f5202646e44319939dd52ad0bc73d3743dc4a9dc0e65f44997097762840715,a86a6277f7bbfb2ae26d67ee7fe6f28d4d5d1fa345b0fbb894822d3d34b430d1
Pituitary tumor__enh_1152,1152,Pituitary tumor,Pituitary tumor__enh_1152,train,Pituitary tumor/enh_1152.png,Pituitary tumor/enh_1152_mask.png,0afb604595e542c0a93339ea9e9fa895f9a7fab2d6d0f2a46b4db1b3d79aa023,d2162bcd59d4c29f1f82484ec49648e589367907fe512abbbb0baba162e33d18
Pituitary tumor__enh_1154,1154,Pituitary tumor,Pituitary tumor__enh_1154,train,Pituitary tumor/enh_1154.png,Pituitary tumor/enh_1154_mask.png,eea3ca1ce432868121ceca78c062bb4e7d1370b111b1b5543ddafba7dfc1cb70,cedc9f02ef47d5b8f3cfee3e7b71d3e64d5155d586d374da8eec46a032896bef
Pituitary tumor__enh_1155,1155,Pituitary tumor,Pituitary tumor__enh_1155,train,Pituitary tumor/enh_1155.png,Pituitary tumor/enh_1155_mask.png,979e11032f860e35706482d78baceee1cb76ae8ac3c29b09bf2a9987d0f01e50,2c44c743c5e2f75e299f76f8ec6fa1d472def8387f77ff9a56a1f8d6589be189
Pituitary tumor__enh_1156,1156,Pituitary tumor,Pituitary tumor__enh_1156,train,Pituitary tumor/enh_1156.png,Pituitary tumor/enh_1156_mask.png,f05a2820b415951686be99956b3ad4cda48170c11c08d93800ed6b193c2388a1,002f8d8d407ef1b5c54a64c2ddc9d08c8643653063b5c9182f34c2afd4274f0b
Pituitary tumor__enh_1157,1157,Pituitary tumor,Pituitary tumor__enh_1157,train,Pituitary tumor/enh_1157.png,Pituitary tumor/enh_1157_mask.png,b610181d8fed9837555d75ee7366c4fbfd12fec8f8481b97c4aa5a06aac9512d,ff0838bd855ceb72648ded06c01af700ff10536245c3ae4f6ef29dd5a143cc7e
Pituitary tumor__enh_1158,1158,Pituitary tumor,Pituitary tumor__enh_1158,train,Pituitary tumor/enh_1158.png,Pituitary tumor/enh_1158_mask.png,a6b0afb1b32fc162c89cda0e6f5b1af00d2bd2701d3d0652420c42a3989f4970,5175b274e92bc2596411d84d990b0bfd05a1fa04341e984ebf3671f62894da65
Pituitary tumor__enh_1159,1159,Pituitary tumor,Pituitary tumor__enh_1159,train,Pituitary tumor/enh_1159.png,Pituitary tumor/enh_1159_mask.png,31976a70038c20d2b9db25047ba48338d5b83bc50f8d33be4042cf5149de96e8,cdccfcca1cb64e8b825e83e73191460b9f117f601e9700cfa1590320accccffd
Pituitary tumor__enh_1160,1160,Pituitary tumor,Pituitary tumor__enh_1160,train,Pituitary tumor/enh_1160.png,Pituitary tumor/enh_1160_mask.png,c9c22cb605a24928a00fe07553b68bd65cf391469b94b891cfe26c8ac76ecd0b,b7074628404637da43c4cb2cdb6895f870de04fc62c7fda4263588d8c52ed8f1
Pituitary tumor__enh_1162,1162,Pituitary tumor,Pituitary tumor__enh_1162,train,Pituitary tumor/enh_1162.png,Pituitary tumor/enh_1162_mask.png,ce32ff1f6dd8170fd7b2e462199f904da6431c0d9cddada7f94e00e0d6c0f225,4872395fd5ef0004a27c7eb9013aba751f1d63ae8c80a328c25f850c2e8aefa6
Pituitary tumor__enh_1164,1164,Pituitary tumor,Pituitary tumor__enh_1164,train,Pituitary tumor/enh_1164.png,Pituitary tumor/enh_1164_mask.png,9c0c822ff2346cb4e4f681e0e054ddda3e4ded7a40880bb05eebbb53d08c371b,abb1cc32ca71d3e76036090f71fa494404dae71ea73b24e323f4b88698b3ce30
Pituitary tumor__enh_1165,1165,Pituitary tumor,Pituitary tumor__enh_1165,train,Pituitary tumor/enh_1165.png,Pituitary tumor/enh_1165_mask.png,38bcd6a1d9884cc8a14809d8d45d33bead8746883358a190314e7ec8dfd7d3d7,33d9fa169aa95b053d0de84c737a75191e38c1d5172d57ba033ca91bdf8f38e6
Pituitary tumor__enh_1166,1166,Pituitary tumor,Pituitary tumor__enh_1166,train,Pituitary tumor/enh_1166.png,Pituitary tumor/enh_1166_mask.png,cac541dd850e15f9f28c2af736e23a8937e334909010b4e9ca701e83db1050ee,31c18a3199298b893e56cb91711f6f4a051c1b7dde81a124aa46214e3a9354a8
Pituitary tumor__enh_1168,1168,Pituitary tumor,Pituitary tumor__enh_1168,train,Pituitary tumor/enh_1168.png,Pituitary tumor/enh_1168_mask.png,5aefd42a11a6d69cf79ea5a6ec111b34da367a1dc70070958975ca7c8760d86f,5977ace520739054f2fe75e6eb6d175fcaa5b92a7a82fcb62d075c939b890fa0
Pituitary tumor__enh_1170,1170,Pituitary tumor,Pituitary tumor__enh_1170,train,Pituitary tumor/enh_1170.png,Pituitary tumor/enh_1170_mask.png,c03d2917edfdbd34f321ea3ca9f305a852b9ef4a44ffac393fc0c336d99e9a05,3b1b978dfcd1416291ed2190b27fb3a71217597831fbbe1fd73bdb51b8bcefd5
Pituitary tumor__enh_1171,1171,Pituitary tumor,Pituitary tumor__enh_1171,train,Pituitary tumor/enh_1171.png,Pituitary tumor/enh_1171_mask.png,89b74e0e0e362ef651d5449abd853c089083dcd79b3f75139de8acecb71fbc76,67eb58006383da1d155ebf9b11b25c6c2fb1466014abfa10f95713a7106c894b
Pituitary tumor__enh_1174,1174,Pituitary tumor,Pituitary tumor__enh_1174,train,Pituitary tumor/enh_1174.png,Pituitary tumor/enh_1174_mask.png,e7c10d1d3a820fa0b8bb71b86ee14d3f7c1864641f7b541f0d19feaed4218e93,41214d120caec8ecf7a609678f46ed208194e6f9a075c7faf743e3ea385ac2c3
Pituitary tumor__enh_1175,1175,Pituitary tumor,Pituitary tumor__enh_1175,train,Pituitary tumor/enh_1175.png,Pituitary tumor/enh_1175_mask.png,821f4281cc3119d48672ff5d0f6a166e5c168550909d83c7767d598c836910fe,e2dc58fd8e185492f357fb43d7305d38a9a9f9346d8244db790bcb1e50fe1211
Pituitary tumor__enh_1177,1177,Pituitary tumor,Pituitary tumor__enh_1177,train,Pituitary tumor/enh_1177.png,Pituitary tumor/enh_1177_mask.png,105888f6601a706891533b03d00ac4dc445e00d2eca0bfcc9f2c66bf46193481,454b69cb1eaad21af7e35f6a5a1a7e0b521b22fa046e5facb1bfd8f423359a82
Pituitary tumor__enh_1178,1178,Pituitary tumor,Pituitary tumor__enh_1178,train,Pituitary tumor/enh_1178.png,Pituitary tumor/enh_1178_mask.png,d78b6ab1db972115c9316bec747bf6b88b77f4cfefc97a0e9ead339b3171c0cb,9ae871d0e6fb7691272b2e40caebba5ca8822b76fa4eb1228b0e66c25218f59e
Pituitary tumor__enh_1180,1180,Pituitary tumor,Pituitary tumor__enh_1180,train,Pituitary tumor/enh_1180.png,Pituitary tumor/enh_1180_mask.png,369db00e77675fec31f33c7e1e53e3440625e69540d17333e8480437d321f2b8,d3ac7e014305aed6ea29b15c6be5909e7d9e53361adbb70747a02c0bfb76bd73
Pituitary tumor__enh_1182,1182,Pituitary tumor,Pituitary tumor__enh_1182,train,Pituitary tumor/enh_1182.png,Pituitary tumor/enh_1182_mask.png,3beae9ba1a3885a078d4c59ed3efcfc435e514fc2bfebca8394c19ea47229503,916cdfdc95b07790f13f12fcd302912635c901df0cb033a900e95e99c6a6a35c
Pituitary tumor__enh_1183,1183,Pituitary tumor,Pituitary tumor__enh_1183,train,Pituitary tumor/enh_1183.png,Pituitary tumor/enh_1183_mask.png,453d98ef0c2f95eae788f9ccf63cfa2040c3dcf68fa52e39ee3d4d5ea95f6894,535f93e2d98e9897fbfcfa8982b3372025b2c002924ac86b13460aa2362b0595
Pituitary tumor__enh_1184,1184,Pituitary tumor,Pituitary tumor__enh_1184,train,Pituitary tumor/enh_1184.png,Pituitary tumor/enh_1184_mask.png,0182a56c847b739c9bf882c9d074094881bf119387215be29000247ddc82e377,9f2f44ca23784e2b033ac35cd7a6c97ecc867d52eade0889605d2810423abdf4
Pituitary tumor__enh_1185,1185,Pituitary tumor,Pituitary tumor__enh_1185,train,Pituitary tumor/enh_1185.png,Pituitary tumor/enh_1185_mask.png,0a870d5ec0bcc45af4a45d5868a58ec9e094140e5e04dfdd27d7306043572eb5,3f91b0e7231d04148d0d7a02b37c9c22806b2bfcf52a8a708999b94130a42279
Pituitary tumor__enh_1186,1186,Pituitary tumor,Pituitary tumor__enh_1186,train,Pituitary tumor/enh_1186.png,Pituitary tumor/enh_1186_mask.png,b5072e2d93bb0897fe13356a59ea7016121a6c23b99c600c167c4c40b0556074,669ccad7b8e77a3d1145598289520fb1455469fed90c3ff1d6f6926f8995c4f2
Pituitary tumor__enh_1187,1187,Pituitary tumor,Pituitary tumor__enh_1187,train,Pituitary tumor/enh_1187.png,Pituitary tumor/enh_1187_mask.png,f4b534ffd74cc50fd5f369c69d602dcbbfc04f99dfa30ed08d1b32ed4f1e41ca,5c630497bdcfae6815e24980928b9aa88f6a29c096a928a280fa17cb2eaacc55
Pituitary tumor__enh_1189,1189,Pituitary tumor,Pituitary tumor__enh_1189,train,Pituitary tumor/enh_1189.png,Pituitary tumor/enh_1189_mask.png,385575ee9207ea6936a9c0b9d659c90668057f6f699fda6107d7ec23dc6b0b34,8d8aeb4912d537008a37afc42bb3ef6c75bfe64ae77f67cddcd413301c67d71c
Pituitary tumor__enh_1191,1191,Pituitary tumor,Pituitary tumor__enh_1191,train,Pituitary tumor/enh_1191.png,Pituitary tumor/enh_1191_mask.png,c755b7f78e63c85529b2ac9b99b8057d65d64cbb67d1102cafb8cf2e6464c843,5b489cbdc0349d3d2270372b2af55c6cff813e56b52bc1140fe68e65e98b7d4e
Pituitary tumor__enh_1192,1192,Pituitary tumor,Pituitary tumor__enh_1192,train,Pituitary tumor/enh_1192.png,Pituitary tumor/enh_1192_mask.png,cfae32076975597ce84828c121abaa9da9942a06500152a86ca510f64ab0c0d0,075a7435e75508602cf4a0e34db3618fe422b6c92fa6c222a3cfd56844c7a173
Pituitary tumor__enh_1193,1193,Pituitary tumor,Pituitary tumor__enh_1193,train,Pituitary tumor/enh_1193.png,Pituitary tumor/enh_1193_mask.png,a07f1cc01d5ec2fe3ed993733205ff377d65197f674cc81dcfa2a538d756c60d,aa0eff65b699bd5637efbe4b2fa9cb2316e0da8f7ecce704e3d84879442c2a62
Pituitary tumor__enh_1194,1194,Pituitary tumor,Pituitary tumor__enh_1194,train,Pituitary tumor/enh_1194.png,Pituitary tumor/enh_1194_mask.png,ae2575f48617ad35003b62a44fc2e1d15eacadca42ab2b5901bbc8446b1ed7f3,1928c4449521e661255faa01677d343a289331b8b3be65f1987f19d3409e5da7
Pituitary tumor__enh_1195,1195,Pituitary tumor,Pituitary tumor__enh_1195,train,Pituitary tumor/enh_1195.png,Pituitary tumor/enh_1195_mask.png,05cd288b91b40dcfef3b7138b44a34378bfb9c0166d606f98627358e3c2f2e68,7668b3cedbc0181ab3a3db962ed15123eda98ff921014a0fb15db0ab3fc1916d
Pituitary tumor__enh_1196,1196,Pituitary tumor,Pituitary tumor__enh_1196,train,Pituitary tumor/enh_1196.png,Pituitary tumor/enh_1196_mask.png,e439de1d53edea49197f6a43af4033397d4c555838876dc9077bf06e1ab4fda4,09612a0ae9cfedccce58af9f8fc780300d5e7eb9014cb923ac3e971562db7b19
Pituitary tumor__enh_1197,1197,Pituitary tumor,Pituitary tumor__enh_1197,train,Pituitary tumor/enh_1197.png,Pituitary tumor/enh_1197_mask.png,0b0251313985bd6730239a107d4b1d4365973d8bef876085499477a17753121e,8486d3f0a0b6b8c4c9f8ac612eea927230649afc50370344e7db8041f9394b4c
Pituitary tumor__enh_1198,1198,Pituitary tumor,Pituitary tumor__enh_1198,train,Pituitary tumor/enh_1198.png,Pituitary tumor/enh_1198_mask.png,043d185055ab44500ac78dbda4948012925b5b0ecd8d97bcd4afa661f1474569,7f3268c1ce9e8bb886aa58681e9fcb1275cec15fa8189ccbbb55e0591cd291f4
Pituitary tumor__enh_1200,1200,Pituitary tumor,Pituitary tumor__enh_1200,train,Pituitary tumor/enh_1200.png,Pituitary tumor/enh_1200_mask.png,0e927a72d103e135339ce897fbf11941b7958b861844f7d3b73f02690da480b8,e7744202c22f887e34cfa6ea0dd48456afd3be5225ecc9528071c32d3404bf5b
Pituitary tumor__enh_1201,1201,Pituitary tumor,Pituitary tumor__enh_1201,train,Pituitary tumor/enh_1201.png,Pituitary tumor/enh_1201_mask.png,06d6be236327847d20e6227a6b5ded9b51a4a3c28fbc13e8d8de59c62e0613f3,dcd3cb6bb005b9b37ac90d4019a4fbd3d566f4ceaeccf7a3ce45c0adb6b7ca0c
Pituitary tumor__enh_1204,1204,Pituitary tumor,Pituitary tumor__enh_1204,train,Pituitary tumor/enh_1204.png,Pituitary tumor/enh_1204_mask.png,584fda9f0bf7c4201f8ed2f1bce41c3ccacf9be921c990da266dd1f83d152ee1,e7fd2f6b954e952cbbdb6f19c2b2e0fab4d07f6022cd5888779380ecd32df23d
Pituitary tumor__enh_1205,1205,Pituitary tumor,Pituitary tumor__enh_1205,train,Pituitary tumor/enh_1205.png,Pituitary tumor/enh_1205_mask.png,fe960a7fadefbc6068170fed0590152d8fcd7be381ce8943ac9ba3207f7e37f1,23a1619abfe763f86838d4f003c4fa7594059c0af37f908fb85d1b2e09c1cf36
Pituitary tumor__enh_1206,1206,Pituitary tumor,Pituitary tumor__enh_1206,train,Pituitary tumor/enh_1206.png,Pituitary tumor/enh_1206_mask.png,48602720a3abaae9236601380ab8180f89666bdcc8085e670a3bd214e36c3976,6905f1f70db2ab642654fae8404c62623032e763a9438ac3829fb86508b9b903
Pituitary tumor__enh_1207,1207,Pituitary tumor,Pituitary tumor__enh_1207,train,Pituitary tumor/enh_1207.png,Pituitary tumor/enh_1207_mask.png,bed8b5f0a582dc3bcd3bbd00446ed395d4afacdf84af91c7bf98845bfd766624,219e4f263d3ceb61124cb17a5cf07cf754e5e0799c52696dd8190009956f143e
Pituitary tumor__enh_1208,1208,Pituitary tumor,Pituitary tumor__enh_1208,train,Pituitary tumor/enh_1208.png,Pituitary tumor/enh_1208_mask.png,6c005dfaf4fa531ee21fd3b7c5bc3607e34f4192616cc392b71aba082ee1f284,f389a945a613823a0a46549d3aed0ffe594c0818b56e2855a37fa5b42c2ccb1a
Pituitary tumor__enh_1209,1209,Pituitary tumor,Pituitary tumor__enh_1209,train,Pituitary tumor/enh_1209.png,Pituitary tumor/enh_1209_mask.png,e3b7c0737d512cdbfd2d7d05754d36c3b9e87d1f0bae4b3884711deae1ab0957,e72ba0164bcad40f80bb57168d9cf819728b34f957575dc377b2866d4dd9bd90
Pituitary tumor__enh_1210,1210,Pituitary tumor,Pituitary tumor__enh_1210,train,Pituitary tumor/enh_1210.png,Pituitary tumor/enh_1210_mask.png,b1a5caa0c265debebbdb8e01d9840c7ebd892ff5ec4a0ef12148c16cff24b284,84b38b7f274a7929359d40c0121ac0649a81f4324b7ef18cb4498dccc81f57cf
Pituitary tumor__enh_1211,1211,Pituitary tumor,Pituitary tumor__enh_1211,train,Pituitary tumor/enh_1211.png,Pituitary tumor/enh_1211_mask.png,35b28e31f0a269aca480a1032f4981807de2e3c978d70de83127aa4b276ea16a,398a62bc959579264ea0cf33de3bc961521fa50e5144daa8276b58c9ca9b3b4a
Pituitary tumor__enh_1212,1212,Pituitary tumor,Pituitary tumor__enh_1212,train,Pituitary tumor/enh_1212.png,Pituitary tumor/enh_1212_mask.png,20e2b3ed78a4c4445676e49cc0e79ccf933422915fc413c7991a4e06de694eea,f0d72d0fb97e5d0e9412a106c0b1257149fe654377cf5338405907789deb08e2
Pituitary tumor__enh_1214,1214,Pituitary tumor,Pituitary tumor__enh_1214,train,Pituitary tumor/enh_1214.png,Pituitary tumor/enh_1214_mask.png,9ef146fa0aaf79cd807573c9384ba9b3d237af2e98240f2b3cf6885754316284,4a17e92d69bf55aecced88d8d4ffecbb0ebba056cc7c2aa84080e5e86cb1f9dc
Pituitary tumor__enh_1215,1215,Pituitary tumor,Pituitary tumor__enh_1215,train,Pituitary tumor/enh_1215.png,Pituitary tumor/enh_1215_mask.png,fdba6e5475df77a8d5e8927b8304b93c84a4cb652c536b3747b214c1ffbb4c9c,c0eee13e601b112d5f4d6d66015d7ca4eb1f374e0133b94fbde3d0c441b6bdb5
Pituitary tumor__enh_1218,1218,Pituitary tumor,Pituitary tumor__enh_1218,train,Pituitary tumor/enh_1218.png,Pituitary tumor/enh_1218_mask.png,f07577eed9ca2eb46ef615a77b1740b325e15ef2c643602eb9dd538003268638,c9e0c0908892adb65b4f8f3e9c265b3d27fffbc73a5f0b32f5b4c8ea604cc606
Pituitary tumor__enh_1219,1219,Pituitary tumor,Pituitary tumor__enh_1219,train,Pituitary tumor/enh_1219.png,Pituitary tumor/enh_1219_mask.png,be1be04f6b1a4141526a60c4f8e10c27fada2f706ff6aa018631f548b9a648c7,f2f1240ef6df82f760297dd38e30768daf392843211a975db26b0cc6ebab5efc
Pituitary tumor__enh_1222,1222,Pituitary tumor,Pituitary tumor__enh_1222,train,Pituitary tumor/enh_1222.png,Pituitary tumor/enh_1222_mask.png,f439d6143285895db01cf10c82d758bf9c505c9f3636514b775a8fbf405562e3,10c99280c86386f77994ee8f45f0268fc2447923942a4e821923e21e073757ad
Pituitary tumor__enh_1224,1224,Pituitary tumor,Pituitary tumor__enh_1224,train,Pituitary tumor/enh_1224.png,Pituitary tumor/enh_1224_mask.png,3e25835eaaad915225765b0c1cf6fe86598903a463be3d631ff2cfaf40f9000d,9666947f5f9d3e1f0a074ff2bf0f2951e57cee363e9d985fa3b7a2d7ea70950e
Pituitary tumor__enh_1226,1226,Pituitary tumor,Pituitary tumor__enh_1226,train,Pituitary tumor/enh_1226.png,Pituitary tumor/enh_1226_mask.png,f2d8ce448ebc08015b26a8d6e6edd8d1b3cf7f69fa09a42b7df98382dab64480,cf02c1621248d6c37c9e4888e59be9299743b330782c3f5461ca4e3cabc8dbf1
Pituitary tumor__enh_1227,1227,Pituitary tumor,Pituitary tumor__enh_1227,train,Pituitary tumor/enh_1227.png,Pituitary tumor/enh_1227_mask.png,d1d18d34f95f71bcd4c1017a2f24aa0196c55e6cabf02914c6360085c41c21e7,b71b48113513f179eb00687718854d405cd92cbd57959e0b8437438219e95b4d
Pituitary tumor__enh_1230,1230,Pituitary tumor,Pituitary tumor__enh_1230,train,Pituitary tumor/enh_1230.png,Pituitary tumor/enh_1230_mask.png,9f00b51d57ee0df9e091254d1f19fa485e2ccd4fff05939de201b38b4cadb64c,ec3e829a125ff186738d3aea7bceafb39a3b824678b6cdfe096fe793b0826a74
Pituitary tumor__enh_1231,1231,Pituitary tumor,Pituitary tumor__enh_1231,train,Pituitary tumor/enh_1231.png,Pituitary tumor/enh_1231_mask.png,2363e0356b7b8b396c259688c70f405b34b5b07ddfdeafb33fa3cbd5b87fb736,f8c94f4ccd0a028ff53c72ed42df10b4337f8100e9445f707d2a05372be12471
Pituitary tumor__enh_1232,1232,Pituitary tumor,Pituitary tumor__enh_1232,train,Pituitary tumor/enh_1232.png,Pituitary tumor/enh_1232_mask.png,6905e5a6b5256670b6be69f443534b1765520aa08584d8ddb774f0ec0448ae19,9f67e80f3bb3e7a16961307817064cf79de3c81857b51bc218578062588e7f7b
Pituitary tumor__enh_1233,1233,Pituitary tumor,Pituitary tumor__enh_1233,train,Pituitary tumor/enh_1233.png,Pituitary tumor/enh_1233_mask.png,a8e49ddd52a61e0a8a7d24da06da39ae8aeac440382cfa7fe7226bd93aedf1c1,54839c02e32eff545f839bc627d5812a1a74b990c27a6e25b3cca636cc56595b
Pituitary tumor__enh_1235,1235,Pituitary tumor,Pituitary tumor__enh_1235,train,Pituitary tumor/enh_1235.png,Pituitary tumor/enh_1235_mask.png,b3c4eaeba42b870b6e3ca9e1d6ea88347f272b405fc3fa80f895f8329135c63f,fedf29e4bc260e43eb6650e821fd11a0cedf5a03f8b845bd81181c05c3ef0c97
Pituitary tumor__enh_1236,1236,Pituitary tumor,Pituitary tumor__enh_1236,train,Pituitary tumor/enh_1236.png,Pituitary tumor/enh_1236_mask.png,a46f517e7329ca90b6cf95d0c63b9324c299f598c298b11d6ded36921f29a407,bdf4b4462113a74a8ba8951752a22c884017e1f28fde233fd4530e0801906ad6
Pituitary tumor__enh_1238,1238,Pituitary tumor,Pituitary tumor__enh_1238,train,Pituitary tumor/enh_1238.png,Pituitary tumor/enh_1238_mask.png,96cf6793ec034326df139ac113dfaa91cc264ad5dd35eb246ebb978bf089be9d,d2927967279b8e27c931b2527ae905133983676f0b1a7cf91940e2018d2d9927
Pituitary tumor__enh_1240,1240,Pituitary tumor,Pituitary tumor__enh_1240,train,Pituitary tumor/enh_1240.png,Pituitary tumor/enh_1240_mask.png,586c65a1a14dde7e3958b85daa10cb80156813ee1cab3d46a791ad9718125555,ad7d2d223604de9214f6d17c3bc41993c580cccc3bb8b33691262c496c433b8f
Pituitary tumor__enh_1241,1241,Pituitary tumor,Pituitary tumor__enh_1241,train,Pituitary tumor/enh_1241.png,Pituitary tumor/enh_1241_mask.png,10a41f2a0ba77098f56e6decd6fb0c902d15c6dcb38a976fd1d28a83bbf490b3,78ad4ec5ecf24d2d16295dccadaf4a7b26ecd55a8a1d3e9f6523d26884d99e7e
Pituitary tumor__enh_1242,1242,Pituitary tumor,Pituitary tumor__enh_1242,train,Pituitary tumor/enh_1242.png,Pituitary tumor/enh_1242_mask.png,cfdf1df982ab58642a6ace891b07f1e146d678620b768a88392cb9ed9d3a8c4b,44d86822ac8439418d2e9ef619deaac0cf080323ef47955abebca4f0167117c8
Pituitary tumor__enh_1245,1245,Pituitary tumor,Pituitary tumor__enh_1245,train,Pituitary tumor/enh_1245.png,Pituitary tumor/enh_1245_mask.png,2b1cf76027ecbdd75f7a386c7665f15fa514db0e8a7fa4160568d34cd0dcc3c5,dc6c192446d34da6f4ba5ac4b46c81e4a42916068335f22fee9be549d8bfd3ee
Pituitary tumor__enh_1246,1246,Pituitary tumor,Pituitary tumor__enh_1246,train,Pituitary tumor/enh_1246.png,Pituitary tumor/enh_1246_mask.png,89eef2ceb3116d6904d96f6c48102345921ec6c166a46069568a0aeeb8576bd3,b8056d5ecbdb33b1712064bb1620f5016b73800e4ef3fd2bf4978ba1e162b93b
Pituitary tumor__enh_1248,1248,Pituitary tumor,Pituitary tumor__enh_1248,train,Pituitary tumor/enh_1248.png,Pituitary tumor/enh_1248_mask.png,4c1c1b1dda19a74df899596febe3adb2b6c1b35e1779df14c40340ee5c0ba96a,1afe849bd0f6bc1864be7613131c42ca4e45530be10caceed295dc3761bc43a0
Pituitary tumor__enh_1249,1249,Pituitary tumor,Pituitary tumor__enh_1249,train,Pituitary tumor/enh_1249.png,Pituitary tumor/enh_1249_mask.png,8aefa6c640893c028998446617fdd8b29b59c678064607f47ba2d1ddf61fc4a2,91c4816378443eec396d017da82f56cee6b8c17702a8a2f41fcdc3bc556e7bda
Pituitary tumor__enh_1251,1251,Pituitary tumor,Pituitary tumor__enh_1251,train,Pituitary tumor/enh_1251.png,Pituitary tumor/enh_1251_mask.png,5d929ef158f6983cb6245c3281d7c0325f28acddca555288edbca552197fac89,1f75f217a4b0f31c0580cc03f44ee7cdc2d4577b93d007aa071bc6edbb2b8c80
Pituitary tumor__enh_1256,1256,Pituitary tumor,Pituitary tumor__enh_1256,train,Pituitary tumor/enh_1256.png,Pituitary tumor/enh_1256_mask.png,00eb7f9c4dc4cc7e69d254b9068c9ac7c92d954477bbc1dc1c54b4db66d38645,8515558dcdf27d1d3a6e830cfbff84e616e27db096d347d3cbd9383ccb8eaaf0
Pituitary tumor__enh_1257,1257,Pituitary tumor,Pituitary tumor__enh_1257,train,Pituitary tumor/enh_1257.png,Pituitary tumor/enh_1257_mask.png,41949d5f2db85edeb1cbd04468cc51144db44ec6c648a540bf5d646754219748,7bbfab9d7bad8fa22117bde7100911ef304141620346d3864f487d3986766fe3
Pituitary tumor__enh_1258,1258,Pituitary tumor,Pituitary tumor__enh_1258,train,Pituitary tumor/enh_1258.png,Pituitary tumor/enh_1258_mask.png,9f55dc8f46fb4ba25406b535cda26d608033c8ccdd4fea0c50878368fcd51695,1165dfa8402b948a7a1ef5802874f112e0d631764af052165695ab28baad74eb
Pituitary tumor__enh_1259,1259,Pituitary tumor,Pituitary tumor__enh_1259,train,Pituitary tumor/enh_1259.png,Pituitary tumor/enh_1259_mask.png,00fd2ac574fd4719d5465bd91e48b3bb911bfc0f071f90c8e1be27ef50335cbc,66a0dc27de733a329a0540c2b81547e03f60bc6d07309a6c8fa869170b32ec19
Pituitary tumor__enh_1260,1260,Pituitary tumor,Pituitary tumor__enh_1260,train,Pituitary tumor/enh_1260.png,Pituitary tumor/enh_1260_mask.png,d374a87225b3eea55fbae141ec172a1246e72d55204be12e8870dabf07f3f97f,e169111af7cb7c80c9aae6710d811dfa0c7fc31517d5819aab7959863b86f5c1
Pituitary tumor__enh_1261,1261,Pituitary tumor,Pituitary tumor__enh_1261,train,Pituitary tumor/enh_1261.png,Pituitary tumor/enh_1261_mask.png,a40688e223eb8f4d16558d4cd2b9ae89bec810c4e66c61a488348304657a2de2,268a74424b4101cb98d1a18c386d75c03fc70e76d8f9d7adad1c930969b3b100
Pituitary tumor__enh_1263,1263,Pituitary tumor,Pituitary tumor__enh_1263,train,Pituitary tumor/enh_1263.png,Pituitary tumor/enh_1263_mask.png,c4495deee2b8b54b8de5916c094537232e6f8462383e80b5f24b0b22f0389f7d,9ae6c6dbc2b914acf36326aa584194cbd03bfd5e2c1b9ed60e47ffa982a4531b
Pituitary tumor__enh_1265,1265,Pituitary tumor,Pituitary tumor__enh_1265,train,Pituitary tumor/enh_1265.png,Pituitary tumor/enh_1265_mask.png,1de8f6e0cfc345f89643296380ac7d2f59e23dd38452f6081c63efcf9f2d4328,0c1633cc748bb7d74a87f7033689b1d6a66b5d0fde1052f2c7a513222fc3a5b4
Pituitary tumor__enh_1267,1267,Pituitary tumor,Pituitary tumor__enh_1267,train,Pituitary tumor/enh_1267.png,Pituitary tumor/enh_1267_mask.png,40d1e3ebfe33311948a30a3fe82070d54ee26029af713c544d7f97e8b5ae48d6,8efa3e22e391936c031d038f13e5983f97453099909e8ef697746dfce5660bf2
Pituitary tumor__enh_1268,1268,Pituitary tumor,Pituitary tumor__enh_1268,train,Pituitary tumor/enh_1268.png,Pituitary tumor/enh_1268_mask.png,f02cff87d72b574979870a997d5cca36607b83ea2e09c855a6955797df7250fb,b5416a67c13f16ec66cceb47afe18ed6a9f2855396f05a39e0053836fb8d5a38
Pituitary tumor__enh_1269,1269,Pituitary tumor,Pituitary tumor__enh_1269,train,Pituitary tumor/enh_1269.png,Pituitary tumor/enh_1269_mask.png,12a4cdb25ebd0621a64c62994e035b30cdf0aea5052d0e7edfbf6c6e50f04c93,790e3ba966dacbb2960b9128b0154781f3a12f5da3a3a41e325eca97ee2906f2
Pituitary tumor__enh_1270,1270,Pituitary tumor,Pituitary tumor__enh_1270,train,Pituitary tumor/enh_1270.png,Pituitary tumor/enh_1270_mask.png,12b663e4fcbb6bdd69bf16a1957d70f0d2d8a2b551a322daa93f14f7e65c1ebd,2efabdf44ef2be108972bb7032e6ec64afa0dfd9f186a465cdf65e47a0b8dc71
Pituitary tumor__enh_1271,1271,Pituitary tumor,Pituitary tumor__enh_1271,train,Pituitary tumor/enh_1271.png,Pituitary tumor/enh_1271_mask.png,4513cb90ca868741e4e1d80a3add9bbbf1ffc82cada62a3895f15a74e578d528,8c754264974873299446385913920ec79c654383d151a3f0c3c960796bd0f9d4
Pituitary tumor__enh_1272,1272,Pituitary tumor,Pituitary tumor__enh_1272,train,Pituitary tumor/enh_1272.png,Pituitary tumor/enh_1272_mask.png,ab7c661e4b459e60a5ad5f99fcad3df2486ef3a8beb1f803c99f2a386d2035e4,8d501f2bbfaada20118bc67c36d20ae279b9974d8d173d69cfd485240cfff7a8
Pituitary tumor__enh_1273,1273,Pituitary tumor,Pituitary tumor__enh_1273,train,Pituitary tumor/enh_1273.png,Pituitary tumor/enh_1273_mask.png,bf8d9f9d29b889eac6b2f7776a466ea8b84edd00b7b966d20f824e88023924cf,ac33b22fdc0d604300a47dd35e79faad40ae200de78c5d85e3d7e51daab72a97
Pituitary tumor__enh_1274,1274,Pituitary tumor,Pituitary tumor__enh_1274,train,Pituitary tumor/enh_1274.png,Pituitary tumor/enh_1274_mask.png,99f3d5a3186c33fe876294569dbca3189798da1168b708dad3f4428d592abccd,0d41c6c1b033c1c87d873da6d26723d35123195f4528e4beb92474462cf640aa
Pituitary tumor__enh_1275,1275,Pituitary tumor,Pituitary tumor__enh_1275,train,Pituitary tumor/enh_1275.png,Pituitary tumor/enh_1275_mask.png,932beebe101e9abbcf195922b251ae243934ffcee39fcdae23f661fc3b43ce06,eff4bccf24f3b3fadeba32128bceffcfd6ba790afd8c45922fa3ad1e8937509f
Pituitary tumor__enh_1277,1277,Pituitary tumor,Pituitary tumor__enh_1277,train,Pituitary tumor/enh_1277.png,Pituitary tumor/enh_1277_mask.png,1ebc8b97e0db2488829efd147fe230284c3a5c558335253b812c9e703135edda,79819b13025d306352e2dc7f4ee388af7baeb1f561b9ea26255f23b2f88a976f
Pituitary tumor__enh_1278,1278,Pituitary tumor,Pituitary tumor__enh_1278,train,Pituitary tumor/enh_1278.png,Pituitary tumor/enh_1278_mask.png,e955fb527990a25608cc00733acdc3caceea81cf46b34c2196060b79384eee27,d0512e20e5da618b8ead8121f5ecc3097e658e5e5949faa7072a6769ca4ec08f
Pituitary tumor__enh_1279,1279,Pituitary tumor,Pituitary tumor__enh_1279,train,Pituitary tumor/enh_1279.png,Pituitary tumor/enh_1279_mask.png,6a2398ce1fdd5d057366d215b33db9e4ff0eb361a89b881abea9b9a29e5f4915,d3c9314ee45855bb43d5cbff49557b4a20faf1821d5fa59d70a1334b63b43a68
Pituitary tumor__enh_1280,1280,Pituitary tumor,Pituitary tumor__enh_1280,train,Pituitary tumor/enh_1280.png,Pituitary tumor/enh_1280_mask.png,0ed6939b8ea83447b0009fe63486352df8b98a5568d1636c50a25e90a3d65ee2,61598e444f5cac7ab9d0ded06fc2412f383dfe7040f831eaba770ebac43f01d6
Pituitary tumor__enh_1283,1283,Pituitary tumor,Pituitary tumor__enh_1283,train,Pituitary tumor/enh_1283.png,Pituitary tumor/enh_1283_mask.png,571095b74942b79e486708b183923ed91e780013207270ee06ae560b625085f0,82bcf167455dfb819ab776705e481b0258812037fe2a7a9f03a7ba00643d7de6
Pituitary tumor__enh_1285,1285,Pituitary tumor,Pituitary tumor__enh_1285,train,Pituitary tumor/enh_1285.png,Pituitary tumor/enh_1285_mask.png,cabd1837a1e6619fcd74ae8973c8715559f1a699e8e44b9fa74f87d60eec8fa1,89f4598d82740e8e72bc504126de3d42343e072db3bf0909d244b7f31d12d668
Pituitary tumor__enh_1286,1286,Pituitary tumor,Pituitary tumor__enh_1286,train,Pituitary tumor/enh_1286.png,Pituitary tumor/enh_1286_mask.png,8ed3a46e169650b2e69d92e59fad7cbc116f8f095dcd5e77ec67c513d5f30889,66c12be7232cd566228e4ad909548afc6fffb2143ea1920cf14d3ca443d34eb2
Pituitary tumor__enh_1288,1288,Pituitary tumor,Pituitary tumor__enh_1288,train,Pituitary tumor/enh_1288.png,Pituitary tumor/enh_1288_mask.png,b4369ea1d009f55d43176853f4b3a4dec01083da2b0306e63c3a4a0a6ba15def,5e778ad5b436af0070629f22a0b00adb1871a0a0e8cd6801dd5f4c63de40662c
Pituitary tumor__enh_1291,1291,Pituitary tumor,Pituitary tumor__enh_1291,train,Pituitary tumor/enh_1291.png,Pituitary tumor/enh_1291_mask.png,01d7a85217df1dc87e75169820f5ca574833c4afceb9af982a500ca04b0bbf77,d54613e1d558eb6e2f9f08ff59bd1fcd24fbf19a487fd975b47e33e70ece8d77
Pituitary tumor__enh_1294,1294,Pituitary tumor,Pituitary tumor__enh_1294,train,Pituitary tumor/enh_1294.png,Pituitary tumor/enh_1294_mask.png,14fb7bbf651d3792063f8cdb6aa2dc1ddb255ce6026c20aab11260396e79605d,e6d17926fdc83915087eabfc88c6d827b08fdfca8ae7efe109731ca86e585323
Pituitary tumor__enh_1295,1295,Pituitary tumor,Pituitary tumor__enh_1295,train,Pituitary tumor/enh_1295.png,Pituitary tumor/enh_1295_mask.png,7d9bcc7ca2fad722d7493150f3473ff34a675f1227ba77d7a250f1f53d95e0fc,14656d8daaee5510332223a77ce9cb9133367a72d1e52f606e8dd7fe462db530
Pituitary tumor__enh_1300,1300,Pituitary tumor,Pituitary tumor__enh_1300,train,Pituitary tumor/enh_1300.png,Pituitary tumor/enh_1300_mask.png,81c308c070d23f8e37017e16d3c540b182593643aee7ae015a328d0379bb93c3,d2d20e8a00733702baf6fb273989737ed2738099c274268b078eeab751819128
Pituitary tumor__enh_1301,1301,Pituitary tumor,Pituitary tumor__enh_1301,train,Pituitary tumor/enh_1301.png,Pituitary tumor/enh_1301_mask.png,102d9dae55e153a4ac0b64e108680dd2ede0d38692e256702cb00de4152298c3,760393081a1901779d490d5a0dfd2daa78db11f6921bf75bc95c377ef8d7eb66
Pituitary tumor__enh_1302,1302,Pituitary tumor,Pituitary tumor__enh_1302,train,Pituitary tumor/enh_1302.png,Pituitary tumor/enh_1302_mask.png,950742901baf2d8adf13af76746aac1e13a5f2c80fe29fcf4a0a6c1e3bac5aa5,26a7d3beeaa8fb98976b8343a2a1a5611bcdcd6c6a6c1c8ddae97cd3600ce09e
Pituitary tumor__enh_1304,1304,Pituitary tumor,Pituitary tumor__enh_1304,train,Pituitary tumor/enh_1304.png,Pituitary tumor/enh_1304_mask.png,5dd96bd3cb4aefff8c2874012237764876cf65ebd8afae6b9b171180f6f9c358,ac66429d25d59577b7904448daa99c6130b3f6a18d5351ba79ea9300053e8fa7
Pituitary tumor__enh_1305,1305,Pituitary tumor,Pituitary tumor__enh_1305,train,Pituitary tumor/enh_1305.png,Pituitary tumor/enh_1305_mask.png,0e26612b92bdf602eac5f48682c229d53c7ce4b4babb80599668ee41658f3d94,d5398e86a07a4dbc965402d4fdad31eb18680e9c3c8e1cf5e21891dc3f9a3c91
Pituitary tumor__enh_1307,1307,Pituitary tumor,Pituitary tumor__enh_1307,train,Pituitary tumor/enh_1307.png,Pituitary tumor/enh_1307_mask.png,ec0d5613c27c71c1cfedf11c67e24db620999a10c9de4eeee5562a7ce0084f4f,fe666062cd1b156c9ef06ad08280c88bb17a2535ae88e59e6c98ed150b232c31
Pituitary tumor__enh_1308,1308,Pituitary tumor,Pituitary tumor__enh_1308,train,Pituitary tumor/enh_1308.png,Pituitary tumor/enh_1308_mask.png,50428581c10ad9864731a010031393e8907feebe2c718805e8efcdfb72deb141,bbaf74cb6a3c65fb4b8b355fab576cc37dff644a876c7dcb2b8690b4b553909f
Pituitary tumor__enh_1309,1309,Pituitary tumor,Pituitary tumor__enh_1309,train,Pituitary tumor/enh_1309.png,Pituitary tumor/enh_1309_mask.png,8b26e35438e223bdd612bb8e0bf49be43cc228128220e6a634f410beeec8652d,a18d97b604b48c75585ef6cf60d4597acae14198de6eca80d3c5aba5ca8e2d53
Pituitary tumor__enh_1310,1310,Pituitary tumor,Pituitary tumor__enh_1310,train,Pituitary tumor/enh_1310.png,Pituitary tumor/enh_1310_mask.png,6aa7b1d05cc20199d91280e8f91dd98d0170ed4db67082696dde50339af46677,e5b424a9ac8113779ede26657ed5f44b07035759f8318b88462cedff5551a2cd
Pituitary tumor__enh_1312,1312,Pituitary tumor,Pituitary tumor__enh_1312,train,Pituitary tumor/enh_1312.png,Pituitary tumor/enh_1312_mask.png,a52f2a12c1db65742baa8248d2c0ad3fb11ca50a7793f533c6ea6f81b49160fc,1a7c76c01a8918f7b08912d8f2a4b94125178e6aca709231b90c67a3c2846b00
Pituitary tumor__enh_1314,1314,Pituitary tumor,Pituitary tumor__enh_1314,train,Pituitary tumor/enh_1314.png,Pituitary tumor/enh_1314_mask.png,5a98b1c260b7d3b274cf90a91c970d32a964781c385ccabb00fef40eed110c9c,77c2b7ca4efc99810395891a779542c68737dd2876baff3abff07733ec7ea126
Pituitary tumor__enh_1315,1315,Pituitary tumor,Pituitary tumor__enh_1315,train,Pituitary tumor/enh_1315.png,Pituitary tumor/enh_1315_mask.png,aac687a13c7af960930cf3f1107b532fcecbf3a3e251bade5a8deaaef2954f94,1de4f776a484a918c9b4e04dcfdb93aecdf4c37099d55ab085b0909ad15c7ac4
Pituitary tumor__enh_1316,1316,Pituitary tumor,Pituitary tumor__enh_1316,train,Pituitary tumor/enh_1316.png,Pituitary tumor/enh_1316_mask.png,1a3db3b770573e5de45f2514b6672e0c0d7598246fe4d1a581d7106a34baea2e,13dfaa6da78b6b430d93cd6f635cc77d8cc356813e64f4a22bab293f58fccc3e
Pituitary tumor__enh_1317,1317,Pituitary tumor,Pituitary tumor__enh_1317,train,Pituitary tumor/enh_1317.png,Pituitary tumor/enh_1317_mask.png,8ccf1f3dfc97c744b5904945cd80c76c3ab1c61bf75972e907b51ee83f06a8af,68119a4b45b116eeba2e522a6330b1a0c1e0bc1680c3e14f0b4a077e01c1322a
Pituitary tumor__enh_1319,1319,Pituitary tumor,Pituitary tumor__enh_1319,train,Pituitary tumor/enh_1319.png,Pituitary tumor/enh_1319_mask.png,431a83e6df6c09621e84c10cbe0446d8c5aacdb36d501222b90cd9d6bc726cf7,513242d425d2ef21e4068eb3d4306386ab3022ee2061c445fc2ef90496c66f7e
Pituitary tumor__enh_1320,1320,Pituitary tumor,Pituitary tumor__enh_1320,train,Pituitary tumor/enh_1320.png,Pituitary tumor/enh_1320_mask.png,343cae9ae0a08a12a5d6918c376a8bd056f0c6f341a29368b8f4d1af4e296387,01521b95f86343c3607c3f5e738778a20ee9f5f559290c87721d5e8be7853796
Pituitary tumor__enh_1321,1321,Pituitary tumor,Pituitary tumor__enh_1321,train,Pituitary tumor/enh_1321.png,Pituitary tumor/enh_1321_mask.png,a14ed3b998c5c2f98cf1bad55c84c3a49831e1353130a0f1406836f2396aa1a0,249328a1f3012f7e43d9207f54267eea5db2cc9ea812f9caa05101355843de0f
Pituitary tumor__enh_1322,1322,Pituitary tumor,Pituitary tumor__enh_1322,train,Pituitary tumor/enh_1322.png,Pituitary tumor/enh_1322_mask.png,52b0e4e03f4d85f5908aec2a9de175775e321b8175b9743904c4230647f6b143,3e9af751db5fe2d7ec8c4b55d92d33751af32ce728f9154f5dc78d0d163ebacc
Pituitary tumor__enh_1323,1323,Pituitary tumor,Pituitary tumor__enh_1323,train,Pituitary tumor/enh_1323.png,Pituitary tumor/enh_1323_mask.png,8cf3ee91eed9ea9e8a299ef5070c749bd13052ffd974b8278eff90f57e4fbc2d,c00cd54c80704ce394ff7a7712b2912267c421ac13e157041eb355741a1aa812
Pituitary tumor__enh_1325,1325,Pituitary tumor,Pituitary tumor__enh_1325,train,Pituitary tumor/enh_1325.png,Pituitary tumor/enh_1325_mask.png,b096b551287a6c291d57681573d343137a2dfe5c938bc864da93e5554c9d5fdd,717f32d0e473b5cf6656432011f88526c162e013d8305de034c3539365a3c0b1
Pituitary tumor__enh_1326,1326,Pituitary tumor,Pituitary tumor__enh_1326,train,Pituitary tumor/enh_1326.png,Pituitary tumor/enh_1326_mask.png,d0b347aa48c2027a7db57205b60489e38862e4afeaf66c38e6f3b213cd8f862f,05e5f67849c38c279cd47414b0282d8583991fad05596707523dc3a6e5e88362
Pituitary tumor__enh_1327,1327,Pituitary tumor,Pituitary tumor__enh_1327,train,Pituitary tumor/enh_1327.png,Pituitary tumor/enh_1327_mask.png,fe5241b5667a229919e6b3a55a2d3b089157afa3966930b026a9d21ed48febfc,bc6da7aa66c81d4b93a3503844d15550fa82315f52346c0f77de3337947db204
Pituitary tumor__enh_1329,1329,Pituitary tumor,Pituitary tumor__enh_1329,train,Pituitary tumor/enh_1329.png,Pituitary tumor/enh_1329_mask.png,00f9c21727c73ebc982ad0fd79b23fbef1f0828da2d755693560844b550273e2,23de5665eb4bad83c8de3f64f7573634cdc84034f020ecf765cc5fadf943ae26
Pituitary tumor__enh_1331,1331,Pituitary tumor,Pituitary tumor__enh_1331,train,Pituitary tumor/enh_1331.png,Pituitary tumor/enh_1331_mask.png,25d545829f5bc6260560b710efc68a231010bf251e02736b7453e2eacce5674a,3d52060284436b5424e7e213ec83baf40c5baa3df85203d8369720706cee07d5
Pituitary tumor__enh_1332,1332,Pituitary tumor,Pituitary tumor__enh_1332,train,Pituitary tumor/enh_1332.png,Pituitary tumor/enh_1332_mask.png,fce0a3ccac6024c5bafa639b0197542ec39bb935b115b0bec6481e89f530d828,92d64185b1095f92fde72e58ed1853e6a1b343ebde7e1a4348ef3d5bc39cb533
Pituitary tumor__enh_1333,1333,Pituitary tumor,Pituitary tumor__enh_1333,train,Pituitary tumor/enh_1333.png,Pituitary tumor/enh_1333_mask.png,5f1b9ac73ac62043db3aa59ab8a442fc706534a1c1f80403469898d6489ecf8f,3c11da886acf49174d141f41447318fede2f1bd79894bc83bdee4e67986fc648
Pituitary tumor__enh_1335,1335,Pituitary tumor,Pituitary tumor__enh_1335,train,Pituitary tumor/enh_1335.png,Pituitary tumor/enh_1335_mask.png,c3a9656c1e84984a177d66ee343b31162b8bbde41d985fa6e190f4b7fd8b0120,353cd8563c2a79fe10e49fbf5188217b24878fa0f63c0edec02ac29af1f6675c
Pituitary tumor__enh_1337,1337,Pituitary tumor,Pituitary tumor__enh_1337,train,Pituitary tumor/enh_1337.png,Pituitary tumor/enh_1337_mask.png,5481a3b092f8fce8b32812c6ba2277f5841a633264ab2d40e44011fd2b49e19f,02e1a23dc2b643c7c4a3005387a1cc2d271a7fc223286e45942abe2a1d758536
Pituitary tumor__enh_1339,1339,Pituitary tumor,Pituitary tumor__enh_1339,train,Pituitary tumor/enh_1339.png,Pituitary tumor/enh_1339_mask.png,acf0086f5697b03d2754cbcee68a8b75388197d37ea41acadec795baa1ca9ef6,e8e298502728ad1dbf7a88d5e54278bc2869e3c327518db512e2147602d2b18d
Pituitary tumor__enh_1340,1340,Pituitary tumor,Pituitary tumor__enh_1340,train,Pituitary tumor/enh_1340.png,Pituitary tumor/enh_1340_mask.png,dfd85b05f1d407213231338278ae0de2b2f08ec553bb74e697ced22c16548150,c0b15e73e7c9b67603bc5675f77e5384b228eccb06d86e0e38ca3a9fcb9e993d
Pituitary tumor__enh_1341,1341,Pituitary tumor,Pituitary tumor__enh_1341,train,Pituitary tumor/enh_1341.png,Pituitary tumor/enh_1341_mask.png,629afd0edfbaf215efbc8fcad292b59b9e5785098b893dcd21d9b5a27ebdf9e4,5b4f93839d18c71e4c1aa3933b6f56d86b5082fe8570643c3ac699acfabd45c7
Pituitary tumor__enh_1342,1342,Pituitary tumor,Pituitary tumor__enh_1342,train,Pituitary tumor/enh_1342.png,Pituitary tumor/enh_1342_mask.png,7ad62d00e2099d657f930b70d9df13f6106eb3e98ebac1036ea8b3238a4d539f,0c1e1a380ece9df4121454cc60aa22402f299fcdf806eafcb82e9e7219aa98cd
Pituitary tumor__enh_1343,1343,Pituitary tumor,Pituitary tumor__enh_1343,train,Pituitary tumor/enh_1343.png,Pituitary tumor/enh_1343_mask.png,974682d30c5b29822161aff8c4d2e7b4bbaebde46c02b9bad9a85ee471d882c1,7db19ff024025ec8063471e926edea7f778771c37ac7e2f4e19c70328c00bde9
Pituitary tumor__enh_1344,1344,Pituitary tumor,Pituitary tumor__enh_1344,train,Pituitary tumor/enh_1344.png,Pituitary tumor/enh_1344_mask.png,52faf37b9c603d9fa3014a010ec78b679fcafe83a82fef5212043b7350a6fd5e,9bc2f322d518ecc56babe78628ba1864db4d9cea36e4b8dd09500ce24bbac591
Pituitary tumor__enh_1347,1347,Pituitary tumor,Pituitary tumor__enh_1347,train,Pituitary tumor/enh_1347.png,Pituitary tumor/enh_1347_mask.png,19b6c46a3cbbe8f19e80c8c22d71ada6a1fdc5b6df37ea22fed5b11ddbc46df2,660afeca41eeb27b6e23cd0704af8150765639eb67d3411899779e082bef9831
Pituitary tumor__enh_1348,1348,Pituitary tumor,Pituitary tumor__enh_1348,train,Pituitary tumor/enh_1348.png,Pituitary tumor/enh_1348_mask.png,848fea17533f776fd728d27ca2312a3b95fb9f11ce74f26fd3fbd7c2646b790f,c1a6bece469eb6f4f1bc1beac465ada5b9756bf70a33cda2ca3b54d6056d8fcd
Pituitary tumor__enh_1349,1349,Pituitary tumor,Pituitary tumor__enh_1349,train,Pituitary tumor/enh_1349.png,Pituitary tumor/enh_1349_mask.png,1968a6e8a532c493694c1cabd780e089a42e9c52e09254925aa5ddde92fc3c27,41701ae24fde43342da9ae7cdbc034ebfca1058ebb8c9e9d41125fbfd23ac350
Pituitary tumor__enh_1351,1351,Pituitary tumor,Pituitary tumor__enh_1351,train,Pituitary tumor/enh_1351.png,Pituitary tumor/enh_1351_mask.png,2ace3212be3f9511b371c74943a988b420077fcca6a4266589f5dead9d4470ce,63f7a72512ffb3a89e30a1328ce7a5847857161b6b00761da752122be68ee652
Pituitary tumor__enh_1352,1352,Pituitary tumor,Pituitary tumor__enh_1352,train,Pituitary tumor/enh_1352.png,Pituitary tumor/enh_1352_mask.png,f84e918b5bb18e64811399710cba2ce4bd65977ecf2a9218564c405feae8721f,6c4a1ade65da09700953468286fad38c125aed1738b75b3df8f2ee003cac537f
Pituitary tumor__enh_1353,1353,Pituitary tumor,Pituitary tumor__enh_1353,train,Pituitary tumor/enh_1353.png,Pituitary tumor/enh_1353_mask.png,e57202ed5811dc895aa24fc5df629480b484748543fe5ff0bc3aa5d2a57e8748,5c042da07a94c6e6716ed93ef6406c8ec6ea77ef232a70d7f3703079da1d96ea
Pituitary tumor__enh_1355,1355,Pituitary tumor,Pituitary tumor__enh_1355,train,Pituitary tumor/enh_1355.png,Pituitary tumor/enh_1355_mask.png,b415074b7fb1cf71d193f0bf5f2de4613ca93ffc62018edef281a5670d9d1012,7572af752ac9509fbf7a329361470b8369374753aadb296daa14e5dd0991dbaf
Pituitary tumor__enh_1356,1356,Pituitary tumor,Pituitary tumor__enh_1356,train,Pituitary tumor/enh_1356.png,Pituitary tumor/enh_1356_mask.png,358165fe102238a229e2755b7452286316657f6af5edec5410979af3ee9fe4af,bbf370e1f50cea2fa8f41d96306b21e5e253f7a0facf3474cdd94dde974fd874
Pituitary tumor__enh_1358,1358,Pituitary tumor,Pituitary tumor__enh_1358,train,Pituitary tumor/enh_1358.png,Pituitary tumor/enh_1358_mask.png,066de3a36b202991e386ab2aa0b482cd607691afbbb452faceca090e047a3da3,81753bcc4d8858a708e4867e91e667b4d80a87c90925d64a292b1a202801def3
Pituitary tumor__enh_1359,1359,Pituitary tumor,Pituitary tumor__enh_1359,train,Pituitary tumor/enh_1359.png,Pituitary tumor/enh_1359_mask.png,608249b10b411a5f22b0ef8b9f52727477de799b8fd7266f1bd9677c326820f9,93da1543b4e3ca7a6c79eaa71b50d7c804907861e156bf8674fbaecb69f8a145
Pituitary tumor__enh_1361,1361,Pituitary tumor,Pituitary tumor__enh_1361,train,Pituitary tumor/enh_1361.png,Pituitary tumor/enh_1361_mask.png,72331bf478ca508e08d5614b0bb1a766fd2e81ae85519c75a9aba8fa412bb060,ee1fcb5415757941b98ed0675779f23af8a5bffbb186fc032ee9e7baf3e13ca3
Pituitary tumor__enh_1363,1363,Pituitary tumor,Pituitary tumor__enh_1363,train,Pituitary tumor/enh_1363.png,Pituitary tumor/enh_1363_mask.png,7f744214604196d84bd8836c72f0e9f890177e4b4bff56b5c3259d4d0d567ac3,c0161694d20a2ba064abe2c43283dc0ff7c538f6374b4480935cc9442612f7b1
Pituitary tumor__enh_1364,1364,Pituitary tumor,Pituitary tumor__enh_1364,train,Pituitary tumor/enh_1364.png,Pituitary tumor/enh_1364_mask.png,31550c27dc5c9422a4b2b9ed2531a0ad36caec8b3582105656c188d41f618da4,94055f5694feed8d02b35cb1532f24f07507ceb175a21e01e126b81b39526827
Pituitary tumor__enh_1365,1365,Pituitary tumor,Pituitary tumor__enh_1365,train,Pituitary tumor/enh_1365.png,Pituitary tumor/enh_1365_mask.png,829dac0be8b902877acc79d96bc92e1ea2c3cfc35c57abd749b88056d6fa0b12,57f7c46342c97f42829d7982807368f64bc70b6d068bea7a23f71b227728b758
Pituitary tumor__enh_1366,1366,Pituitary tumor,Pituitary tumor__enh_1366,train,Pituitary tumor/enh_1366.png,Pituitary tumor/enh_1366_mask.png,a8516815f8c0b4efcde1d4ed60fd7805ea0c7a2105481575ce06dd08d938a18e,ec694a856449e43560dc034abc4d5b516463665fbed912745fda077f62e66d70
Pituitary tumor__enh_1367,1367,Pituitary tumor,Pituitary tumor__enh_1367,train,Pituitary tumor/enh_1367.png,Pituitary tumor/enh_1367_mask.png,f728172d7b5b9d14e2fda10d7d4753efb8fd91a89167a540397a6e85ca2b77e2,50dae6bffbd5e28b405956d82d29cc4d115b576dcf9e791ac7c921b516ad6049
Pituitary tumor__enh_1369,1369,Pituitary tumor,Pituitary tumor__enh_1369,train,Pituitary tumor/enh_1369.png,Pituitary tumor/enh_1369_mask.png,26fa7c14e6f3efa8f251cd206c84e865a2b51cfdbc1957d7e5c1a65f67df7974,c4cc1a88881afa0bc19806b5527aea251c3ab2561094ec45efba7c2ad7594780
Pituitary tumor__enh_1370,1370,Pituitary tumor,Pituitary tumor__enh_1370,train,Pituitary tumor/enh_1370.png,Pituitary tumor/enh_1370_mask.png,c06ecaaf39dec7514093ebd6dfd551cec8405baa0075cb9b2db78cb0954a4c7c,462afe74da33f9ec6f5155799b141c4bc5c5df96d20a9f9a403c9768fb8bf5dd
Pituitary tumor__enh_1371,1371,Pituitary tumor,Pituitary tumor__enh_1371,train,Pituitary tumor/enh_1371.png,Pituitary tumor/enh_1371_mask.png,60d5bd8555e24b5c663e1fc73a0f761c85d2923d8d1a65e385a2ee9aee9457f2,4b222678f327f69af60be14dd0e521a63127bfdb326e828f5521b7f17be4b823
Pituitary tumor__enh_1372,1372,Pituitary tumor,Pituitary tumor__enh_1372,train,Pituitary tumor/enh_1372.png,Pituitary tumor/enh_1372_mask.png,b1d4378a6f8637ddb4020cc26ba8d64e1ad5a95a962fc329aeed91cca3e605d6,6cf237e620d5d1d2fdaedf52ccda11a36744b126379dca789dca81bacd448c06
Pituitary tumor__enh_1373,1373,Pituitary tumor,Pituitary tumor__enh_1373,train,Pituitary tumor/enh_1373.png,Pituitary tumor/enh_1373_mask.png,60e5895a808377120db69f60302a025b35917b44b73ddb9301a70b2f1219b523,471b7446337b395e154ea02dc49e2b1f787dbf00a70a83d309dd732f8cc0e772
Pituitary tumor__enh_1374,1374,Pituitary tumor,Pituitary tumor__enh_1374,train,Pituitary tumor/enh_1374.png,Pituitary tumor/enh_1374_mask.png,8d4b68b329b3b3ca0bd48c79dbe4f0ef4050f0fac49d6da57acf6d80ff73b8b2,e21ffed5e646338d030fdd8b23b0e5e54d798488cf25786a62f03d54ca83c5d3
Pituitary tumor__enh_1375,1375,Pituitary tumor,Pituitary tumor__enh_1375,train,Pituitary tumor/enh_1375.png,Pituitary tumor/enh_1375_mask.png,1684003e8432fd3147d86558353265cf5148a2c86e0992a19997b37173772c61,da8f4fb5e1e9b5b6ded4afefa1c0169c7ccaf7ec0f577ae00ecf81bac22ee636
Pituitary tumor__enh_1377,1377,Pituitary tumor,Pituitary tumor__enh_1377,train,Pituitary tumor/enh_1377.png,Pituitary tumor/enh_1377_mask.png,85d5df5f94170799e5540c349ec3b401ba73ea116e68c9dcaaa22cede6f35ab5,84e01305ca313bc76fd445b84ef8c82f6b8163245d920fe514e3c3f9c9a85d94
Pituitary tumor__enh_1378,1378,Pituitary tumor,Pituitary tumor__enh_1378,train,Pituitary tumor/enh_1378.png,Pituitary tumor/enh_1378_mask.png,784226f178ecf8383c2584e673fdd7e7d94ba12b99f2a0eeb932d9759f51f0ff,cc08a03c5c0a9747c7778eaa19bb7ae179fd795e42a5b1f03456026e4a1f5051
Pituitary tumor__enh_1379,1379,Pituitary tumor,Pituitary tumor__enh_1379,train,Pituitary tumor/enh_1379.png,Pituitary tumor/enh_1379_mask.png,4dbdd5108b3456f4503dcde05cecb618dc65fa28b5d4b5f0b1605339ee89ad03,c8303f1ae9cd2c3a1845605baa6e2f9e2fab9fa5353d4dc705dea6f3614c63b6
Pituitary tumor__enh_1381,1381,Pituitary tumor,Pituitary tumor__enh_1381,train,Pituitary tumor/enh_1381.png,Pituitary tumor/enh_1381_mask.png,4f24621cfe09763904737a663af2db334a2da413ea3488605cb2f99ad5f9eef7,6d671c9671820a97086c0693cbe4c6cb278533a2ad95ab9ed18d35f045225c1a
Pituitary tumor__enh_1382,1382,Pituitary tumor,Pituitary tumor__enh_1382,train,Pituitary tumor/enh_1382.png,Pituitary tumor/enh_1382_mask.png,5b2757b6bbc68176dfea80cedf01c7e8f64269f9c6d942250a8db8da16d21785,3284792c3c8f9321439b86c36a661820f2e942cb585d5ff7ef5fd36b102422bd
Pituitary tumor__enh_1383,1383,Pituitary tumor,Pituitary tumor__enh_1383,train,Pituitary tumor/enh_1383.png,Pituitary tumor/enh_1383_mask.png,c4fbb0c858c0638f008591e37872ed45e9c9efd151dd469ef474ab6898106eed,94cbeb35d1acae2901bbd19117022767767fa86e32fa76f530ddff90c798a9a9
Pituitary tumor__enh_1384,1384,Pituitary tumor,Pituitary tumor__enh_1384,train,Pituitary tumor/enh_1384.png,Pituitary tumor/enh_1384_mask.png,75b6f73963c7e24436c01a6775b1d2c22b33bbc2856aa4f85523f11cf4988377,348029e9bf62210a769c23680154217840df58f66edf61ea7a67eddab9bab37a
Pituitary tumor__enh_1385,1385,Pituitary tumor,Pituitary tumor__enh_1385,train,Pituitary tumor/enh_1385.png,Pituitary tumor/enh_1385_mask.png,b71fd92594a7fa7b5dda47ee5d3fa2fe2d9e4257ec8dc764e8d4f633929248bd,2fb2503260461667d764c40e18e6ebf3b633651c16c030e58815d2a4c8a9720a
Pituitary tumor__enh_1388,1388,Pituitary tumor,Pituitary tumor__enh_1388,train,Pituitary tumor/enh_1388.png,Pituitary tumor/enh_1388_mask.png,72ef67db3031ad2c628e7ba889a62daafa6ac49b31a3dbab03e61fcc5cd1e857,53d93daa8b689d9699dd4a9b18c1e33e4917806088fc4ccb6ec71f6182e333a7
Pituitary tumor__enh_1390,1390,Pituitary tumor,Pituitary tumor__enh_1390,train,Pituitary tumor/enh_1390.png,Pituitary tumor/enh_1390_mask.png,8c837766c5acf88e052e517f95dca3968f7ba0a2925f6574eb2788fa30f61173,ad4637b96094f0b92a0aed2eb09299e88abe886396411fcd7074874bf7011789
Pituitary tumor__enh_1392,1392,Pituitary tumor,Pituitary tumor__enh_1392,train,Pituitary tumor/enh_1392.png,Pituitary tumor/enh_1392_mask.png,1c6c826db266308d57c63fdd2f74b378db381d30615304e83b978bf3493a8419,0695c9f2fee5da77e58120667a552d7b3ab45a6015a8fd853d8766d54d58495c
Pituitary tumor__enh_1393,1393,Pituitary tumor,Pituitary tumor__enh_1393,train,Pituitary tumor/enh_1393.png,Pituitary tumor/enh_1393_mask.png,f2202f41f72a4e55631685e2a1a699521c97a1721fa5a423d5a8ccc116ffae20,791749435d7cbc3f2f599e9f0826ba94a97142d6472992135b45339a9565858c
Pituitary tumor__enh_1394,1394,Pituitary tumor,Pituitary tumor__enh_1394,train,Pituitary tumor/enh_1394.png,Pituitary tumor/enh_1394_mask.png,895b316629e390d7afd7bda53d411db56710242b4bcf9c0ee87b31db71f641ae,26df68ab8437b7a24e9c875e11e773dec85a09e17d106fc5232878bb40c8ebc7
Pituitary tumor__enh_1395,1395,Pituitary tumor,Pituitary tumor__enh_1395,train,Pituitary tumor/enh_1395.png,Pituitary tumor/enh_1395_mask.png,8dc121274361420c8ff8976100839205a39aa5925b54c64ae47903ccdfe3f5cb,0bd1c8bcc0af686e9aff42759fed2f2560289b67359f47f1c092cf1f799166f3
Pituitary tumor__enh_1396,1396,Pituitary tumor,Pituitary tumor__enh_1396,train,Pituitary tumor/enh_1396.png,Pituitary tumor/enh_1396_mask.png,fb2d041115fe65972120ab7c9a44b24509e48ebb820add7bcdbef28ad2684f7a,2907d72547f0bf6544ca6e2c453cf235cc02a3913ea20336711f1f57b9034dc6
Pituitary tumor__enh_1398,1398,Pituitary tumor,Pituitary tumor__enh_1398,train,Pituitary tumor/enh_1398.png,Pituitary tumor/enh_1398_mask.png,09bfd496245823949c332d8cf32c472169139fa480bd65ee87b8c96755dc0f30,00040f85283d50b37ff1385e660b4cd3eeb5982cb3c2de546615851424a77d5c
Pituitary tumor__enh_1399,1399,Pituitary tumor,Pituitary tumor__enh_1399,train,Pituitary tumor/enh_1399.png,Pituitary tumor/enh_1399_mask.png,45a965098f918d8a915176563e5062226d9594858a94037f7f1f70f66ed36681,86ce36c6e9318bca266043c532f262e33fb37ad36b53138833261f1f17cb71b3
Pituitary tumor__enh_1400,1400,Pituitary tumor,Pituitary tumor__enh_1400,train,Pituitary tumor/enh_1400.png,Pituitary tumor/enh_1400_mask.png,7d368cfa9edf5558b108a1ee51aac57d072dacb289c9212cf91c01ef066ff8b2,126abf214a50fc5d913fdfc6c4460e52795e3332024924a389ef939671b453f1
Pituitary tumor__enh_1401,1401,Pituitary tumor,Pituitary tumor__enh_1401,train,Pituitary tumor/enh_1401.png,Pituitary tumor/enh_1401_mask.png,a4ba02511588d2e04dc6d60efa4944e02d53e295f266e50fafb42c1c9ecafc68,1a18e0a96dc28caec92e5984c34afeb50098962c83de74de38880faeabe7bd19
Pituitary tumor__enh_1402,1402,Pituitary tumor,Pituitary tumor__enh_1402,train,Pituitary tumor/enh_1402.png,Pituitary tumor/enh_1402_mask.png,f4b3e256fb5d9e5fee6023758f5dc6994311226a1970d17d1a266885d41f7813,53aa9379582e9818d8e32186afd12a6d22415104fe520bdc57251139b86f236c
Pituitary tumor__enh_1403,1403,Pituitary tumor,Pituitary tumor__enh_1403,train,Pituitary tumor/enh_1403.png,Pituitary tumor/enh_1403_mask.png,c9cbc6fe0039d769503d29821c28a231dec1bacfb47616e4705649f86fb45aec,af5b20d86cd30b22b74b6dbb9d03183c5e657e316df8d82ac39df29218275447
Pituitary tumor__enh_1405,1405,Pituitary tumor,Pituitary tumor__enh_1405,train,Pituitary tumor/enh_1405.png,Pituitary tumor/enh_1405_mask.png,bf5ad838e81ae3b0fa9bb7bb291c7cdaab30737d3c604e09cb76a9afd1d7fc06,f7960312365b0cb0772a5e934ecd25a1abcb1da2544ba6ae0ffab19cbf42cc4e
Pituitary tumor__enh_1407,1407,Pituitary tumor,Pituitary tumor__enh_1407,train,Pituitary tumor/enh_1407.png,Pituitary tumor/enh_1407_mask.png,8d4aa2fefbe0373e7161e399a38ffb27cd3dc18e6dc414f73760ffaa03bfdffc,48f4b05eb97ec98f6cdb38b35b1c61ed2f2a3df5e70352371aa7d41e2b9a48c6
Pituitary tumor__enh_1408,1408,Pituitary tumor,Pituitary tumor__enh_1408,train,Pituitary tumor/enh_1408.png,Pituitary tumor/enh_1408_mask.png,1a9de91015e678cc46a91b3a8d985cb5c8a164ac711c0b6e9b6d16b0ea525115,a31ebf89ee1ff6ae1e8c7e17af4ada9710751eaa5349be2f8df305b2e799e468
Pituitary tumor__enh_1409,1409,Pituitary tumor,Pituitary tumor__enh_1409,train,Pituitary tumor/enh_1409.png,Pituitary tumor/enh_1409_mask.png,d0f4cee0692194677e2ff732490a8c1dbd08d22f8b25a7144253e52b24779baf,256f72a10c1169b29d4c6c7672955524c71bf69630fbc823c4a578f0de933d05
Pituitary tumor__enh_1410,1410,Pituitary tumor,Pituitary tumor__enh_1410,train,Pituitary tumor/enh_1410.png,Pituitary tumor/enh_1410_mask.png,3197fc68b9dc92cbebd08edd022e4ca1373601545a48f0a5dd4dc0c0f358ae26,7f38442bdb3d471b028b79ac383927686a9bc42ae07fb19c0ba1adbfce5f6f8f
Pituitary tumor__enh_1411,1411,Pituitary tumor,Pituitary tumor__enh_1411,train,Pituitary tumor/enh_1411.png,Pituitary tumor/enh_1411_mask.png,7b2ad8675b72bbe4eedd53a1769be0576600604f0f573e80f05aa4207792da2e,884ea7237031c8c1c85c01165f91fc06f2669cf2724fdc7d056175eb191c95d7
Pituitary tumor__enh_1414,1414,Pituitary tumor,Pituitary tumor__enh_1414,train,Pituitary tumor/enh_1414.png,Pituitary tumor/enh_1414_mask.png,cbd6d51d08e43e11945eb4e8a29ce09178721b6afa0d6e5b8018338b7fa22ac5,fa94ccdd153e3cf5b3648ec5d07bd4ce8df789679a1dc78e1577af08fa28faad
Pituitary tumor__enh_1415,1415,Pituitary tumor,Pituitary tumor__enh_1415,train,Pituitary tumor/enh_1415.png,Pituitary tumor/enh_1415_mask.png,8fd5199f91501a02be95ecb9888af33809f58e5f1f9eb511d4659ee350be48d9,73c0651e99d4db19525544fb6d2a75d3f657e3b697179ceeae27107e09697ee4
Pituitary tumor__enh_1416,1416,Pituitary tumor,Pituitary tumor__enh_1416,train,Pituitary tumor/enh_1416.png,Pituitary tumor/enh_1416_mask.png,7a96c2ffe292d3cfa149465ec76f25e3f7daa59cac1860fdf40ecba4d9b0614d,558738e8f322926fddecec2333eba1caeefb6325c990a564b986b9a3c8363884
Pituitary tumor__enh_1419,1419,Pituitary tumor,Pituitary tumor__enh_1419,train,Pituitary tumor/enh_1419.png,Pituitary tumor/enh_1419_mask.png,1b89967ff24b8823153506ebf9a3a50f13ffe4318e9a316ae84f906a3a5a249e,084adb0a2a8992b9eba0f7be14de10c7990908699d18061cfc0b2d69f12c5af0
Pituitary tumor__enh_1420,1420,Pituitary tumor,Pituitary tumor__enh_1420,train,Pituitary tumor/enh_1420.png,Pituitary tumor/enh_1420_mask.png,013cd92123998aae19183b6a0a65a60653874d1a0960f9112f1a0259014ff084,2c0387df53243b6f15b05865a33b866099bd4d868cd13f0d725c39b789f1f264
Pituitary tumor__enh_1422,1422,Pituitary tumor,Pituitary tumor__enh_1422,train,Pituitary tumor/enh_1422.png,Pituitary tumor/enh_1422_mask.png,341b04dcb90e6580225bfc446ab44e16ca51b30bbb3dd569b3e1d91373b855cf,38a3f8660a3bce4312939854f12a8c616bb3d62082bd65f12168046f5566bcdf
Pituitary tumor__enh_1424,1424,Pituitary tumor,Pituitary tumor__enh_1424,train,Pituitary tumor/enh_1424.png,Pituitary tumor/enh_1424_mask.png,74cd3345492fbafa2ee7eade25fee3245a7c21637be40233493df11e305f8405,38300c6fa1135a582e93f760ef1c36487922b9d13eb84b1c44515d573c8b14f9
Pituitary tumor__enh_1427,1427,Pituitary tumor,Pituitary tumor__enh_1427,train,Pituitary tumor/enh_1427.png,Pituitary tumor/enh_1427_mask.png,239fe216d37203eed3137d3796c797ec4e12daea4aad8bb9bc014d2e82d4b86f,fe77575746c91ed4166867ff03750959aeefeabebb9a1cb23f8c44c8e11e6866
Pituitary tumor__enh_1428,1428,Pituitary tumor,Pituitary tumor__enh_1428,train,Pituitary tumor/enh_1428.png,Pituitary tumor/enh_1428_mask.png,27cb29b3b55a745e3afe62f9f9f4e6f4a1c0792b2737df3abeed9ca8446bf08f,8d4bffb3e6b256373c709d481f51945f2e3ea4408d29a4b081a666e069250170
Pituitary tumor__enh_1429,1429,Pituitary tumor,Pituitary tumor__enh_1429,train,Pituitary tumor/enh_1429.png,Pituitary tumor/enh_1429_mask.png,45282f642dc7fcca12894ec2effce1524e8bb389ea890c625b6f1da45b7f845f,cd0a795b5df2e8e52a8386c3932db5fe3ff6964dbe9ba0082e1bb4e6adf35e8d
Pituitary tumor__enh_1430,1430,Pituitary tumor,Pituitary tumor__enh_1430,train,Pituitary tumor/enh_1430.png,Pituitary tumor/enh_1430_mask.png,8508c8246885b4a65ac98eb84bc01e7632c62e18e43d763a993711d6e738fa36,6f05dd345130e5e525b333205b0bb9a3f1e758341403c50a9f2074577017a781
Pituitary tumor__enh_1432,1432,Pituitary tumor,Pituitary tumor__enh_1432,train,Pituitary tumor/enh_1432.png,Pituitary tumor/enh_1432_mask.png,d9b95ef9083d12f1abd7ba915c144be6490b58f77d476d214f568975128689df,30cfcdaacfbccf94b8a3abc338909b3d329af782e2a1efdc69de74a0f585378b
Pituitary tumor__enh_1434,1434,Pituitary tumor,Pituitary tumor__enh_1434,train,Pituitary tumor/enh_1434.png,Pituitary tumor/enh_1434_mask.png,06f277fb217697233a648a757644e06360b104fa15b112e8a5b96014278a0df1,acce0b92b4b71e22beffe7a70a06252e756a190b271b2a60c14b32fa5a241ac9
Pituitary tumor__enh_1436,1436,Pituitary tumor,Pituitary tumor__enh_1436,train,Pituitary tumor/enh_1436.png,Pituitary tumor/enh_1436_mask.png,deb623fb40f14572af256269f39a7660529b8684747098720b4aa67dce075ca0,0fcf3ffc6034af85086b0c63b28d08ce2289102b03509a0633ebecbcbbdca18e
Pituitary tumor__enh_1437,1437,Pituitary tumor,Pituitary tumor__enh_1437,train,Pituitary tumor/enh_1437.png,Pituitary tumor/enh_1437_mask.png,b8a46df8500c1c327176567b223080ea54b3cd7012936eb8c94f30fcedf82fc9,854334a58e53893be176d0d4ca4e6550cfc6b2b57d1c2e432f22ac9aab4db2b0
Pituitary tumor__enh_1438,1438,Pituitary tumor,Pituitary tumor__enh_1438,train,Pituitary tumor/enh_1438.png,Pituitary tumor/enh_1438_mask.png,d4c757960e80f2c9668f4ac93e34d5912916184a1b1c9d7851345b845787a41f,d5e2c63fe699b10de462339a86f1ea3211ccb9e0f16653eacb25799bd471bdc2
Pituitary tumor__enh_1439,1439,Pituitary tumor,Pituitary tumor__enh_1439,train,Pituitary tumor/enh_1439.png,Pituitary tumor/enh_1439_mask.png,0f7887c902f4278ec0b0cc4d5b62e9118f6b543d2154801ba3fb27d8442226fc,68507373643144e8f3e200483e54d1c1c55a0fddc2d1d506a10f81d68bd0da66
Pituitary tumor__enh_1440,1440,Pituitary tumor,Pituitary tumor__enh_1440,train,Pituitary tumor/enh_1440.png,Pituitary tumor/enh_1440_mask.png,3aa2af9ae94e6cd0eef0a6a52ff4cd6b7d50f0dba8387a314f14df402486dd30,6f6b5d127921f1b95f2861a548c96cf0f20cddb770c37f3345a7601b3f27d983
Pituitary tumor__enh_1442,1442,Pituitary tumor,Pituitary tumor__enh_1442,train,Pituitary tumor/enh_1442.png,Pituitary tumor/enh_1442_mask.png,dc8fb77526b397a1403374f81b782cc38e74afacf5081273760b118be027e1b1,d0da5162d9679368f60c19fe79ae16c7e4a7a5da61c8ac03fec2974d7664f698
Pituitary tumor__enh_1443,1443,Pituitary tumor,Pituitary tumor__enh_1443,train,Pituitary tumor/enh_1443.png,Pituitary tumor/enh_1443_mask.png,bac3f233a5a684b0bcaa21121449539aa437380dc76c60249cd833ca4957c23c,83396c98b7bdd2556b188d74b5f9f6f478de646900c5810385db4609c046df35
Pituitary tumor__enh_1444,1444,Pituitary tumor,Pituitary tumor__enh_1444,train,Pituitary tumor/enh_1444.png,Pituitary tumor/enh_1444_mask.png,506942c6883c658ff05f7c98d22bb7fcf9157fdf48d27711b599970cc24d744f,43f124a00e7b77888a8874854a03b2b7531ae60297e2944512f10e98a0f13d59
Pituitary tumor__enh_1445,1445,Pituitary tumor,Pituitary tumor__enh_1445,train,Pituitary tumor/enh_1445.png,Pituitary tumor/enh_1445_mask.png,6ad0ed6dc74b01670e8c33526a0df0f03a8314616ade45ddc267fbd102995f07,6c60767c1960767f4537eee8df2e36a26ee15cc181f930ae8c37e3edbc9e541e
Pituitary tumor__enh_1447,1447,Pituitary tumor,Pituitary tumor__enh_1447,train,Pituitary tumor/enh_1447.png,Pituitary tumor/enh_1447_mask.png,345b394ea4d41aaa87bdb0bf6e4cde34db10cab7c3f37c335c291dadbd36d2ef,89c9c919177f1586d576e4e626d232d7b534ba79d3b39483780565b7ad587e63
Pituitary tumor__enh_1448,1448,Pituitary tumor,Pituitary tumor__enh_1448,train,Pituitary tumor/enh_1448.png,Pituitary tumor/enh_1448_mask.png,c7ddb372face84c96763ee42bd7c18e666313fad18b8bfd861e5e832be3172ee,1957eed0c7453e65129447a1e10e682b28dc6cce9baf746865eccc0b7c0e28fe
Pituitary tumor__enh_1449,1449,Pituitary tumor,Pituitary tumor__enh_1449,train,Pituitary tumor/enh_1449.png,Pituitary tumor/enh_1449_mask.png,89a003eb23a290543a5ed8e125daf184283d77b0624dc68480a61b8fd057b2ee,be94c34d87eac61f8123c506fc218f9ec810bfd137aa332b197c1253ebba9d9e
Pituitary tumor__enh_1451,1451,Pituitary tumor,Pituitary tumor__enh_1451,train,Pituitary tumor/enh_1451.png,Pituitary tumor/enh_1451_mask.png,7702e762108a01ce2ba6289bd7eada7158ebd2f413395a63d1e50699ccec6bd0,1a52d66397d5fb2a7eba0ca78a896ce1104466a0c0219cb28ea8e119bfb57726
Pituitary tumor__enh_1452,1452,Pituitary tumor,Pituitary tumor__enh_1452,train,Pituitary tumor/enh_1452.png,Pituitary tumor/enh_1452_mask.png,a2986ada9edc9b32c1d44ae05f8578fb61ad36626b73ef680d37125d2e818c63,88b3ac4d6038cde4bcd615a1aa1a19d6fc60f18a57f214115333c875bb57812f
Pituitary tumor__enh_1453,1453,Pituitary tumor,Pituitary tumor__enh_1453,train,Pituitary tumor/enh_1453.png,Pituitary tumor/enh_1453_mask.png,96420f58e7061d30e079203ea89bcf391ea34c401ef43878d54be252ffc2c3b9,900dacbcb4c45070939489caeb48a612ddcebbb7dc9d906ea8dc745084f8535c
Pituitary tumor__enh_1454,1454,Pituitary tumor,Pituitary tumor__enh_1454,train,Pituitary tumor/enh_1454.png,Pituitary tumor/enh_1454_mask.png,330101108690ac241f5775bd871a4feb34bc76c21b13f976d2fa7d428c1e730b,484adfa0b09dfe6fcfd783ca528b327fe5d565c234d29c20d06971c6d515e132
Pituitary tumor__enh_1455,1455,Pituitary tumor,Pituitary tumor__enh_1455,train,Pituitary tumor/enh_1455.png,Pituitary tumor/enh_1455_mask.png,0826920683b3fdff4874cb72abbab5bdfadc51f7f8b1f57e51aefa90ee36a0af,c655b9b279519eb216e4a417b51f04c9b14f26147e051a68651425c93c27f93a
Pituitary tumor__enh_1456,1456,Pituitary tumor,Pituitary tumor__enh_1456,train,Pituitary tumor/enh_1456.png,Pituitary tumor/enh_1456_mask.png,54997dfb7b5bc3b499cd300a59d126a567d52b0d421c972b9e434f1c89af3bac,2528a8a87252e769d044f396c8f05689b33f1b9fb83772c95f103ef5955b1103
Pituitary tumor__enh_1457,1457,Pituitary tumor,Pituitary tumor__enh_1457,train,Pituitary tumor/enh_1457.png,Pituitary tumor/enh_1457_mask.png,96db830c9e5a0a1ad9535804690cddf4ceb2346ba3002a1658f721fe74c49911,dbd6e4f6e691833b5035efa91a8722d32e522f1704f3a591de2a98a79cc7cf3a
Pituitary tumor__enh_1461,1461,Pituitary tumor,Pituitary tumor__enh_1461,train,Pituitary tumor/enh_1461.png,Pituitary tumor/enh_1461_mask.png,b5cfabc1fdab7d90a0aaa32c6d50251b4245ee249f8ef1f8ecabe2d0f58b7a03,37bdedb25e0778511e82a21ababefae91a9fcb844155fdccf36d69d25192d22a
Pituitary tumor__enh_1465,1465,Pituitary tumor,Pituitary tumor__enh_1465,train,Pituitary tumor/enh_1465.png,Pituitary tumor/enh_1465_mask.png,291e74957a17f415a43e83fd4fadbeb14cea39dd27a404e58b173d4d80e2f6ee,7a17f195dc65f0646194de6424ea3905417f8e8121ed5b19ee5fa5dbf960ea6a
Pituitary tumor__enh_1466,1466,Pituitary tumor,Pituitary tumor__enh_1466,train,Pituitary tumor/enh_1466.png,Pituitary tumor/enh_1466_mask.png,a2734590136ec98e67df2c9a1b9a497449646c0b6970767d50edde186a65f1d8,52b4ae3242cb48b9ca0da4d5b100a1d8315c011cd7c239b2eca6e14aab6e9c30
Pituitary tumor__enh_1467,1467,Pituitary tumor,Pituitary tumor__enh_1467,train,Pituitary tumor/enh_1467.png,Pituitary tumor/enh_1467_mask.png,0b7b8b8fe04c9403121f6350db52e3fea1d1621172718fb22657d1155d54fdaa,ad1aaade302c398ce6a562271e73cc476833368275237b1f9acc063d67e90b01
Pituitary tumor__enh_1469,1469,Pituitary tumor,Pituitary tumor__enh_1469,train,Pituitary tumor/enh_1469.png,Pituitary tumor/enh_1469_mask.png,15521a48330717ed2612d4833ca0b3225bf8ff5ff6500695dd0f9d18c3e16a1b,5fb89c4b85bde3f11ac58bfcea5b61953cf16e17bd620aadfccb196bf5676087
Pituitary tumor__enh_1470,1470,Pituitary tumor,Pituitary tumor__enh_1470,train,Pituitary tumor/enh_1470.png,Pituitary tumor/enh_1470_mask.png,12cc5afb2933dd0998ede671362e5df717f8cf4c8c3dd8dade891c5758b0c72b,7bc933ade6186e961c7591e1231a0b00e654b15d51599159d85a9dc32e2f9c79
Pituitary tumor__enh_1471,1471,Pituitary tumor,Pituitary tumor__enh_1471,train,Pituitary tumor/enh_1471.png,Pituitary tumor/enh_1471_mask.png,cea13abe34f3d6cb96cca8897ab339cadc3a7db95e36bed42f77f7915ad23987,89ac75582f169560f6f25b8c19a22fb7257b77683637d03c2a3c5450c098f416
Pituitary tumor__enh_1474,1474,Pituitary tumor,Pituitary tumor__enh_1474,train,Pituitary tumor/enh_1474.png,Pituitary tumor/enh_1474_mask.png,7741557407d11871c4e9dd131f357417c411e43ce5c67859bb6d5e4947db453d,7cb8d7d3dffabe3f6c2ba3fd210968f97fe004cb8813f1c661b28fe301b66e76
Pituitary tumor__enh_1476,1476,Pituitary tumor,Pituitary tumor__enh_1476,train,Pituitary tumor/enh_1476.png,Pituitary tumor/enh_1476_mask.png,9c22d222d632ad63083150044b9ef5eb6147d658036ec4d7866cb7fdc8ab7a1f,f99322183500e455aa559e8857a620c3154c310e9089dc54531d48b42f6fdd67
Pituitary tumor__enh_1477,1477,Pituitary tumor,Pituitary tumor__enh_1477,train,Pituitary tumor/enh_1477.png,Pituitary tumor/enh_1477_mask.png,1b7fb309ff2ed64712bcb198b9b0199c35a0a05faf758d0cb3a5073a948f8d56,a286f4f42a99b04158fece6481225c64a28ecbc083242f68234b9d60a2b82b78
Pituitary tumor__enh_1478,1478,Pituitary tumor,Pituitary tumor__enh_1478,train,Pituitary tumor/enh_1478.png,Pituitary tumor/enh_1478_mask.png,dff203369b9532d7ace4176b88ca46e31bbee2f45155da826129cffdb9ee0160,79a9fffab5c0f680df6a616506988e878768d163eb97d7f6e1cb77043163448b
Pituitary tumor__enh_1479,1479,Pituitary tumor,Pituitary tumor__enh_1479,train,Pituitary tumor/enh_1479.png,Pituitary tumor/enh_1479_mask.png,90aa462666031d71e378c6f9d5ea054504ccab63f07e2543a269faf3300432a9,2bb1d5f57be70d68af318fc1acb8654d0026c5e72f0b3920238c23c58a99ef93
Pituitary tumor__enh_1480,1480,Pituitary tumor,Pituitary tumor__enh_1480,train,Pituitary tumor/enh_1480.png,Pituitary tumor/enh_1480_mask.png,05413902a99bc4419283e387b25b87239a8b4cee97a65311fb5e64817f9be169,68afdda236018831d50504046437ab4e73c95c912be5509595af48458473b3d0
Pituitary tumor__enh_1481,1481,Pituitary tumor,Pituitary tumor__enh_1481,train,Pituitary tumor/enh_1481.png,Pituitary tumor/enh_1481_mask.png,acda6516a8e1e49009e16a0e05cbcfe733720dfd6897d7366470a5fdcd87ac8b,49921c8276e4f2217ebfb2c2b8fead67451bbdc685a1cbe2ef6cd80c4d4d2e9c
Pituitary tumor__enh_1482,1482,Pituitary tumor,Pituitary tumor__enh_1482,train,Pituitary tumor/enh_1482.png,Pituitary tumor/enh_1482_mask.png,caf686f3861cd02e5a46d8aeb01983f2a1a0b6afdc9b2af3e9cb49e23fe5f7a4,01e51af62cea9eb802d0ed4a12c4d8812be48d25474930677c7b98d79f4087ce
Pituitary tumor__enh_1483,1483,Pituitary tumor,Pituitary tumor__enh_1483,train,Pituitary tumor/enh_1483.png,Pituitary tumor/enh_1483_mask.png,4fdc3fdbc1431b87acf52a7344c19e89538fc8e8ecc79249662a4fb7ccb79a1e,6ff55f525ea8290dd1aaba5ea85b68491559afb8b87f7ddc787ad8c25a2a42d7
Pituitary tumor__enh_1487,1487,Pituitary tumor,Pituitary tumor__enh_1487,train,Pituitary tumor/enh_1487.png,Pituitary tumor/enh_1487_mask.png,ac9fa88088592e757a87e990126f291ff18b691db5c3a47a0d2775a214068af7,d4af7577c01c9c94d041d637efd74b8e36d956e1b9e9aa6aa4f0750f5e909a53
Pituitary tumor__enh_1491,1491,Pituitary tumor,Pituitary tumor__enh_1491,train,Pituitary tumor/enh_1491.png,Pituitary tumor/enh_1491_mask.png,1c93ee735d1775833fe5d28141ab55aabcc3022fa3734e386ff9cb17110668d8,309dc2e80e350e8c5905c969ba5a7eb2e934068187a3cc1bcadf48460e35b06d
Pituitary tumor__enh_1493,1493,Pituitary tumor,Pituitary tumor__enh_1493,train,Pituitary tumor/enh_1493.png,Pituitary tumor/enh_1493_mask.png,52eee80cab343d9d5d32f52082a200f69ee41ec15519cc96ebba56cb2c068f24,e73d671d8024f475428819dea112b5a31755513f336316527b19560ae79a5967
Pituitary tumor__enh_1494,1494,Pituitary tumor,Pituitary tumor__enh_1494,train,Pituitary tumor/enh_1494.png,Pituitary tumor/enh_1494_mask.png,b04af53ab344ea96c40a1b3ffce0c244a88ca3ce26e84e612bd1ef68be69df62,a6b6dee7e00fc805940d3a647c293790e0f0ee865a555f03279ba364d58670aa
Pituitary tumor__enh_1495,1495,Pituitary tumor,Pituitary tumor__enh_1495,train,Pituitary tumor/enh_1495.png,Pituitary tumor/enh_1495_mask.png,27c21be8299312c10915f83007c87b4a1b0a4491ec7cb3b2624f249d6d7c3e89,a5340fd39c9c0cc9f992eb48e6d56e47fcc95a36fb8986468c0fbeb6c7a2b10d
Pituitary tumor__enh_1498,1498,Pituitary tumor,Pituitary tumor__enh_1498,train,Pituitary tumor/enh_1498.png,Pituitary tumor/enh_1498_mask.png,992fb4ebe496028671c8a97f802ea4c135bb6f6220114c50d5c95cd497f05843,121377242f8753615fa23a80b98693ead4b7f2641cefad41efe73da3f6128701
Pituitary tumor__enh_1499,1499,Pituitary tumor,Pituitary tumor__enh_1499,train,Pituitary tumor/enh_1499.png,Pituitary tumor/enh_1499_mask.png,b5e38afbb3b84ed7213c951260bffb2c156386cef88de302390a0280ea0704ce,b527a833bff8a55d1ca7b7d1150526ff9e42b1d3adb49d0c9f6e0cc8d158345d
Pituitary tumor__enh_1500,1500,Pituitary tumor,Pituitary tumor__enh_1500,train,Pituitary tumor/enh_1500.png,Pituitary tumor/enh_1500_mask.png,b2a59cd3e3cf34afa53f2f826608629428185fc05d84a40773f8b637788792df,824c57678df22afd803a0172d58e644e317fd9e08af93d6fb72c183c8dcd658e
Pituitary tumor__enh_1501,1501,Pituitary tumor,Pituitary tumor__enh_1501,train,Pituitary tumor/enh_1501.png,Pituitary tumor/enh_1501_mask.png,10b52a7a71d3a4e0f44498705165ee11ccabcf84e0243d83d382bcc594dc0cf4,3637ddf15406aba45637a49f663bce2bf18fb347fea663a0e62252f4c958fae1
Pituitary tumor__enh_1502,1502,Pituitary tumor,Pituitary tumor__enh_1502,train,Pituitary tumor/enh_1502.png,Pituitary tumor/enh_1502_mask.png,5ad08cd2837449d43c41f644ebc3491254d6d01ab5fae379fc22a61246ca640e,34e405f8aa11836df995cb0a10cf6c8fc0551faeb8cc1670b623ee9f3bca4ddd
Pituitary tumor__enh_1503,1503,Pituitary tumor,Pituitary tumor__enh_1503,train,Pituitary tumor/enh_1503.png,Pituitary tumor/enh_1503_mask.png,59b972ebb563b4316f3a542c29aa65c7f70e71618c14968deb5890f0c4ef3811,531a46ee0496347ec182f6c7907cb810ee1b580dfe61b271bf6710e0b0e08362
Pituitary tumor__enh_1504,1504,Pituitary tumor,Pituitary tumor__enh_1504,train,Pituitary tumor/enh_1504.png,Pituitary tumor/enh_1504_mask.png,97c6c468c6c6d1715478d310656249419d0e4c886a02a09350efe1310cde4db4,6cbac147501c5c2191c762382421a86f5f26487754d2e4b0ad7805b8ff216467
Pituitary tumor__enh_1505,1505,Pituitary tumor,Pituitary tumor__enh_1505,train,Pituitary tumor/enh_1505.png,Pituitary tumor/enh_1505_mask.png,391072e0571c3c16e194799995ff217360dea4cd87511ad8d81c535121207893,a560c5ff892b8769360c23da9c39b1ef89d2750e0978eeae74eda3b09a9aa7fb
Pituitary tumor__enh_1506,1506,Pituitary tumor,Pituitary tumor__enh_1506,train,Pituitary tumor/enh_1506.png,Pituitary tumor/enh_1506_mask.png,12297a2f44d618f822325150ad8f6e715af2b96ef99a129726135b76bc15bf64,59d3564312421a703bb8120763c5a0b03648cd79d2038c085eef94d1f9469dfb
Pituitary tumor__enh_1507,1507,Pituitary tumor,Pituitary tumor__enh_1507,train,Pituitary tumor/enh_1507.png,Pituitary tumor/enh_1507_mask.png,bf0691bbc4514faf05ce5dd36eb4332a22b5814e270c6b7bb610f3593ba10ccb,33259c7939dafac3127760832488b8b53a38e1a5bafb6630bb91b5e40c74e91b
Pituitary tumor__enh_1509,1509,Pituitary tumor,Pituitary tumor__enh_1509,train,Pituitary tumor/enh_1509.png,Pituitary tumor/enh_1509_mask.png,6058094e242da7511bacd676c2445a1fe2f5fb0aa2e393351266b29a3a1cfc27,07723db028173d7c36352bd180c244f60f31d64fbe37c584cc1c8773e9252d8d
Pituitary tumor__enh_1510,1510,Pituitary tumor,Pituitary tumor__enh_1510,train,Pituitary tumor/enh_1510.png,Pituitary tumor/enh_1510_mask.png,56a4268bbb6f3a2cf6039f1a5aa83c6f5bdb0b68ef6ad181698c8c4c47463bd3,faea972a37820d1bcfdc382261235730d2c0d03650eb23cefc7c7651e489fd66
Pituitary tumor__enh_1511,1511,Pituitary tumor,Pituitary tumor__enh_1511,train,Pituitary tumor/enh_1511.png,Pituitary tumor/enh_1511_mask.png,cc727908da15e68c497376b32e978d6947859b7b65fc5b4c5740c8fc6c58ff62,f0b22541cade9a1d94b7df3c446879aee93a7f09bdcf3ad2e2b829dc2c2b4f7c
Pituitary tumor__enh_1512,1512,Pituitary tumor,Pituitary tumor__enh_1512,train,Pituitary tumor/enh_1512.png,Pituitary tumor/enh_1512_mask.png,23d6dc1d08c20e0ef52a3e37fe66b808f203d7a1c0b8b0ee21d35ea730622ec7,afc348e3bdf10b1bbd6d4964d0c5aa80673182ced9ce6f3d48ed92c948213265
Pituitary tumor__enh_1513,1513,Pituitary tumor,Pituitary tumor__enh_1513,train,Pituitary tumor/enh_1513.png,Pituitary tumor/enh_1513_mask.png,211f0f7c37881d1bfb87738a2a16be0f3d8806fce82e4182773826948d9d34f2,51f87a37acb58306f65f6bf0b7d4dbf895b8553847093fb0cfbeec094586133a
Pituitary tumor__enh_1514,1514,Pituitary tumor,Pituitary tumor__enh_1514,train,Pituitary tumor/enh_1514.png,Pituitary tumor/enh_1514_mask.png,cd1762dc88d9a9d8fb3c746d34db64636aa889e89f63df7056d0bd8f52fc8749,43340d362fe004522cb1cac868094756834067bb08defd0e6f5cb5f92ad64604
Pituitary tumor__enh_1515,1515,Pituitary tumor,Pituitary tumor__enh_1515,train,Pituitary tumor/enh_1515.png,Pituitary tumor/enh_1515_mask.png,670b40e266562def03c14db132ad364355a280e225a6ed0c6c365dc1e510f7a1,f7c19d16b7cdc1074d9ec0e87b93bc568f3efd027343832fe6136adcc1336d27
Pituitary tumor__enh_1516,1516,Pituitary tumor,Pituitary tumor__enh_1516,train,Pituitary tumor/enh_1516.png,Pituitary tumor/enh_1516_mask.png,321079cf25c4783b666fc6d002e5d3fccaadd5ffa68d3e5e2c1779d8afc2b7eb,5b28d3ed047d18d508789b9c10fb531e580202c3f8f5a2957e8e0c9c2bec5425
Pituitary tumor__enh_1518,1518,Pituitary tumor,Pituitary tumor__enh_1518,train,Pituitary tumor/enh_1518.png,Pituitary tumor/enh_1518_mask.png,164e0636362594741676cb80877a5edc4a3f753d102599cbca44265322c206ac,a6cfa47090d2b961707fc1d8e7207ba92c31c7711c786b1328398bf4dc521495
Pituitary tumor__enh_1519,1519,Pituitary tumor,Pituitary tumor__enh_1519,train,Pituitary tumor/enh_1519.png,Pituitary tumor/enh_1519_mask.png,6dc878eb7522e40f6f4e7ad8f9bb26bb41a779c70eed43a8467ad0da2cbe8001,4522307402ed1c2a05a75f8f9c54fb85b1b652759c2879d5ac2898bbc7bbcf56
Pituitary tumor__enh_1520,1520,Pituitary tumor,Pituitary tumor__enh_1520,train,Pituitary tumor/enh_1520.png,Pituitary tumor/enh_1520_mask.png,4ea3945b01c11429047bdf576d08c0a0b2bf848d0fe2f6a32b732723692051e6,7bfe76d350a7645af935fbafc13310aeee0a72bee14204b821f557dc528dbee7
Pituitary tumor__enh_1521,1521,Pituitary tumor,Pituitary tumor__enh_1521,train,Pituitary tumor/enh_1521.png,Pituitary tumor/enh_1521_mask.png,45a63074465e91a3142c0fdda840f9adeaf07ff75acc437a8a723f754359ef50,a90d47005417634cb2e05bb196d87f9941b2d16bdc409c42baada4306289411b
Pituitary tumor__enh_1523,1523,Pituitary tumor,Pituitary tumor__enh_1523,train,Pituitary tumor/enh_1523.png,Pituitary tumor/enh_1523_mask.png,b463953584e34d8c56a83702f653f991e2e4a380d327e2e10988ed49024e8f02,8a0c20a268c9bb9dc48f0f2493c90b0f19c43856e5905bdf255d091b3f83df5f
Pituitary tumor__enh_1524,1524,Pituitary tumor,Pituitary tumor__enh_1524,train,Pituitary tumor/enh_1524.png,Pituitary tumor/enh_1524_mask.png,24f1210aab291f5b9d90ef45d56e77f4c7b4235d10d1b45aa4275d922e05c81e,d8ea24146279ccf4988561d68d8723c62b2e0ca80c78628e193396c4ada00360
Pituitary tumor__enh_1526,1526,Pituitary tumor,Pituitary tumor__enh_1526,train,Pituitary tumor/enh_1526.png,Pituitary tumor/enh_1526_mask.png,7fd2a4d0492a3edbf8881a7e794ac4e9e0735262bd5db766e083eeadd6c6dced,8c0159a87a95ddbf78fd4c723f614799765dda522d3ddbbe9fbe410c3939ae3b
Pituitary tumor__enh_1528,1528,Pituitary tumor,Pituitary tumor__enh_1528,train,Pituitary tumor/enh_1528.png,Pituitary tumor/enh_1528_mask.png,4f4c7d3cf3abb8b8b433918bac10196f723954a6166c5e0da6900b30730e341d,d7f4fafe7cafe08314f797ab91a70501f492d6bfb1959867d062334fab1fc1dc
Pituitary tumor__enh_1530,1530,Pituitary tumor,Pituitary tumor__enh_1530,train,Pituitary tumor/enh_1530.png,Pituitary tumor/enh_1530_mask.png,5ad030c262af97326878cf605f03f8c79409cc9385f84cb0fbb9bc8f41ba6e99,c70aca669ecd98f0294c83d08044504f802d24be7855083b9051b7a87ed8896d
Pituitary tumor__enh_1531,1531,Pituitary tumor,Pituitary tumor__enh_1531,train,Pituitary tumor/enh_1531.png,Pituitary tumor/enh_1531_mask.png,b8dac6182768c14b44c44cb5f729f326085e28bf7b7944abf841e139e3f994e4,00d01e2c7cf1837baecf23183d2aa6e759bfaab66aac4ebbe948c9df76220ad7
Pituitary tumor__enh_1532,1532,Pituitary tumor,Pituitary tumor__enh_1532,train,Pituitary tumor/enh_1532.png,Pituitary tumor/enh_1532_mask.png,f9656743ccf9cd18bc31e6af7b28d660ff69f16e00d9943288a205f91a2dd426,687f55ae56d07e70281b8cf63952e07c12f310ca023471d0ca7adb54725c516b
Pituitary tumor__enh_1534,1534,Pituitary tumor,Pituitary tumor__enh_1534,train,Pituitary tumor/enh_1534.png,Pituitary tumor/enh_1534_mask.png,0565e0604e7a280595e91ecdb0056f76a463d6734a2d53930f6b2e872ea1450d,8776a05d5209e00b336845ebf2642515547793bf8f3c9021ae4c9f433c7681b2
Pituitary tumor__enh_1536,1536,Pituitary tumor,Pituitary tumor__enh_1536,train,Pituitary tumor/enh_1536.png,Pituitary tumor/enh_1536_mask.png,7afbaae53deb340ea67b84ae9c4f552608605bf3aef16ed178f06f6459ca91e9,c3dff233c66c7ecdd1542b095119cb5b0f2ed8f94e4272fe2b63253b03e9535a
Pituitary tumor__enh_1537,1537,Pituitary tumor,Pituitary tumor__enh_1537,train,Pituitary tumor/enh_1537.png,Pituitary tumor/enh_1537_mask.png,84f0c550b47c78a21ea9fea3113e7d18f985c93ecb4929dd042f7d313fd53ea2,41077ef58491e70925a5c2c95fda21b238919e6392f912dfc700d0f746cc8905
Pituitary tumor__enh_1538,1538,Pituitary tumor,Pituitary tumor__enh_1538,train,Pituitary tumor/enh_1538.png,Pituitary tumor/enh_1538_mask.png,13e3b4ecaabef33845892ae35deb75c65546f6691af2577766ef28a66558161c,3f47fa299fd1c3b386b6c93ed1fdc3f542260612fc286d3b902811f4a3ba30f2
Pituitary tumor__enh_1539,1539,Pituitary tumor,Pituitary tumor__enh_1539,train,Pituitary tumor/enh_1539.png,Pituitary tumor/enh_1539_mask.png,c66dcb7b2ca935894a25050133c2a26bdc9b2ba00f274cad31c3883d4e0195bf,a1d2ffb95b22eb00d1b934165fafbaf6024eade2a4c66321a9ddf6233905d769
Pituitary tumor__enh_1540,1540,Pituitary tumor,Pituitary tumor__enh_1540,train,Pituitary tumor/enh_1540.png,Pituitary tumor/enh_1540_mask.png,530dbc72e504281b831ff3306239dddefbc116c082305837bc2670626afcc464,7529cae8123128548721e7bbbf14bbb46f1148d3708563368ca7e438a36fde27
Pituitary tumor__enh_1543,1543,Pituitary tumor,Pituitary tumor__enh_1543,train,Pituitary tumor/enh_1543.png,Pituitary tumor/enh_1543_mask.png,1c1e3f5f16641d3832d14ba32eee27b11ad6594940a89684045b0212fd142cb0,074b3151de7473063581ba49d3e8ac623b4d5b4583c6a3af5737365913f7d8f7
Pituitary tumor__enh_1544,1544,Pituitary tumor,Pituitary tumor__enh_1544,train,Pituitary tumor/enh_1544.png,Pituitary tumor/enh_1544_mask.png,26399882b64c4af924ebeda34fdac63f9b6290037770721a1a675717ebb0702e,bebaa7255d212d32fe5d69b34496954131c1a78117b35af85447f23a2d32aa1d
Pituitary tumor__enh_1545,1545,Pituitary tumor,Pituitary tumor__enh_1545,train,Pituitary tumor/enh_1545.png,Pituitary tumor/enh_1545_mask.png,cba4427c5ef589dcd79d5e60b64ef5aba5e50fd8ad8c8af6c3cad145243fdf89,df890f330b3bfa2405fa7e70440b34fb20fd3af96e3ca0ce1366d027ebc09a80
Pituitary tumor__enh_1547,1547,Pituitary tumor,Pituitary tumor__enh_1547,train,Pituitary tumor/enh_1547.png,Pituitary tumor/enh_1547_mask.png,5d58734f85bc6f4bb1d8639488448ce6ba8ad97f67efed7baa7666c3110c2466,0b02a96abb0431be5f5f24acbeddde460efa1a4b235121d0425c9a692ba93bd6
Pituitary tumor__enh_1549,1549,Pituitary tumor,Pituitary tumor__enh_1549,train,Pituitary tumor/enh_1549.png,Pituitary tumor/enh_1549_mask.png,4201adbb687a60c931538c6790cef8acda1025dd57175119180b556b4ddc1e10,c9017234f89340db62f2dcd31c3f023db12a196e0ad5babcd9ae682f5060981a
Pituitary tumor__enh_1550,1550,Pituitary tumor,Pituitary tumor__enh_1550,train,Pituitary tumor/enh_1550.png,Pituitary tumor/enh_1550_mask.png,b3a2a02f8ee8c6f6c1352437d13d9cdda4eb4f73db5ffc7967ca198caa1a7507,fa40bd52711ad1650a9bc44f4f38acd565830ecee099d289a2feb6255ed12d82
Pituitary tumor__enh_1555,1555,Pituitary tumor,Pituitary tumor__enh_1555,train,Pituitary tumor/enh_1555.png,Pituitary tumor/enh_1555_mask.png,c7225a79a99ec787542a1689d92715a09dfeaea865b8ac445f783f629c24b4d3,b7ba5299a33ec3841a2cb34aac45074d107bc75130a8c4ddabd9c43c06c1e0b8
Pituitary tumor__enh_1556,1556,Pituitary tumor,Pituitary tumor__enh_1556,train,Pituitary tumor/enh_1556.png,Pituitary tumor/enh_1556_mask.png,c62e99e91b3c425a75f51243b03b7c4c541d900c823902bf47986aa7f738800f,3aca6628072c5894f65979a9f261b130e7c671f6f217d4bb57b38f28b3b96214
Pituitary tumor__enh_1557,1557,Pituitary tumor,Pituitary tumor__enh_1557,train,Pituitary tumor/enh_1557.png,Pituitary tumor/enh_1557_mask.png,55707f5b69592def201f04fa054ba7c2e4bde24a1dcf2a0729484d059b765abf,d04e6e9e2eb1154fce66444c9af4655dd3d4a357e29969a87f27a6ff81a09199
Pituitary tumor__enh_1559,1559,Pituitary tumor,Pituitary tumor__enh_1559,train,Pituitary tumor/enh_1559.png,Pituitary tumor/enh_1559_mask.png,29aca352ba8a99357f8665582e2db24852d18f592a1a283d9349c59ac771ee36,4b87b83ec41f4e08b4667a4a3709badcf40df1a6335316a2991fee5530296652
Pituitary tumor__enh_1561,1561,Pituitary tumor,Pituitary tumor__enh_1561,train,Pituitary tumor/enh_1561.png,Pituitary tumor/enh_1561_mask.png,bbff3020a7bc23c10c4f31b77c29387527e26b406a42a011681ab44420491009,024984a503d1507b1c4658f686c227067bdef1aa750f005e4984dc8e45bc68c5
Pituitary tumor__enh_1562,1562,Pituitary tumor,Pituitary tumor__enh_1562,train,Pituitary tumor/enh_1562.png,Pituitary tumor/enh_1562_mask.png,8427d5dc5f1eac89878d14567183ca79423741f5519be2fc7cbd6af884f36d91,3eecfbd1dab1a5e1a48edb21e34975941ae02be2afcf39c51983155167c11fce
Pituitary tumor__enh_1563,1563,Pituitary tumor,Pituitary tumor__enh_1563,train,Pituitary tumor/enh_1563.png,Pituitary tumor/enh_1563_mask.png,a5f55b2cfb1793ca873c2d46fa8cb41abf8b0a866fc73bb916cc22b178ff431b,3b2cd490dd32f7b2c889a57dadc9b1514420b4a202bf1bb71dfcaaad3aebd153
Pituitary tumor__enh_1564,1564,Pituitary tumor,Pituitary tumor__enh_1564,train,Pituitary tumor/enh_1564.png,Pituitary tumor/enh_1564_mask.png,b667556addb6d2661576cc07f00cdfd56cbdfe05e91b1bf584c13e48742aae53,90e6b162e178c6fad4db8593f2dd24f2a806d09d7b4c068f69be1ea3ac5ec661
Pituitary tumor__enh_1565,1565,Pituitary tumor,Pituitary tumor__enh_1565,train,Pituitary tumor/enh_1565.png,Pituitary tumor/enh_1565_mask.png,b3eb13e2b6a0bc7d8851688b2d52d62aea28ebd1039d8e6665306cc351e79218,4c52de54f0be6d7ea6a1d99f2122395bb6712bd7d5f9be5d75d9f360454ae488
Pituitary tumor__enh_1566,1566,Pituitary tumor,Pituitary tumor__enh_1566,train,Pituitary tumor/enh_1566.png,Pituitary tumor/enh_1566_mask.png,7c4ac8f7f4b93b60e7eba597334fc76f12a8ec4ac62706d02a08088697677fda,311a032d099b87c8ea81fe0c0333e852771683c4c67a85ae2be1fb8da046a91e
Pituitary tumor__enh_1567,1567,Pituitary tumor,Pituitary tumor__enh_1567,train,Pituitary tumor/enh_1567.png,Pituitary tumor/enh_1567_mask.png,33b539bd2dd50076602b5fa238ec2244ec808c7d265ce12513e15e8ab2b28102,dfb9e068de00627edc1376b0ad76913c26159cc3f2e66bf50d92bcccf7cfb290
Pituitary tumor__enh_1568,1568,Pituitary tumor,Pituitary tumor__enh_1568,train,Pituitary tumor/enh_1568.png,Pituitary tumor/enh_1568_mask.png,8a988c3a909b6733a30c7f1e5cc53447a44789edcfa4b2aabc0970df8c651823,4ce4b760867c71de19360b0d07ab9163759e72274d6372b3858b06bc3877da4e
Pituitary tumor__enh_1569,1569,Pituitary tumor,Pituitary tumor__enh_1569,train,Pituitary tumor/enh_1569.png,Pituitary tumor/enh_1569_mask.png,8347d6084f51287610152f5bcb238fa7a42a76c0b6273b5fd6661ade80fe7eae,84eae3f4a2bd0dfb798f95743dfcbb297ac4086204ac66e5be9f93b04c5d4e80
Pituitary tumor__enh_1570,1570,Pituitary tumor,Pituitary tumor__enh_1570,train,Pituitary tumor/enh_1570.png,Pituitary tumor/enh_1570_mask.png,62cb498dd99ec85e89c1928265d0289b76ddbce75e970fe4b7f71db80cd40ab4,402dc76385fee5173f4e92e9c2d047009bbee73f60aa61a9d73de17ee918f7c4
Pituitary tumor__enh_1571,1571,Pituitary tumor,Pituitary tumor__enh_1571,train,Pituitary tumor/enh_1571.png,Pituitary tumor/enh_1571_mask.png,c26e171c3dafe01885d04c6086f9a25547312ef161d69fb992f32767d1f6b70a,e2f0ae01a18b4831b12dbe39603ca420d63023c7d8b9ecf0ad482dd5fad52e1a
Pituitary tumor__enh_1573,1573,Pituitary tumor,Pituitary tumor__enh_1573,train,Pituitary tumor/enh_1573.png,Pituitary tumor/enh_1573_mask.png,602ebf2e6098e1a4e1f807a919c07f5e36739f38fb6a57e435afd38b5d649fb7,e5c457d5374b1d75eba00960a2acf58421d5b0df8f058956e56123bdce633a9a
Pituitary tumor__enh_1574,1574,Pituitary tumor,Pituitary tumor__enh_1574,train,Pituitary tumor/enh_1574.png,Pituitary tumor/enh_1574_mask.png,b561f36288fc78c37df2c22678c2e6936d51d7600a87f354bd4b2c769b203498,00b8f40c836965d35df5350fc5eec221510d93a1824a637eb16964db8c90a384
Pituitary tumor__enh_1576,1576,Pituitary tumor,Pituitary tumor__enh_1576,train,Pituitary tumor/enh_1576.png,Pituitary tumor/enh_1576_mask.png,07a2a2f05c7ccaba7b51efd9601f5bcb9793348c38b73c9e40b119489f02f4c7,7996882911c90f62efed7663f1955c587ad064dbea85f50ca8193f69940b0737
Pituitary tumor__enh_1580,1580,Pituitary tumor,Pituitary tumor__enh_1580,train,Pituitary tumor/enh_1580.png,Pituitary tumor/enh_1580_mask.png,5fe41bf8bdf63f31bb3251ee5a33122ec7f2fd2ac5f2e859aea0f03d1fff6a66,4541e4a827de6a1ade9f7a8977fb92f616cbc6af7ebf2e1b024f255f45ffb0bb
Pituitary tumor__enh_1581,1581,Pituitary tumor,Pituitary tumor__enh_1581,train,Pituitary tumor/enh_1581.png,Pituitary tumor/enh_1581_mask.png,cfc3ecc497f4c0d4ebd9243af001a19e0aadadba564c526564af688eaa9335a8,9441e396849b7aed3211e99b408974d7ff56ded4bd394ee92bbb3be8bf97a90b
Pituitary tumor__enh_1582,1582,Pituitary tumor,Pituitary tumor__enh_1582,train,Pituitary tumor/enh_1582.png,Pituitary tumor/enh_1582_mask.png,3518befacffd9bebb42fa497bad7b1aca1d31b273e7a483158d295ce4f16de9d,62be2540d9621ea1dabd283b271284aa7471874902d9921da57e027ce47dc092
Pituitary tumor__enh_1583,1583,Pituitary tumor,Pituitary tumor__enh_1583,train,Pituitary tumor/enh_1583.png,Pituitary tumor/enh_1583_mask.png,86f5efd720d390597163eef1aa9b9f4b89790404cb464beb1e4188bba0f2babc,5dea9a0a9d97ec4d110ad3b7af3ecd706dc9c0501981ee108e9e28be6572eea3
Pituitary tumor__enh_1586,1586,Pituitary tumor,Pituitary tumor__enh_1586,train,Pituitary tumor/enh_1586.png,Pituitary tumor/enh_1586_mask.png,75d5600c99e0766718bc60c7bbd0f7b97ea35be70db648d33b7973f6397d4941,8eb979495a4ec17b6bc3dd4b6466ce6881e8a5f167cc3e853aabe2b5f9eacfb1
Pituitary tumor__enh_1588,1588,Pituitary tumor,Pituitary tumor__enh_1588,train,Pituitary tumor/enh_1588.png,Pituitary tumor/enh_1588_mask.png,4fe1ffe95b3587683f821a6322e49c9915b65c33c9f87b172da99ceead2cd249,29e49d2e647d473bef12944889b8e11cb797518b55419ea5407afb6c199d16e3
Pituitary tumor__enh_1589,1589,Pituitary tumor,Pituitary tumor__enh_1589,train,Pituitary tumor/enh_1589.png,Pituitary tumor/enh_1589_mask.png,f7e79f683c63c1acb79f553c725c1f32e170002aae60591a4faa62f4ded41220,8db113625f40e230f61f3ea1a26ee7f7af2a502721f905d64f0941af4016daf1
Pituitary tumor__enh_1590,1590,Pituitary tumor,Pituitary tumor__enh_1590,train,Pituitary tumor/enh_1590.png,Pituitary tumor/enh_1590_mask.png,4f2545b181791b5a308ccd14decb710f3efb100ec69461edb34b5ef5e6315d0b,c88408fc92b299ccc580afca8354e759f97721f5f0fd403d809ed85600f47849
Pituitary tumor__enh_1591,1591,Pituitary tumor,Pituitary tumor__enh_1591,train,Pituitary tumor/enh_1591.png,Pituitary tumor/enh_1591_mask.png,c52dbfbe8866731cb1b2869b0ebd5a603e230b2438e96e64ebb5565f3bc859f5,98c11481c19f4e335e2705414ecb97e5cddf7dafadfee79ce6b56a7c975d6c2d
Pituitary tumor__enh_1592,1592,Pituitary tumor,Pituitary tumor__enh_1592,train,Pituitary tumor/enh_1592.png,Pituitary tumor/enh_1592_mask.png,c7b76763000e3be274525a5f53c86e4357ed0bccbfafd789627c69411370ec3a,810614790b3d7768034c2ce5a40e36efbe95df82dc2eb2557dfa82206c94aa5c
Pituitary tumor__enh_1594,1594,Pituitary tumor,Pituitary tumor__enh_1594,train,Pituitary tumor/enh_1594.png,Pituitary tumor/enh_1594_mask.png,6ec383760d0f5afc5f62adbfd345013f301a94ab60339c658539bed9a2a29b2f,1d6743586d1c34f3b19273ac2a44fc24f176827ce0a33d5a746b9fa34962a96d
Pituitary tumor__enh_1595,1595,Pituitary tumor,Pituitary tumor__enh_1595,train,Pituitary tumor/enh_1595.png,Pituitary tumor/enh_1595_mask.png,9dde2317e8944201cee4477a06426024355763285e6367e0de988b9a49d92a7c,8f6603ccd1a5533e44833bfece2956c6e75be91794e90b68a37db81d45a57ba6
Pituitary tumor__enh_1596,1596,Pituitary tumor,Pituitary tumor__enh_1596,train,Pituitary tumor/enh_1596.png,Pituitary tumor/enh_1596_mask.png,1b2764e6557d86104fd302b9fa2d6e58d0135d9116d7a160ba9eb2451cba0df3,e6a15e1e00dd4c244ffefbd32696bcb03c39bc63e454c03a48fd9afb7308db49
Pituitary tumor__enh_1597,1597,Pituitary tumor,Pituitary tumor__enh_1597,train,Pituitary tumor/enh_1597.png,Pituitary tumor/enh_1597_mask.png,191d1fab4c2eae6027c999b3ef73bd86aa79a77eaa9d2186a1c968f1e7c0aaf9,f3fdb06ebd65f511657e363ee90827d5b4f655546edc58b48954290445051aae
Pituitary tumor__enh_1598,1598,Pituitary tumor,Pituitary tumor__enh_1598,train,Pituitary tumor/enh_1598.png,Pituitary tumor/enh_1598_mask.png,f23904ca95c2cc5430272c861a6734404ba00a476f46965c2fc0649333c0655a,693813eb18f0ab7715368d9b3f385cefc8c34ec99fd37ae7251694e9c0bf2dbf
Pituitary tumor__enh_1599,1599,Pituitary tumor,Pituitary tumor__enh_1599,train,Pituitary tumor/enh_1599.png,Pituitary tumor/enh_1599_mask.png,866fb5a908d9146cf81be35a8f097ae73ca9b898991b8166ce9bb92ea37839df,c3b56ae94401dca38ca54a3a8c8b7539b12db7081ff3cd6a8d6f914afc655044
Pituitary tumor__enh_1601,1601,Pituitary tumor,Pituitary tumor__enh_1601,train,Pituitary tumor/enh_1601.png,Pituitary tumor/enh_1601_mask.png,544f669f28d406d687b3a857efe8836c581db9cb5a944cf385e3ad29ca56be83,87f4f2d4dab1109480c0f899b83c365b6c2afa83aaf77905eb7ad215085cb81a
Pituitary tumor__enh_1602,1602,Pituitary tumor,Pituitary tumor__enh_1602,train,Pituitary tumor/enh_1602.png,Pituitary tumor/enh_1602_mask.png,4829ce30473c4f0b82322775dd215c9c4d82d53397c3dac0081fee8753683b62,fb2efa23297cb7feebaab42fb8ab5975dd8385135100bfd8e5b9dc6444b33e7a
Pituitary tumor__enh_1603,1603,Pituitary tumor,Pituitary tumor__enh_1603,train,Pituitary tumor/enh_1603.png,Pituitary tumor/enh_1603_mask.png,44e428168165ff9ceae58d16f097723f506c37a36c7bdc1c6f98cfda7c845687,e9b0944b1cec670bdd22faad79744ddf426c3c51c558b97d8d9616057b0a83a0
Pituitary tumor__enh_1605,1605,Pituitary tumor,Pituitary tumor__enh_1605,train,Pituitary tumor/enh_1605.png,Pituitary tumor/enh_1605_mask.png,b20fc23e995a57d3e169ad698cad242549d74e6f1884babb83f9ccf389b70824,eba2a51db4cff17171792b416b4e749596286e53ba4422ac65f625f67352fbb2
Pituitary tumor__enh_1606,1606,Pituitary tumor,Pituitary tumor__enh_1606,train,Pituitary tumor/enh_1606.png,Pituitary tumor/enh_1606_mask.png,9cea11902b2f54c50544009dfe835b21ee75e353bc22fea1f55705f89f3fc121,8e1f27cdb9e3862b35ee0e6ad31ab2f317fed11ab792845d554f33707cbb3a2c
Pituitary tumor__enh_1607,1607,Pituitary tumor,Pituitary tumor__enh_1607,train,Pituitary tumor/enh_1607.png,Pituitary tumor/enh_1607_mask.png,3520e168b2670085e41ae2bb6ec45b20676bb3e1ff507f40472e1ec24dde0988,287575ef40d335de6b2dd9dba2113375e237dd65f08402189376968604513cc7
Pituitary tumor__enh_1608,1608,Pituitary tumor,Pituitary tumor__enh_1608,train,Pituitary tumor/enh_1608.png,Pituitary tumor/enh_1608_mask.png,1c2acae488a2a7ca55e5fd708d660c9eb9a0de0a65a7b7741586dbc49ab8042a,4de0efd288a87c5435641f8b79a380819490850183c4f426bbf7319466019188
Pituitary tumor__enh_1609,1609,Pituitary tumor,Pituitary tumor__enh_1609,train,Pituitary tumor/enh_1609.png,Pituitary tumor/enh_1609_mask.png,ae9c9cf7a30af8a5485b92a41c5de80367c0da8bbfd206678ad9c6dbf9c232c7,7f6b1a4a30cff0a06ec4ef519a70e6f869c937f976d3dea61e058305bdf0c1a2
Pituitary tumor__enh_1611,1611,Pituitary tumor,Pituitary tumor__enh_1611,train,Pituitary tumor/enh_1611.png,Pituitary tumor/enh_1611_mask.png,9414222fce74ba71b37f8ee55fd205d8a27ac9444d9d2b5026bc0da73c9a0d09,1abf7546032bf13b11174b166380441057df31f8d2627b8cf6c7b2e572ba5702
Pituitary tumor__enh_1613,1613,Pituitary tumor,Pituitary tumor__enh_1613,train,Pituitary tumor/enh_1613.png,Pituitary tumor/enh_1613_mask.png,b85a50d302f8b0706391a4bb8fb03a815916cb379cc858fdf64c1854083a7609,169e466f23d8f69c154613a6a33cc653f4894c0d1cffc5b3b722c6b07087c27b
Pituitary tumor__enh_1614,1614,Pituitary tumor,Pituitary tumor__enh_1614,train,Pituitary tumor/enh_1614.png,Pituitary tumor/enh_1614_mask.png,770405cfedfb9b54fd4e9f5c50e3a3a43a55f258a6b103deaf28f188564ece85,83d3401d0d7deaa8c55166a0e363453be05145cbd39eca9129ff9c9357963cd0
Pituitary tumor__enh_1615,1615,Pituitary tumor,Pituitary tumor__enh_1615,train,Pituitary tumor/enh_1615.png,Pituitary tumor/enh_1615_mask.png,87d7e0d985724b5e658277f7abe7287f92f314bb88b0b1fa95648ea2a01846cd,666a0112091ccd02a4703969f461fd62ebf2033819a176d44db92aca0ef6f3ec
Pituitary tumor__enh_1616,1616,Pituitary tumor,Pituitary tumor__enh_1616,train,Pituitary tumor/enh_1616.png,Pituitary tumor/enh_1616_mask.png,157efdcf0d8810756804cdccc65a2a24f8d7931e08843de4c1e0240a9c0c4823,cd6c36e5b02a507b6b5560c35d5fe7ca67fff62f0c36d584f7495f818443a92f
Pituitary tumor__enh_1617,1617,Pituitary tumor,Pituitary tumor__enh_1617,train,Pituitary tumor/enh_1617.png,Pituitary tumor/enh_1617_mask.png,f984c1797c249fb185fe62777b692d81214bb23aeb65bd9520456d2ed8f8dcc5,e65d1b92e8c450346439aafd7a0dad20966154ba507edcf68aef92099f0194c6
Pituitary tumor__enh_1619,1619,Pituitary tumor,Pituitary tumor__enh_1619,train,Pituitary tumor/enh_1619.png,Pituitary tumor/enh_1619_mask.png,8ff2cd75f1e804fb32e1aecc04bdeafb805419c9695e2f0b4782aa066c82bab1,1f767edf6625fb21309cfb01497579b55cd290f903e75cdd856093e0eb3db916
Pituitary tumor__enh_1620,1620,Pituitary tumor,Pituitary tumor__enh_1620,train,Pituitary tumor/enh_1620.png,Pituitary tumor/enh_1620_mask.png,204b952237882c431e122889914d2398dc82010fa2956ceb7612370f92accb9f,db3c523cca29d63348c1fa6bc3e3753a47e3e89fc07cd150e57e8eca27217fb2
Pituitary tumor__enh_1621,1621,Pituitary tumor,Pituitary tumor__enh_1621,train,Pituitary tumor/enh_1621.png,Pituitary tumor/enh_1621_mask.png,ad14d93ba82e70425b745e960bcca90fb4ba7fb2501760151435382d91f85635,5de6f52c6c204d471c27636d9d6ce0363962fcca32d1579f47ea1a16c7d250c2
Pituitary tumor__enh_1622,1622,Pituitary tumor,Pituitary tumor__enh_1622,train,Pituitary tumor/enh_1622.png,Pituitary tumor/enh_1622_mask.png,a90b2606b015ad0f948de6078e9209fff223e205f547ef63fe0f875f635ca5f2,7d07c0904599628fd9c7c93b3536c86e3860b1be427fa3516e204d82c5be2af6
Pituitary tumor__enh_1623,1623,Pituitary tumor,Pituitary tumor__enh_1623,train,Pituitary tumor/enh_1623.png,Pituitary tumor/enh_1623_mask.png,4f17f9550fb5828b0a4b143e0eda15f8f5d93ae227ba2df99f48b929b4b6637c,cc9fac05619df9fe871858aec85f43cbd66a322aeca2a007cf4478323c4d14e1
Pituitary tumor__enh_1627,1627,Pituitary tumor,Pituitary tumor__enh_1627,train,Pituitary tumor/enh_1627.png,Pituitary tumor/enh_1627_mask.png,c9766f6bea359e2c8aeb96db2a44c7b29e41fa3063785b3e7a164d01f3996939,5fc4747a2a835bc6a1c1554651dcdc97818705206a7b53b8549f643dbf29787b
Pituitary tumor__enh_1628,1628,Pituitary tumor,Pituitary tumor__enh_1628,train,Pituitary tumor/enh_1628.png,Pituitary tumor/enh_1628_mask.png,987cb6f61a6c024c99b2c9eda71b567d925235ab83fd58bb5844af4f61d72c7b,3236c325189d2d87f7746b4af7c0566de46c8c785f11ae982fd2e4817b601ad4
Pituitary tumor__enh_1629,1629,Pituitary tumor,Pituitary tumor__enh_1629,train,Pituitary tumor/enh_1629.png,Pituitary tumor/enh_1629_mask.png,4749abfb2d9371d9a3c9287b7ae610731ed54a6420dcb13eae1f838da6a402c9,b39185310728260447c5c682aeeb2c32e628abb872247d7e015692d46df0a6bc
Pituitary tumor__enh_1630,1630,Pituitary tumor,Pituitary tumor__enh_1630,train,Pituitary tumor/enh_1630.png,Pituitary tumor/enh_1630_mask.png,18ca78ab712924704bc41609c31068bcbfb5dd2f02f00fc385b746ffd27f36f0,7064031628d29162930f366570d412644607406b09dd893dc7eb0a5863d41420
Pituitary tumor__enh_1631,1631,Pituitary tumor,Pituitary tumor__enh_1631,train,Pituitary tumor/enh_1631.png,Pituitary tumor/enh_1631_mask.png,93d31aa876c206b0ccc474781a403a661eeba2e14071b57d70a09918b49cf248,9ee2d769b9480c2f3bb6a4d22dd4c48dd7da346d8cdfbf1b407c613a93a35444
Pituitary tumor__enh_1632,1632,Pituitary tumor,Pituitary tumor__enh_1632,train,Pituitary tumor/enh_1632.png,Pituitary tumor/enh_1632_mask.png,6516667876c75751a6dbc112c5c75c71bb090374e9b1dbba4806dbaf268e2f15,c4e07ba47119618e2bb5abcb10ae5f4167a1117896b149cf3f5190471cc427d0
Pituitary tumor__enh_1633,1633,Pituitary tumor,Pituitary tumor__enh_1633,train,Pituitary tumor/enh_1633.png,Pituitary tumor/enh_1633_mask.png,693f4c63463b224024d7efac9b29edb2903251c5cee65fd12040f76442e89a34,44ca673034866dec462eeb3a3483113b8d38e46c35d59dde4eee8d3fbdc1d980
Pituitary tumor__enh_1634,1634,Pituitary tumor,Pituitary tumor__enh_1634,train,Pituitary tumor/enh_1634.png,Pituitary tumor/enh_1634_mask.png,3c1dcbaa1e9c0cc90b12f56b929edc8c4f294873987011c492553c396eefafa3,1d76da848d53c3b566b4b5fef5cf5c05b6a4ad8e2ed3f144f0d098b1d0c3913d
Pituitary tumor__enh_1637,1637,Pituitary tumor,Pituitary tumor__enh_1637,train,Pituitary tumor/enh_1637.png,Pituitary tumor/enh_1637_mask.png,5367eafdd20926e7cc37874a5d824df0a6fae335c6a4694b8bf9c7385be7fd93,d26c40bc40381b377c2c3781ccd8b6ff3b0ad7538f24ccdb129c60f2a3584bea
Pituitary tumor__enh_1638,1638,Pituitary tumor,Pituitary tumor__enh_1638,train,Pituitary tumor/enh_1638.png,Pituitary tumor/enh_1638_mask.png,0335be1a936b33b7351b3f6e4d20598a840b93feee29fadeea379e0d14db31b2,d3c58746cb9054e7e7151bc59b986e44867e80691d7ae039fefb362a035f3834
Pituitary tumor__enh_1639,1639,Pituitary tumor,Pituitary tumor__enh_1639,train,Pituitary tumor/enh_1639.png,Pituitary tumor/enh_1639_mask.png,872fc63986928233b81e8f5eb3526d85801b1f1fbecea73e5b5c4c43a53a5d52,f57d826480dd435df66670e4255a81dfa4646cb8753807664f5a73897fdfb771
Pituitary tumor__enh_1640,1640,Pituitary tumor,Pituitary tumor__enh_1640,train,Pituitary tumor/enh_1640.png,Pituitary tumor/enh_1640_mask.png,f2c51ac0ade4f52f3fddc40eea644f308a5349a548858f1bf2625af07481b671,40d227c812c68264f27cff846f9aa7b4455577362f4e10626601abeef3b9badd
Pituitary tumor__enh_1641,1641,Pituitary tumor,Pituitary tumor__enh_1641,train,Pituitary tumor/enh_1641.png,Pituitary tumor/enh_1641_mask.png,a2e4c2c9656e7eafc8dc5d927d87e8b542fdc66a9ffa74fcbab9bacebecf9590,6a649946f26fce025221aed8dab5752efef2b6a68f7da6d6893cce1d19a4a30f
Pituitary tumor__enh_1643,1643,Pituitary tumor,Pituitary tumor__enh_1643,train,Pituitary tumor/enh_1643.png,Pituitary tumor/enh_1643_mask.png,b21f22ed29aa28123730bdb0935fea57733aa4a5e60a4f8f321ca08f2f02ba1c,48bde568f126b95a38a17bc438136ce40115b4671f57021f40c403446170753e
Pituitary tumor__enh_1644,1644,Pituitary tumor,Pituitary tumor__enh_1644,train,Pituitary tumor/enh_1644.png,Pituitary tumor/enh_1644_mask.png,749eb8a578f02a160d2f0b49f450bcf0d7c1d490056f089fceb2244b2730b72d,f545ad0c86991e3844f7026cad7db488e4fed3e49b57129985d1104e32bb4b4d
Pituitary tumor__enh_1645,1645,Pituitary tumor,Pituitary tumor__enh_1645,train,Pituitary tumor/enh_1645.png,Pituitary tumor/enh_1645_mask.png,728c2fef094a18305ed6bb31f32e5e5bca43c95fa7bad36934226a876de60b20,289f780d62d9f7a78ed98530cd3bd916636553ba627febd1bef6d882c6a88f99
Pituitary tumor__enh_1647,1647,Pituitary tumor,Pituitary tumor__enh_1647,train,Pituitary tumor/enh_1647.png,Pituitary tumor/enh_1647_mask.png,b207dedd465a1c48f0c56b2d2ca664a044ca1da89885ec35de152236c3b1817f,6e7d6be2dc94ad1496f23be254c29881d4469ec24098dee9552b808dd9f31888
Pituitary tumor__enh_1648,1648,Pituitary tumor,Pituitary tumor__enh_1648,train,Pituitary tumor/enh_1648.png,Pituitary tumor/enh_1648_mask.png,2c4fc9c00bbedca88818941cef8b423c9efe65498a256d5912bd9c7b5d040f06,f1855a928eb28ed77dd507872f6fd0ee0043a8b2fc7304764ced00347b6ece08
Pituitary tumor__enh_1652,1652,Pituitary tumor,Pituitary tumor__enh_1652,train,Pituitary tumor/enh_1652.png,Pituitary tumor/enh_1652_mask.png,3be5601814874317ef411a8a80fd0d3a99fa5de50ddca3c5d3d065aa9bf151d5,3e9db53eb303527869220186a4813c1b62aa3ae7514f05e503815c1714665071
Pituitary tumor__enh_1653,1653,Pituitary tumor,Pituitary tumor__enh_1653,train,Pituitary tumor/enh_1653.png,Pituitary tumor/enh_1653_mask.png,315ea6f83153e67fac903858b15f6dcfc58e3ecf191a4da7a993ffacd475f5c0,20f7b3e89c61bc41559b1a6ee5f2583f0d35e048041ea86afa8730a926dcd19c
Pituitary tumor__enh_1655,1655,Pituitary tumor,Pituitary tumor__enh_1655,train,Pituitary tumor/enh_1655.png,Pituitary tumor/enh_1655_mask.png,9619816a62e3baf45f8eb4594f230001592e78c5f9a42ae8e9840a6b1fefe518,74f995e1fd17a45809796fa785ae6a5926e4bdfab479f0bc416c8938e8d89023
Pituitary tumor__enh_1657,1657,Pituitary tumor,Pituitary tumor__enh_1657,train,Pituitary tumor/enh_1657.png,Pituitary tumor/enh_1657_mask.png,8b7f26cb4dff6efef0b2b5c65c0a8d6c25659e93b4497007746601f7943459c0,40d03af4c06cb2094e5ed4465fa05e1820fab161873c1db2b2d8402b01dd6d66
Pituitary tumor__enh_1658,1658,Pituitary tumor,Pituitary tumor__enh_1658,train,Pituitary tumor/enh_1658.png,Pituitary tumor/enh_1658_mask.png,a0c38635fb4e039e3ca42ff1d15bb004d6bbf1b79834e1e6ec921b3b7ecde3a2,355d1a19df430815865ffcc8b89a29b64df848d5100e3ea9c866425dd9e10c5e
Pituitary tumor__enh_1660,1660,Pituitary tumor,Pituitary tumor__enh_1660,train,Pituitary tumor/enh_1660.png,Pituitary tumor/enh_1660_mask.png,bc2027b483fd75f37a961109977d7cbfc400acb429352519e0c227d0ee0b14de,b05b80eead76f8f19857f6be29fcc5d725fbe37a31f2198ddda14bb255f5ffdc
Pituitary tumor__enh_1663,1663,Pituitary tumor,Pituitary tumor__enh_1663,train,Pituitary tumor/enh_1663.png,Pituitary tumor/enh_1663_mask.png,21fcba400a0e72544400e98c8f709e76cfda065b77b0b94760abc770ab8bc65c,aa1b68f7b60fb78bd15c62fdbfbff586de410b428cddd1d3c54d79bad3ddbe7e
Pituitary tumor__enh_1664,1664,Pituitary tumor,Pituitary tumor__enh_1664,train,Pituitary tumor/enh_1664.png,Pituitary tumor/enh_1664_mask.png,e8006b4a94cf79459b66f9ab0e67fdfe83d5fbb37a1f397ffac13c4d9a771773,8fe39b67e54ba5e2582d6a8fc87142e683479b258df80df252054ca5dc2bf41b
Pituitary tumor__enh_1665,1665,Pituitary tumor,Pituitary tumor__enh_1665,train,Pituitary tumor/enh_1665.png,Pituitary tumor/enh_1665_mask.png,e0bbfafadc9f37c1d10d7f420854f7b2da3bbf5bd039df395b841ad92ccdabe7,642de6ff2a75634757ed69bfda97683a1c3c9dfd6c2c1d0b5b8cb56dc7165b6d
Pituitary tumor__enh_1666,1666,Pituitary tumor,Pituitary tumor__enh_1666,train,Pituitary tumor/enh_1666.png,Pituitary tumor/enh_1666_mask.png,fdcdd7e02c3da20b7fe644f869aaa7da366b8b687a589e207f13a0d1eea7537d,ed9b085e8db2c48ded3f1be05644cbbcad7e906021bcd23ff0ec0883c399b692
Pituitary tumor__enh_1667,1667,Pituitary tumor,Pituitary tumor__enh_1667,train,Pituitary tumor/enh_1667.png,Pituitary tumor/enh_1667_mask.png,d2dee4f3cb4295daab101ba4f2e3f131e2251b8eff5a59f90feec7c581c05570,ab5b2e23afbe9f2c6cb1faefe7773b820d845a586a9b7e07144fe8cce3a4bc40
Pituitary tumor__enh_1669,1669,Pituitary tumor,Pituitary tumor__enh_1669,train,Pituitary tumor/enh_1669.png,Pituitary tumor/enh_1669_mask.png,93541df2213065fcf33512c7eb1095372153e164efc96b686d7bbb288bb39a47,585462c9d60584a2a4eafe90939c660149c529366f553e192280817d181edf5f
Pituitary tumor__enh_1670,1670,Pituitary tumor,Pituitary tumor__enh_1670,train,Pituitary tumor/enh_1670.png,Pituitary tumor/enh_1670_mask.png,e77e936d3e3351bc30c9ef4fb67be4718c7f05152e1b2b0eb9d1a45a386b2832,727f8f29f3cb288ab0fcd406f962b71ab3eed04f96bfc3f2fd3ba47144a75e04
Pituitary tumor__enh_1671,1671,Pituitary tumor,Pituitary tumor__enh_1671,train,Pituitary tumor/enh_1671.png,Pituitary tumor/enh_1671_mask.png,4aed6a194bd68f3df381a0b242aceac852f1443a98857bba264e11979df2ad1f,62aed16252eb40cb88872122814adeb8e0637f413b811296b80b71fc9d10fa1d
Pituitary tumor__enh_1672,1672,Pituitary tumor,Pituitary tumor__enh_1672,train,Pituitary tumor/enh_1672.png,Pituitary tumor/enh_1672_mask.png,41c1545f04dce7ac5a11dd2c52fb157ac8a41b3526c215994a22aa5ad152dd35,038f5a4def4c7800a9d9745be12e47bf48e0f0212d0c97a13f52f5cb60985777
Pituitary tumor__enh_1673,1673,Pituitary tumor,Pituitary tumor__enh_1673,train,Pituitary tumor/enh_1673.png,Pituitary tumor/enh_1673_mask.png,5bec30ba4d506456b1805c318b9144a15e1d7f940ab7c36cc35eea2ec29270b5,706be284252ad90ae5ee3da58a5a9f465fae7844c7d6503ddd85e47f6229a372
Pituitary tumor__enh_1675,1675,Pituitary tumor,Pituitary tumor__enh_1675,train,Pituitary tumor/enh_1675.png,Pituitary tumor/enh_1675_mask.png,a71c1d1d9a07187549f4754aecac7e2e67b54d4ba2339fa34e0e3ae6c13c2b47,7f7216c0c89795b7f4eac6d9e8483e279034a5975d956266903ba64ae97ce4de
Pituitary tumor__enh_1676,1676,Pituitary tumor,Pituitary tumor__enh_1676,train,Pituitary tumor/enh_1676.png,Pituitary tumor/enh_1676_mask.png,797cabbd59f8a153c7f705ab26c11f74eb9652c5c1eeee914fb993f93ad20099,1dfc375df1162585c54679ffe02cc0c867b4c2598bc18c37a340ec6e5f2449e9
Pituitary tumor__enh_1677,1677,Pituitary tumor,Pituitary tumor__enh_1677,train,Pituitary tumor/enh_1677.png,Pituitary tumor/enh_1677_mask.png,b1afe668449e8e0d2707853512fb756becaccf758cad6680ce8d8cf43f5281f7,ee1b69f769ee895e9066cd1fe062109f250c36a6ed24b120d411669ccf1d5fa8
Pituitary tumor__enh_1679,1679,Pituitary tumor,Pituitary tumor__enh_1679,train,Pituitary tumor/enh_1679.png,Pituitary tumor/enh_1679_mask.png,6f84003369d7f275ab85df9f261c6e8d201df76945ba4aa42b5d12096ee108a3,83096ee4ece82a7ab41f355e25f1caa5b3295c89ba6621cc4e28aeb59cec0d43
Pituitary tumor__enh_1683,1683,Pituitary tumor,Pituitary tumor__enh_1683,train,Pituitary tumor/enh_1683.png,Pituitary tumor/enh_1683_mask.png,9e66b28d03301fb4f17892529b3f493da9f8ffcc73655d9385328bcc41aec34e,572347f3e2a5873413951dbdd90a484cc2e0eca7691157362da96110a2f82bbc
Pituitary tumor__enh_1684,1684,Pituitary tumor,Pituitary tumor__enh_1684,train,Pituitary tumor/enh_1684.png,Pituitary tumor/enh_1684_mask.png,e3a4bc6239a468cc0a6cb8eb869650d96c2f34d79f27d396e863300a6a348b3a,d76fffc95587f3c4ba676b96c6c4f2b7ebeb8278c8f80055d383ef726c0e7df6
Pituitary tumor__enh_1686,1686,Pituitary tumor,Pituitary tumor__enh_1686,train,Pituitary tumor/enh_1686.png,Pituitary tumor/enh_1686_mask.png,faf6b405126e5cf3eff8a8fd8b0146c454e4e9264d0d7097f88509a9c91fab45,8fe30ba38584441a5b27ee2f76976cb800608161ab2ebedebcc7c79e2aafd05c
Pituitary tumor__enh_1687,1687,Pituitary tumor,Pituitary tumor__enh_1687,train,Pituitary tumor/enh_1687.png,Pituitary tumor/enh_1687_mask.png,c63eecd2dd25ea0fb08cc36640226f2c5291e8dfbb59aff286fc21b6b5b94098,e765bc913145957dad20aaa27156e2fcb5fa37034e4b33b81b6014590540b72c
Pituitary tumor__enh_1688,1688,Pituitary tumor,Pituitary tumor__enh_1688,train,Pituitary tumor/enh_1688.png,Pituitary tumor/enh_1688_mask.png,d10de1a8e36484b7eff9faf9803b2c772de92dcdadefe36de5f5c3c50ee6d126,d7be96eab258a3a659b90170fd7bcf5a9dc969440ca8c1cad4aed4951197c81c
Pituitary tumor__enh_1689,1689,Pituitary tumor,Pituitary tumor__enh_1689,train,Pituitary tumor/enh_1689.png,Pituitary tumor/enh_1689_mask.png,73721350a7938cf669ca4ee78686d3b2d93c95ac223ab9e151202739a9d1386d,d4fd388f5eb974d9bc21edd8a336c9378f93b44891db8ae13f8242f822de8be9
Pituitary tumor__enh_1690,1690,Pituitary tumor,Pituitary tumor__enh_1690,train,Pituitary tumor/enh_1690.png,Pituitary tumor/enh_1690_mask.png,40e987d913eccc24f88fa86a96042f7d60db577559b821be1c79587140d60424,67275a83c87658540c941b097d64dab341a813696df1b78de0208549e955e44e
Pituitary tumor__enh_1691,1691,Pituitary tumor,Pituitary tumor__enh_1691,train,Pituitary tumor/enh_1691.png,Pituitary tumor/enh_1691_mask.png,ccf40a518855ae9973866e0d3c9297fd1cd3b1cbc41388b12bb5a0cac7e436e1,052e0c9d36ff988faf795dab2845f2b4b5ad08f17747649a4b8212eafc23c387
Pituitary tumor__enh_1692,1692,Pituitary tumor,Pituitary tumor__enh_1692,train,Pituitary tumor/enh_1692.png,Pituitary tumor/enh_1692_mask.png,de00e03333374d3805b0eb269627615435dcaf33a47c688b6418469f53240147,8f04c9388e293d9d0c4c189fe666fe095a433c0f646a3efe6981c462e07500db
Pituitary tumor__enh_1693,1693,Pituitary tumor,Pituitary tumor__enh_1693,train,Pituitary tumor/enh_1693.png,Pituitary tumor/enh_1693_mask.png,a3450738ae8af9d4d5ad76b1f99a91e678916b913bf7068af1b96eb8ca101b7e,9181b1072d54035b24b7b3996ca53c68d073645fa746380ce778630e346d825c
Pituitary tumor__enh_1694,1694,Pituitary tumor,Pituitary tumor__enh_1694,train,Pituitary tumor/enh_1694.png,Pituitary tumor/enh_1694_mask.png,a9750fe2c0a0e55ca0f081909b333978b52502b2025abf985e5989bc0317c60c,cccec3ad3f4b1a24c88ad6e3d2809d400f23eea8411c14361fa002b7731917a8
Pituitary tumor__enh_1695,1695,Pituitary tumor,Pituitary tumor__enh_1695,train,Pituitary tumor/enh_1695.png,Pituitary tumor/enh_1695_mask.png,db1f4b5b4fef9e677e5e5fc8272f0865c67e28fbf3437b77c65e3ba7658260f0,02e5152757c8d13dc495f1805fcf0bd90c7d55b26a292199401bd3174f48c022
Pituitary tumor__enh_1696,1696,Pituitary tumor,Pituitary tumor__enh_1696,train,Pituitary tumor/enh_1696.png,Pituitary tumor/enh_1696_mask.png,ee77aad4f273f777852d3e6d742b65615951664b864f61b31e0d7070d12d136f,98bc7f74fd33640cc3dfb202377c9e0ea37b284519091e802bdb1dc27e6fd884
Pituitary tumor__enh_1697,1697,Pituitary tumor,Pituitary tumor__enh_1697,train,Pituitary tumor/enh_1697.png,Pituitary tumor/enh_1697_mask.png,e2723d7818259c4b52eb651aaf8e95c178f08ef104ad7264d9b9af3bf3ed18b2,1183390f9c00e1e855a8a37052c8436ad4039c7bf5b23ec52ce78150aaa8a413
Pituitary tumor__enh_1699,1699,Pituitary tumor,Pituitary tumor__enh_1699,train,Pituitary tumor/enh_1699.png,Pituitary tumor/enh_1699_mask.png,92818eaae2ac2f7a3a02f05c4d8d994a2af2a64c321c3182226c4e947ba0933f,8855727c5235c006507d293779c82978af691564d45a91dc3a85d823f81b326d
Pituitary tumor__enh_1700,1700,Pituitary tumor,Pituitary tumor__enh_1700,train,Pituitary tumor/enh_1700.png,Pituitary tumor/enh_1700_mask.png,35461090acfa479321436ceef923f185e3b7ef8b2fb5716c3f3dd35e3040eed4,0dcdbe9a394a77ffd32b788e4549aa019913179d56af8831a38b3c46442ea783
Pituitary tumor__enh_1702,1702,Pituitary tumor,Pituitary tumor__enh_1702,train,Pituitary tumor/enh_1702.png,Pituitary tumor/enh_1702_mask.png,1b6887bfcc84cecd39816de35b43417d2ea55f060dd11d59984a39ef077fb667,4cc5a3a18c67b8e65bc5109f7a549083b8455938397a3897d133832c4e90dc72
Pituitary tumor__enh_1703,1703,Pituitary tumor,Pituitary tumor__enh_1703,train,Pituitary tumor/enh_1703.png,Pituitary tumor/enh_1703_mask.png,bd2e83df2e40f80025f56a7e8ee41478f3fccae65351c1c691f06f789094a749,f01e89874ea96de5dddfa3446927e56bca381c0b78ceb53e44ae1d559eb9e1fa
Pituitary tumor__enh_1704,1704,Pituitary tumor,Pituitary tumor__enh_1704,train,Pituitary tumor/enh_1704.png,Pituitary tumor/enh_1704_mask.png,1993bde113055a8d18bf11da179ae32e34b3bf50643d1fd771fbd3f3ab5c4ebd,e1c077db4ff780579639b0c5dd6e3618c6ecd7ee536dcf1637ab2f924760c2ff
Pituitary tumor__enh_1705,1705,Pituitary tumor,Pituitary tumor__enh_1705,train,Pituitary tumor/enh_1705.png,Pituitary tumor/enh_1705_mask.png,759d01116e6369e79011cd129ee6f4c9e5f970f21cc0fb7a517feb55be47d249,3677081e21323b231c12b6260952a21658c153da4d666d56d6937887df7c4ed6
Pituitary tumor__enh_1707,1707,Pituitary tumor,Pituitary tumor__enh_1707,train,Pituitary tumor/enh_1707.png,Pituitary tumor/enh_1707_mask.png,b874309d6538c5c599c446875fa233a11c0572723bee4f36494ae3af8ec47ea2,a008680ad42e4e426e7cdcdcb5f9c908d3f48a9b195100a77acbed17174a127f
Pituitary tumor__enh_1708,1708,Pituitary tumor,Pituitary tumor__enh_1708,train,Pituitary tumor/enh_1708.png,Pituitary tumor/enh_1708_mask.png,88883cf8a70aea6235076209d8aa4840c9838d20405b863b1dc1e3c12d1dfc2d,fb6c7910e763f96f2772c63460e8cdc61c1f04a13ff9338f8df6b98a9ad11969
Pituitary tumor__enh_1712,1712,Pituitary tumor,Pituitary tumor__enh_1712,train,Pituitary tumor/enh_1712.png,Pituitary tumor/enh_1712_mask.png,df9c8c94a927d70d5d018a9795a02245a93354eba7e1e2d3750d81ec9cc8cb6c,465bb4540c920dd1c370c744b772afe1477fcf317284167553bda0212df470ba
Pituitary tumor__enh_1713,1713,Pituitary tumor,Pituitary tumor__enh_1713,train,Pituitary tumor/enh_1713.png,Pituitary tumor/enh_1713_mask.png,ccde6c2c8ba7485631e310fab5e844c3324cb4c43659c8e6e68dc4d5a77f2ba8,f3ee9ad87e03de7393f50b64f0c57adb0c3d27b85e394df914f2dc76d44021dd
Pituitary tumor__enh_1715,1715,Pituitary tumor,Pituitary tumor__enh_1715,train,Pituitary tumor/enh_1715.png,Pituitary tumor/enh_1715_mask.png,eb73de031b86bbc9dc1c5e78d54477b9ab9042970b4ac111967c1bd27787ccd8,5196961eb58b7197b38817f475c3fa36493d9f13a082bf8706e599a7abbd8e15
Pituitary tumor__enh_1716,1716,Pituitary tumor,Pituitary tumor__enh_1716,train,Pituitary tumor/enh_1716.png,Pituitary tumor/enh_1716_mask.png,551646482a08659ab83efa8b46223cbec78cc7ec67038dd551c1430d80a3f2bf,bd2091d53536fa1cfe1f4bb7480c7431b5cdf9db082fc054517c14c4fb6f8fa3
Pituitary tumor__enh_1717,1717,Pituitary tumor,Pituitary tumor__enh_1717,train,Pituitary tumor/enh_1717.png,Pituitary tumor/enh_1717_mask.png,96499601892a70e590dad6a0433c77befa16568beacc485711e76f9248da9e24,879a7805794dae0e9855b6c61f00021586755fe8d7c57365753f2774b5f7ec18
Pituitary tumor__enh_1718,1718,Pituitary tumor,Pituitary tumor__enh_1718,train,Pituitary tumor/enh_1718.png,Pituitary tumor/enh_1718_mask.png,b3b5117371fd08e427e51b850a4965c819c4558491506feace1b304a70cf6690,28ac06e105af26d0f0654c8f0e7a329b1a5f22bea6af66835b1ac6824441504c
Pituitary tumor__enh_1719,1719,Pituitary tumor,Pituitary tumor__enh_1719,train,Pituitary tumor/enh_1719.png,Pituitary tumor/enh_1719_mask.png,4123725f4546706d67b44f83b503d7b55cab17868b1e00ea3b0f97e79c17a6ea,5e4ddbef51a64fee59fd763c26a8865b000ca4a2a9bbfc856ca94ea07f4c7d2f
Pituitary tumor__enh_1720,1720,Pituitary tumor,Pituitary tumor__enh_1720,train,Pituitary tumor/enh_1720.png,Pituitary tumor/enh_1720_mask.png,4f09f77a1e12cd56563f7c98ffeacb4536ed59729c5e0a8a2125046d536e40f8,44f94516de0e5434a83f1870bed33bc99cd1ea9f72104612665ea780d6fefaca
Pituitary tumor__enh_1721,1721,Pituitary tumor,Pituitary tumor__enh_1721,train,Pituitary tumor/enh_1721.png,Pituitary tumor/enh_1721_mask.png,157857406911b6eb2759b2557250bbe2e45e3d967536566485de07db2aa187c7,e372020b4b85def52fe96e1dc5673c987c949a37e45101a4bacc49a8b19b5662
Pituitary tumor__enh_1723,1723,Pituitary tumor,Pituitary tumor__enh_1723,train,Pituitary tumor/enh_1723.png,Pituitary tumor/enh_1723_mask.png,bd592d6efdbb2b7b528783b9e3c9095105d6b29c5a995e9c3c45772fb12e44e0,e97f4981e12a2d7a9e487ffe47bd01bf10f68023ba9d0972955c1991da7c883e
Pituitary tumor__enh_1724,1724,Pituitary tumor,Pituitary tumor__enh_1724,train,Pituitary tumor/enh_1724.png,Pituitary tumor/enh_1724_mask.png,47d45313e6c26ccd4045dbaa1447f32b02da8b702db770750e7b4c91a192e208,b3d5a8be7cef777d8680d6401b7bff6373cb3ffc0b67e53636329825c54f2286
Pituitary tumor__enh_1725,1725,Pituitary tumor,Pituitary tumor__enh_1725,train,Pituitary tumor/enh_1725.png,Pituitary tumor/enh_1725_mask.png,4fc874e597fb244594346129ba860fd92eb1853268108fa6bf4661f239231150,0d601c073f5dd1ec1a3aa6d60caec18dd7767e3e9980f2951d8e17f0ede44536
Pituitary tumor__enh_1727,1727,Pituitary tumor,Pituitary tumor__enh_1727,train,Pituitary tumor/enh_1727.png,Pituitary tumor/enh_1727_mask.png,4bf2c83a3d5190c02ebd9dfc1eb7c2c47302d55d3d19c8772b76a0910dc1ac6f,8f4d5102c330cf33e2bd963f6d4b15d5b696b4df223b19dff9b78fd38099f475
Pituitary tumor__enh_1729,1729,Pituitary tumor,Pituitary tumor__enh_1729,train,Pituitary tumor/enh_1729.png,Pituitary tumor/enh_1729_mask.png,1da91b92949a8b219b9d9cb43d6de39b4f2e4e8dff3d20fd880060d4a515e05e,4f81dc7ec14f491671af34771f373d9e303516254401c7428067019ea4337aca
Pituitary tumor__enh_1733,1733,Pituitary tumor,Pituitary tumor__enh_1733,train,Pituitary tumor/enh_1733.png,Pituitary tumor/enh_1733_mask.png,e44e6ffe802f1b518b13d864a3636c553940c5064bb842f7d2e05f5aa4929ec1,74c2877fe56734e854802180b8b9ff8e0e7db715263a0e2a2a5ba8328397a072
Pituitary tumor__enh_1734,1734,Pituitary tumor,Pituitary tumor__enh_1734,train,Pituitary tumor/enh_1734.png,Pituitary tumor/enh_1734_mask.png,4303a9cd8c8064c59b14a04bdd31404caa8c9028a8f5bcc9444c9fc21fa6de41,9902244a90a0d69b1a48646af44d153759ad39acdd6c6e8ea02e3539b4647ef1
Pituitary tumor__enh_1735,1735,Pituitary tumor,Pituitary tumor__enh_1735,train,Pituitary tumor/enh_1735.png,Pituitary tumor/enh_1735_mask.png,74f61e9d42a348c4a80df104c621f371ecdca3fd62d3bc57e5fefb54b621c9b0,4b08ad9be08f16371f39c70f8230d9e7c83ebf0c64301011ab9d171d8635f47a
Pituitary tumor__enh_1736,1736,Pituitary tumor,Pituitary tumor__enh_1736,train,Pituitary tumor/enh_1736.png,Pituitary tumor/enh_1736_mask.png,072534dc6f6c060d0b11e5ab9ccf3951bd7e69c086b617ee37ad2fcb1e961b64,75b2a216f8f54abb1a91999da6f56480061a171355119a4845c9d279a3e23f27
Pituitary tumor__enh_1737,1737,Pituitary tumor,Pituitary tumor__enh_1737,train,Pituitary tumor/enh_1737.png,Pituitary tumor/enh_1737_mask.png,0f8940191a5ac5d929b6fdc97af86eb10b173bfd3790575cbac1c858bb497039,b22a79c4ebc26bb091a92451e810f6ae7ae8fdfaa02f6934d2ba0c25d3b92e5a
Pituitary tumor__enh_1738,1738,Pituitary tumor,Pituitary tumor__enh_1738,train,Pituitary tumor/enh_1738.png,Pituitary tumor/enh_1738_mask.png,919833ed505377dceb3206e7084782c0750f45cd95e9c1922711f55019c3e92a,f0313263e723f64406ab4ea9071e4e30e86fe0d0fa53cc5b5dba9eaf563c32f6
Pituitary tumor__enh_1739,1739,Pituitary tumor,Pituitary tumor__enh_1739,train,Pituitary tumor/enh_1739.png,Pituitary tumor/enh_1739_mask.png,9ab5ba1000d7f7bb57df67204fed866de26482904c906f47d5d1c26c55a6ed9e,52e468af58f74113f2c1b94dca068a2ed64a83e912a134afddd3d643480876e6
Pituitary tumor__enh_1740,1740,Pituitary tumor,Pituitary tumor__enh_1740,train,Pituitary tumor/enh_1740.png,Pituitary tumor/enh_1740_mask.png,705aeeb76097d37a0d77bdac7e168cc13a1c80c278fef2e48c8cd28a21a80551,e209d8a3dae9e0c11cf3b1945571cdac426b5a47ab1c86e2c651a82623e40a3d
Pituitary tumor__enh_1741,1741,Pituitary tumor,Pituitary tumor__enh_1741,train,Pituitary tumor/enh_1741.png,Pituitary tumor/enh_1741_mask.png,cb939393e8e808e828eba36ab5e732d4690829d113b1eca3d193986406d1d5f2,4a150d1e8918076b0ed1364bdca5f5650d6401ea3cc57355f9815dc46c4e97fd
Pituitary tumor__enh_1743,1743,Pituitary tumor,Pituitary tumor__enh_1743,train,Pituitary tumor/enh_1743.png,Pituitary tumor/enh_1743_mask.png,f69ec373295850dfd4d856ee70ad7fbc181b0c94d09ea6ca582827b8d292a023,53750966f4d8e8ad0858e0ab91ca281c0b4cf11e197536bef6ddd91ef4060b35
Pituitary tumor__enh_1744,1744,Pituitary tumor,Pituitary tumor__enh_1744,train,Pituitary tumor/enh_1744.png,Pituitary tumor/enh_1744_mask.png,087e4a1cbed49c662c147362a85a61ccbee0017d60cdb6c798c2a2064d1332c6,154ba3c8b09d67b6c9fa49d0e31d4c21b78bf1ab3b6c40bcd953be567b321484
Pituitary tumor__enh_1745,1745,Pituitary tumor,Pituitary tumor__enh_1745,train,Pituitary tumor/enh_1745.png,Pituitary tumor/enh_1745_mask.png,c0266c2758ffb25520304e5dd1e14d8d9ea35cebaa0ee45dbdab060b61012b50,c5091e847bcba83b7792d565bb58326baa891d6cca9329c26803a03980d88e39
Pituitary tumor__enh_1746,1746,Pituitary tumor,Pituitary tumor__enh_1746,train,Pituitary tumor/enh_1746.png,Pituitary tumor/enh_1746_mask.png,acb087ad3a2a85fe12b0de4a6da75d68c7e1f07e72b4412da5cc8e659a16d885,31644134145b5bee77e3a9da8172947e946491bdaf85c653a4fd72193553bee2
Pituitary tumor__enh_1747,1747,Pituitary tumor,Pituitary tumor__enh_1747,train,Pituitary tumor/enh_1747.png,Pituitary tumor/enh_1747_mask.png,f763f7ceba8e86d32186eb6f8b6debab307a75736c1a0eb7718b1628703e40cc,4ecd130a80c9cba9572fdfce59463ff08b03fceb654634094623b459b59785eb
Pituitary tumor__enh_1750,1750,Pituitary tumor,Pituitary tumor__enh_1750,train,Pituitary tumor/enh_1750.png,Pituitary tumor/enh_1750_mask.png,4938dcb25cb953eb2e78a719f1006e17e3deaf7c64a0959453589f80124284c0,4a0c1858a5cab3eb107b172861edb127ebfa6b3a58f9266b986e0b90466dd9e9
Pituitary tumor__enh_1751,1751,Pituitary tumor,Pituitary tumor__enh_1751,train,Pituitary tumor/enh_1751.png,Pituitary tumor/enh_1751_mask.png,d69c4711ab30effc789bdd734533f21dc1641439434ea5d71ca7781b14f98db8,cea8d06a2f337f2ccbb91b36b79153fd814329d62053653e009b9975ef63b1c9
Pituitary tumor__enh_1752,1752,Pituitary tumor,Pituitary tumor__enh_1752,train,Pituitary tumor/enh_1752.png,Pituitary tumor/enh_1752_mask.png,537a8047fc50c4d6b3fc49d96bca45380248f358ef02fd6810273b100069d353,9feab2e3a657e66215b143550f2bce2d92b744445a188a6aa35877a885d44622
Pituitary tumor__enh_1753,1753,Pituitary tumor,Pituitary tumor__enh_1753,train,Pituitary tumor/enh_1753.png,Pituitary tumor/enh_1753_mask.png,12c78b78fdf4610eae33470567317e755edf0d305e2df9b867c7351f0fb7ad9b,a300f5dc150b1e68cd30d48294b70dcb9d75e916f2eafca749ca5dc8a308c32e
Pituitary tumor__enh_1754,1754,Pituitary tumor,Pituitary tumor__enh_1754,train,Pituitary tumor/enh_1754.png,Pituitary tumor/enh_1754_mask.png,9d9863d10f116008bb80f806cd42e610907534f1eacc9815a37e74e36ccc60ac,2cb26fd4b632820f2dab88417c59b5959d48ae3778dd6e7b762723c7421653f8
Pituitary tumor__enh_1755,1755,Pituitary tumor,Pituitary tumor__enh_1755,train,Pituitary tumor/enh_1755.png,Pituitary tumor/enh_1755_mask.png,9faa017a2a2608cad0d77c6b989ded6ea272b039107a8f7cb384acd98088861f,5354ddb513a2417baaf9ca6c6dc191f924f7532f5541239b2fecc62ff9837308
Pituitary tumor__enh_1758,1758,Pituitary tumor,Pituitary tumor__enh_1758,train,Pituitary tumor/enh_1758.png,Pituitary tumor/enh_1758_mask.png,5115dae6b90c9b2321a2fe9caa91102999d404daba6efdec119a4276974f662b,03b996c7944fdaaf52ab428011b87b91a6a797274409776c8638e10dd5524af7
Pituitary tumor__enh_1759,1759,Pituitary tumor,Pituitary tumor__enh_1759,train,Pituitary tumor/enh_1759.png,Pituitary tumor/enh_1759_mask.png,f2e87d522cbc3efbc858722ac9aec18e968261321bc0ec0ae5927c0fff2c43bc,df52676fab947b2b4aef48fb4395d1bc0e3870a3e9ad9ce01c8c20e6934d5eed
Pituitary tumor__enh_1761,1761,Pituitary tumor,Pituitary tumor__enh_1761,train,Pituitary tumor/enh_1761.png,Pituitary tumor/enh_1761_mask.png,eb245a7462d8ba90db6aa83efca77fe38ec57c4037c18cda3ba67dce2e3796d4,0458d143e25b09a2b9f641bb8f969236b540f03a675a24b7942f7e8f3bff358e
Pituitary tumor__enh_1762,1762,Pituitary tumor,Pituitary tumor__enh_1762,train,Pituitary tumor/enh_1762.png,Pituitary tumor/enh_1762_mask.png,737eb6c49214b48fc3d630108a49d55226bf5a2c5926abb6234e172453db151a,14d5781e73910e8213a429a8e1bfbb8bbd3a6b49950ac81ac9e32b4cb2cdb325
Pituitary tumor__enh_1763,1763,Pituitary tumor,Pituitary tumor__enh_1763,train,Pituitary tumor/enh_1763.png,Pituitary tumor/enh_1763_mask.png,2f55efcac95fc637771db5773ea067895871f5cab83579b043b8145daf0ca60b,50ebe370616f9ef34b5d49b558ee50cae6ad62704c48c711aa89c120c3ff2008
Pituitary tumor__enh_1767,1767,Pituitary tumor,Pituitary tumor__enh_1767,train,Pituitary tumor/enh_1767.png,Pituitary tumor/enh_1767_mask.png,6a4a9350b86623c488b5bdac5de2c9b3e859dd1a3b153b530dab51799e1378d8,cd9b2bbc0b2695ae0c67563db1f8ef53bad3e6f84ed80e6e5eacba87a61de356
Pituitary tumor__enh_1768,1768,Pituitary tumor,Pituitary tumor__enh_1768,train,Pituitary tumor/enh_1768.png,Pituitary tumor/enh_1768_mask.png,256534f7403598cf45093bb54f0643fb4f1bc553020e334675cf57f245bd948d,60b6954e4ba3cfd1999eabd302f1fd5d125b160d1466f82adbbea79c5fba6f9d
Pituitary tumor__enh_1769,1769,Pituitary tumor,Pituitary tumor__enh_1769,train,Pituitary tumor/enh_1769.png,Pituitary tumor/enh_1769_mask.png,f8773dffd072bb674622f44424caed24ce469acc003882e0faff5de396126734,0804caa9d80980d2f39ea0b66b13210cf88d5278e583b4d169fc25fc793ed132
Pituitary tumor__enh_1770,1770,Pituitary tumor,Pituitary tumor__enh_1770,train,Pituitary tumor/enh_1770.png,Pituitary tumor/enh_1770_mask.png,532789b261da4c958da147ead31e0dde28623641d18bfce7abb2619c2dcb0acc,03702fd5714d3dacd0d46eaca24e1feb663e9d0ed31ad3bc8939eacac3cd5682
Pituitary tumor__enh_1771,1771,Pituitary tumor,Pituitary tumor__enh_1771,train,Pituitary tumor/enh_1771.png,Pituitary tumor/enh_1771_mask.png,10928607b1e763ee5e8d6bc999cafb4269015b0231c0db1a3e40d0ce53b7f090,a43de5e018c1a02af5320b7b347857ebb0526b15e6ceecfd199d2b8d168dc713
Pituitary tumor__enh_1772,1772,Pituitary tumor,Pituitary tumor__enh_1772,train,Pituitary tumor/enh_1772.png,Pituitary tumor/enh_1772_mask.png,7a2428144508af021e21340fb506994a26377c59c682695b81036780d56745e5,f07c51c35a8acd6d08901dce754253812273963824548e16c568b906174d65ca
Pituitary tumor__enh_1773,1773,Pituitary tumor,Pituitary tumor__enh_1773,train,Pituitary tumor/enh_1773.png,Pituitary tumor/enh_1773_mask.png,12e7d87ecfbf7fc6706be249f41ecf9dcbf07ffcae9ab7641cc0f26b768611a0,9cccde282322ef7bb4c2e9d9b3c7271ba75a2ef995457a627e589dabfc0cc2c2
Pituitary tumor__enh_1774,1774,Pituitary tumor,Pituitary tumor__enh_1774,train,Pituitary tumor/enh_1774.png,Pituitary tumor/enh_1774_mask.png,49dd7b22d5c00ffb6adec2c888215dbebb6b3553e329d071c69f8740503e5a41,fdbb343c01ab2ed9d060e9a9538217cc3193005d6bb7c9a808f2aabf09726783
Pituitary tumor__enh_1776,1776,Pituitary tumor,Pituitary tumor__enh_1776,train,Pituitary tumor/enh_1776.png,Pituitary tumor/enh_1776_mask.png,eda986d9a1321fe4e68984fce34cd211fbd860806e022bd72ec731babc6bc5b7,2e4f30dd6580024931f9c9ee97ff58793366f1b20cdc15ef7d2b1fcd1334e6d4
Pituitary tumor__enh_1778,1778,Pituitary tumor,Pituitary tumor__enh_1778,train,Pituitary tumor/enh_1778.png,Pituitary tumor/enh_1778_mask.png,223d04149d681523425c9d96ff8546b2fac7578ac578d634864296734bd7faf4,674362365d93f090432798764fe5698b8b7c6e2b498bb5eed45818703bb2c947
Pituitary tumor__enh_1781,1781,Pituitary tumor,Pituitary tumor__enh_1781,train,Pituitary tumor/enh_1781.png,Pituitary tumor/enh_1781_mask.png,16668af9e3079650bd885f676a00d19345073bfa4c89332ec1d77e8273ffb669,5bcfec2baabcd08b4bc4894093784a6abf5f799c7ab863c8d5c827fada454361
Pituitary tumor__enh_1782,1782,Pituitary tumor,Pituitary tumor__enh_1782,train,Pituitary tumor/enh_1782.png,Pituitary tumor/enh_1782_mask.png,e4405e0b68f7905390ed4820da378e42c9af4c680a5fd937ee88caadcba6cf4f,4607935441fb3e212d6182e83595ac953b76caaa01b7820a5250c1795c76ba87
Pituitary tumor__enh_1783,1783,Pituitary tumor,Pituitary tumor__enh_1783,train,Pituitary tumor/enh_1783.png,Pituitary tumor/enh_1783_mask.png,32ce8efc7cd65bc85d177d50c9df73b8e69c9233a359e983008591b64bdb6d7f,22875681894218a0c2c4c4400aa80af2a71b7e5073ca239f5e851efa53759771
Pituitary tumor__enh_1784,1784,Pituitary tumor,Pituitary tumor__enh_1784,train,Pituitary tumor/enh_1784.png,Pituitary tumor/enh_1784_mask.png,a4814483d2585c89d8d3c11c3217eb48f399ddc2ca404907d31703f9e711c326,7f8f2ef8fde0fd76250523de9d7512b255f2be9e5df8b814b0552d568677e3e6
Pituitary tumor__enh_1787,1787,Pituitary tumor,Pituitary tumor__enh_1787,train,Pituitary tumor/enh_1787.png,Pituitary tumor/enh_1787_mask.png,ef9f874d1f21ba8b977c8a6d6ca32401aedbc6a80cb3ad1f8990d193e1a62910,7dc0a47c446b6e84b0f5981dd0048cad0763ca233d27283ea4bc2cd6cdf690c6
Pituitary tumor__enh_1788,1788,Pituitary tumor,Pituitary tumor__enh_1788,train,Pituitary tumor/enh_1788.png,Pituitary tumor/enh_1788_mask.png,35db395b26742dda0baa0772f80e3c17c311bd23e7ee8ddfb196a8ed99665360,ac2a17b25154007a2a92f00ceca9fea316db33bd16f16177190427748ef4e2a9
Pituitary tumor__enh_1789,1789,Pituitary tumor,Pituitary tumor__enh_1789,train,Pituitary tumor/enh_1789.png,Pituitary tumor/enh_1789_mask.png,3648a778eec680e1c1701d27aa5a81c60a8652cc929202faea1936b0526952d0,6415e5875d04bf4d6404e8e1cc59a4d4df8487eb4854c2ab4a5765a912c1222b
Pituitary tumor__enh_1790,1790,Pituitary tumor,Pituitary tumor__enh_1790,train,Pituitary tumor/enh_1790.png,Pituitary tumor/enh_1790_mask.png,8653ab600582edadee641e302796be99b81a479b4b585c6aedf29406cde3a517,813144aaa3df2d4777d6fad9b240dcf32fd531b71b938044a4a21053e520e7a0
Pituitary tumor__enh_1792,1792,Pituitary tumor,Pituitary tumor__enh_1792,train,Pituitary tumor/enh_1792.png,Pituitary tumor/enh_1792_mask.png,2c0d1ae8604915976f3e63bb243df2f454275caffe578a7df57568bf858ee736,627afdb7fedb001822205ae53d55fc1d75c87f711ffdb1f0081bbbb6487fcf27
Pituitary tumor__enh_1794,1794,Pituitary tumor,Pituitary tumor__enh_1794,train,Pituitary tumor/enh_1794.png,Pituitary tumor/enh_1794_mask.png,037cccf83f365c1942c4bf9c74d09c0bca40a2bec1a653af530a4c5864588101,886f3698ceea674dd536ccdbb2b7b055430c496f58cbbcc79e2e94b77edb141f
Pituitary tumor__enh_1795,1795,Pituitary tumor,Pituitary tumor__enh_1795,train,Pituitary tumor/enh_1795.png,Pituitary tumor/enh_1795_mask.png,ef9b3be17210c740036ac055a8b84146fd30f067e894c6b47f77d48a69649da7,a7d3c156a12467372037ccc0b00de4c64c3abef8af00b6f82f4cc54c1ed9405b
Pituitary tumor__enh_1798,1798,Pituitary tumor,Pituitary tumor__enh_1798,train,Pituitary tumor/enh_1798.png,Pituitary tumor/enh_1798_mask.png,7df1e9051683770d6f2d80263d538b5e68b781ee79797633847ed208670e62b1,04e92b32db278903b155cef3c66ee1d9d3ff0cb4cf97ad2b6acd8dd8ab6b9f52
Pituitary tumor__enh_1800,1800,Pituitary tumor,Pituitary tumor__enh_1800,train,Pituitary tumor/enh_1800.png,Pituitary tumor/enh_1800_mask.png,2bc1ee20c824ce5116c03de2eb5ccdb898d842d500a3d88fdde0574b249b0200,9d1efc06f3958f5d4b2fe276cff3cef26466beb05291020d1fc76865cf1db9c5
Pituitary tumor__enh_1801,1801,Pituitary tumor,Pituitary tumor__enh_1801,train,Pituitary tumor/enh_1801.png,Pituitary tumor/enh_1801_mask.png,f4499ad17d9647a0bede17054ca790d57d85775dde80e935fb49053caecba7df,0166ec7642424032d30a1d2bce513ce2d89813835cf8ec4264c99143186b400c
Pituitary tumor__enh_1802,1802,Pituitary tumor,Pituitary tumor__enh_1802,train,Pituitary tumor/enh_1802.png,Pituitary tumor/enh_1802_mask.png,986ff659cc76939dddd410d0d39f2f7860721af8fdf10d74b9b3e17f4a2a83a6,a1acd6b1b6d982bf5d4a7bcc90cf69d9d05e5c4de97fe2b1ad9555bed3348fde
Pituitary tumor__enh_1803,1803,Pituitary tumor,Pituitary tumor__enh_1803,train,Pituitary tumor/enh_1803.png,Pituitary tumor/enh_1803_mask.png,068e30a570fae02c54e5961fc290e2f0300069a9574f4201793b2fdf8b06b38d,db3eb8e1848cc11711eee4cc1e6351f8389fe361f61c665ced7f852d643c38c5
Pituitary tumor__enh_1804,1804,Pituitary tumor,Pituitary tumor__enh_1804,train,Pituitary tumor/enh_1804.png,Pituitary tumor/enh_1804_mask.png,d5444fd561fddb38e97ff0b61fd43e6cb7746735e997973a6bb7f0345ba1fa62,a1a23959655f881742c7ad1a1b6f79977b6cf6422d6bdcb3c21f4ffac36b35b3
Pituitary tumor__enh_1806,1806,Pituitary tumor,Pituitary tumor__enh_1806,train,Pituitary tumor/enh_1806.png,Pituitary tumor/enh_1806_mask.png,8dd9eb2e8b68a75696627a730f61ec37acad377241b59897411386c028c5b059,535bd2966a5f0936815ce0217450abf8fb84d5cf554bf772c26466c76fffca05
Pituitary tumor__enh_1808,1808,Pituitary tumor,Pituitary tumor__enh_1808,train,Pituitary tumor/enh_1808.png,Pituitary tumor/enh_1808_mask.png,261927c77d622ae5ba3d7cc465ce0e81b728053f9283c46898fbb691315f6188,75b45592812ca6c644882554829925a0ff07058c62a98c2cc67d80c5a79e14dd
Pituitary tumor__enh_1809,1809,Pituitary tumor,Pituitary tumor__enh_1809,train,Pituitary tumor/enh_1809.png,Pituitary tumor/enh_1809_mask.png,652fad29a46ce7e9f172727dbb849278331319640af9e2be8723bc77ecadd434,6edd9748731fc994267eb19462d4680f7ac1c0c8b21326876c6aa1d0939c1297
Pituitary tumor__enh_1812,1812,Pituitary tumor,Pituitary tumor__enh_1812,train,Pituitary tumor/enh_1812.png,Pituitary tumor/enh_1812_mask.png,8d2bba974a5b8a5f26e9d68538bc94f5c6ae9d58c2a20943db4e9b37bd4e1d26,fa5c9ecc0561b9eed50dcc3612e2dfc1dc2eb03bd0a8a3af5d04a36b92ffe704
Pituitary tumor__enh_1813,1813,Pituitary tumor,Pituitary tumor__enh_1813,train,Pituitary tumor/enh_1813.png,Pituitary tumor/enh_1813_mask.png,f2146f5df8c428c5cde378466e0304a6e343e5888575995121887e487b7a1c48,fd42e4219e0ae7ca092a1fc154a775732ad99b9b6e3a4a05590c5dc18ab7ef2d
Pituitary tumor__enh_1814,1814,Pituitary tumor,Pituitary tumor__enh_1814,train,Pituitary tumor/enh_1814.png,Pituitary tumor/enh_1814_mask.png,be6d8a1f657d66ca46cfc00a7bf6cf61576e1cbd9030315cdae8f4f7234b7aee,3ad023e930f41f3c2a4841dec2c8717130e9f922a4aecf8f85d041f919b9c795
Pituitary tumor__enh_1816,1816,Pituitary tumor,Pituitary tumor__enh_1816,train,Pituitary tumor/enh_1816.png,Pituitary tumor/enh_1816_mask.png,7736905213ae01e90b14fad7fc7e19d1d6c268d9b7b38f9eb4acaca27b0161b3,bfe35989c0ee07a8bf4b5b1ee3a840519638b7730c7aac794ca27e7d07ab0f00
Pituitary tumor__enh_1817,1817,Pituitary tumor,Pituitary tumor__enh_1817,train,Pituitary tumor/enh_1817.png,Pituitary tumor/enh_1817_mask.png,f1131993d0e3bd7936c917c4363d15898c42d9a6e5fc2f53fc2c49acd4b1a829,779b90fcd7c7beb022821b5d58aeef78ac637712caa3a028f3524f53a8642f55
Pituitary tumor__enh_1818,1818,Pituitary tumor,Pituitary tumor__enh_1818,train,Pituitary tumor/enh_1818.png,Pituitary tumor/enh_1818_mask.png,baf12822f532c23c9525d03f7ab36cd48302e30ed954e09867bad00765570105,8bfe350679b16b551e36524702119d1a3d0dc151b7bc8879f26b29b5fe7d22f7
Pituitary tumor__enh_1819,1819,Pituitary tumor,Pituitary tumor__enh_1819,train,Pituitary tumor/enh_1819.png,Pituitary tumor/enh_1819_mask.png,ecab1143c1157eefa46c98abac16b0e0e309a69f0bf90d4b9b30dfaa0cce6870,5551d11962c08bb9c9fb2a206e87b89875d3cc260991316b5be996384e51c725
Pituitary tumor__enh_1820,1820,Pituitary tumor,Pituitary tumor__enh_1820,train,Pituitary tumor/enh_1820.png,Pituitary tumor/enh_1820_mask.png,d1b599b0cedd76ca3b4f54fd701390c770f55dd4b8a449cee3e6d2074fe0ea1e,6683b9b2fc4704b7e741940fc3851f8708139c5e164f5ac23eeb39cf6c05ee3d
Pituitary tumor__enh_1821,1821,Pituitary tumor,Pituitary tumor__enh_1821,train,Pituitary tumor/enh_1821.png,Pituitary tumor/enh_1821_mask.png,48a200ab6affae0ed10c9aa179cb67f427f67c1e2633bd8d41cd283f7da3a160,e946f2174f380aa95cfd51aa3fc44a5c0a0fbe675466d980b6ca1cfa7752a059
Pituitary tumor__enh_1822,1822,Pituitary tumor,Pituitary tumor__enh_1822,train,Pituitary tumor/enh_1822.png,Pituitary tumor/enh_1822_mask.png,5899b18d169e40b52f64ad9bce849e044fa21433a6f42659e5815872d29abdb4,7f4a016ac9e9812e790a6681e375d0d27c9610a71a63c0b33e0333b0e6477fc7
Pituitary tumor__enh_1824,1824,Pituitary tumor,Pituitary tumor__enh_1824,train,Pituitary tumor/enh_1824.png,Pituitary tumor/enh_1824_mask.png,c04a0405723a7386c43bb824f54bbd9a00fabc1c87b6b020bea5f738680780c9,1f1cb4aa55d07e7ecdfe65ba4afcdc756a8bb42b064eaa15258be8944eb8b2c9
Pituitary tumor__enh_1825,1825,Pituitary tumor,Pituitary tumor__enh_1825,train,Pituitary tumor/enh_1825.png,Pituitary tumor/enh_1825_mask.png,3c97bb52097d67c9f5e382f8f21005b0d192f0663960da4065257664c80391c1,29c9dea54031b8e30ef741d7e6a47b13002e794fbe490bf835cbe5c8cf2f3155
Pituitary tumor__enh_1826,1826,Pituitary tumor,Pituitary tumor__enh_1826,train,Pituitary tumor/enh_1826.png,Pituitary tumor/enh_1826_mask.png,bea5893720813ec0088295e5ccd97acfbe09a8b738ae3fb566298f1e4c69cdf1,0b75e500865243bc82dac626d819c1e33687cde00ab7f5c4d3e8e84c403351ce
Pituitary tumor__enh_1827,1827,Pituitary tumor,Pituitary tumor__enh_1827,train,Pituitary tumor/enh_1827.png,Pituitary tumor/enh_1827_mask.png,fe7e6a1399286ed88a06d322038acfded0e0d8d7db1d75b6c7523d61e0a79f4d,9c653afa0fb8763386e8584b1a0de6153599e8636db03a450568543be535db05
Pituitary tumor__enh_1828,1828,Pituitary tumor,Pituitary tumor__enh_1828,train,Pituitary tumor/enh_1828.png,Pituitary tumor/enh_1828_mask.png,c81f7868a343bbda8d2dd0b2a9adf0e0ce87446ac72ab6359fa296acbc3245bb,331a18a832df355cfc8e8159b7455db4de4b28ded2af1c494355fe5a15cc960a
Pituitary tumor__enh_1830,1830,Pituitary tumor,Pituitary tumor__enh_1830,train,Pituitary tumor/enh_1830.png,Pituitary tumor/enh_1830_mask.png,2b4ec4cffeb2d62282916cbb1a77b7ca4abbc7158d72eaf34762ce655f0a154f,ab163c10a3d1a6076d2b49dc3e6f06b83415d88456c918245c6d4b2b0a51a92a
Pituitary tumor__enh_1833,1833,Pituitary tumor,Pituitary tumor__enh_1833,train,Pituitary tumor/enh_1833.png,Pituitary tumor/enh_1833_mask.png,6ad0561e8ccd2e64f07893e3711d099145cd0db54571c898c7ba31f0b9072f77,dbee5110886679da9ed8f9f24d8b3c5f4b1b4dddbf8d487f6252d21b1885c6d5
Pituitary tumor__enh_1834,1834,Pituitary tumor,Pituitary tumor__enh_1834,train,Pituitary tumor/enh_1834.png,Pituitary tumor/enh_1834_mask.png,43cb457660391af736c9a076ba480e79fa62522f38561b2c23ff2cd1850e3e79,532a60f2816220959492990372d0fbc0f5b113a0ea908fb0c8e7ed4359bba370
Pituitary tumor__enh_1835,1835,Pituitary tumor,Pituitary tumor__enh_1835,train,Pituitary tumor/enh_1835.png,Pituitary tumor/enh_1835_mask.png,2e575118377ffdf731343a32b51461e38da85635af98679c49feb1dad9288e42,3f1c2d558b276593566f179f1d3a75aa82532bf5e9bec3fd126112e4b2e44a52
Pituitary tumor__enh_1836,1836,Pituitary tumor,Pituitary tumor__enh_1836,train,Pituitary tumor/enh_1836.png,Pituitary tumor/enh_1836_mask.png,38cd001790386634f1c3706369c9fc2026837dceeae8a3718cf7314b18df7e82,a930ecfff4e8bbffb6bee64ed31ffcc554d64458afbb73c6fb221749a4931405
Pituitary tumor__enh_1837,1837,Pituitary tumor,Pituitary tumor__enh_1837,train,Pituitary tumor/enh_1837.png,Pituitary tumor/enh_1837_mask.png,b04cd6564978e37624ff9f94d5f4a2ea0a816905e2a4c1a85c9310c218578f06,d0ac4a6f182bb964c736fda113182d7b1213a5c23b491f9948b4d72428bfdc54
Pituitary tumor__enh_1839,1839,Pituitary tumor,Pituitary tumor__enh_1839,train,Pituitary tumor/enh_1839.png,Pituitary tumor/enh_1839_mask.png,8b8d3126a6508a751aab8b4e1fa5eddbd81bce5935b15749447804db74e617bb,569723fcb95716cb37224b54a4b45cc308980444d38eaa8b005d25e09aae6194
Glioma__enh_1845,1845,Glioma,Glioma__enh_1845,val,Glioma/enh_1845.png,Glioma/enh_1845_mask.png,351f7f1da52398810672d655fb33b6ea388179db0f081dbda526e6674b26f8ee,98d2f6439850ab1ba5656ee4b57da9eb62e4ad7d7ba9e0338ac9b5b17e2bb66e
Glioma__enh_1856,1856,Glioma,Glioma__enh_1856,val,Glioma/enh_1856.png,Glioma/enh_1856_mask.png,738cee9e250ebe4dccb5180c2719d6c04caacf07fb9101876e213f0841581e87,ea75c540daba0f8c9d8c2f435b9a227729a28e4ba8a7f1a404c7d60f7b248890
Glioma__enh_1857,1857,Glioma,Glioma__enh_1857,val,Glioma/enh_1857.png,Glioma/enh_1857_mask.png,09c36bd12b9ac2afa9ed4ffc8ad8406f1f3646c62a955773dc7581f72d2fd5eb,2982f30e5c415bb0bd049d88d8a1d8a147098963742153cbdcd2b2f528fb668f
Glioma__enh_1873,1873,Glioma,Glioma__enh_1873,val,Glioma/enh_1873.png,Glioma/enh_1873_mask.png,fa3a0919955e471f2bedbacd7de33486c9d279127058019a87655aecc1f51920,fa75b565b5b4e9843f0001803b6afd539d6f0e7dc6157b83c2c26dee44888e5e
Glioma__enh_1875,1875,Glioma,Glioma__enh_1875,val,Glioma/enh_1875.png,Glioma/enh_1875_mask.png,ebd1184d58b4051f4d2f8a9ff28e9f3bc5390293002933d01a0b22a4eee4288c,fb950ec5ed72415953c1563fb9b15952a884be0f1197832bed9df0ec674860aa
Glioma__enh_1895,1895,Glioma,Glioma__enh_1895,val,Glioma/enh_1895.png,Glioma/enh_1895_mask.png,a0e798f707b57d46749fa1385cd16162304c5e4c8dd0344da1f08a3535996da6,76902d5cc2d6bf3688f7710c522f86c258a4aedeaa948098d627111fdf74f705
Glioma__enh_1897,1897,Glioma,Glioma__enh_1897,val,Glioma/enh_1897.png,Glioma/enh_1897_mask.png,4800d5a5b91d81912cb7b8cb67bb88ed88ad391b3d9744aab0520cb0db9b9200,d4647e3df6da2891a2a1f684d7c36f61e427b21751f7b20e2b766ce7ff52e327
Glioma__enh_1899,1899,Glioma,Glioma__enh_1899,val,Glioma/enh_1899.png,Glioma/enh_1899_mask.png,f4b7f6828ce32c1e301babfdecd255d4132ebaa6454f185d12d82a6aaabeb43f,a72d70c4afce8c47b3a23f087945634650adfc6f88a80ce6a8f10baf5fb1e2f0
Glioma__enh_1902,1902,Glioma,Glioma__enh_1902,val,Glioma/enh_1902.png,Glioma/enh_1902_mask.png,a1c6142a7b84280f68b22465c65481f9ecafc1e249047741db2ad1e294ec5e91,1e4994d734d0982c9e41bf1ea2f9a62b9a3364302bfe3d766e94c184f661ce25
Glioma__enh_1903,1903,Glioma,Glioma__enh_1903,val,Glioma/enh_1903.png,Glioma/enh_1903_mask.png,3f665c208da57bcb91dbc9d63d7daa4a66cfb6f5e32f4c75e4c118f29bc568e2,53feb2a395452e455886f641a32d927a848fa95aaa4ec0bd0deabf621a8e1466
Glioma__enh_1906,1906,Glioma,Glioma__enh_1906,val,Glioma/enh_1906.png,Glioma/enh_1906_mask.png,c691e226440d39be9b4f7a424ab22bead0c70f4ac9586e4144069555a38815c9,61f9fd9154fb0e15f5cf95c1a04d566014247556181ff9616a7ea7b661d2c7e3
Glioma__enh_1913,1913,Glioma,Glioma__enh_1913,val,Glioma/enh_1913.png,Glioma/enh_1913_mask.png,d3f71c9e18ab437428c747f2d1d57a569e287378fb084dd83daefb9a82fa7517,67b9e37e198de2ed0a0e5913545315f522961d0ceb4bcf9ac6dee7fc0e898518
Glioma__enh_1915,1915,Glioma,Glioma__enh_1915,val,Glioma/enh_1915.png,Glioma/enh_1915_mask.png,82137933ee0deb045c28e772a6c23e5426a484010a4b04e883699e7f94e8675d,b61b489cd21e8b5a25a8f73a64b71288421faa7fc5ed42c87684f3c0c6a84d8b
Glioma__enh_1924,1924,Glioma,Glioma__enh_1924,val,Glioma/enh_1924.png,Glioma/enh_1924_mask.png,ac6d2b9747be67e21ef55668908000a776f22d4f5041e4714f851b1bd3555e95,66bcbf4c0568a6428f043c252d7b03d912f25ebe7e5b2edc8e2a16347ea5bdb8
Glioma__enh_1930,1930,Glioma,Glioma__enh_1930,val,Glioma/enh_1930.png,Glioma/enh_1930_mask.png,1bb25849f7522984c3970555e85a17aeb53969b460a0e47c9d176986242ff4de,8d8048f898be13d562fe4e23009c00deb26f9c1a757cc21409aa9a5c30e97ec9
Glioma__enh_1931,1931,Glioma,Glioma__enh_1931,val,Glioma/enh_1931.png,Glioma/enh_1931_mask.png,69a0f286fa3954a7fe5ea712c2a2606999593f20d6b4062facf359667aca3790,820f422cff6567dec95436e028cb610247915d442b8680e1abfc863ce59f3b7a
Glioma__enh_1932,1932,Glioma,Glioma__enh_1932,val,Glioma/enh_1932.png,Glioma/enh_1932_mask.png,f2e1dc0736a89dfce7c810505f9da30b431f5cb503437d135ede6d6e7ae0c2b7,55fd316cb6f18cf89723a41b273ca2d07b70267911655081a5aabee7eb7228b5
Glioma__enh_1936,1936,Glioma,Glioma__enh_1936,val,Glioma/enh_1936.png,Glioma/enh_1936_mask.png,32620c9098b1658322660e80cee49ac7854c6871777d2f0413d5563b967e3dc1,377413fe255c1ff250a8807ba799ebbbae344e02683fbd9b3804081b763f78f0
Glioma__enh_1944,1944,Glioma,Glioma__enh_1944,val,Glioma/enh_1944.png,Glioma/enh_1944_mask.png,0ca06cc79cf5b1cadce2cddbe7777b2957dc2c159b63e137d15a8c2fcb138b66,47fa5a84caa2e35453e4531147d86f268b2676b97fe096202c2334ccfba7b560
Glioma__enh_1946,1946,Glioma,Glioma__enh_1946,val,Glioma/enh_1946.png,Glioma/enh_1946_mask.png,413344ea59a26d3a70940696f354b60fe87c5c66b4dbb3c1452d56a4ef1a8b48,a68509db21d604bb26156ead6229579d60375cb3c71f252ed06ce897b6981b78
Glioma__enh_1956,1956,Glioma,Glioma__enh_1956,val,Glioma/enh_1956.png,Glioma/enh_1956_mask.png,82239a4735deac41004a50339d3ca12a7442d4243eed699349e90d1940f12cfc,ec424c419ebd62253c95274629fe4b8731ac37a1c6b9ccc01a9b30f2a364edc9
Glioma__enh_1973,1973,Glioma,Glioma__enh_1973,val,Glioma/enh_1973.png,Glioma/enh_1973_mask.png,e9d9b15d5528f96d22832ce8eaba59a5c2a8e41d5f99557b9cabbb2d0806d258,b82c2ef52bac23ae3b78dcfe44499e0342156c29566d57b844f05dc829fa9731
Glioma__enh_1977,1977,Glioma,Glioma__enh_1977,val,Glioma/enh_1977.png,Glioma/enh_1977_mask.png,6d723368b4c4f9e742f965d4bbe454c6bf06a0da02bf2f6b3c0bf1572e9514d5,b9f6ace17c42f05c1732d2dc8d97303ad6c47c20080a2a4faf8c96db57521e91
Glioma__enh_1981,1981,Glioma,Glioma__enh_1981,val,Glioma/enh_1981.png,Glioma/enh_1981_mask.png,f753fdcc73b6adf007fbad9bfb5da737ea2bb1015598e0d7ec83953a1062e9e9,b720c5bcf04b2a68a85c296a9f28ec8ae5b2765307fd3ef26d31e406fc1a0e49
Glioma__enh_1992,1992,Glioma,Glioma__enh_1992,val,Glioma/enh_1992.png,Glioma/enh_1992_mask.png,1d8217b72c0dad1b264a12a927bd9186b91de7776476e5f84ce6bcbabfd3d8dc,858472fa5ffc07b78a7985849545e8485d67ae74e2aa0c361a8b7b8c9465ab69
Glioma__enh_1997,1997,Glioma,Glioma__enh_1997,val,Glioma/enh_1997.png,Glioma/enh_1997_mask.png,7003ca4e176dd1c635c5d920f775e2744cbea10f87cac62e8483e45cf23cd95b,f843b3c3467482f568eef030375a5bd9016f69646f88c5076793fe1da8538d80
Glioma__enh_2012,2012,Glioma,Glioma__enh_2012,val,Glioma/enh_2012.png,Glioma/enh_2012_mask.png,a108c3dcc018a1ff199ba22871ecc114e481a0935853327299038d4a61d21e8c,d2926be97758804f40a5a2293a2b75af1ff38ba40eff8e75135edfc24fe6d5d3
Glioma__enh_2024,2024,Glioma,Glioma__enh_2024,val,Glioma/enh_2024.png,Glioma/enh_2024_mask.png,f23c76e32dd294ef006c701539dacc9f54c0bc52a4be6846acf6366b8d6dc451,5bf9e541d8d59e2a16923af4ba3d8175855c0f8874b2c7d4015824bde4b045b8
Glioma__enh_2025,2025,Glioma,Glioma__enh_2025,val,Glioma/enh_2025.png,Glioma/enh_2025_mask.png,962f81acdfe9d374da3527d2434faec4bf9d3a97929d133505d4b20ebb0ee428,c5c6aaac079f797751038c8d411e0c8c031bd6c14606453f9b28435c71ec5a76
Glioma__enh_2031,2031,Glioma,Glioma__enh_2031,val,Glioma/enh_2031.png,Glioma/enh_2031_mask.png,8ccf6db30e7539d3b8fa4a26d7fbdb5c598202f7653095ef28bdbeea4db76f69,821603c1c4ff61d4fec3587373e9ded41b4965d36e9c5d1761242d30cefe4c0a
Glioma__enh_2033,2033,Glioma,Glioma__enh_2033,val,Glioma/enh_2033.png,Glioma/enh_2033_mask.png,9121df91b9d8af65f14d5046545f616dee5096227f8d3df428f3926ccdada607,91207ddc47bb86aa5c2f85f4af296b0bb5467005c0b66ed3f0c46c8d5dadd020
Glioma__enh_2038,2038,Glioma,Glioma__enh_2038,val,Glioma/enh_2038.png,Glioma/enh_2038_mask.png,f22bcbf94e6728fa8a612a604f19c02c290d07c8577160b2bdb0d520b773705b,fe12c4931655065bae9beaeef6b3826b98173c9b8d21338b762144a8cf4a0b06
Glioma__enh_2039,2039,Glioma,Glioma__enh_2039,val,Glioma/enh_2039.png,Glioma/enh_2039_mask.png,9b55170c2ce597379301b314a06014438c6378b81b608b1fc2c427dd1c3f38cc,ebc72af3b854cb5a2e4fc7c85c1102f5f4804c2b2ab2369425bf3cb0a2c9f115
Glioma__enh_2041,2041,Glioma,Glioma__enh_2041,val,Glioma/enh_2041.png,Glioma/enh_2041_mask.png,651e0ffa95f9ff04225daf3b09c93fef7981ed256e0b0c7db28efc9614213bea,835ed38df2df541e21b0ce6c5134715d65d7ca0a43208ebcbacb2b963f27ae9b
Glioma__enh_2045,2045,Glioma,Glioma__enh_2045,val,Glioma/enh_2045.png,Glioma/enh_2045_mask.png,4d5b415fcc23cb344e63a50d7ae255a587500fb52a7a3674facc581b7f00801d,41ca59b06804e75deed22091dcbb3d5d9ecbd5fdcb440c5f731ac7a79c8c3ed0
Glioma__enh_2046,2046,Glioma,Glioma__enh_2046,val,Glioma/enh_2046.png,Glioma/enh_2046_mask.png,4ae4afd9b80856282378e6bf0edcf59556f3305a7f9d62ed1556b0844a0d48ea,78aa0cd0dc84136c757c0dfd2b844b7305dc9b854515a875a589e300dfa02443
Glioma__enh_2057,2057,Glioma,Glioma__enh_2057,val,Glioma/enh_2057.png,Glioma/enh_2057_mask.png,7d9ea3eb59d095bdb6f847575ab69fdf3b6fcc60458cdb7e44ca806bc47b5c50,53e9c5651a4531d385e46f2053dae74ab8ea588a1f92ffeb1b7abfb6ff76af1e
Glioma__enh_2060,2060,Glioma,Glioma__enh_2060,val,Glioma/enh_2060.png,Glioma/enh_2060_mask.png,9ab7e16a7fe58567d99f8bc0850157624f378272031dbf13ef35a38f2457d5a3,a2b6ddffba8b2045c9df70b53f701124dd23e07b8d7ec1b3b6ccfdeee196e633
Glioma__enh_2068,2068,Glioma,Glioma__enh_2068,val,Glioma/enh_2068.png,Glioma/enh_2068_mask.png,00098b82d71eeaa021328150aafb4816d4f4a7aac8271f4fc9a881e2316bbbea,ec013a19edc28a400752b97d24f6a58d1f4218825c6eea8b9feafcf2e74dc160
Glioma__enh_2079,2079,Glioma,Glioma__enh_2079,val,Glioma/enh_2079.png,Glioma/enh_2079_mask.png,650ae31ccee8b72f767d490dd27aa46d6bda46d807773cba64ec289fd51d82e8,cfea1acac05ea0da5b845dba4169bd661ca14f79992fa9410d8336415c163d2c
Glioma__enh_2088,2088,Glioma,Glioma__enh_2088,val,Glioma/enh_2088.png,Glioma/enh_2088_mask.png,2f1dca66effb92cbde18ab54a0ff45bf3573c7f4fd4b1239fd23227f52d82fb5,d04578b75d96929cfacf686b70e171d27359a16c946ba71082f87a536a5f9969
Glioma__enh_2124,2124,Glioma,Glioma__enh_2124,val,Glioma/enh_2124.png,Glioma/enh_2124_mask.png,aa4ab1294610a1f672f552a66d0b55eb9f9415a636cd6e77b4de834550b6367e,879a44242c80beca77eb4387a70450cb352ebfc42f54aa0f7d4011409d8773af
Glioma__enh_2130,2130,Glioma,Glioma__enh_2130,val,Glioma/enh_2130.png,Glioma/enh_2130_mask.png,520e91e8c729b010263222ce3cebfa7bca66e62fb1c09687ed1ec403aebafb14,c861d7c33c582c38ce2289a32fd22fc0de2d62ed1787ae6709a4962f98f339dd
Glioma__enh_2139,2139,Glioma,Glioma__enh_2139,val,Glioma/enh_2139.png,Glioma/enh_2139_mask.png,bb11bdddc929ab61b62f5b65ee5380146d389e9a128a0ea07f2b0e93074993e3,83d0b05737c88d1afd97fcfb28c0f06f93df9f3b704403cc18303f5352dd3df3
Glioma__enh_2142,2142,Glioma,Glioma__enh_2142,val,Glioma/enh_2142.png,Glioma/enh_2142_mask.png,4bac04e922ae81423389d6eef3e530db5a6c61c88b150d1a4ccf07806a8b0cf5,ea9209eaaa2ab1ff56cf6c46208f60e8991db6f3afb0dd4e491abec15312266a
Glioma__enh_2145,2145,Glioma,Glioma__enh_2145,val,Glioma/enh_2145.png,Glioma/enh_2145_mask.png,5d1b62b377bbd4dc7ff7fb8517cc19a86c1ca4082fb7dd61dd233a035c824d62,e659116604070eef747ca09cc9f882bf197f64ab796335841f18b8ef9a91cd95
Glioma__enh_2156,2156,Glioma,Glioma__enh_2156,val,Glioma/enh_2156.png,Glioma/enh_2156_mask.png,b8d173f316513329d094afc7bedb86e823253f00eeb29e5d9a9cec25564483a3,1caf326441c82c708043a293a25e3380f3239eee70e08415b3dd57429b87c0d8
Glioma__enh_2161,2161,Glioma,Glioma__enh_2161,val,Glioma/enh_2161.png,Glioma/enh_2161_mask.png,a3320d78af9d543abcebdc123cb43d31cd6933c5fa696fa96f4993e589ece85e,d5cddc1e65e4fd294bc93d472cb25a1ae845b93c40ee89737250ad74ce9263d6
Glioma__enh_2163,2163,Glioma,Glioma__enh_2163,val,Glioma/enh_2163.png,Glioma/enh_2163_mask.png,892fc27c507983042a5398081b82d44081db42ad3c5e5b148b3b046baf3b1fe1,c0199a3dd8849747962744578389e7fd34ae7dce9f20a259dbddeaa1a91a7608
Glioma__enh_2173,2173,Glioma,Glioma__enh_2173,val,Glioma/enh_2173.png,Glioma/enh_2173_mask.png,0597aa81ce63635616f404c61300371ad1c311f3df2338255d4e9ac72ef7a726,c918ea69d407a46464fea80be2b34cc75aecfcac334771878b47f567eab2fb08
Glioma__enh_2175,2175,Glioma,Glioma__enh_2175,val,Glioma/enh_2175.png,Glioma/enh_2175_mask.png,0e0f6f0cc2d7b78b42d3a95c3f560ffd666c4a06a06f3458b590548d29b16811,0f2761dbf541bafdbaf7e6a8071660c68ba06c82cc945171379a2cc7776e62d2
Glioma__enh_2176,2176,Glioma,Glioma__enh_2176,val,Glioma/enh_2176.png,Glioma/enh_2176_mask.png,4ca8af145febc099b5e8f6f5f61a5eb0aa40b184df362b830009eb468e8c248f,7a69547b4827ec682edaa91cc27ab147637fa3ab57db1c233e018ed2c4988fa5
Glioma__enh_2190,2190,Glioma,Glioma__enh_2190,val,Glioma/enh_2190.png,Glioma/enh_2190_mask.png,c839af439c71e40d8b933b77e947e8c2ec5e3c3621f027cb7a530eddfae714be,46b6f09c2a88143235e60177489cb0daf86d1f66387a8a6600b17f28a021d603
Glioma__enh_2194,2194,Glioma,Glioma__enh_2194,val,Glioma/enh_2194.png,Glioma/enh_2194_mask.png,859f7fcaa63c215314c47a5c3831b1423d3c3c147cad2dcfa78d0607034d4be7,14132fa3dc64e84b088e426c53b659577416834fb5a8475f5d0fa8b5981c8580
Glioma__enh_2203,2203,Glioma,Glioma__enh_2203,val,Glioma/enh_2203.png,Glioma/enh_2203_mask.png,bbdf5828e9ca87f432026dd4b2353aeb680648157bc1a8a455f7bba34d2af626,2c0509e23337775211012097e270aab68707f70e6bf36cc63b94c4fc2d82727e
Glioma__enh_2220,2220,Glioma,Glioma__enh_2220,val,Glioma/enh_2220.png,Glioma/enh_2220_mask.png,f19176f0c8bff6ea9c334b2bfc474fb5426234ea8c961f69c6b19b13ec2fadce,f45c7b6b528a42d12bcd6d7afc4b0033c7124925d8c9796f66f7c5540da545e4
Glioma__enh_2225,2225,Glioma,Glioma__enh_2225,val,Glioma/enh_2225.png,Glioma/enh_2225_mask.png,87444c72cf0e1eee463e3624ab733ea694ae0054fbc3d27b1e33401de949fd56,b8ac0209b4d0dbb6dd8a2037590ef6d9cc2ef96015649715d132ae8982f6d1ae
Glioma__enh_2230,2230,Glioma,Glioma__enh_2230,val,Glioma/enh_2230.png,Glioma/enh_2230_mask.png,72775509e61eb54dfb09a19768801de44955b7c3f77d2849367d1dd8c950dc62,8b61ec2e22c23705c77c1e4f88cb786f5dfa20628e0d43153bcc0a0d2e3ae46e
Glioma__enh_2232,2232,Glioma,Glioma__enh_2232,val,Glioma/enh_2232.png,Glioma/enh_2232_mask.png,97cd7c7f531446eb009940196af6f767bd4b7b442cee23d2b6b46c6be43404df,bc892d96db90eeca79b99030a626df12a59fa9fcf87a76ddb62029795e9bafd5
Glioma__enh_2238,2238,Glioma,Glioma__enh_2238,val,Glioma/enh_2238.png,Glioma/enh_2238_mask.png,9e7997b3d9d3943e9723cc4b46df1c8d20bdf622c3522fcc3ba4acc83cbe5d53,5a67aac110cd7ba6ee87c7f36409cc9154a30ba310cefdc2a6f400c96ea552ce
Glioma__enh_2242,2242,Glioma,Glioma__enh_2242,val,Glioma/enh_2242.png,Glioma/enh_2242_mask.png,a606ab6f42e26597b7ed5f2a6557630b3a1e16441a0b7561f09345ff50087128,83bb067909fbe24222c5c3122cfcffe2ce130cbeb8de0ec9bc36623a88dbf1dd
Glioma__enh_2248,2248,Glioma,Glioma__enh_2248,val,Glioma/enh_2248.png,Glioma/enh_2248_mask.png,7021e2c277bd12959f90273c39fd8476275c73a862a2a9489c03b8cc328b4781,9379238c22b4d9a7bd36cb71f9408aefe1b8be786ce82501252ae3f9d6be5eb7
Glioma__enh_2249,2249,Glioma,Glioma__enh_2249,val,Glioma/enh_2249.png,Glioma/enh_2249_mask.png,7d66b7520d6ca10e56038f9dcfa86bd8e46cceb17e546d6b23472d1f38741d3b,e0d72629aabbff930705d187a53bf9927149a13ed139a09996759751e605861b
Glioma__enh_2253,2253,Glioma,Glioma__enh_2253,val,Glioma/enh_2253.png,Glioma/enh_2253_mask.png,904619b6449065521550c6356b9c2f4f4419160e5deface41a54b58701c25007,3be1955942457351d2d1d1a42b36302f037b35ec2a76511eb751bb77cc5bc3cb
Glioma__enh_2255,2255,Glioma,Glioma__enh_2255,val,Glioma/enh_2255.png,Glioma/enh_2255_mask.png,f78f418db393e62ced4082680cb3ed5f0e149b526e54176c7251fa12800ba187,ae6d467f67a978fc71357c221ab316399e5f6882a4d39cb8874f300a13acd28d
Glioma__enh_2266,2266,Glioma,Glioma__enh_2266,val,Glioma/enh_2266.png,Glioma/enh_2266_mask.png,30c084441b261ff290b48eae28acc09169b530e831ecd613807ee2b9a0222bef,e38a5c330397fe93aad84b90ea0971cb71f32077c46330f668145a8eee0c953e
Glioma__enh_2268,2268,Glioma,Glioma__enh_2268,val,Glioma/enh_2268.png,Glioma/enh_2268_mask.png,2e2f6418a0d214762e0198c954ea4ebbd72ed8c947e5e40f7efda8f4f4e50e9a,3eb123eae26cee839075f18023aec618bab89fa40923390546be56ad62d5e196
Glioma__enh_2299,2299,Glioma,Glioma__enh_2299,val,Glioma/enh_2299.png,Glioma/enh_2299_mask.png,2ca6c70877a4aede5c41a438bd3215ea35fda8d13384a4f8258d781421393118,c62bc1a43fb974cd4f0d4c400ac5aee1f3e559f8ec1d324f4455d1ecf2c43363
Glioma__enh_2305,2305,Glioma,Glioma__enh_2305,val,Glioma/enh_2305.png,Glioma/enh_2305_mask.png,1b9f398c0960b47917d587f063196c3d369ceb41ac698cc8cb573ce68583be41,e79d8ae7c59dcb4d1da6e4ba6e600343e82652d5cd556345897d5b3feea56d2d
Glioma__enh_2309,2309,Glioma,Glioma__enh_2309,val,Glioma/enh_2309.png,Glioma/enh_2309_mask.png,5922108626cc1efb754f92307490ff8a3e25f380a12a0f1dcde5db6f97cf3d85,49c2ab154cd4012f4951dee90f2d18ea9a72e15a2460a4c790b21b6b300c69c2
Glioma__enh_2319,2319,Glioma,Glioma__enh_2319,val,Glioma/enh_2319.png,Glioma/enh_2319_mask.png,9b22fedf3847c92e3ba67bafa793a523867d47830228725b382411b521a77431,3feab3ad1df96c475e1191856344cfb47349afeb1ee5858b621e18ff4392fa3e
Glioma__enh_2327,2327,Glioma,Glioma__enh_2327,val,Glioma/enh_2327.png,Glioma/enh_2327_mask.png,320041019f248228b02719696ca9f1c294edb0551cdc884692025203bbe1c8a4,c76e7fe1de82e279a0f92f19eb25ad5afa7521a6d78141073cda85f20d4c84e2
Glioma__enh_2330,2330,Glioma,Glioma__enh_2330,val,Glioma/enh_2330.png,Glioma/enh_2330_mask.png,b31b3b375f68024ea1a63467cd4894e229b4e9f09ea032abd8a5fd6ca3708013,50af1690e0a72dcdb85ef3f4b7647ba60b5a5a3d6cb86672e75c4efd12f1a6a1
Glioma__enh_2332,2332,Glioma,Glioma__enh_2332,val,Glioma/enh_2332.png,Glioma/enh_2332_mask.png,6227755bb1597d6b60a737b8c7e2fbc8b4e7abe6c4cf7aad89177ce3e085d265,778474511c55f59965f936006d2b1619c9a8313757469bb64b18c94b66f070d8
Glioma__enh_2337,2337,Glioma,Glioma__enh_2337,val,Glioma/enh_2337.png,Glioma/enh_2337_mask.png,6fd17c08f3c9aa500401028fb39595f2c94c40d6c9e3ff22a68cd19d763545ee,ca4bf9a52d24f2f5cb54ed0bef7cba74f36704c5400d14f537e4104b430049ad
Glioma__enh_2340,2340,Glioma,Glioma__enh_2340,val,Glioma/enh_2340.png,Glioma/enh_2340_mask.png,0ba2d624c03289f3424365443d9691083a593fd1fc2df7b2b459fbcdfb4487ba,f03ee8b89f50d88a477582f131082993efc2d3be46b1647111585e4da3e3f684
Glioma__enh_2342,2342,Glioma,Glioma__enh_2342,val,Glioma/enh_2342.png,Glioma/enh_2342_mask.png,3af5eec836bcbe352bacee7ade1c0f7a55c94b71fc8afdc1775d08ce2e88dae1,40784d38fac79ea915abdc78d5e78c1bb1fc98f80859c99be63ee5c5e4c98116
Glioma__enh_2351,2351,Glioma,Glioma__enh_2351,val,Glioma/enh_2351.png,Glioma/enh_2351_mask.png,06238497091f4eb1fc7836e62975b882b63ee77036c2355b138fdbd20faa4e87,283abbe069066aa4ffed5e5d4a5b2b85b476e8514ca957a6c55a2fdf603ca07f
Glioma__enh_2353,2353,Glioma,Glioma__enh_2353,val,Glioma/enh_2353.png,Glioma/enh_2353_mask.png,4da47ee73f001a0f5b83fd92c338fa7e5311ad9231a1cf9940492f9b2d91b08c,6d12163346f58372941c2c79a8f8f7f0df8d07fe09a5ba1e40c5842032710581
Glioma__enh_2358,2358,Glioma,Glioma__enh_2358,val,Glioma/enh_2358.png,Glioma/enh_2358_mask.png,168556b82e7d330c6c5bf6262a54e798d499c10ed40609cc3093d6da947208bf,51a4a323afef5df11465720e651b718ed733aa82a98f12a736f5c9729c82229c
Glioma__enh_2368,2368,Glioma,Glioma__enh_2368,val,Glioma/enh_2368.png,Glioma/enh_2368_mask.png,fa0ebbcb32adf7188a1a4284f69537e99fd0c3dd1db2f1a9f36c351c884f42b0,ae8c2b65453077317db37c293158000d134b8f6c39135f4e6b3668c1b509799d
Glioma__enh_2373,2373,Glioma,Glioma__enh_2373,val,Glioma/enh_2373.png,Glioma/enh_2373_mask.png,a69252f96a68f4a591d77b8c5b5f8d5738ecf416226b5e93f3b0e1075eb5028b,1f513c1a187c98c1bbb74ac0cfb684cabbea885c946b126f45397840066dd53b
Glioma__enh_2376,2376,Glioma,Glioma__enh_2376,val,Glioma/enh_2376.png,Glioma/enh_2376_mask.png,6cb5137244d30ee88354fefcea3137dca275650160f6c06cf4b5fee42bacef25,b8d100e9b4fbc7fac152a6bf8e38c178e84330c5caf89fad9f349ea9ea9b88e2
Meningioma__enh_4,4,Meningioma,Meningioma__enh_4,val,Meningioma/enh_4.png,Meningioma/enh_4_mask.png,96aa60b6dda3c7f8ff97a5cc53a7ea3172adbcffdfe2b0764110be82169ccb4f,965f66bd41bd71c50f491773314277eb5dac6afd1b85ff94cc02bab739242668
Meningioma__enh_10,10,Meningioma,Meningioma__enh_10,val,Meningioma/enh_10.png,Meningioma/enh_10_mask.png,378cf156ef98f751d1d1d93a9146667c47c09ef9c30208db0d301d79b732d8ab,5b3de400faa6e3955bf0cc65ee28f09d344e6f3a6441906ad21f0cb707553658
Meningioma__enh_16,16,Meningioma,Meningioma__enh_16,val,Meningioma/enh_16.png,Meningioma/enh_16_mask.png,fc76550db501295ce2eea5e9c47dabe39deb3bd28de93b24cbfc5995ae8ff95c,548f3c95f8bcb177bb50336148cab5bfc9ca1f8cbc0bc963aa18134ba727670b
Meningioma__enh_21,21,Meningioma,Meningioma__enh_21,val,Meningioma/enh_21.png,Meningioma/enh_21_mask.png,e20e20c7d4c04ac95422b56d17b7b8879ff4e4b5c610ec9e8f0d0d0a22f4eb1a,c9bbbd11244f7e4a41878f40115f5968736a216e3c9f21eb920a7f719bd614dd
Meningioma__enh_28,28,Meningioma,Meningioma__enh_28,val,Meningioma/enh_28.png,Meningioma/enh_28_mask.png,0e4430a2a542575d4cf0a93884edb927a6b8baeedb39fed5d28af19d624a18d5,c944dc1273c2986736e020260e7cf7bb4669e338913f13f94fc880985e71e094
Meningioma__enh_29,29,Meningioma,Meningioma__enh_29,val,Meningioma/enh_29.png,Meningioma/enh_29_mask.png,ee3ce8c5213acf350cb760759c66aae2bbbd5c627d3eb705b9daf3233d3d7a0a,3653e754c6a6d5ea34c6868831938a28b127fbbc8e632da9efe167416615577e
Meningioma__enh_40,40,Meningioma,Meningioma__enh_40,val,Meningioma/enh_40.png,Meningioma/enh_40_mask.png,4860098eb443fd945a262d9c6efdff7e09da289c12f423d2cb1dd304e0484d9d,f8b8237e8230f27a152d585114ea9e5c9b8fc7b37bcf8e87b22712eee658fd76
Meningioma__enh_61,61,Meningioma,Meningioma__enh_61,val,Meningioma/enh_61.png,Meningioma/enh_61_mask.png,ca071dffa9607badc8e48c0114cdf893a81d395bee60bbc5640477fcf732ca52,6ba39a89978b8c92fc029f3c505f958c6d4fa7d9521ad68caa36d1cfde7bb212
Meningioma__enh_65,65,Meningioma,Meningioma__enh_65,val,Meningioma/enh_65.png,Meningioma/enh_65_mask.png,85898bdc8fd8ea8f94c4624613f6c8d8d2b3e53117131b2c201efa3a0558748d,7fd3adf75495a521c5d3c20eb992ddba06e41fc069970244de41462d53e4af34
Meningioma__enh_68,68,Meningioma,Meningioma__enh_68,val,Meningioma/enh_68.png,Meningioma/enh_68_mask.png,171a1022e02d0ef2d65f16d61c78f39d94416fdad77f6d319dafe1dfbb3c7ad4,751b2dc37a7f30616473d3705e07e07b7a2daaf6d1c1877a14e5534c8441f144
Meningioma__enh_70,70,Meningioma,Meningioma__enh_70,val,Meningioma/enh_70.png,Meningioma/enh_70_mask.png,81f69a9b0436f00ba9b260d9d51812e3fbdb06f2885a87c778758edfa2d024cc,504f674271ad270fbcf94eb2fd29c226b8055fd584ebf3c05a2b968bd2d31d4f
Meningioma__enh_73,73,Meningioma,Meningioma__enh_73,val,Meningioma/enh_73.png,Meningioma/enh_73_mask.png,3a6397dc9991ccd34eb9440cd12e535b112e0da09d765f098431a0655e3a763a,5f6326a2fe7a39b63612da6fbe7afab161452c47ad5fe25c6f863716782cc625
Meningioma__enh_74,74,Meningioma,Meningioma__enh_74,val,Meningioma/enh_74.png,Meningioma/enh_74_mask.png,21b81dcd3e1944d9f909a6f82edc1276b737d4621f3a18ed318cc9793cef0872,1432b19ce07a6a0cc7a24b5d18bf1bb312bf3ee695ac82a4191a010b6c092932
Meningioma__enh_77,77,Meningioma,Meningioma__enh_77,val,Meningioma/enh_77.png,Meningioma/enh_77_mask.png,b0a6b697503b047a927ed0f501ef20d0469491e99ceccc1371924bc1f6bb5dc5,ef52942b2383305f09102b6ed2eb8225795a58746ea6c7c2b354064976c876d7
Meningioma__enh_82,82,Meningioma,Meningioma__enh_82,val,Meningioma/enh_82.png,Meningioma/enh_82_mask.png,ee1109b1565abb912f70af508a89ac378c90d3cc20e459953909ccdb7afd28be,a075cb6d81048309b4a791cbef767002a288e419cfe117503c428300b5576914
Meningioma__enh_87,87,Meningioma,Meningioma__enh_87,val,Meningioma/enh_87.png,Meningioma/enh_87_mask.png,fcaa6fe69d06bad334e9b1987fc1d03deb4367141f314a13799e57f936016232,89422b8370d99093682f667165288bd1846562fc3154e622a1320165c9aff35a
Meningioma__enh_90,90,Meningioma,Meningioma__enh_90,val,Meningioma/enh_90.png,Meningioma/enh_90_mask.png,cf8f9de7db32d07bdee2f6e41309f5dc3b02c8a29192db71ef39652dff402a10,6df97091c3c55fc9c1041792eb6a15e04ecd8b511b9ab2ccbcd64eb0edd7b869
Meningioma__enh_108,108,Meningioma,Meningioma__enh_108,val,Meningioma/enh_108.png,Meningioma/enh_108_mask.png,33f3c98c801febba4b4f47d7b970b1007b38ce0e0c2f9df181b40a52ea478e0d,523e951fabc0ee2504f4a38182483723acee4e779a51cf54b7b83874e9d34757
Meningioma__enh_136,136,Meningioma,Meningioma__enh_136,val,Meningioma/enh_136.png,Meningioma/enh_136_mask.png,3c4a6aa752e571a71294a7fec7d32a2ada470035791eea1b780d0fabdf8bc684,cb2e599810ca0067935ebc11dc6c450b946e3a37c7f6c6918ce8ef6272ad776c
Meningioma__enh_137,137,Meningioma,Meningioma__enh_137,val,Meningioma/enh_137.png,Meningioma/enh_137_mask.png,963f29493682f9881ec28cdf37758327314c69af993e46bbda52a517cd17e217,5d9aeb634c542783f10ab632108b76f55ed24add7a1b8055b4b5441a28b3bd75
Meningioma__enh_160,160,Meningioma,Meningioma__enh_160,val,Meningioma/enh_160.png,Meningioma/enh_160_mask.png,6887e158037074164b3206b4112d0f4395eecb9ef1d8ab48b881f989a75ac46b,da3c39238c117b58d6c0d1e74b772daf0ecd828bd544bedc4cefb3b1c23b4b4d
Meningioma__enh_170,170,Meningioma,Meningioma__enh_170,val,Meningioma/enh_170.png,Meningioma/enh_170_mask.png,b96179a55575a31c7dea4dca8b522d058588e78ef2fe2aa464a2ab6314307677,0940ac912310af87a6513d0a5fdf4ca618b627fdf9b898b673502ad6d4228918
Meningioma__enh_172,172,Meningioma,Meningioma__enh_172,val,Meningioma/enh_172.png,Meningioma/enh_172_mask.png,05dcd1c23d7bb978469f299cdef78ee473c1a766afbb36b495e4e3b726ee40c7,80751469f39d9e26d9bae9cccf544391f855a1b17fe01d209b543f37e1298e19
Meningioma__enh_194,194,Meningioma,Meningioma__enh_194,val,Meningioma/enh_194.png,Meningioma/enh_194_mask.png,27f39ae08232941e6945177485c58470afea4d7aee3c58ec33905c3cceee32e9,de424fd96e6074ad73fd56588fda05264bee3162cc9b67394dce7f97335c5104
Meningioma__enh_201,201,Meningioma,Meningioma__enh_201,val,Meningioma/enh_201.png,Meningioma/enh_201_mask.png,4fa53009bf84bf98273d7f3ddb1d2c9be28c9ad31e0ad642275264f6374b1ef2,17f8932e491c05f9e9710571a416dbc4ee3687d9d96dc4bdc066df1817e4f6ed
Meningioma__enh_208,208,Meningioma,Meningioma__enh_208,val,Meningioma/enh_208.png,Meningioma/enh_208_mask.png,ac6daeddc62cb518227e6cb6378fad3dc8b645f4b63bc6ec27ed15f8efc322b6,1c8e4bccf59b2f6dd3798863585dd3e509968accc323f477630b859c84227cf5
Meningioma__enh_213,213,Meningioma,Meningioma__enh_213,val,Meningioma/enh_213.png,Meningioma/enh_213_mask.png,6cfe471bcb6257908adc75afde18383bd7a05ef8e35de17c8ee65a33f2da0c8e,0191e57ab3ee3b2435916edbc2de2819489dbaeececdb72381f8a01abb64374c
Meningioma__enh_217,217,Meningioma,Meningioma__enh_217,val,Meningioma/enh_217.png,Meningioma/enh_217_mask.png,b675ca7d66eb0ee5ec4c562c445b5f1e64d077f3369ddc8c28669fc8a45e1e65,5fb8cf2acc4bab31b57643401e6fc79b9f5ad8c00655d0ebb3b929292727110b
Meningioma__enh_240,240,Meningioma,Meningioma__enh_240,val,Meningioma/enh_240.png,Meningioma/enh_240_mask.png,17c586ba46bda510eef8a98947e764b8523472cf2428fcf584363f3be9e7ff9f,382a2ad8e97881d94b00516dd19eb73a05e7ee151befbb3d5c9e0e9040e1d8fc
Meningioma__enh_241,241,Meningioma,Meningioma__enh_241,val,Meningioma/enh_241.png,Meningioma/enh_241_mask.png,99eb694076a18c352ceacd1d931b1f4c9ae32d91304c40f718136286a3f0b345,852b82f6c5fe64729eb5da045d6df04969074254b6bb07d3b2d4293114a8adbd
Meningioma__enh_261,261,Meningioma,Meningioma__enh_261,val,Meningioma/enh_261.png,Meningioma/enh_261_mask.png,018ac836973976c2e16d643b65499d61f0c07c6829d489bd2af530b32ce476c6,f632e91f54d9a4799a28776b4a4679512988f9084e612caa406cd4ba3b970ecd
Meningioma__enh_265,265,Meningioma,Meningioma__enh_265,val,Meningioma/enh_265.png,Meningioma/enh_265_mask.png,8ea7cec4bf8115163c2e7e4d4b67c54ab0f22a0997f07c6acab4c915fc10d5c9,b36caf2b2748f92511a6387b93ff36c71118f06d7355314f9cbbad97c78c13f3
Meningioma__enh_276,276,Meningioma,Meningioma__enh_276,val,Meningioma/enh_276.png,Meningioma/enh_276_mask.png,a9bbfed1d5b2b8f1a9fe43fe8a923ada6a381986ad836a58d1a8f0904c820fee,acfe76521abe74b66d56ebcf7d2ac5df317ea119442bbf24573b91b672934b86
Meningioma__enh_280,280,Meningioma,Meningioma__enh_280,val,Meningioma/enh_280.png,Meningioma/enh_280_mask.png,aa9235cde87d5375e952a5635b49c1e996a77b86a3def500a8e5b6996aedf7a3,08bdaa9b43c8817f2f663656035a975adf1fda58b4b9be55d54dccf0c1d7cb3a
Meningioma__enh_282,282,Meningioma,Meningioma__enh_282,val,Meningioma/enh_282.png,Meningioma/enh_282_mask.png,a4ff96f66a86a78217289bc303412353082b437e45afdbf9893d7e19f758c310,df7dbbc9ea2d6819d5f74f308178cee225396bbc92c2166514644c9e51bdb5d3
Meningioma__enh_285,285,Meningioma,Meningioma__enh_285,val,Meningioma/enh_285.png,Meningioma/enh_285_mask.png,3abb9d874313f64188a88164e12f6f7491b707ea9c3235b632298e78fcade835,e80321d87428d90cf5c2ebcce060ee35ce2e6340849685cfee36ffbad52f0e35
Meningioma__enh_291,291,Meningioma,Meningioma__enh_291,val,Meningioma/enh_291.png,Meningioma/enh_291_mask.png,23be09bdc0687a7dd5f85525073041718a2a30e7800a681ae79b8d4253c0218b,ac24cb8a34f5c5137726f31aff07d3980e15ba8f80d23355b5b2ed72aa7f6cd9
Meningioma__enh_295,295,Meningioma,Meningioma__enh_295,val,Meningioma/enh_295.png,Meningioma/enh_295_mask.png,934c49f30cff4f4c9112e2faee0ea4c9e754a4ca85d2a063e0fff35ebcb90133,0b71143abd5f9976ca81e40585c85c91df44a36d6e179767dcfb4655beac800d
Meningioma__enh_297,297,Meningioma,Meningioma__enh_297,val,Meningioma/enh_297.png,Meningioma/enh_297_mask.png,c27c6bca39cd7fb4d62de471455c0ec1d0fee570be7c15c4d0600562f8f48b0b,b95f6aa0c8576bf91ba4e515cb085d92ca92f31f8db85e03506b1f5d02148231
Meningioma__enh_299,299,Meningioma,Meningioma__enh_299,val,Meningioma/enh_299.png,Meningioma/enh_299_mask.png,eff2d8c34e54b4b6afdcafb764e383e68f2dbbfee56544467bf396edb35819fe,bda35f895fa8547e063c1d7360ef24e8f21c9196d7e79a08f92e170e9acb4b06
Meningioma__enh_304,304,Meningioma,Meningioma__enh_304,val,Meningioma/enh_304.png,Meningioma/enh_304_mask.png,bd3a4b1016544bb649429a15246909ec497a6b46fc2ab8c91824774c710718d9,726b862f60f2a6855661240d07d5eb9ee84e0c1ea09ad7dda15951f6cff4d363
Meningioma__enh_307,307,Meningioma,Meningioma__enh_307,val,Meningioma/enh_307.png,Meningioma/enh_307_mask.png,11a8e360b1e1cf7f233ad59fd9b6aed492beed99fb13e5b04f2ab1ae627d035c,55832c74167175b1a41cdb4e81eff54c355859b504d3989383edf93ef5a9762b
Meningioma__enh_316,316,Meningioma,Meningioma__enh_316,val,Meningioma/enh_316.png,Meningioma/enh_316_mask.png,3fae733ece03837c361af4caee98e3ef5bbbff6df4e84be8aa6bd41ab997a926,9893a650e7091cb5f63a755f15495cac2e982f257b42b5e33ffec1891bfa4fc0
Meningioma__enh_324,324,Meningioma,Meningioma__enh_324,val,Meningioma/enh_324.png,Meningioma/enh_324_mask.png,90e4d14c96f495d1f34af819d82c2e47ff71f79e6c2d25ad4718828a7e8f27ba,8db2ac0d669d9bfcb2f0dd97bb74198d75a4a372a43627a9060e3cda1d3a0d75
Meningioma__enh_327,327,Meningioma,Meningioma__enh_327,val,Meningioma/enh_327.png,Meningioma/enh_327_mask.png,44cdcb8f5e66f58f5ef8b648c056f7331ceb817af0413d0ab0650d2110ed9d1e,4973ab661861df0fe48d0718e8707d1d92c73cd0bf98a461976ee10788fac079
Meningioma__enh_328,328,Meningioma,Meningioma__enh_328,val,Meningioma/enh_328.png,Meningioma/enh_328_mask.png,ba9a52e0d18dff57c0d5c69d4cb8a47247da17b83aed437c2b4990425f534f3c,43acccf767214803f9e4863b14d50c7f1592489b2a1a3cfd915ed1f02cc10cf8
Meningioma__enh_329,329,Meningioma,Meningioma__enh_329,val,Meningioma/enh_329.png,Meningioma/enh_329_mask.png,62098604120dafe4b6015c79817d40a31d2648c30ee4f41a284012d29ffdb05c,2c9631974521e01802014df91b0b4c615d0ba1181c518dcd5f34baa7e5a2a43a
Meningioma__enh_330,330,Meningioma,Meningioma__enh_330,val,Meningioma/enh_330.png,Meningioma/enh_330_mask.png,1e11d6ed972f8f7d2e4a4ccd4bd1edd5e7ccdf3e9f244e8d0011297d85a8a0af,dfa1dacbd9e92789ce33c52b0b7df7b5275c480abe8e6c983de4275a37ef38f0
Meningioma__enh_336,336,Meningioma,Meningioma__enh_336,val,Meningioma/enh_336.png,Meningioma/enh_336_mask.png,e25b14b6478e455f9ad76348ebe6d0999a8f8fe9a1e220c80433ebd55cd6e5a1,6d622d95fabf43f07dea97ddabaad69da4c19398c0163804a6818ee3694c41d1
Meningioma__enh_341,341,Meningioma,Meningioma__enh_341,val,Meningioma/enh_341.png,Meningioma/enh_341_mask.png,b7f077b7d907ed0cabb3e5417a4f5db6b1b9c51b93d9f2d76abd5ee30ee70af8,ad7ce6bc5e5a24a02d4247fb29cccfbc3c1aa7dee9301bbe1900795bdcc7caee
Meningioma__enh_355,355,Meningioma,Meningioma__enh_355,val,Meningioma/enh_355.png,Meningioma/enh_355_mask.png,79c10b05ba4689d366b41449ed45a239bb853b23efe6dc5de9dd8958159d8797,5206d5159b631eb286d0014deb6801fa32ec038868dd87e9cea6e07a24de9304
Meningioma__enh_362,362,Meningioma,Meningioma__enh_362,val,Meningioma/enh_362.png,Meningioma/enh_362_mask.png,7568caab34c51134deb4f31007b4baffe84cc8e9cf051e5768e25bed37590f58,2631d5b8939cdb5711530576e1c0175fc7f4c77cb3550229b1d09ee66c240f70
Meningioma__enh_364,364,Meningioma,Meningioma__enh_364,val,Meningioma/enh_364.png,Meningioma/enh_364_mask.png,0babcb52cdc0ffb7ce5ba8e713e276de0a9cfb4d36b198d4dbb226d655062699,7afe4128d8f377f491113331431e4cab1ace973bedd3a2c4efb748e5c11fd78c
Meningioma__enh_367,367,Meningioma,Meningioma__enh_367,val,Meningioma/enh_367.png,Meningioma/enh_367_mask.png,ebeaf4002d4a146f5254af06043ffeb60698d6d431fa671edcec08a01aaef657,ddd6177f05e51afa65ef9e0a568933fcafd1dfe3659f2bf8f922d050ce350eb5
Meningioma__enh_374,374,Meningioma,Meningioma__enh_374,val,Meningioma/enh_374.png,Meningioma/enh_374_mask.png,48604e39ad6c34ec1a982697549c864a1d647fe0e088986ea2b6f4219fcd340a,2a25ab4ec69365f60d71b33cbcef02776e9f489018f17916a5148a4f2ce07221
Meningioma__enh_377,377,Meningioma,Meningioma__enh_377,val,Meningioma/enh_377.png,Meningioma/enh_377_mask.png,7d4052646d89ea6b3b3afbc6b4fa1f64b25b2ac87ded4091ff4b100722683046,a6386b713992e15f3d0803c8d62fc2b7f433d4aea7579f97e287350b6fe7e92b
Meningioma__enh_380,380,Meningioma,Meningioma__enh_380,val,Meningioma/enh_380.png,Meningioma/enh_380_mask.png,d3f17fe4593b470f6c6a545d1723c53b2e135777940678955c45f481ef3b1353,a7cd3f2b84750be12466898ba37dcc484b589228227d7f6a5530633d743ff95d
Meningioma__enh_383,383,Meningioma,Meningioma__enh_383,val,Meningioma/enh_383.png,Meningioma/enh_383_mask.png,398a544eae32dbb87b1bb6ac19a372a4f58b4cf55fc68660ca14812df573be03,e1d350b44c94d2e1419ff7a8cb4d1cb2fe3c9796ae29a7ba5d9520a83ba29a19
Meningioma__enh_394,394,Meningioma,Meningioma__enh_394,val,Meningioma/enh_394.png,Meningioma/enh_394_mask.png,60e44a49166d1d248b940218056b1e310de7c8b9e7b1b35f2f062b08fc252bc7,855e98c57d07fadfcec674cb6ad4b7f556a268f489c6804aefeb89f262371a91
Meningioma__enh_395,395,Meningioma,Meningioma__enh_395,val,Meningioma/enh_395.png,Meningioma/enh_395_mask.png,c3fe820ee7cbdf2c754cb2d94b529aa36216e30daf1301c5372836618c1d367d,d0c1b7b08e6314e26c5d1a4e45762c1c9a45143e7e82c9fcd2bbd6b4f3c25ace
Meningioma__enh_398,398,Meningioma,Meningioma__enh_398,val,Meningioma/enh_398.png,Meningioma/enh_398_mask.png,8de80a03e9d075839b9c1ee4fe5ed25181f64789b128aee627a270873be650fe,a08bb06019d56c8813f97ddba35e946bcab99526363ea2a5e1aaab3e7e85fcce
Meningioma__enh_410,410,Meningioma,Meningioma__enh_410,val,Meningioma/enh_410.png,Meningioma/enh_410_mask.png,dba91dc4d928f02fdf2b548cffd0a1e4f98fa0080d8311921648e4e1de2ca2d2,04cdede1a06bcd36f5971f7261066c2fc42d2278be96906cd67ab1d1417ea064
Meningioma__enh_424,424,Meningioma,Meningioma__enh_424,val,Meningioma/enh_424.png,Meningioma/enh_424_mask.png,9d63e91eace0dd137d28c706c5e3277a77f9461f79a5e005af41f6add8a7c38b,29795a49afbe91e2c38539dffc851c03edc7f804f87004f3fbc76ee596a246e6
Meningioma__enh_425,425,Meningioma,Meningioma__enh_425,val,Meningioma/enh_425.png,Meningioma/enh_425_mask.png,39f1bfed601e8f1c1b29376033a75bc88d0595467984f2e912625a8dabe8f5e0,44d0ad331b6c05cf79bee151bfd30d4e45871e3fce78adc7ae3f3d7c22882cdd
Meningioma__enh_434,434,Meningioma,Meningioma__enh_434,val,Meningioma/enh_434.png,Meningioma/enh_434_mask.png,37ce7670c0c37e98a1b7a13bab12e054b167009fc4aca0962a5e43ed85984a46,271cb9ed123cea96430e22b1551d613415db514fd148b67f9f28ac9239ac4b7f
Meningioma__enh_440,440,Meningioma,Meningioma__enh_440,val,Meningioma/enh_440.png,Meningioma/enh_440_mask.png,203a32b6c0585894a1d4c75bf7b7d0b44e7d9d112087e891a0b3d6c763c1bcc4,c932c7c824188fef7a9e001a8c53c42807742b7dc8982caf945fbad6a3dcd5bd
Meningioma__enh_454,454,Meningioma,Meningioma__enh_454,val,Meningioma/enh_454.png,Meningioma/enh_454_mask.png,1734b5a7733a2d9ab3489b607c663a7f4c7f24597f73bb2d1f79216ff27c524b,63c3375e855f40f339a72a08ea8e17538120998302ac83cb3f76fe89424e150d
Meningioma__enh_465,465,Meningioma,Meningioma__enh_465,val,Meningioma/enh_465.png,Meningioma/enh_465_mask.png,cd3ab743debb2cd5479fec8a4ff7dda321269e749e20d05c1452501d45c14105,d007699345782b6fe98cb9dbaa093ab77d613414c7401f9a2e78f74cc61d47d8
Meningioma__enh_490,490,Meningioma,Meningioma__enh_490,val,Meningioma/enh_490.png,Meningioma/enh_490_mask.png,be51cb232bc2c92c087ab4efecaf42ad896a136c37c50e3d8ef97d712775d990,f9095198ec37c68938549f232e4cc40175ec485559e38ea4e4a7451b30aa3359
Meningioma__enh_502,502,Meningioma,Meningioma__enh_502,val,Meningioma/enh_502.png,Meningioma/enh_502_mask.png,29cb32206453146f62fa8048841dbce64c1c485647c595781a4f11968cc2e23f,957cd82a4cd554009a9ca038b0956127c88e0c906d440e716edfd7d7b30d473f
Meningioma__enh_505,505,Meningioma,Meningioma__enh_505,val,Meningioma/enh_505.png,Meningioma/enh_505_mask.png,142f95e72566540c28bfaa8ad181f85e8e89a5d5cf459016be31370b73aafc09,8da4ccd8da1d711ba721122e12273ea60a90ac7022eeccc89b40b8cec53cb193
Meningioma__enh_518,518,Meningioma,Meningioma__enh_518,val,Meningioma/enh_518.png,Meningioma/enh_518_mask.png,52ae6d028a0b77345706b9135989a38b97a491ae2bc25425e8994424637605e5,1666d9370a1c1a78c1a61e484e5caa4a26b3bf81b138d9c63f89a39a36d09cfa
Meningioma__enh_528,528,Meningioma,Meningioma__enh_528,val,Meningioma/enh_528.png,Meningioma/enh_528_mask.png,0c9fd75afd1f87654c4472a4d5342a4c80dab0c57f9eb61336e6f5e518006eb2,ca582fd708d14bbdab868f3752ab2677c8352676e2a6142de35ad3c59c1dc385
Meningioma__enh_535,535,Meningioma,Meningioma__enh_535,val,Meningioma/enh_535.png,Meningioma/enh_535_mask.png,ce997a65bc7eb8cd176513aafb53c1d86785d80c11940ab15d1edc1716078a86,24bba3ea2938c4b019933cbad05eae3d6069feb04e2f8b40d3a1936905a7c429
Meningioma__enh_541,541,Meningioma,Meningioma__enh_541,val,Meningioma/enh_541.png,Meningioma/enh_541_mask.png,c74b25c26c2beecf4b4a0be6f382b1d7cd4963438785cc330a6d50e524b73a79,740cd94c50ec1f155d44c8d374b68f404aa3b55629293dbb600bfebf4d4ea2df
Meningioma__enh_543,543,Meningioma,Meningioma__enh_543,val,Meningioma/enh_543.png,Meningioma/enh_543_mask.png,d9ed789bd6d6415dbe8d475124a597f4c7345ba001c2e8c69583135dc3405584,78a0c604ac64fa3bb4667c12e740530f2e5df9137813296a88a93b8c8134abb1
Meningioma__enh_545,545,Meningioma,Meningioma__enh_545,val,Meningioma/enh_545.png,Meningioma/enh_545_mask.png,788a5967b2b6605502b9c4b37b947092759ed9743a335d4151505c098c478365,0a305374ca1d1e62f64da493503deacf50e74f02da27927be8d0467fc1a76527
Meningioma__enh_546,546,Meningioma,Meningioma__enh_546,val,Meningioma/enh_546.png,Meningioma/enh_546_mask.png,ca7f23f48491a97e6f20c5dac1a08097adea671ccea7256259a836456671bf1d,9690974ebac28cf6b5d114caa1ac963b5ac883e4953966504e712731f19c2115
Meningioma__enh_550,550,Meningioma,Meningioma__enh_550,val,Meningioma/enh_550.png,Meningioma/enh_550_mask.png,61829bf0d14e43e91d5960dc5bce7d9d1c78f20948e4984be265897d41032e85,b5c7a69f14af776977b332f26a002a2552f87bcdaf357e5b997c9af2261b21f6
Meningioma__enh_560,560,Meningioma,Meningioma__enh_560,val,Meningioma/enh_560.png,Meningioma/enh_560_mask.png,3ad8d242414613edf8903c372362240bee6467f58e97b6816194399c9519afb7,0c55f549f340af30bc7f3cc260f3b6e57457486c4f341c4bac928043118ca1e1
Meningioma__enh_562,562,Meningioma,Meningioma__enh_562,val,Meningioma/enh_562.png,Meningioma/enh_562_mask.png,72d4259a96a96036b864470ee75057244e8d51f2caf3216b307a8174eba5cbc1,2af88589b90052f8976696362db5d1a86d37bb20557a3cf48db7114616c09003
Meningioma__enh_566,566,Meningioma,Meningioma__enh_566,val,Meningioma/enh_566.png,Meningioma/enh_566_mask.png,fe465154669fff9f22b93b0bd500ac7199e508de8b3bc1494a647594b19d9123,58d0b33a8fdaed7f22235de2c83bd3d5a83ede882fdb8dddfa5fc577e4e325e9
Meningioma__enh_568,568,Meningioma,Meningioma__enh_568,val,Meningioma/enh_568.png,Meningioma/enh_568_mask.png,01129235efb9043fd1e9b751e9607a81b08a61397ca632b1fe4cecd10b915408,429916b75690529973cca73113c147645fd9b5f08febe5311d69ca4dd4f1a5c4
Meningioma__enh_576,576,Meningioma,Meningioma__enh_576,val,Meningioma/enh_576.png,Meningioma/enh_576_mask.png,31563dcb248df3004676708740048f4947e146540a7cb5acf1f0161d5d4004bd,bbd9ea23e832683ea596918cd873ac0b841df196a4bcb86d099cb9f2001451c6
Meningioma__enh_577,577,Meningioma,Meningioma__enh_577,val,Meningioma/enh_577.png,Meningioma/enh_577_mask.png,48444c6e678ed022dee33a4fa40a24209b1ab7317cbc02d2a0381f0d02bce322,ae9c8554a7079e578c4e516b0e22175f66d3424d18485f841840d8a35aed4dfa
Meningioma__enh_583,583,Meningioma,Meningioma__enh_583,val,Meningioma/enh_583.png,Meningioma/enh_583_mask.png,b7c287b18d1cc765db896ab295757545a8fbaba3445bd1f5ab89e06aa0c8c3d3,c9cb6bba2af0c8097b2ee68a9144db62c092b20f8ee0055524a2b000aef37f68
Meningioma__enh_588,588,Meningioma,Meningioma__enh_588,val,Meningioma/enh_588.png,Meningioma/enh_588_mask.png,93378c1cb980b09ff980c5e5095f4770513c1e91e32727e74887ea1efdd72418,6bfb70225e0b4b38e958da6d0f44b41fa1a17916e8e88004d249a46d87a03f4f
Meningioma__enh_589,589,Meningioma,Meningioma__enh_589,val,Meningioma/enh_589.png,Meningioma/enh_589_mask.png,31b1d2a35cf9bc53769211495d4d581c639413815736563d00cf76bf97e7e77a,6260720777aa038c6f84d6d305d8aa6a36934894e7a7932edfed55acf09d1926
Meningioma__enh_591,591,Meningioma,Meningioma__enh_591,val,Meningioma/enh_591.png,Meningioma/enh_591_mask.png,654c74cce5a51c2b3d1e3679fed774666a06de954280caf9929189087b0ff8d9,09473284fae1973c961e32e6a174670e7e97d4d19844eb2de099336d626e0abe
Meningioma__enh_597,597,Meningioma,Meningioma__enh_597,val,Meningioma/enh_597.png,Meningioma/enh_597_mask.png,ec4cdce579edfb18d1d0cab6ca44552622e36557e4b5e2cbdfb89bce7df8971a,4ddf3087118bd04c9de76d5a82f77dead81179972a9525128a2760cca6327d15
Meningioma__enh_602,602,Meningioma,Meningioma__enh_602,val,Meningioma/enh_602.png,Meningioma/enh_602_mask.png,078195ae5f96e2ff7615ba7dd586919b32a205086e2f49c5f4d7c3a6a4f45975,70a12840319bf8edcfccbaa24c6eb1e4f6b20764180e12de7633d55e4e1ddd92
Meningioma__enh_605,605,Meningioma,Meningioma__enh_605,val,Meningioma/enh_605.png,Meningioma/enh_605_mask.png,13d7011f318babf05c4bd1a3090bb2d97c272170f84e90550a46b909f1f6d67f,37a37d2876079e0ee7e5291061ff1eeb8d0c7d9be0ffa013ad7d6b4ae8e5b373
Meningioma__enh_610,610,Meningioma,Meningioma__enh_610,val,Meningioma/enh_610.png,Meningioma/enh_610_mask.png,4914ee9cbb377fc6b19c6a83f473663c95e4b316937bf5dff7b99e797ba7ac10,cd8bed4ac2f442f439095f2bae20705cdb7e5c02902b0549951be36b4159b46b
Meningioma__enh_625,625,Meningioma,Meningioma__enh_625,val,Meningioma/enh_625.png,Meningioma/enh_625_mask.png,2b24e7ec29464dbb269ca76cccacbe4d18797cc482193d515d42450f3bb482ad,64491f9e5e2efaab046bd6e2e5f03e17b3735a201b3a72368248d5e71dabe83b
Meningioma__enh_626,626,Meningioma,Meningioma__enh_626,val,Meningioma/enh_626.png,Meningioma/enh_626_mask.png,1f2e3622a7ebdec02168592f36d9896f06a05bc2fea897bb95a4839100449a46,12d00b78eacc50f8d1e847296cac8c1da5edf7e495ce15d125015fec86780e1b
Meningioma__enh_628,628,Meningioma,Meningioma__enh_628,val,Meningioma/enh_628.png,Meningioma/enh_628_mask.png,c4b20ddb799196e5546c737592c1160e4bb3d09ae184d55fa61dbee3a657071d,7dbfad8f9f80cc18f832845f62155f37773efc44fc846fd5c3a0f792fbd69894
Meningioma__enh_634,634,Meningioma,Meningioma__enh_634,val,Meningioma/enh_634.png,Meningioma/enh_634_mask.png,b55379c2867b0f6353a7c71880d06b117f9799a86aff4ed9911930e8657429e4,04c7d09ba872da203e2a66f415e7f29cf6926aea2de0c3e37fdb448500622941
Meningioma__enh_668,668,Meningioma,Meningioma__enh_668,val,Meningioma/enh_668.png,Meningioma/enh_668_mask.png,4ed5c19673a0b452b777658f6ef60a358579b2648d882ae6ae4e66f521e1aac2,446d1812f6e014c60b8a6a9d93e17d01df09bce11609fc515ec0abc9459c31b1
Meningioma__enh_682,682,Meningioma,Meningioma__enh_682,val,Meningioma/enh_682.png,Meningioma/enh_682_mask.png,2996e724dfbe65aac6448a57050c869b2c493221110bcfebad7ffc0e3eda1246,9af54b5fd5bcd640c48ed868526c7cf107118c387fd9edd0ad48c38ba5145874
Meningioma__enh_685,685,Meningioma,Meningioma__enh_685,val,Meningioma/enh_685.png,Meningioma/enh_685_mask.png,f2fbf98f0c0313cbaaf0e735f98a1246a315b928760d1bcfbabb83147a2c4cad,d1ed8f118e09cacbd5309825b6a4c0b81ca337b7f3e9eeca8bfed11f4142370a
Meningioma__enh_686,686,Meningioma,Meningioma__enh_686,val,Meningioma/enh_686.png,Meningioma/enh_686_mask.png,44c3bfc78fab7c71e9b80d1a2f24e37f3ab129769e81f0cd228031760d5086fb,212cfee4491d9811192b0310a6a1d8c43bb5440fb5453e45b8479b07fce6c529
Meningioma__enh_690,690,Meningioma,Meningioma__enh_690,val,Meningioma/enh_690.png,Meningioma/enh_690_mask.png,fa3a67cc3cd25e340a35b90e937a0f68be34e240049c79d8d1f722e300ced992,89a879431f7105927bb596bc332ed4716d92851eb9a2c262e112c0017c218b31
Meningioma__enh_693,693,Meningioma,Meningioma__enh_693,val,Meningioma/enh_693.png,Meningioma/enh_693_mask.png,ef208c16cbd05722c2b49f16253300d11ab8950bbfc5e3236eef299e16e25808,3d5b0efeb5c1af9ef1b94afb9586327dbdee97572facf262edda4e027664f11a
Meningioma__enh_695,695,Meningioma,Meningioma__enh_695,val,Meningioma/enh_695.png,Meningioma/enh_695_mask.png,6989758ba7589aaf53440ea4fceab1c5a4f95c5e112d193305b51f50e5c07242,3767225d3556d5100ef81dace4094fb86125e5778a335934cec0507589ee0e8c
Meningioma__enh_699,699,Meningioma,Meningioma__enh_699,val,Meningioma/enh_699.png,Meningioma/enh_699_mask.png,ef845380b2f55d55efd7d3fdb36630988b06a43d18d0bcae2ddf3968bdc8f5b3,1654220c29015289ac620c4cea3c3984f60b8b1ace7e820826006e9b88a046aa
Meningioma__enh_702,702,Meningioma,Meningioma__enh_702,val,Meningioma/enh_702.png,Meningioma/enh_702_mask.png,59a4e11eb1a1920d03d1209bd7f5f0010b1433af1f250c73efc8e01fcded6561,072febad509ba12562029f0987fe58661d8e3ca9565c29c80648aee90e269170
Pituitary tumor__enh_919,919,Pituitary tumor,Pituitary tumor__enh_919,val,Pituitary tumor/enh_919.png,Pituitary tumor/enh_919_mask.png,c5de86e1a43d7162d3d0c036d73610698771316eb7d9244cfd73f5d1aec55321,a32e51d27a8d380d937096816727a47d6d62686fec98f6a6ab7e3b07159e6c60
Pituitary tumor__enh_932,932,Pituitary tumor,Pituitary tumor__enh_932,val,Pituitary tumor/enh_932.png,Pituitary tumor/enh_932_mask.png,28c428b0e73250ecd7ebd9fedfb4ff34cfe45cc0c4d1b55a159b5c6e894b3694,494773f1dc9df9314e2166a6208ba82fee33785dd8450c2d6c232e69da6c766d
Pituitary tumor__enh_936,936,Pituitary tumor,Pituitary tumor__enh_936,val,Pituitary tumor/enh_936.png,Pituitary tumor/enh_936_mask.png,37019dba31dc7871c2e28330dda326abdb229415a614520d22e6e8719e78cc33,ef56ccbd48805d1ea80e24c0aea884e004930e5b98e0d8c6643df8f1c77cf221
Pituitary tumor__enh_948,948,Pituitary tumor,Pituitary tumor__enh_948,val,Pituitary tumor/enh_948.png,Pituitary tumor/enh_948_mask.png,3b21cab08c1be7e673528c6b9320cbd1867027d6488875e72b3d287501a11ee5,de16b1683bf70504bf6e49ee7d25875bb4638e79bff277da51f2d3c87593f944
Pituitary tumor__enh_953,953,Pituitary tumor,Pituitary tumor__enh_953,val,Pituitary tumor/enh_953.png,Pituitary tumor/enh_953_mask.png,d32f3d79d0a8e03e4b3714043c08c295a17169b9c8f391632bc586829918cdac,17ad1db72e665c89fb4c5f906543a88659bbbd1a259801d4fffb4bea5cd6e6b9
Pituitary tumor__enh_963,963,Pituitary tumor,Pituitary tumor__enh_963,val,Pituitary tumor/enh_963.png,Pituitary tumor/enh_963_mask.png,907bbd5c2f45481351c9e3410a16852e73b0ceeb4b0cf6e2b86672e8aa30331d,f445d5a1527b207a1fba4d7e48fca08af269cea25ac68c6e27e6f5a481115eee
Pituitary tumor__enh_965,965,Pituitary tumor,Pituitary tumor__enh_965,val,Pituitary tumor/enh_965.png,Pituitary tumor/enh_965_mask.png,b6bcaff060a0e8d1f848e0b15d35125cd67ed2f83b38a5c36713f022235ea3cd,74f18c3b243a00c71c02a7e853a9daac43e912d23367c8bad23dec792aa0279d
Pituitary tumor__enh_967,967,Pituitary tumor,Pituitary tumor__enh_967,val,Pituitary tumor/enh_967.png,Pituitary tumor/enh_967_mask.png,fba7fbf1ca0e002e67852a2cf27a88487cca98bad3811340ad9176e75b9b44bc,9b768d9523f205d866aceb0d4a4e109cf725791ab2b5ab8191d9672f09960871
Pituitary tumor__enh_976,976,Pituitary tumor,Pituitary tumor__enh_976,val,Pituitary tumor/enh_976.png,Pituitary tumor/enh_976_mask.png,fa5724cf7b5ba074e3f32320b58b76e1cf3db7bd7932c616628de826d143a231,3098efa16e64d6931f8a97021db250f9b6b6678269ed50fce45641243dfda1c8
Pituitary tumor__enh_992,992,Pituitary tumor,Pituitary tumor__enh_992,val,Pituitary tumor/enh_992.png,Pituitary tumor/enh_992_mask.png,00cc37329dfbb75a6b4f67dcd15b4b8bfb590f37bdcd9662255069a3c91537f1,566f6033d75ccad6f9d6c43aedbe814a97df30b1d1223c6fbc2425f490349e02
Pituitary tumor__enh_993,993,Pituitary tumor,Pituitary tumor__enh_993,val,Pituitary tumor/enh_993.png,Pituitary tumor/enh_993_mask.png,bfed88cea166e4eebbb53e799c5d26956815a8960d75856f198220abe90cd6c9,87a28ef2910a3e188731d8009f93d949371653ce1e074bd7abbbfa32069e3b3c
Pituitary tumor__enh_1004,1004,Pituitary tumor,Pituitary tumor__enh_1004,val,Pituitary tumor/enh_1004.png,Pituitary tumor/enh_1004_mask.png,0e638fa98b528377555a1a90410e6860659b12bd575763b3ed97de374c4a8a6f,6eb33f10d70e16c79f9f5d6fb777eb91875acb3b795a325f0c689ce1a9db918d
Pituitary tumor__enh_1007,1007,Pituitary tumor,Pituitary tumor__enh_1007,val,Pituitary tumor/enh_1007.png,Pituitary tumor/enh_1007_mask.png,2152006bc7d3ff29ea9044be77966a711a17a1ec785e4f3240af17a88b876429,5879b4e323a8fe6d612170095a6b8544943602c672f4487ce93b6ff0a4297819
Pituitary tumor__enh_1009,1009,Pituitary tumor,Pituitary tumor__enh_1009,val,Pituitary tumor/enh_1009.png,Pituitary tumor/enh_1009_mask.png,76fb9a6423ac37c271228192d75a7bf6743a49272013e05bc871d0a748b5b8b0,1be8e438d6fff25033d56cef407a3094e4cf820919bb9c9e4e15ccfc80ab8e6d
Pituitary tumor__enh_1015,1015,Pituitary tumor,Pituitary tumor__enh_1015,val,Pituitary tumor/enh_1015.png,Pituitary tumor/enh_1015_mask.png,e5f35b4f7bf899cc365f143ce919501f895514def08b4d63bd5598dc89338e12,7ca187bdc7f61671083198358af23824fbaec47ea3b1f1101fd34a82f424ac64
Pituitary tumor__enh_1017,1017,Pituitary tumor,Pituitary tumor__enh_1017,val,Pituitary tumor/enh_1017.png,Pituitary tumor/enh_1017_mask.png,cb823af3b5dfb73cc2c5c0d7c1e87d81674f9b42e4e46a98a2090ffd96fc267c,19fe9ec26f56760198a6dcaef7b893f1092e3cd56dac9dad5248bff368b60201
Pituitary tumor__enh_1021,1021,Pituitary tumor,Pituitary tumor__enh_1021,val,Pituitary tumor/enh_1021.png,Pituitary tumor/enh_1021_mask.png,57a65ebc599410742b86736c3b8ef5fc5c88a0f133676c6a3b714bbdf86f060c,f263439124d6e09896453318653fe9c1c9d2075fa1844e9cd2bb93734f9edbcf
Pituitary tumor__enh_1028,1028,Pituitary tumor,Pituitary tumor__enh_1028,val,Pituitary tumor/enh_1028.png,Pituitary tumor/enh_1028_mask.png,1f8b4c54130bbc6446ae83214f24071f43ccbccc78e9f04ef2c27f61a1c234b6,e8b1079fb050a0a544d86532aada9cf495a86b7470f6de16abeda5006c293f1b
Pituitary tumor__enh_1041,1041,Pituitary tumor,Pituitary tumor__enh_1041,val,Pituitary tumor/enh_1041.png,Pituitary tumor/enh_1041_mask.png,2e66b179239eb33c00a1295815127c21fe036d8f177d42f05a06b7d87b4a7ecb,a1645a2639eb7fe473b642372a647ee499b3db3ab223cd7c1c1eebc946435108
Pituitary tumor__enh_1045,1045,Pituitary tumor,Pituitary tumor__enh_1045,val,Pituitary tumor/enh_1045.png,Pituitary tumor/enh_1045_mask.png,b5d44c4077af6f4c4003f3620dd28acf9b968465336aec3fc4df8ec823826c20,1e16e58ccabf4f1b3b7fda01ea7aaa2df61d4b23b2900836eb7c3d4b82b50a23
Pituitary tumor__enh_1047,1047,Pituitary tumor,Pituitary tumor__enh_1047,val,Pituitary tumor/enh_1047.png,Pituitary tumor/enh_1047_mask.png,aa80a42a9a2946224def2cc64bc769f88b0ccaaa80e79709bbacb8b42534e64a,ea4bc5bb8939b73ce9eda3b1bbb83eebd4d0788de4568f10adaabc7dee32040a
Pituitary tumor__enh_1048,1048,Pituitary tumor,Pituitary tumor__enh_1048,val,Pituitary tumor/enh_1048.png,Pituitary tumor/enh_1048_mask.png,802be74bb90938e6872fb0872c7769dcbc0c384ba4a4fc30ed9293638aa04f25,fbdc6fdd106c9c217db2f9fe1a5c4427d0ddf9d90f18613c4229d3f57ceeaa6a
Pituitary tumor__enh_1068,1068,Pituitary tumor,Pituitary tumor__enh_1068,val,Pituitary tumor/enh_1068.png,Pituitary tumor/enh_1068_mask.png,ef30e2e4f756831e04fb1b17d8a301670c130fc34707e1cb852dcc57f3bef41c,d314412f1a5f9de991f351a3415aa3232748863dfdf1d20af5031f35d8614c6e
Pituitary tumor__enh_1075,1075,Pituitary tumor,Pituitary tumor__enh_1075,val,Pituitary tumor/enh_1075.png,Pituitary tumor/enh_1075_mask.png,bcf89a5592d09f08e9c687f75b75b6fdf2e5c01ff0cd0ee1a89c04849343dfe7,6f135908e01048d77ddc35fdf803070415984fdd9db92153ec9479126b4eb2ee
Pituitary tumor__enh_1076,1076,Pituitary tumor,Pituitary tumor__enh_1076,val,Pituitary tumor/enh_1076.png,Pituitary tumor/enh_1076_mask.png,236e4131b6a24254604da377b65fe80e8f16cb44e52b92f627607a62996b9ab3,5c8a1e624085562379df974bdc9c6f4874fa1726f9a0c906bf7824201898d104
Pituitary tumor__enh_1082,1082,Pituitary tumor,Pituitary tumor__enh_1082,val,Pituitary tumor/enh_1082.png,Pituitary tumor/enh_1082_mask.png,7e227712dea35cd5947863a10d23426098a2080378a521732b7293d717043d0b,ec3f72785c6f7c65f7cc73550d202c165c1f31299ac1f871f6f31758f8ecd3a2
Pituitary tumor__enh_1086,1086,Pituitary tumor,Pituitary tumor__enh_1086,val,Pituitary tumor/enh_1086.png,Pituitary tumor/enh_1086_mask.png,a7a3b1b37f947f9863f0c4a58195589a242f79bdb056c85f4732973f2f741cca,0ecd0512b3d6c4bf3577933f49de64fccab049665921d85d53ab293578825c01
Pituitary tumor__enh_1105,1105,Pituitary tumor,Pituitary tumor__enh_1105,val,Pituitary tumor/enh_1105.png,Pituitary tumor/enh_1105_mask.png,8ba5b6179f8c56edc938a83c24435a6587481e14fc75f65f1021e26fa8473d28,3a0bb8d7338d2e6de068474612bdaecbff2923280f35994a8f0cbb63a6c9c1f9
Pituitary tumor__enh_1107,1107,Pituitary tumor,Pituitary tumor__enh_1107,val,Pituitary tumor/enh_1107.png,Pituitary tumor/enh_1107_mask.png,be3613030bb78447db87fa2b1bd8189c42faddc699d562d3a3f7caa6e61648c4,e2dc0567225b71d0a6a84f97b915ccb9b9fb7b31cc80cde908be493097536ba8
Pituitary tumor__enh_1109,1109,Pituitary tumor,Pituitary tumor__enh_1109,val,Pituitary tumor/enh_1109.png,Pituitary tumor/enh_1109_mask.png,ee64ced093c93b7f94dc2cc25f994b56f9634e15789e9c1c2e4677ce9c7a564b,c99ded7f9663fcc93cdd532d108672cc688e7249636edbecab73566c91a3b5a0
Pituitary tumor__enh_1114,1114,Pituitary tumor,Pituitary tumor__enh_1114,val,Pituitary tumor/enh_1114.png,Pituitary tumor/enh_1114_mask.png,ed08317fe6fe21080fbf7fe44ae371be3fdc752a10a139e00155da09788c2c47,4882ec877bc36704d3db8ae59a944f002fca52d65a715ccd74f1665795d10b69
Pituitary tumor__enh_1115,1115,Pituitary tumor,Pituitary tumor__enh_1115,val,Pituitary tumor/enh_1115.png,Pituitary tumor/enh_1115_mask.png,584bf3d8754ed10f41417000e42adc17c2a8061ca6fdb4df8ae6aa9b4ff2bb7d,2033c2190fc627fd89a8a477b0362d289b8e6301e77fed384f4c490c22590d87
Pituitary tumor__enh_1116,1116,Pituitary tumor,Pituitary tumor__enh_1116,val,Pituitary tumor/enh_1116.png,Pituitary tumor/enh_1116_mask.png,867a6a77617ca8f070fbb68207060a62f2b329b685eca2dec363aed6350f74ba,caa929fac4eb3b36bbc7dcc3697cf47d989e09985330363eb689b981230178f4
Pituitary tumor__enh_1126,1126,Pituitary tumor,Pituitary tumor__enh_1126,val,Pituitary tumor/enh_1126.png,Pituitary tumor/enh_1126_mask.png,52ce25106c5ef27ff342b83bc3dcb5249d1ab8835d271a7fd23d05756678577f,9e55d24268ce0cd7452146076f54ba5193b95556bcb594df66b50818b2565dca
Pituitary tumor__enh_1130,1130,Pituitary tumor,Pituitary tumor__enh_1130,val,Pituitary tumor/enh_1130.png,Pituitary tumor/enh_1130_mask.png,2047d43b4b59a54413f9e09754e7dca77ff7aba559ee3c54ff9a930bc2bceaca,a9e2fb5f9bc5c73e1f6fc731300278a1598af4cb3df822044b1b81c15d70982c
Pituitary tumor__enh_1133,1133,Pituitary tumor,Pituitary tumor__enh_1133,val,Pituitary tumor/enh_1133.png,Pituitary tumor/enh_1133_mask.png,19db467ad12a652ca8956dc4b6072fd37832bf80fdbbb23f00b34d244a3f11ff,fe8ffc67ce9bc4821bebf38c46f3c0d4ffef6152d3b098139433b28b839ac488
Pituitary tumor__enh_1136,1136,Pituitary tumor,Pituitary tumor__enh_1136,val,Pituitary tumor/enh_1136.png,Pituitary tumor/enh_1136_mask.png,bebf26eb31e49ef6860a6cc823acb68a63fbc3ad3dae76961bb2afb9dccb99b1,d2897cf23b78b7c47df07a1062e1159455d12efe6f2f02b585e1db433542777f
Pituitary tumor__enh_1138,1138,Pituitary tumor,Pituitary tumor__enh_1138,val,Pituitary tumor/enh_1138.png,Pituitary tumor/enh_1138_mask.png,31ff77a53279737b66bf3379d9d123333d4270c553742cfa6df1855e76c75446,1e97c8a90f38e6cd5caca5a326cb1729cb78263ddcb96203a303badf0da914ad
Pituitary tumor__enh_1139,1139,Pituitary tumor,Pituitary tumor__enh_1139,val,Pituitary tumor/enh_1139.png,Pituitary tumor/enh_1139_mask.png,5d7f7f9b9f8ee0b93f44fb45dbe65802fc733af90df7e8c8fefa29447d8c00ca,c63d4adce0f37d2b6f49a1658849f6a4d4587890e5662a8c6caac6c0e51581c4
Pituitary tumor__enh_1161,1161,Pituitary tumor,Pituitary tumor__enh_1161,val,Pituitary tumor/enh_1161.png,Pituitary tumor/enh_1161_mask.png,6ae0b94040f826671e8b8c57aea35da8856d2c6b8d30c4699beda49eeedc45b3,aec24ff6009a688fdf666d43a57d9c161618f1034da3673e6bdbfdfb46b92897
Pituitary tumor__enh_1163,1163,Pituitary tumor,Pituitary tumor__enh_1163,val,Pituitary tumor/enh_1163.png,Pituitary tumor/enh_1163_mask.png,c2b19ea479fe5ffc3613c93dcf6a894b760c11bbedf7d8f5fa295e2e62ef9009,1ee754d8d1a2cb618c6358ad5845092e37e46fedf3a0b0ab94d58317c7b30533
Pituitary tumor__enh_1169,1169,Pituitary tumor,Pituitary tumor__enh_1169,val,Pituitary tumor/enh_1169.png,Pituitary tumor/enh_1169_mask.png,94a0d425f43b0c6dd23239d9f56262169fc17df6412a7d3e0ec2c36b9f52033d,0b21936f2c72005c97fce3844b98349ebb4adca1d4b2faa8f4255c05f5cd1c8f
Pituitary tumor__enh_1173,1173,Pituitary tumor,Pituitary tumor__enh_1173,val,Pituitary tumor/enh_1173.png,Pituitary tumor/enh_1173_mask.png,0c49e53fc1738b15293847bd193f6065d532e609a70e9353666d38c77b6b5cbe,aa621fe5c6915a558f9468cde53308e2c85db26ff586854e0a33ebb17b176c94
Pituitary tumor__enh_1176,1176,Pituitary tumor,Pituitary tumor__enh_1176,val,Pituitary tumor/enh_1176.png,Pituitary tumor/enh_1176_mask.png,91e6ae246c8d3b5738b22fa96e435cf13fce988b056a6222113ec7e92fe338c8,f3b34947d2dee516a5a0c6aaa1d9db8266cb2555c1183156afbb3308d6e27bb5
Pituitary tumor__enh_1188,1188,Pituitary tumor,Pituitary tumor__enh_1188,val,Pituitary tumor/enh_1188.png,Pituitary tumor/enh_1188_mask.png,09eb0ce675d9351fc20f9f7315c64e87d2c607a9030efe6a52b633bd4bc71b19,cd0a80d8d590640f0e017008e07202275074b65dead81aaa236a9f66db10970e
Pituitary tumor__enh_1199,1199,Pituitary tumor,Pituitary tumor__enh_1199,val,Pituitary tumor/enh_1199.png,Pituitary tumor/enh_1199_mask.png,756f4de57b5a93fad91d692e1f7d39759f3e74ba62b0d16e9989450d789ee53d,daeea1d1a54a2102fa09f6b480211da92d52ab1e7aa645228640cfca1fac0601
Pituitary tumor__enh_1203,1203,Pituitary tumor,Pituitary tumor__enh_1203,val,Pituitary tumor/enh_1203.png,Pituitary tumor/enh_1203_mask.png,9688c17622c0cbac447dd535161b41e408536baf729fe0f58018c5c967af9e03,300e554997c8f2ec137c7178d8d75d373d808500802aa89e13db59594a45d357
Pituitary tumor__enh_1213,1213,Pituitary tumor,Pituitary tumor__enh_1213,val,Pituitary tumor/enh_1213.png,Pituitary tumor/enh_1213_mask.png,78de723d3d84efbeeb04ab7b458a670d3ac5d1134faf13567171c346de0f22ea,d51a8043e5d662923a399ed7d45185b18a74568bbcc02bf9509d7a14d66eef5a
Pituitary tumor__enh_1216,1216,Pituitary tumor,Pituitary tumor__enh_1216,val,Pituitary tumor/enh_1216.png,Pituitary tumor/enh_1216_mask.png,e5d414a224c91c7cb1e4c7c0a3cc3edf3ab0a01cc3be0fc89ae21cda29fd788f,f170fdc7f15ea0a981db5069f7ae6100f4a8d03342294ffeead9841d020b1d7f
Pituitary tumor__enh_1217,1217,Pituitary tumor,Pituitary tumor__enh_1217,val,Pituitary tumor/enh_1217.png,Pituitary tumor/enh_1217_mask.png,ac82cebc36a55a4a7372621e93ccc1d6876094ba826767abb7a831530d0f58b0,729a734b93b0f75854d2bed958dcfb1e7122261c35d2a21c4f15b9ff497e6fb2
Pituitary tumor__enh_1220,1220,Pituitary tumor,Pituitary tumor__enh_1220,val,Pituitary tumor/enh_1220.png,Pituitary tumor/enh_1220_mask.png,1e2b77f78386e409c00c60062ed03d5ebe4ff842bb51286473a77de22aab4280,aece236a7279033e715e7651f66aef99c82066c408e7f706ec24ef038c104e18
Pituitary tumor__enh_1221,1221,Pituitary tumor,Pituitary tumor__enh_1221,val,Pituitary tumor/enh_1221.png,Pituitary tumor/enh_1221_mask.png,d1880217b8fe4eb210ab6d872d3a7fa33918a8cf8c965998ba8502503bc75175,23fcab8386c7a30b0419ba1f65bc2bad63d81f483fc6d429e850e155670d3645
Pituitary tumor__enh_1225,1225,Pituitary tumor,Pituitary tumor__enh_1225,val,Pituitary tumor/enh_1225.png,Pituitary tumor/enh_1225_mask.png,0b9cc3b6606b665a9d85b612b0c1f88b8f95bd6978a517b3328b2adc9082cf2b,9504ea9750112355646c9bb8f6bfe865fc581c1618cee8ff529c4c7c6c815724
Pituitary tumor__enh_1234,1234,Pituitary tumor,Pituitary tumor__enh_1234,val,Pituitary tumor/enh_1234.png,Pituitary tumor/enh_1234_mask.png,1e5505e7897dbf9cf9400f32234ac136eb509dea4740339bca9fe22c89c0fcd4,051002471e3b635edb76c5a4ed8b9af194fe943fc3599b69295dd2427316cb83
Pituitary tumor__enh_1237,1237,Pituitary tumor,Pituitary tumor__enh_1237,val,Pituitary tumor/enh_1237.png,Pituitary tumor/enh_1237_mask.png,3e4901bb6bbcff85a5444a3622f51bd7fc89f975fbfb12bc9f8d29b78173091d,70e9dc25902702b5d300ed0946a2822426cc32323ce743b851a0aeae7d25b303
Pituitary tumor__enh_1243,1243,Pituitary tumor,Pituitary tumor__enh_1243,val,Pituitary tumor/enh_1243.png,Pituitary tumor/enh_1243_mask.png,67658d303692bb36de959df8e107adaa23e41fca50a4e4ecc43a17c1d5f3ce71,55a415d21c0fffe17b86cfd5e8a1ba1bac7d8ec8f6bc5f30872bb6116fc3bdc5
Pituitary tumor__enh_1247,1247,Pituitary tumor,Pituitary tumor__enh_1247,val,Pituitary tumor/enh_1247.png,Pituitary tumor/enh_1247_mask.png,784f051d0ddfb3ed75825a5ed487e6c185cfc167aa199e1433bc426e454ce32a,5f1a2f7eeaf169d49672fab372eea9992ba60401b13e91f8811324ae0b61a009
Pituitary tumor__enh_1252,1252,Pituitary tumor,Pituitary tumor__enh_1252,val,Pituitary tumor/enh_1252.png,Pituitary tumor/enh_1252_mask.png,67abae31c5913f5a97de35a55629e617175e9066fb753db3d5cae612339da068,325952b6b04b7a10d79c8f561467149e264ef67a9f85160cfcaa27c93bd05532
Pituitary tumor__enh_1253,1253,Pituitary tumor,Pituitary tumor__enh_1253,val,Pituitary tumor/enh_1253.png,Pituitary tumor/enh_1253_mask.png,48c54d0d470063d45dd67a217b52ff2b8c77597740dc5c4e585fdc7ed8d73dd0,2031af9163a92ff9631d8137862af5348b21c1b336751bfd66213968d0adee2e
Pituitary tumor__enh_1254,1254,Pituitary tumor,Pituitary tumor__enh_1254,val,Pituitary tumor/enh_1254.png,Pituitary tumor/enh_1254_mask.png,a64bef14097b3c7287ae3fbcfd47b09f0afc968f050fe5e0ad034eb29c33585d,ed212898770bbeb6785ebc8444c334a076de903af507cbdde51ff116e5ff9e1a
Pituitary tumor__enh_1264,1264,Pituitary tumor,Pituitary tumor__enh_1264,val,Pituitary tumor/enh_1264.png,Pituitary tumor/enh_1264_mask.png,fdd3ad1692461396f181d52b47778634a95115d66c4f6d2b34421668a09a30cd,bb711c6f4a89c2cf2e4053b203138260af5197b5c31c673772b987d3e6204019
Pituitary tumor__enh_1281,1281,Pituitary tumor,Pituitary tumor__enh_1281,val,Pituitary tumor/enh_1281.png,Pituitary tumor/enh_1281_mask.png,082808bde259f3defaca92ee0f1349ff5dce28b150739ec2f29665f8a71b2ee3,3162edf4fd51e769e7b4ad8e86549f8e9096da9ed335b6e7293f3e3269662c0f
Pituitary tumor__enh_1282,1282,Pituitary tumor,Pituitary tumor__enh_1282,val,Pituitary tumor/enh_1282.png,Pituitary tumor/enh_1282_mask.png,059b49ba92b05905976fe8d406d179691a102913464894323771b7305858a0ea,2227c50b784846376a418ce3f0503db7ef2d3b4216362357ede57fae30c71184
Pituitary tumor__enh_1284,1284,Pituitary tumor,Pituitary tumor__enh_1284,val,Pituitary tumor/enh_1284.png,Pituitary tumor/enh_1284_mask.png,06700a10d7c2c44a7c8bd92f8fb9ba70047609ee95aa1d5bb3c9426bc3f8146f,2e950692e619ba274b578a14b8048d08184d2f4d9b4b9aec0f8874696b9b44d4
Pituitary tumor__enh_1290,1290,Pituitary tumor,Pituitary tumor__enh_1290,val,Pituitary tumor/enh_1290.png,Pituitary tumor/enh_1290_mask.png,b327b4e9275f050d5409e1348f52d677023fd3440c3f84e0fa86a4b53f276b51,95f6e2819898b9e670c80dc92fb225a8c81d7c1a0cf7bd87492ede8b5767624b
Pituitary tumor__enh_1296,1296,Pituitary tumor,Pituitary tumor__enh_1296,val,Pituitary tumor/enh_1296.png,Pituitary tumor/enh_1296_mask.png,7537b20eb2dc446a31497b4d710281871572a9d0900590034819390f141c2709,a0aef3b87f20acc8ef8b004d81655c2880944ae3d0932d9bd781fdbd9ab26c9f
Pituitary tumor__enh_1299,1299,Pituitary tumor,Pituitary tumor__enh_1299,val,Pituitary tumor/enh_1299.png,Pituitary tumor/enh_1299_mask.png,cc295389a137c41ebb4a1f5a41618c824d194cf49778dcef2926e402148e5365,b324a74817c4f2fadadb69b97c078e9d2e11003f7fae30af695b235aa9b8f341
Pituitary tumor__enh_1303,1303,Pituitary tumor,Pituitary tumor__enh_1303,val,Pituitary tumor/enh_1303.png,Pituitary tumor/enh_1303_mask.png,d8509e4092e5c34a14807ae2af40c06a4a3c9be43c2fb6ddf5b7131435ae42bb,3cfe501175fd8968c9bc6e0d891fa2aeec111fc62548fdf7a999c31b5c2d9ebd
Pituitary tumor__enh_1306,1306,Pituitary tumor,Pituitary tumor__enh_1306,val,Pituitary tumor/enh_1306.png,Pituitary tumor/enh_1306_mask.png,35977107db04959518289ef4a363bb5cf13c5488d1f89247329686e7254e4fc3,f40f94b407b37451cc67a272c38a4bc03a204eea34919e94c2c70cc414006307
Pituitary tumor__enh_1324,1324,Pituitary tumor,Pituitary tumor__enh_1324,val,Pituitary tumor/enh_1324.png,Pituitary tumor/enh_1324_mask.png,e8f6d15e9df186c9e3f2bc41efcd89850fcd9d710b79747feb60b7284264e679,cf92ad05999ff11de0db32549e0a119413512e1346a53640c7913f5de4f7e08e
Pituitary tumor__enh_1328,1328,Pituitary tumor,Pituitary tumor__enh_1328,val,Pituitary tumor/enh_1328.png,Pituitary tumor/enh_1328_mask.png,062c92fdf80895fc439b46606c93a977e98e88d5d2b276d490b03c04c90b89cf,15277d6c97814156462237545417ba77b7ca90a9c8be814dac3d07b2d46c1981
Pituitary tumor__enh_1330,1330,Pituitary tumor,Pituitary tumor__enh_1330,val,Pituitary tumor/enh_1330.png,Pituitary tumor/enh_1330_mask.png,7a184d8aa5599e4949ac6b0ac3f771b01eb91903dd816db505bef9f68916f7a1,5459d85e551981b8857d6c8a883018a5f23008077ea5b4ea76283b51302576dd
Pituitary tumor__enh_1334,1334,Pituitary tumor,Pituitary tumor__enh_1334,val,Pituitary tumor/enh_1334.png,Pituitary tumor/enh_1334_mask.png,373c0d491ff4573dd6ca75f9689ba249ab9924643746d70fa6b6606c87412263,793b61d5f958bc9a9a258a246286233b0584807522ec11866caa04cc2b0284ce
Pituitary tumor__enh_1336,1336,Pituitary tumor,Pituitary tumor__enh_1336,val,Pituitary tumor/enh_1336.png,Pituitary tumor/enh_1336_mask.png,14328d2cad5f06c29e8712b50fb9298d3fe07bf99de7d3b44922a2dc1757b9ab,b2f85e392f78bc28b8212ac619e1366011d2d480f2fb3c1341ffb837fa537448
Pituitary tumor__enh_1345,1345,Pituitary tumor,Pituitary tumor__enh_1345,val,Pituitary tumor/enh_1345.png,Pituitary tumor/enh_1345_mask.png,8c8e8d0b108b9050fcb67c4dd5346fbf5ad30613cc0d517b2d74d56239ff674c,2a769e3b277a6f3404940e3b471838fa90536d30a397eac03f9464f56019c822
Pituitary tumor__enh_1354,1354,Pituitary tumor,Pituitary tumor__enh_1354,val,Pituitary tumor/enh_1354.png,Pituitary tumor/enh_1354_mask.png,53b890ec6a15e43fae357758482c4eaad2f591dc43f84e30b4b6acb522f91e22,d3bfc4795874f6d3f876bf88a66b27f22cd55215e787cee5d53adec651009058
Pituitary tumor__enh_1368,1368,Pituitary tumor,Pituitary tumor__enh_1368,val,Pituitary tumor/enh_1368.png,Pituitary tumor/enh_1368_mask.png,1873f8ed0124c2b8c6bb896f80d58947eaede39b48e0b9fd3686a70ea8d261a1,64a9d538fc1ef1f8afe92d99ccc642adec4945657391139c9a07f4a7f0b3a47c
Pituitary tumor__enh_1391,1391,Pituitary tumor,Pituitary tumor__enh_1391,val,Pituitary tumor/enh_1391.png,Pituitary tumor/enh_1391_mask.png,e50259c796188d86fd3456fc7fad5a959a5056ccf4af3243da47d1e9e9c1406f,dfffed0b94fd82b035f12dc1d489914a3de2bba9ff8791890a4f80f036a42931
Pituitary tumor__enh_1404,1404,Pituitary tumor,Pituitary tumor__enh_1404,val,Pituitary tumor/enh_1404.png,Pituitary tumor/enh_1404_mask.png,e3b419b92f395ade8940c5544470d013d281ac8019203002c6db08af82bb6a63,623fc3ae8c5e7ed571bca017cc9990e3901070f47fae4bb8e54d68b57eb1fd4d
Pituitary tumor__enh_1406,1406,Pituitary tumor,Pituitary tumor__enh_1406,val,Pituitary tumor/enh_1406.png,Pituitary tumor/enh_1406_mask.png,682e7b2b6ab200a8875858655ccf0030e863a8cf1ddf3029c006d5f9f504e841,582e37fb62a759a267a33643ad77511fdeb24d190d0f0d944dfa6b9465244a78
Pituitary tumor__enh_1412,1412,Pituitary tumor,Pituitary tumor__enh_1412,val,Pituitary tumor/enh_1412.png,Pituitary tumor/enh_1412_mask.png,e4b54f12c3048880eb979c90fc279e5faef0b66039320a6cf1b5dcc47789dd25,95ae1606a629f57f9b2a99e4ba3e910b203986e3dbba05b337fecc616049ac3e
Pituitary tumor__enh_1413,1413,Pituitary tumor,Pituitary tumor__enh_1413,val,Pituitary tumor/enh_1413.png,Pituitary tumor/enh_1413_mask.png,6a5815a230b9e5593e6c00ff570c93e20fb7e846c4189c77538d12bb2929d3ff,40f0368fdcc15a25e11dcd5bd84eac22a5448e73628126694d4d73a03c4fdef2
Pituitary tumor__enh_1417,1417,Pituitary tumor,Pituitary tumor__enh_1417,val,Pituitary tumor/enh_1417.png,Pituitary tumor/enh_1417_mask.png,c1b0f57991c1a79157effe4c01fc1172311ff95c5fdb578955f98a3c7b74026a,aaed2dfe3653f6bdbf2cde3490d8928962b1fd5042ca044ec6547628aae6b3a1
Pituitary tumor__enh_1435,1435,Pituitary tumor,Pituitary tumor__enh_1435,val,Pituitary tumor/enh_1435.png,Pituitary tumor/enh_1435_mask.png,d51af0cc3931d02c12155911b359ee8f4a5c2145586ed240f6448ab46aeb2773,1755ef5805b9231e5d1d05fafabbe258e7b9d6c9be577a440645617b973404ad
Pituitary tumor__enh_1441,1441,Pituitary tumor,Pituitary tumor__enh_1441,val,Pituitary tumor/enh_1441.png,Pituitary tumor/enh_1441_mask.png,ba12d0e69c2a8175dd4fd684448b3a7086308507bba7d106ccc21cd2e954f7f4,43c00f923c99b95aea0b20659d426a4df99cfe6704d2952740287f9902df3e6b
Pituitary tumor__enh_1446,1446,Pituitary tumor,Pituitary tumor__enh_1446,val,Pituitary tumor/enh_1446.png,Pituitary tumor/enh_1446_mask.png,3d87d736d6fc14e011f79381081a68479c9765531a97191ab5eed6a04ff9adf1,2a4573670acb382d8dceade52531f98bb02bcb8cd65b3dfb867f7ce31fb16725
Pituitary tumor__enh_1458,1458,Pituitary tumor,Pituitary tumor__enh_1458,val,Pituitary tumor/enh_1458.png,Pituitary tumor/enh_1458_mask.png,99e171bce200de40db643141bbd3831c202d954a7d707a4214f94db0058a2de7,82bca43aa1e9b90d9198c7e108094b96c51a81be0a037eb9e4de488b7ac1b195
Pituitary tumor__enh_1462,1462,Pituitary tumor,Pituitary tumor__enh_1462,val,Pituitary tumor/enh_1462.png,Pituitary tumor/enh_1462_mask.png,2696d4ec473e0cfea7f5dec71d8c5c74df00453bcb56d5d350926794198c1e9b,58a7a0544383f927e39f3b807bda2a81d00907dc63e93b7452c71ee4bbc3a716
Pituitary tumor__enh_1463,1463,Pituitary tumor,Pituitary tumor__enh_1463,val,Pituitary tumor/enh_1463.png,Pituitary tumor/enh_1463_mask.png,27eec72d3b6167da76ab2a48814259c852ac87063c72e25c8ba2cc4388f9800a,1249db18fe8104e5305d3911f4a8f1e90cd036fbd1ed8ed0f2756fccbda79135
Pituitary tumor__enh_1468,1468,Pituitary tumor,Pituitary tumor__enh_1468,val,Pituitary tumor/enh_1468.png,Pituitary tumor/enh_1468_mask.png,dda7cc80d05b9f5633ee227fde95298e152ce641b46de09703ca0c91c501817c,5a74f60f3a7cfcf15087490e534367bb9e68083f450e42471977af5d8d11e7ea
Pituitary tumor__enh_1473,1473,Pituitary tumor,Pituitary tumor__enh_1473,val,Pituitary tumor/enh_1473.png,Pituitary tumor/enh_1473_mask.png,ed3bc8e970db7e0d5bbe6ae09d5b7deaf58190ce9667b5acd4bc74be5d02b891,353da5094d15a62b6331963d1c62b86f9d6cc3c00ccf353eb42ae172b05327a5
Pituitary tumor__enh_1475,1475,Pituitary tumor,Pituitary tumor__enh_1475,val,Pituitary tumor/enh_1475.png,Pituitary tumor/enh_1475_mask.png,062af150209a3f51a8ac615f80a4b2590357c737f3997e3708fc7d9406983d17,3bdb1bf04954159194ab62767b49669703c541145b864483892c5d41e2e94a3b
Pituitary tumor__enh_1484,1484,Pituitary tumor,Pituitary tumor__enh_1484,val,Pituitary tumor/enh_1484.png,Pituitary tumor/enh_1484_mask.png,7fd12e7a037ed997734c95bc53952c408e82443fcfc3ca295f30c6b1bc4b50a1,af328bb8adde11f42b1f13fe67c8ef90aa1592e341bf782afc7136fb62889f58
Pituitary tumor__enh_1485,1485,Pituitary tumor,Pituitary tumor__enh_1485,val,Pituitary tumor/enh_1485.png,Pituitary tumor/enh_1485_mask.png,b4c795e92a1115cb933225bd6e929452939941952932fdadf4a7a339a9ae8aec,d3f6c9be52d1d02c8a2128b7c6617d05629eb63eeb043adf4d9495e492fb0792
Pituitary tumor__enh_1486,1486,Pituitary tumor,Pituitary tumor__enh_1486,val,Pituitary tumor/enh_1486.png,Pituitary tumor/enh_1486_mask.png,24af0017ecc01465bd8a9299eeff68f3fecbe8c1fb1ad2450e7ac6192acb8ad3,a348c8bc8d7fe47f1179822fe3f7988a300e83b6610bad9ba31387b34f2fbbba
Pituitary tumor__enh_1489,1489,Pituitary tumor,Pituitary tumor__enh_1489,val,Pituitary tumor/enh_1489.png,Pituitary tumor/enh_1489_mask.png,c9ff6e08acbb2005d0e1089be66e322bbbd80155d24c23016d6c2574324a1d45,cceb086c81b5a9b335eff5b6f2f22dec241acb5f2873fac38c5f7d349620313d
Pituitary tumor__enh_1490,1490,Pituitary tumor,Pituitary tumor__enh_1490,val,Pituitary tumor/enh_1490.png,Pituitary tumor/enh_1490_mask.png,b1af8d41df130327729febeb867ccb3183d4a53780b7b7cc43a3c2d19e1a0f59,6c3558ad1f10729e9cda2968aff30f0e2f4d96f6d298554f7e16e9456b891c99
Pituitary tumor__enh_1496,1496,Pituitary tumor,Pituitary tumor__enh_1496,val,Pituitary tumor/enh_1496.png,Pituitary tumor/enh_1496_mask.png,04d40ff961065f9d52fe999506192fa242b38473778e8784e793b62177f63237,59c4553726379c72c67653c8e672849eb43b26926ae2cbbae573edd94c5bbb01
Pituitary tumor__enh_1497,1497,Pituitary tumor,Pituitary tumor__enh_1497,val,Pituitary tumor/enh_1497.png,Pituitary tumor/enh_1497_mask.png,3dd170f8bd2384c3c7b709a9511b30e8774773ea672688fc794f4d3caa6b20a8,31a03b9f65c782a60a26cb4daa3a93efed906de39a397b0b9f8fa9337da9dcb0
Pituitary tumor__enh_1525,1525,Pituitary tumor,Pituitary tumor__enh_1525,val,Pituitary tumor/enh_1525.png,Pituitary tumor/enh_1525_mask.png,4876ea932eb4d109add2af700d89646a8ccd0aea71bbd122ec93fcec1fd52b68,5fdff07b7700b952b16d36c513b0c24bcfe640478ffe9ea9a49be2fe7c9fbe31
Pituitary tumor__enh_1533,1533,Pituitary tumor,Pituitary tumor__enh_1533,val,Pituitary tumor/enh_1533.png,Pituitary tumor/enh_1533_mask.png,b5aad5aaa3c40828ce544eafd91fa286c7197049cad0a0ac0c1e0265097ea4d1,8993e4b9b85dc35ca8961e71d93f4650ff42b3d56395b3779a97b7a1d3fa1346
Pituitary tumor__enh_1535,1535,Pituitary tumor,Pituitary tumor__enh_1535,val,Pituitary tumor/enh_1535.png,Pituitary tumor/enh_1535_mask.png,c932dc139d4281aa9509b491dfbb8a5ef87cc45591d6da118299747269759b6e,1a09b2f1c6113476343f85045d91bfdf630e8848d885623f00807d89018dc74c
Pituitary tumor__enh_1542,1542,Pituitary tumor,Pituitary tumor__enh_1542,val,Pituitary tumor/enh_1542.png,Pituitary tumor/enh_1542_mask.png,9750a2c73dcd0534977e671f80ab5081da4726547fde149a7b66f2daf3a29913,1b858442865c3df95add3e4b5651ce5c3f2f590af9583dd011727090d08bfeb5
Pituitary tumor__enh_1548,1548,Pituitary tumor,Pituitary tumor__enh_1548,val,Pituitary tumor/enh_1548.png,Pituitary tumor/enh_1548_mask.png,0c4f069ce93f8191e3078bb1ee2b0ae53329cffa0ecaa4febbc985cfc2148693,1f57d10866fb5ebae6e41c9d1bbb50b3f4970f22999b56360b67bb0be2ff0277
Pituitary tumor__enh_1553,1553,Pituitary tumor,Pituitary tumor__enh_1553,val,Pituitary tumor/enh_1553.png,Pituitary tumor/enh_1553_mask.png,f00657bfbe06ff4d9d97877d90f50533b550add85a5e83765427dbf4cd22c80f,ce9bb9e5238462cf27e5d1642c6658cf2210185a7022516b61c11179166537c0
Pituitary tumor__enh_1560,1560,Pituitary tumor,Pituitary tumor__enh_1560,val,Pituitary tumor/enh_1560.png,Pituitary tumor/enh_1560_mask.png,415a61c7ca90377ffd98cc8a93969bde387b3a90e1212d0d22c439835ad20e61,2f330ddf4b49f7b57a0eb495ab86e31da45b943ab23a0b9368acc3fe14d6b509
Pituitary tumor__enh_1572,1572,Pituitary tumor,Pituitary tumor__enh_1572,val,Pituitary tumor/enh_1572.png,Pituitary tumor/enh_1572_mask.png,0af398dbc6fe7b47660487a0e666869403003fc345548e5d180ad9679cdb5793,f5a7a8ae3f395bdb565468491b726f691e7499cce1d1d22cb398720bfab4ab67
Pituitary tumor__enh_1575,1575,Pituitary tumor,Pituitary tumor__enh_1575,val,Pituitary tumor/enh_1575.png,Pituitary tumor/enh_1575_mask.png,4b8e0901dfb83a5f7bd328c8261aae8caf34be29d77c615cc9e29b37d3ff7a73,4edeaf77a990d13604b1f780b0c10c6ea2a489c8c60c54573720e3676b11ff84
Pituitary tumor__enh_1579,1579,Pituitary tumor,Pituitary tumor__enh_1579,val,Pituitary tumor/enh_1579.png,Pituitary tumor/enh_1579_mask.png,493608e4bc1aa5f0a0b755993a676e5336bebd2c38248fdec48d182d81ecceea,9c20abb4f257ed846d45ceb494ce6ad4f2e8a30ecae4e0db1c88f488797365ae
Pituitary tumor__enh_1585,1585,Pituitary tumor,Pituitary tumor__enh_1585,val,Pituitary tumor/enh_1585.png,Pituitary tumor/enh_1585_mask.png,cf0355abc8e1dd171dd27904219f3c1316e26416bcbaa99f462a355abbe760c5,566e1d21978e8706f13a458e52beb7e0e0077c30f9a72f18a44ed24f14eb6e7f
Pituitary tumor__enh_1587,1587,Pituitary tumor,Pituitary tumor__enh_1587,val,Pituitary tumor/enh_1587.png,Pituitary tumor/enh_1587_mask.png,4ef9cd2a59a6d37e732ddb5227207f00b1144ffaebcffc6059e468fc84b242e2,156c78cbb51137d00387b4e4e246dfe1d93f212966b04c5a4de7d257e5451e73
Pituitary tumor__enh_1600,1600,Pituitary tumor,Pituitary tumor__enh_1600,val,Pituitary tumor/enh_1600.png,Pituitary tumor/enh_1600_mask.png,56142b9ddac93127d0bcf906fa98f02c67a90f87dab51c1cd3e2f01d298fd526,aa0414ad831ee022e751b4a31d56259cd945d0854e88447e24513bc3b840eea1
Pituitary tumor__enh_1604,1604,Pituitary tumor,Pituitary tumor__enh_1604,val,Pituitary tumor/enh_1604.png,Pituitary tumor/enh_1604_mask.png,0af2534a75bb7e4229b6a37ecd0f435742b133830b0923b029aea8f61a7a4ce8,e13598bddcefa5a1e24a73147b5037a05e35c582386878e6042f9dc71e537510
Pituitary tumor__enh_1610,1610,Pituitary tumor,Pituitary tumor__enh_1610,val,Pituitary tumor/enh_1610.png,Pituitary tumor/enh_1610_mask.png,ba58e88ce916bd3837cd70f5b8bcd6e3c29de3d8d8d6dd1ffcf2966a8ddd92c4,9cc04b58f8c4db87abb28d60b51a9af2edac40a33d07ecd831e32e3fdc295a50
Pituitary tumor__enh_1612,1612,Pituitary tumor,Pituitary tumor__enh_1612,val,Pituitary tumor/enh_1612.png,Pituitary tumor/enh_1612_mask.png,72872eabf0bda488626fab2251b1e675963882dcafcd7660c2a375e56eb15fe5,e9b8faf655d7baefc734361bf1b5eb2f7b724f96f174b9f1552b005a727e814f
Pituitary tumor__enh_1626,1626,Pituitary tumor,Pituitary tumor__enh_1626,val,Pituitary tumor/enh_1626.png,Pituitary tumor/enh_1626_mask.png,97dadd100131d3c6b61bbe51bd8cab722df830ca9e850765d30455770885820a,a1bab263754ef5ef004fad5ac985ef24dd04bc4f0af027d36ed4d0b721aaf603
Pituitary tumor__enh_1636,1636,Pituitary tumor,Pituitary tumor__enh_1636,val,Pituitary tumor/enh_1636.png,Pituitary tumor/enh_1636_mask.png,dea8672b347362f829310b72b9a9c16b9aeccaf779ebf910bfd334fc42f80c76,1d3c29862e554376c7c1c3577438dd29244ef1fd0843dcd491a8e828fb0070a3
Pituitary tumor__enh_1649,1649,Pituitary tumor,Pituitary tumor__enh_1649,val,Pituitary tumor/enh_1649.png,Pituitary tumor/enh_1649_mask.png,d82de1e4741ce62f902f14c77ea80ea319a980ef6a09a655af8a0e3847a28d17,bad8fc409efa757a41da472a0f36c55bd4766259f0b631c2d66875e72f12a40e
Pituitary tumor__enh_1651,1651,Pituitary tumor,Pituitary tumor__enh_1651,val,Pituitary tumor/enh_1651.png,Pituitary tumor/enh_1651_mask.png,6f95839efb67bcd941c18892997af204a40fdd80b7ec81e9dcbd6f36aa9d88e9,7c05ec7792cd6003f235501f3007c157f6fddffddabfd1298af22ca6570839a1
Pituitary tumor__enh_1654,1654,Pituitary tumor,Pituitary tumor__enh_1654,val,Pituitary tumor/enh_1654.png,Pituitary tumor/enh_1654_mask.png,b86f0f75ff1cdedac9c21c646c52f1d4e6046f127aba5394c9d831fed963f3fb,2d28a400d0de312ba976568d057fcefa9aef7f8cb390030efdeaa7a502dd185f
Pituitary tumor__enh_1659,1659,Pituitary tumor,Pituitary tumor__enh_1659,val,Pituitary tumor/enh_1659.png,Pituitary tumor/enh_1659_mask.png,a5181c762fa72991b66d98fee1485c6c026e07b4afa04a3840e907a51bac33b0,415d28c914f9eb94234607941e38846f341f32bb75b37ee778287ee38a9d19a9
Pituitary tumor__enh_1661,1661,Pituitary tumor,Pituitary tumor__enh_1661,val,Pituitary tumor/enh_1661.png,Pituitary tumor/enh_1661_mask.png,043267144feb2a6190f02fac4a16c86d9cb4756c2d2a3def1bad3ba297f1978d,a1b1b46ab2041b3428f07db5912f325f48c0fe513a4e6c576f45f253d86e20b6
Pituitary tumor__enh_1668,1668,Pituitary tumor,Pituitary tumor__enh_1668,val,Pituitary tumor/enh_1668.png,Pituitary tumor/enh_1668_mask.png,f970e819f227e35e1bf9080a128ec9cf8c694f1482dc88ed32e9934b193023b0,828ee0de09d47596350e380c6bafa547a3742b9fb930253076e7bd5d85a8ee7b
Pituitary tumor__enh_1674,1674,Pituitary tumor,Pituitary tumor__enh_1674,val,Pituitary tumor/enh_1674.png,Pituitary tumor/enh_1674_mask.png,038b2d68281c5381821f92b6309615f59d99ca229bdc8d3de56538366087679f,7df38991f2ae530e57df405a9e72c513829477dc038c5f1ec5fd71ec2995ff71
Pituitary tumor__enh_1678,1678,Pituitary tumor,Pituitary tumor__enh_1678,val,Pituitary tumor/enh_1678.png,Pituitary tumor/enh_1678_mask.png,a08e277c82ea7d22c5a071c310bfd16134e5360b89cc6f600282cbc2bcedd962,5b7c6630173ed6e988cf407dec8cbf3a397ffd9de56afc95221912d73643594b
Pituitary tumor__enh_1706,1706,Pituitary tumor,Pituitary tumor__enh_1706,val,Pituitary tumor/enh_1706.png,Pituitary tumor/enh_1706_mask.png,ee80dc6e2d0494749e416bf4eaf6e1d0bfd2da3ca0746239b87c95f6eb549eb0,c860ddedb2553f4d62765a1a39d02a6294c818c6ffb5938f171b1eea189f69e9
Pituitary tumor__enh_1709,1709,Pituitary tumor,Pituitary tumor__enh_1709,val,Pituitary tumor/enh_1709.png,Pituitary tumor/enh_1709_mask.png,5cb18e20af9757d734a0596e8bbcd5a62b48fc2fcdc67e322d80a122573bf2bd,067956428258c73dbf112e8bbc29c87c4c68393b8ff597a1404b99a965310df3
Pituitary tumor__enh_1711,1711,Pituitary tumor,Pituitary tumor__enh_1711,val,Pituitary tumor/enh_1711.png,Pituitary tumor/enh_1711_mask.png,ccbad77fa80e21d91828f80e0e2032b89a614f470b5c281579ce16bf5ddb5518,fd23f174a5ef4b7126a2a179a5420105e05239d2e5e9edf83a20ae011bc2e563
Pituitary tumor__enh_1731,1731,Pituitary tumor,Pituitary tumor__enh_1731,val,Pituitary tumor/enh_1731.png,Pituitary tumor/enh_1731_mask.png,d9f37604581e776d98440c01f747ec66e572f7d75c40fa669e741e23b02ae971,4dcc2cf95dd877480b8572baf73fb92c2c1280473155cd7bf091f93ffbc8dce3
Pituitary tumor__enh_1742,1742,Pituitary tumor,Pituitary tumor__enh_1742,val,Pituitary tumor/enh_1742.png,Pituitary tumor/enh_1742_mask.png,67c5a7dabc86d643f3b8879f1b8473cb8bb773253200a8886ee1abaf27c3766f,a5bacc00f586690e96e894b32c25acbf7b56c8f00bdc90bffcb2e88e681beef5
Pituitary tumor__enh_1749,1749,Pituitary tumor,Pituitary tumor__enh_1749,val,Pituitary tumor/enh_1749.png,Pituitary tumor/enh_1749_mask.png,5d59a14b1a63f7fb59414a7cf80c6d0fed421296b022f799de8332cbfe30e506,baeef408a5ea7f724f124d0ad09587e70da6a9a220bf76d9718af0af51661c4f
Pituitary tumor__enh_1756,1756,Pituitary tumor,Pituitary tumor__enh_1756,val,Pituitary tumor/enh_1756.png,Pituitary tumor/enh_1756_mask.png,902f320422c90638b9fc8560456cae731ae930f8dc117276acb92338142a0e75,f1f521fb5c02232f71fe6ce6c8747920c50c61793b780cf54f732aeb93fd9432
Pituitary tumor__enh_1757,1757,Pituitary tumor,Pituitary tumor__enh_1757,val,Pituitary tumor/enh_1757.png,Pituitary tumor/enh_1757_mask.png,20c998666aac1f03689af58324f2efef760e5ea00b1e6ff95f3a688fbdabe3e3,8e2a7fde1fec5daf074646f9585fa50de5323ab91ab4102060ebdcc3a0735a1c
Pituitary tumor__enh_1765,1765,Pituitary tumor,Pituitary tumor__enh_1765,val,Pituitary tumor/enh_1765.png,Pituitary tumor/enh_1765_mask.png,7e2eb20deec9a5f7bd4983b4a3c85e55df4260572d0c1854d0f8e4b834dba60b,5b7a7c6ba19d805893a5f94732f04ef5c01aab8b58c2f4a97cc577eaeff46142
Pituitary tumor__enh_1775,1775,Pituitary tumor,Pituitary tumor__enh_1775,val,Pituitary tumor/enh_1775.png,Pituitary tumor/enh_1775_mask.png,4c346574406c48148ebeb98137e6318d98c802bad6f07871943776ff878b4d4c,1388fb26c36364818faf17b9ab2ab700a6317f0acb5865df33a05862d0087790
Pituitary tumor__enh_1780,1780,Pituitary tumor,Pituitary tumor__enh_1780,val,Pituitary tumor/enh_1780.png,Pituitary tumor/enh_1780_mask.png,c0be0a331ac50c1bf7bb7302461ce719c4d55b57b86c6f2bf1ef40b982910cf5,c3cb1b505c5b9a1ba33e3cebed8353f95b283fbd843b36285a294351b1e62f9c
Pituitary tumor__enh_1786,1786,Pituitary tumor,Pituitary tumor__enh_1786,val,Pituitary tumor/enh_1786.png,Pituitary tumor/enh_1786_mask.png,4ca7f652e96e6259f635db8063dc9e9767fedc54f8263c1fd0727ee7657e5bbb,ecc9b1d8d3c74377de4e51a062f0463847e0fcf63d31d81daa8b2ec762d38106
Pituitary tumor__enh_1799,1799,Pituitary tumor,Pituitary tumor__enh_1799,val,Pituitary tumor/enh_1799.png,Pituitary tumor/enh_1799_mask.png,d8fe3f776f6d4883c0f329586cd68453a65d6dd84367148cf6e627cad1e5ca08,8991a33b3b01d960ec7b1716e1cb4d7262acc850939cfaa72fd371b2bea4b7ef
Pituitary tumor__enh_1807,1807,Pituitary tumor,Pituitary tumor__enh_1807,val,Pituitary tumor/enh_1807.png,Pituitary tumor/enh_1807_mask.png,b4eb40c09146f964440c318887632f9c15c653e52919c18401151a8f66742fc5,676cf3b3f117b1d2c8e12328c1bdff15dfced5cb78058792dbc1defef31e7dc4
Pituitary tumor__enh_1832,1832,Pituitary tumor,Pituitary tumor__enh_1832,val,Pituitary tumor/enh_1832.png,Pituitary tumor/enh_1832_mask.png,1a2f561b050848c1a43ae436fed8ec06d3c9303053c27e92af3bda761ffc2493,79ffb0c9f11028ac40b8831ac1c09eb95d608194a921c19cd63b7e0518676989
Glioma__enh_1843,1843,Glioma,Glioma__enh_1843,test,Glioma/enh_1843.png,Glioma/enh_1843_mask.png,a1b80a3846a9d5a5c36bad17d1701f2838999e6a73881b2499ecc51e5ba9d718,a6f38ec65135bfd8aac0242a64dc7187ea5cfa078327fb01d5a88247e20e4f2c
Glioma__enh_1848,1848,Glioma,Glioma__enh_1848,test,Glioma/enh_1848.png,Glioma/enh_1848_mask.png,f53caf028c4c46690779cc9a3ebc67148171282ca9f168960ff3979a9d2b6099,09d1d1aae22cb4763e9264b86962226bb1b6757482c43cb0fa015e03ffff6fb2
Glioma__enh_1858,1858,Glioma,Glioma__enh_1858,test,Glioma/enh_1858.png,Glioma/enh_1858_mask.png,7e7af39a06a92872c752c48b16ca8e44b723e33b8774409cdf57cdeb3868e274,bc19178c87741f5d2cc26a8f8df1406ffb96661a156a2acb2459d7b087cdf07f
Glioma__enh_1868,1868,Glioma,Glioma__enh_1868,test,Glioma/enh_1868.png,Glioma/enh_1868_mask.png,b6ebdfed9c4c418a2e13b7f21d080b16ac20169a239567f411a1bc2de421c170,ac04877f60e4f3c8752c20ad1ba75d69d74e98bad985ac879fc18d27138cc9bc
Glioma__enh_1869,1869,Glioma,Glioma__enh_1869,test,Glioma/enh_1869.png,Glioma/enh_1869_mask.png,6445a4252d8cacc69a99bc575a69470234210bcf45da677ec4c8a73e48d51ed8,337de6f9ae7c565a82c0a939502a485845014b9f3c83ae7e76d3c66a3ac22a20
Glioma__enh_1870,1870,Glioma,Glioma__enh_1870,test,Glioma/enh_1870.png,Glioma/enh_1870_mask.png,6b1f64160c88c9c4975480c9dcd81f054c4277a9e9a53f71ad772f3d32be76ff,a2f6ece3d251902c1166b08fc629b37fca5a426e8936c36ae51b0eeb69e582d7
Glioma__enh_1882,1882,Glioma,Glioma__enh_1882,test,Glioma/enh_1882.png,Glioma/enh_1882_mask.png,12c3d5cc66782475e5362edcccb317ce6a6e7653aee63091fda145aa310a920e,8ccf05c2c949e1449adeed98ed809591d097c3745259999a4072111fa6c62307
Glioma__enh_1889,1889,Glioma,Glioma__enh_1889,test,Glioma/enh_1889.png,Glioma/enh_1889_mask.png,607a4a5c23d4753bd69b865806895b293de2fa7220f514f929ea3fafaf78f158,229bfc2ccb5ec41043c85975d32dfd0e4fba5dbd0d5bf4f75df00d4c35cb12f6
Glioma__enh_1898,1898,Glioma,Glioma__enh_1898,test,Glioma/enh_1898.png,Glioma/enh_1898_mask.png,22b0ed49a48c37b6f05831007fc10740265650215ee4007d5346ead2e2e699f2,efde96556e816c08d8e4b338d4db5a4ed0bd57a18ac81e4806720b22e08c928d
Glioma__enh_1905,1905,Glioma,Glioma__enh_1905,test,Glioma/enh_1905.png,Glioma/enh_1905_mask.png,1f4da410d482aa3065fe10bab6bc8cdd156e9a2ad996da292c5349f73d9f75ec,3122cac09061ae2db98a1b7b8d1981771f27833ec414961d66dd7bf490136939
Glioma__enh_1914,1914,Glioma,Glioma__enh_1914,test,Glioma/enh_1914.png,Glioma/enh_1914_mask.png,c492f31fc15c4de94a13a52f94e699cef269486e6eaee31647d79244522f0776,b5e026ee0994d5e00b84ce7520c1f0097b404dbe5555fc8cb73b392217e69fe7
Glioma__enh_1916,1916,Glioma,Glioma__enh_1916,test,Glioma/enh_1916.png,Glioma/enh_1916_mask.png,ae99a87a19ff632cf5e6a8bd80c14d4b3f25ea94c147c8ddfcafc533e479634e,1c786d79e2b45234a95a4fc21586e13644b18440f2a9c3bc65d91880949e8aa5
Glioma__enh_1926,1926,Glioma,Glioma__enh_1926,test,Glioma/enh_1926.png,Glioma/enh_1926_mask.png,6419283535ac0b5295155f9b719340058c212f7b51db7bb660a8ea5168960c0a,1bdcaf4c8abb51ee8f9a6c33eec9b139a71e9afbb27e281f901bd34ae9ad57a9
Glioma__enh_1929,1929,Glioma,Glioma__enh_1929,test,Glioma/enh_1929.png,Glioma/enh_1929_mask.png,5f6360847237786307c9dae118e1ef463bdc28ce7c8dd9e86637ebffe77f080d,382cdee89e67235ed83af2b56b5fbd73b75a1e2d9125634f7b7131f292e22809
Glioma__enh_1959,1959,Glioma,Glioma__enh_1959,test,Glioma/enh_1959.png,Glioma/enh_1959_mask.png,004aab52ece93a5e98d8cfe1c2610e9aa8a306addb12ef4f0d7b1247997dc7f6,aa14f4d3934ca9a2c309615123691734860d81f394991805978e2ef9f8ecc771
Glioma__enh_1963,1963,Glioma,Glioma__enh_1963,test,Glioma/enh_1963.png,Glioma/enh_1963_mask.png,365483371329594dc5f3c8f871e4877e76af4d79e710867e4818eea31b140bf7,c6dc1a9cc11969fff3e733d2a365ca924f4ee64cce82742265ddfaf34c218a02
Glioma__enh_1978,1978,Glioma,Glioma__enh_1978,test,Glioma/enh_1978.png,Glioma/enh_1978_mask.png,cd4368d8412fac5cb2139f055c5790fb998f7375e6e290809158b8d36cad62ba,2669110d14a384b1e706045c0440e7e4ab83be8fc1c5069f670f7365b32e858d
Glioma__enh_1984,1984,Glioma,Glioma__enh_1984,test,Glioma/enh_1984.png,Glioma/enh_1984_mask.png,29fd13c0eda211b7c4f6b914b3c0a5489bf1c4f3033bcd6db615b1d7e638aa44,3580c0fcb25d7e9c7ae470b898afc6d859c396d45d4df18e3c59fcd433c53169
Glioma__enh_1998,1998,Glioma,Glioma__enh_1998,test,Glioma/enh_1998.png,Glioma/enh_1998_mask.png,90810a3ee35f3f29e7c9c4dded4adbb42989d86e42ffccf7231142a43457ca25,8be37e3c617b21b4090a455780206610a36fe4c52f73132ed998838caf0015f9
Glioma__enh_2002,2002,Glioma,Glioma__enh_2002,test,Glioma/enh_2002.png,Glioma/enh_2002_mask.png,cbaba5a307dbfe6447ec0d70c05be3aef9adb95b86cef004e4339dc1d3ff62c4,c05cb299005b1d0acda0389982be6e2c64a253d75ab513a25ea7f7039f4fd57f
Glioma__enh_2005,2005,Glioma,Glioma__enh_2005,test,Glioma/enh_2005.png,Glioma/enh_2005_mask.png,6f10b25a5826125451ee0d687745fa23c440f1d0f5ad149381e2d532f00e12b7,a70a73c1f165da9f3051a0d3eb99d8b6e4ecff9849876fa6c2d8431d1962113e
Glioma__enh_2008,2008,Glioma,Glioma__enh_2008,test,Glioma/enh_2008.png,Glioma/enh_2008_mask.png,945cd721dcfacb974413b003f188766b5f8adf0b1665617398660edbc7f3bcbe,5eb890707470b35d0c67f3ee3b812fc7fc3bb51240719fa36af3ad8bcfd5271d
Glioma__enh_2009,2009,Glioma,Glioma__enh_2009,test,Glioma/enh_2009.png,Glioma/enh_2009_mask.png,aa0ebb952b6ca93ad9c917588d72e56ee79703da043255dd7ab3f8c0e0631adc,af9ee2014808cc8d1230c177093ad6f8cb5516b8f4b69583496eb5eafa716021
Glioma__enh_2017,2017,Glioma,Glioma__enh_2017,test,Glioma/enh_2017.png,Glioma/enh_2017_mask.png,476c9bbbc3d2d7cd4912d6beedda090de66f5410e21af66c60710a90fa1a83e3,be4891a7d0fd33688edc54e2bb30f799b6cfd6812f05aafbd52d41f648a04c8e
Glioma__enh_2018,2018,Glioma,Glioma__enh_2018,test,Glioma/enh_2018.png,Glioma/enh_2018_mask.png,a3144b24733a04e0aae6616c2fea9afa18cf3164011574c333b512f867d1e41c,48a9a6a11f3e292eba393c0a4be295e79bd6ed4d7385b8d58c890447d28382fd
Glioma__enh_2020,2020,Glioma,Glioma__enh_2020,test,Glioma/enh_2020.png,Glioma/enh_2020_mask.png,4ebae69387ca5bdda69623b72d6a02955c3eb8f928dcbcf97698889779122380,34b96332e539399b2eee2a5eb2ad8129786d87bdf8658ea8d50dffc435ea2b24
Glioma__enh_2028,2028,Glioma,Glioma__enh_2028,test,Glioma/enh_2028.png,Glioma/enh_2028_mask.png,051f8b1e2e7fb67f81b98b85ba9dd1283078c18fbe37f6a318c6efb017b10748,1eff37fa98498cf73390e8ac7391f643bf5645bb6950ecb3c0e58a25920bd671
Glioma__enh_2034,2034,Glioma,Glioma__enh_2034,test,Glioma/enh_2034.png,Glioma/enh_2034_mask.png,e0a90c3e69255409216895548cd74f8867510d2a71ba0f0a02e94491f0f02da7,d317fd18648b974e295c05f4053e0b0e9d4edec7043da48c25867faa7d73efda
Glioma__enh_2042,2042,Glioma,Glioma__enh_2042,test,Glioma/enh_2042.png,Glioma/enh_2042_mask.png,80b9c7eefc26b64c41758069711cbdcea451e37733c83dee3d6593c6bfae3504,bb431690b6855f0125a2c27559fb97a118003935e213bfac91641b0d41f01733
Glioma__enh_2048,2048,Glioma,Glioma__enh_2048,test,Glioma/enh_2048.png,Glioma/enh_2048_mask.png,dcc7b7e62103189df18e9a2f6250c939c7382bf69551ec93f770600863c86144,b85a1361ee59d753c779addc1789afdd4e1b5821d00c9c832a74e11fbec12d83
Glioma__enh_2061,2061,Glioma,Glioma__enh_2061,test,Glioma/enh_2061.png,Glioma/enh_2061_mask.png,a7646cfa26ae3f6d52013b2f969f9132538deeab289cb5ed771c9d6131574a64,16491d1e487225b9b6f4b7808421b31c0fab455cc146023c6230882b9b60f68a
Glioma__enh_2078,2078,Glioma,Glioma__enh_2078,test,Glioma/enh_2078.png,Glioma/enh_2078_mask.png,c9bff0550595ad7116211908f81f7ce20e4963522927897b73dcd1733f7808bc,6325503ae954595ae847d1f551dc0e723292e44155ccde8d466f388b18408007
Glioma__enh_2084,2084,Glioma,Glioma__enh_2084,test,Glioma/enh_2084.png,Glioma/enh_2084_mask.png,e8b8c8ffdf9dd740967a336e49402f61d62bda8508fbe8487a2069fcb2811231,120d4b1ab6f308fb515b3ba562bae2623fe9653978fc326a7b473f121b78cf5d
Glioma__enh_2086,2086,Glioma,Glioma__enh_2086,test,Glioma/enh_2086.png,Glioma/enh_2086_mask.png,e7431d3ac90261fcdb63e9f2c256a91192392b7c392dbbe6c6f04d3489c2f6d5,1b82f9fd94a06de78471ef40ac211ac61b55003dec28a3d299b24db160c7c6fd
Glioma__enh_2095,2095,Glioma,Glioma__enh_2095,test,Glioma/enh_2095.png,Glioma/enh_2095_mask.png,878cea73b4d3e93126c983f1dfaa9f7896e599e03ca4106987b950aefde288d7,a50a61de426d3b5e8ca14932f4361c24d85e7efdb54fe586edbd581e552c4e62
Glioma__enh_2098,2098,Glioma,Glioma__enh_2098,test,Glioma/enh_2098.png,Glioma/enh_2098_mask.png,716186df08b6d3ed30c8bbf5ca1b84a89f79aa97a160aac97147b329a39f3dae,4e3d24e77a142f1c24e6a8c8b7f9aa008a672a985c052b7bf40b3d298dceca6b
Glioma__enh_2103,2103,Glioma,Glioma__enh_2103,test,Glioma/enh_2103.png,Glioma/enh_2103_mask.png,35df080cff26a593b956a3813919705dacc66a251a0b5b9cb4509921e6179a44,416434b871ab9fc57bf6b48d1d5b9c591774dd22c3a5c9077dccb3a45919480c
Glioma__enh_2113,2113,Glioma,Glioma__enh_2113,test,Glioma/enh_2113.png,Glioma/enh_2113_mask.png,428ba7fc7f561f527be87eb2caabd7710301209f4c3c15cebc314b6d25bf252c,82668fa4ac5d41239ecb1de1874c06db0af7fd4fe053a47084a7ded92c4e3bc4
Glioma__enh_2121,2121,Glioma,Glioma__enh_2121,test,Glioma/enh_2121.png,Glioma/enh_2121_mask.png,8ee7d0c3681fd003eef99628e6176dbe2f459ad1de24b10b11c0bab5f21fd49b,d0ae7894d4a0ed49689a6bb2184fadf05b5bf3ec9315e01a4111c315eeac440f
Glioma__enh_2122,2122,Glioma,Glioma__enh_2122,test,Glioma/enh_2122.png,Glioma/enh_2122_mask.png,cced4bd20f61b065c28963e9d468f85a22803b44f4b5aa1683f2e919f36c689f,36c7dc17eb0bb21ac37b53320ff2afb63ef173cc32ba114f10db45058749505f
Glioma__enh_2132,2132,Glioma,Glioma__enh_2132,test,Glioma/enh_2132.png,Glioma/enh_2132_mask.png,c591672ed6f408b18293b6b7ed31f9a87fc31716485790323ad50a8827ead841,29ee2ef5b515abfc10ec54db7d100dd11f85c34e454b37b544374f356806a14c
Glioma__enh_2136,2136,Glioma,Glioma__enh_2136,test,Glioma/enh_2136.png,Glioma/enh_2136_mask.png,036ce42f994f628453cbddd728dbf5b2332fcb2cce3a477a154f0b12cdffdb31,7198fa1147961cfed248846c4da947f9261e7cc5f4a52fa828739e86de490298
Glioma__enh_2141,2141,Glioma,Glioma__enh_2141,test,Glioma/enh_2141.png,Glioma/enh_2141_mask.png,19711f1114bf6999bdc4834d4c1a2485edcaa6d5b6385835658679c466191080,27c261ec20c71a6580c770f50cdfef5be96ec5a0bf2b3ea0081c281c46cad267
Glioma__enh_2146,2146,Glioma,Glioma__enh_2146,test,Glioma/enh_2146.png,Glioma/enh_2146_mask.png,3b63ffb5e0fdc16b6ba51a1055976c1dfef4402a8150546cdde9571b3b859ca9,ef4e7cc5d396123953c35d374c1499fe231c0278b29fabc28edcffedb286bd4a
Glioma__enh_2153,2153,Glioma,Glioma__enh_2153,test,Glioma/enh_2153.png,Glioma/enh_2153_mask.png,dd055668c914c5b7284ba9b05ce4c8bfa455d9669a8c3aee96d2ac4fea580375,1a1af6faf9e5461ebee16de62828e504b5ca2814c3d76415845ce30807b2b851
Glioma__enh_2159,2159,Glioma,Glioma__enh_2159,test,Glioma/enh_2159.png,Glioma/enh_2159_mask.png,5625ae4709dc77ef3769b1cee746eb4f0178770fc713e5ff13005f4e58c40117,d4d2a77793b8f8667d0dcf4bc9f1b486664b69c71cc4498bc202896a708b90a7
Glioma__enh_2174,2174,Glioma,Glioma__enh_2174,test,Glioma/enh_2174.png,Glioma/enh_2174_mask.png,8b1ab3eb278fdf80ce406ac63df072cff68ed804f877164bf0c2d9d35fc917c3,172291129f68043fe9373b737fb659c9368f4bcef99547e2d1d5c51f39136695
Glioma__enh_2177,2177,Glioma,Glioma__enh_2177,test,Glioma/enh_2177.png,Glioma/enh_2177_mask.png,460cff3fda10029c98495d4e30337659481316941050a2d1861c4bedc08a16b4,bf4f4e45d61ce4a1933d1dd3e4d64e032acefcdfd37167264baebca8a856e7d9
Glioma__enh_2178,2178,Glioma,Glioma__enh_2178,test,Glioma/enh_2178.png,Glioma/enh_2178_mask.png,808d7ff511a4612d35be525744d33c76362921f57615281e2549444002a31f77,bdc61e9703004989bd44f9dd3c245c8050f521e1e8f1d7e867262ecf247676e2
Glioma__enh_2184,2184,Glioma,Glioma__enh_2184,test,Glioma/enh_2184.png,Glioma/enh_2184_mask.png,78e85aa6833114499628ce37c66e078482dcd136420816db82b752f67f1f926c,97350bea0b7ade27e9d85f307cf157869ab2c95b5684f35b08e7bd361d76c192
Glioma__enh_2193,2193,Glioma,Glioma__enh_2193,test,Glioma/enh_2193.png,Glioma/enh_2193_mask.png,57572f0f37f575ee85dec08bd6fc8066a4853daa89fb5e0d077efc1dbb922054,2fc902b101aa6734a5427531d47b219b6ccd4b734846435406778c27d31d2a32
Glioma__enh_2195,2195,Glioma,Glioma__enh_2195,test,Glioma/enh_2195.png,Glioma/enh_2195_mask.png,8e7af42a80c7b611230f14f0de9e668da209ca284ea457bfc16266965c1e4a59,9552f619ccb283f83aa9c577fd14b48693fae9a881b907db0226c17e58b3f10c
Glioma__enh_2196,2196,Glioma,Glioma__enh_2196,test,Glioma/enh_2196.png,Glioma/enh_2196_mask.png,6f66d8e8881384d209374e143729b563f6d161ffedc6ac9d28828b148eafb87c,3fd5510c3c77fd248a43246744a3300d8b905d6fc031832ed865484ada47ca10
Glioma__enh_2199,2199,Glioma,Glioma__enh_2199,test,Glioma/enh_2199.png,Glioma/enh_2199_mask.png,9c0b44543b1056f7af7f9e8d4ac076d456adabd4deea107b76f96b59e8025f3d,80eabcec16d999ff2c6fa7722a09684811886bbe1623f26df2bc4ece736286c3
Glioma__enh_2209,2209,Glioma,Glioma__enh_2209,test,Glioma/enh_2209.png,Glioma/enh_2209_mask.png,dc701f576578b96c0ba0ffa022e0bf4dbac4acc5180b22b3fa14aa80d4566cc1,a9a4d9589ff3d6d095efae57d32150b8d4d38d0e3bd6dd5c071c512bde693daa
Glioma__enh_2210,2210,Glioma,Glioma__enh_2210,test,Glioma/enh_2210.png,Glioma/enh_2210_mask.png,6ec8dac02b73463284a64408f860b15c12e242d3a74ba65a7bdb30cb4c23ab29,df654a3d66d67d54bcc746a0e171582c814e383208a7be869eb6c4a30a019c90
Glioma__enh_2217,2217,Glioma,Glioma__enh_2217,test,Glioma/enh_2217.png,Glioma/enh_2217_mask.png,0481bfab9beb653b5bd1ecf5f5cbfb5857cd2a4666eaea0e5a09299730925d32,7e0cce895bb69a789dba172296547bcc20f9e0269705d85c4e969468d3bfbb67
Glioma__enh_2219,2219,Glioma,Glioma__enh_2219,test,Glioma/enh_2219.png,Glioma/enh_2219_mask.png,65bdb06832b97d4ae8b0e98ea600be84259c3e668d0df807d5b3463480ebee81,3aaa01c3c45306d9eac138b3eba4a8e8721d1b217fce92b4798aefd5e99c02a4
Glioma__enh_2223,2223,Glioma,Glioma__enh_2223,test,Glioma/enh_2223.png,Glioma/enh_2223_mask.png,9dc661b47de54e42d71c61df8227adcf353671198bccad854e4e7b5f186c17ad,74dbeb537b1692055d3ba7fd941c1df26beda0a50b0e689483547d3951d8162a
Glioma__enh_2245,2245,Glioma,Glioma__enh_2245,test,Glioma/enh_2245.png,Glioma/enh_2245_mask.png,2c22f3a5aae1060ac2cd1755bcedff7c3d82c4b8549b27df664d38feb25bec84,e827719fc11b0849da205e9ea81c49ed872e544acabd08930ac4ca31f1edc41c
Glioma__enh_2258,2258,Glioma,Glioma__enh_2258,test,Glioma/enh_2258.png,Glioma/enh_2258_mask.png,a07b78d591e901e66b2bb1a350d19a624bd78c1e6b0cf6dd0237a0e24c564439,882450b681262b4649d13dc4e16feb8c38023aa4d5b291ba456f1a9bc8cc71a8
Glioma__enh_2278,2278,Glioma,Glioma__enh_2278,test,Glioma/enh_2278.png,Glioma/enh_2278_mask.png,23ceda8bd0ac1ec9837b6dc2cf72e1749354c32cdc7c0444e61a67c02b6b5849,82ca95e9d9f36ef5451955bf11aaa7ef9acb1d9563aa4b8ddf061ae7a7671aa6
Glioma__enh_2281,2281,Glioma,Glioma__enh_2281,test,Glioma/enh_2281.png,Glioma/enh_2281_mask.png,214343d539e645004e008104394f264e61e8efcc8c12b4e489dc188c7761ef9d,221b8ab068b003fe6ecc26d6dd63e1525df42ed9bfd2d58099c8e1ce4bf5f799
Glioma__enh_2283,2283,Glioma,Glioma__enh_2283,test,Glioma/enh_2283.png,Glioma/enh_2283_mask.png,1c29b08082fd0beeaa24138fb9d8ff491a4a243f12d3406151cb6be9fef3d50a,b7959b0180ab219a457d9c36f7fdb890a5981ff87b43dd08c655bbc84d40f2b9
Glioma__enh_2286,2286,Glioma,Glioma__enh_2286,test,Glioma/enh_2286.png,Glioma/enh_2286_mask.png,32554941fdcb9fa134d38c53ad6eb27dd8253f18adf08457c1d00178bd9e7e1c,7554d8af301f78c614c4b6bdb9da16ac2d308a9b12707d7055d285d24b1a32f0
Glioma__enh_2290,2290,Glioma,Glioma__enh_2290,test,Glioma/enh_2290.png,Glioma/enh_2290_mask.png,0e90aa222611e60235335ad12ac593bf2ffb33ae6aa35832e2753454112c8c65,aef21c36de75a66982fcf588a4bcd14d37d862ac7e81db52cd3c3d8e9cf6d539
Glioma__enh_2292,2292,Glioma,Glioma__enh_2292,test,Glioma/enh_2292.png,Glioma/enh_2292_mask.png,cf326cde2db93110ec08e1b47cb6a880c4eb15c09096255c6fb7ce2e9b95e8bd,dfc311093561af412b4b5c31f2e398e7b467ee930ff226e04f41b335637b5063
Glioma__enh_2298,2298,Glioma,Glioma__enh_2298,test,Glioma/enh_2298.png,Glioma/enh_2298_mask.png,68519fd0b13097c1da1bd74e3670e7bdb874ccaa284ac738c8e57e1763662504,bae2980b73923a4ca4557a068e70034f57bddf7f0f00e147f7a372aa842d40bf
Glioma__enh_2315,2315,Glioma,Glioma__enh_2315,test,Glioma/enh_2315.png,Glioma/enh_2315_mask.png,bb4f84ec2298eb0f0d3f3867b8bf093133d22af02f6bfb91d27748829a6a6ffd,6b9db923b78c2e4c4060a11855835d05070bacc48fb3587b0ca7763acd9f5c2f
Glioma__enh_2317,2317,Glioma,Glioma__enh_2317,test,Glioma/enh_2317.png,Glioma/enh_2317_mask.png,d3f1a0e796e652dd5a68da6298495af03be5bc0458d8fde7463e3b9723faae39,99caaaa16c106f7ab6579a293621b6d66c0f8d2b3b7796277fda471ec714997c
Glioma__enh_2324,2324,Glioma,Glioma__enh_2324,test,Glioma/enh_2324.png,Glioma/enh_2324_mask.png,1f55787a55178e0ddfc1fab495aefb2aa89f201525df2d7b4780e7598e77cea4,a575ebd039be70e0fca9f3aa6a56374ea3da9076d3991a229f0f968de1e36d84
Glioma__enh_2328,2328,Glioma,Glioma__enh_2328,test,Glioma/enh_2328.png,Glioma/enh_2328_mask.png,8bb7e82cfc8032a49bc74f356b376949252b9df4c8f31e90fa253921c9ff6876,94449a6e3b286fea0a34326835f6eb1497acf728695d45547d058a3bd6e62536
Glioma__enh_2331,2331,Glioma,Glioma__enh_2331,test,Glioma/enh_2331.png,Glioma/enh_2331_mask.png,6b2b5f6a9aa017f3cde6ed413eeed3b7be05fb466877bb2121c63e6830073ff5,4a357d7fb9cc8d089e4d0004941bae5b72740ef377e6c58964ae12d4b814b7d6
Glioma__enh_2335,2335,Glioma,Glioma__enh_2335,test,Glioma/enh_2335.png,Glioma/enh_2335_mask.png,f31892d141f9f02e01e0c2c0b9d2164bce99067d045d9ae26ea9979d5f9222e6,c563a8462026e18ed3aee1d450d7ef315b358c17e01d49a350700a545cb97efd
Glioma__enh_2339,2339,Glioma,Glioma__enh_2339,test,Glioma/enh_2339.png,Glioma/enh_2339_mask.png,cdae6a9fb6ee687c9aa3e28c3f54f0188a0b2416796b2802710fb6ee473704ba,af3a5a73f52e7b62ba44019785ddb4bef97f9b3d2718c618e9e4548aa24e6e1f
Glioma__enh_2341,2341,Glioma,Glioma__enh_2341,test,Glioma/enh_2341.png,Glioma/enh_2341_mask.png,4ce8beb181e95435d34655d515c15e1eddf7b439233d9f5b5f4373fb0b7fe07d,ecb6731c02e83c52253ed43b4cd2570cf2252aa67d1c98234a06b3a08a022fbe
Glioma__enh_2343,2343,Glioma,Glioma__enh_2343,test,Glioma/enh_2343.png,Glioma/enh_2343_mask.png,03dfad4892de5c68f74a0f92c4e4756df93db208dbf37f1965d1e573e09c7045,bbb9616623307d6e0a893cc7a7e04a75854e4c3c533e316ed9a26d48bc22f40a
Glioma__enh_2359,2359,Glioma,Glioma__enh_2359,test,Glioma/enh_2359.png,Glioma/enh_2359_mask.png,c6ffaac21ca64adf07cb450a370fbc9a7a57b4bc81790645bb734f726aa30c2d,3e823e1f9681ffbf7afa83208d8be4be11687e0da32bab312517563d839ff85d
Glioma__enh_2372,2372,Glioma,Glioma__enh_2372,test,Glioma/enh_2372.png,Glioma/enh_2372_mask.png,c61fa3f64778064c864ec3a764b0defdad04a2440c89673be05379be0974a4bf,712ff552584fe0af918fda5589f263fcf77562aa19dddba77a4f640afb58d0dc
Glioma__enh_2381,2381,Glioma,Glioma__enh_2381,test,Glioma/enh_2381.png,Glioma/enh_2381_mask.png,335c49a6e9ee361941f09f4ad00dbe08f3e68904783fca2292ee01540ce08193,b51b5a84acea86b9e5ce5cf4f1887e47fdd145de2922aad739002c265ae248cc
Glioma__enh_2385,2385,Glioma,Glioma__enh_2385,test,Glioma/enh_2385.png,Glioma/enh_2385_mask.png,b1f00cf431a710a35c4ac34e339c943c21b80ae8305ad955d7ecf7f3c8a4d5a9,1fcaa69547764159c538e994d1b826affa9ac4ba2ee36d8f6b4ec68d8e42bf21
Glioma__enh_2387,2387,Glioma,Glioma__enh_2387,test,Glioma/enh_2387.png,Glioma/enh_2387_mask.png,449949187dd17fa6afb2ad922835780d0585631834effce19e8dc4501c18f4c2,8a1da4b3aedf08473cba829679bb0a892d80cfd409c37c234491edd50ac889cf
Glioma__enh_2391,2391,Glioma,Glioma__enh_2391,test,Glioma/enh_2391.png,Glioma/enh_2391_mask.png,fde448e8174a49375625c788dcef05ae522a004f358046b82fc03fbf849ee7bf,25a87a06333883cc0786cffce9f46678e6b3b1f67189cab548f640827e9fb5c4
Meningioma__enh_3,3,Meningioma,Meningioma__enh_3,test,Meningioma/enh_3.png,Meningioma/enh_3_mask.png,f13fdcc1691a473256a3ef44729b36eef020403687add2ba100c182b45d275c3,a9e72ea69f125a17b06413a2b5c8d3708a6213e930f5772ba2c44cc9e889aaa3
Meningioma__enh_5,5,Meningioma,Meningioma__enh_5,test,Meningioma/enh_5.png,Meningioma/enh_5_mask.png,54a8e4f6bafc0869029cd391078460bf67dbf0e50faa27511927655d9cb9acf0,b79c31ca7c92e4fe77b6490f7a31f9bee44e08ed16307e8422e31ff3c1d5a97e
Meningioma__enh_8,8,Meningioma,Meningioma__enh_8,test,Meningioma/enh_8.png,Meningioma/enh_8_mask.png,e936065fbc9117c37ac7c5c4de8c3a27a04bb5e0bef6b1b5f6dd6c8d939c4122,b6d060a8802f0418a6a7c45948c6ae42b69bc81085168480b945f157de54d51e
Meningioma__enh_19,19,Meningioma,Meningioma__enh_19,test,Meningioma/enh_19.png,Meningioma/enh_19_mask.png,c312a76bb451a43847926130c1cd2c75aad394a1a83bc9896ab9b78466372028,c31ca5482f7369c8df55b2d1ba79cb6df299f94d39363671f2f99ea77dba3155
Meningioma__enh_22,22,Meningioma,Meningioma__enh_22,test,Meningioma/enh_22.png,Meningioma/enh_22_mask.png,a40b7dd3de754906a6dc1d17b8fe91f0b2432874d21559c962fb9b3c0f06e9cb,ec0f59351456fa8919bbdff723e2a3a99dc75184dc2a3d4394eeff24f653bca2
Meningioma__enh_24,24,Meningioma,Meningioma__enh_24,test,Meningioma/enh_24.png,Meningioma/enh_24_mask.png,d69652f88578dc906296cef8ab3e8a9e19fbecb77bdb89b82f0a372762c53aee,7416c34136f97151f8401ec4409d39ba20c1930b48401f6800b15ed1ffd20866
Meningioma__enh_27,27,Meningioma,Meningioma__enh_27,test,Meningioma/enh_27.png,Meningioma/enh_27_mask.png,1c7d44ee705146b6662a0dd89b707701a2ec8720ff5b0bd12e9e5c4cc6314d12,6c3bb79cfa447ff76f394bef9c9e46d0b6fb0ef0dd6f8dfa2b00afad9593ca82
Meningioma__enh_37,37,Meningioma,Meningioma__enh_37,test,Meningioma/enh_37.png,Meningioma/enh_37_mask.png,b8980c34d5161928c34d81a96120bee3ddf7b02c9fdace0fef5a5bf7a8675639,6226a2dc6c0a86511d016d92131d33601d1ab14058f25ccf1e82e4a1a1a68fdb
Meningioma__enh_44,44,Meningioma,Meningioma__enh_44,test,Meningioma/enh_44.png,Meningioma/enh_44_mask.png,fb97a885ed197db0bf09fbca15bd5f5bacfde4c197a4d29fd3f0c52ad653ba41,58df9b190973be5ae3b4efeaa4e5632bbd400deb2daf7f3ff826496f4cad0792
Meningioma__enh_45,45,Meningioma,Meningioma__enh_45,test,Meningioma/enh_45.png,Meningioma/enh_45_mask.png,ce3968c33367595856d2421587c2ae041ce0ea28ac3dd30f555546531a03516f,475ad5d8422f6ba05388de8a7f04b19a71bf0d989857ef3f0741d371160149a8
Meningioma__enh_48,48,Meningioma,Meningioma__enh_48,test,Meningioma/enh_48.png,Meningioma/enh_48_mask.png,cc4c26bb4d2c17dccfe9140168820de9cebf83625edc526fb7c7b8caf55e5c06,8f739dae86d705e17f829e01217f8c934617fbf027e615cc7e3fc29b436d0afc
Meningioma__enh_51,51,Meningioma,Meningioma__enh_51,test,Meningioma/enh_51.png,Meningioma/enh_51_mask.png,cf484da7fc289deda1d2ba9dfe9fedbc55890751d47df25db3b4a5fd85924134,ef8f3fccaed937b36dff170382e4702005ac854f74dd25ca1886f545016675de
Meningioma__enh_55,55,Meningioma,Meningioma__enh_55,test,Meningioma/enh_55.png,Meningioma/enh_55_mask.png,0ec56a35e75cbfb6491ee46efd292522ca1603d89f305d67e5086e484eaabb1d,cd441aa473dc16309f1e5965ac142d12305ef043e57f44cfb93a28a40c6f537f
Meningioma__enh_56,56,Meningioma,Meningioma__enh_56,test,Meningioma/enh_56.png,Meningioma/enh_56_mask.png,a290061e409ee345a9f8e6ae7691f99949435fab2444121253fca8aa669382ee,7204bc35122f598ab1eee004dc67f8a4589e50385695e62362a8be2966abe042
Meningioma__enh_72,72,Meningioma,Meningioma__enh_72,test,Meningioma/enh_72.png,Meningioma/enh_72_mask.png,68ac4d9697d816501133acd94210a89b1b5349ca1e5eb352e86a084c23960108,0e4da41e8c6081fb96480ebfd59fcfe0af02ef734084a053ea7621a130cac16c
Meningioma__enh_92,92,Meningioma,Meningioma__enh_92,test,Meningioma/enh_92.png,Meningioma/enh_92_mask.png,0a69cfdd05a5973622cf29e69e2fd0c30f1e8b500b31b3f9e50a2cac85199bb3,e281e902327db166810636c3c3ee4bc136723c2c0648585bb7e532229ed4492c
Meningioma__enh_93,93,Meningioma,Meningioma__enh_93,test,Meningioma/enh_93.png,Meningioma/enh_93_mask.png,c272a3c5d32d355081921003c9a2e71d72fe1c5ff3a175dd674c1e3401607029,2804a7492d3f1e20db849863b89ea4e7edd1dd19038cab3b47c1cae5ffaca624
Meningioma__enh_107,107,Meningioma,Meningioma__enh_107,test,Meningioma/enh_107.png,Meningioma/enh_107_mask.png,53b7b616a5d0bd351851d4d0d22e38655fab42f5454d67021919d33d6c60b039,9f900933c83284e5b5fc3056d7a4e6e5ccb7db5acbdeef48c3bd03ea589f33bf
Meningioma__enh_114,114,Meningioma,Meningioma__enh_114,test,Meningioma/enh_114.png,Meningioma/enh_114_mask.png,9370de6ccd0fc90d44bbc93000383e9f288acb9ff0bb15f4f794fe33cefdc67f,f487933c57cf19c0fac8ca7b8d850f33b45dc24bdae5bfd2a46766bbab18c7aa
Meningioma__enh_118,118,Meningioma,Meningioma__enh_118,test,Meningioma/enh_118.png,Meningioma/enh_118_mask.png,7e43a81b2a8443f0ebc952ad4bf9c57393f09ca406f3c32dd0f3edeab4a0a9eb,83ba8266b81c0bd6672e665561b4e88360d570eacb0b6f30bf6ba6fc5be4002e
Meningioma__enh_120,120,Meningioma,Meningioma__enh_120,test,Meningioma/enh_120.png,Meningioma/enh_120_mask.png,72e32a4b18972012f8f86d199f328645d3c09c5c3c03ef05aeba91766f92a456,fea2689d6e2baecb80b9bc8737ae46166ac200748383da2612d2ef2b8ebebcc2
Meningioma__enh_124,124,Meningioma,Meningioma__enh_124,test,Meningioma/enh_124.png,Meningioma/enh_124_mask.png,51f967f19a7553443786583b51fbdedb12a1e2929979430a005feb0609cd0c50,e1f5f596e90365c74205907030f24922283553bf113d1158d382e1c8fd28ea06
Meningioma__enh_128,128,Meningioma,Meningioma__enh_128,test,Meningioma/enh_128.png,Meningioma/enh_128_mask.png,92e1a46ac5b82d7ef6000e6723d30a380d566836a8c6daf51564895e9635bb3e,cce3b4bb0f6b84cbac7518dbdccfb0a3b9cf4d9182ec184f446e50cf12b06e1e
Meningioma__enh_143,143,Meningioma,Meningioma__enh_143,test,Meningioma/enh_143.png,Meningioma/enh_143_mask.png,f6469e62fc64379a57c6319f9fbd34c418710a149db1055367f639970c15ff63,b2859c6a2113dba8c44ac02a277d0a4d480aec1c75eace2317a82002e93658da
Meningioma__enh_154,154,Meningioma,Meningioma__enh_154,test,Meningioma/enh_154.png,Meningioma/enh_154_mask.png,7923b0a86e48ccf1f65c045bd96e60d06a58a5985ee01733bfae305b64ac4a23,a7d11bd822db96a3b3b74c3067957d62893248d891a956f127d88262f7a169fa
Meningioma__enh_155,155,Meningioma,Meningioma__enh_155,test,Meningioma/enh_155.png,Meningioma/enh_155_mask.png,eb5fd625010688274594329ce98289334ae81975ae7f981d16fb25b601f9345c,4ea50b83cf4cd08dc768d15d79ed536849906b329b234c63b4394914f27cb8a9
Meningioma__enh_175,175,Meningioma,Meningioma__enh_175,test,Meningioma/enh_175.png,Meningioma/enh_175_mask.png,1b69d390b06e41613120faa22cf20542821f7b1125e88af75a7922f94d8eee2c,3ff609ec319efed24bff31b133fc1a4635cafc2b26f249c3145e43180ffe9086
Meningioma__enh_176,176,Meningioma,Meningioma__enh_176,test,Meningioma/enh_176.png,Meningioma/enh_176_mask.png,fb829618a5add1d34c75cdbbe3d295ecfd667972e8c1c4ce9fc72983055c691b,6ac34e671b302b0191d251c84024dee05082a8c6cf07249886bbc8690e5e1769
Meningioma__enh_178,178,Meningioma,Meningioma__enh_178,test,Meningioma/enh_178.png,Meningioma/enh_178_mask.png,56e5e552c036cde3e115ec97887fde43db2d329b45fef7d4db2cbe030f8a8109,07da9850538fdc775f86753fd7e822beeaaf5feb17d71eb4c93787b7744722fd
Meningioma__enh_193,193,Meningioma,Meningioma__enh_193,test,Meningioma/enh_193.png,Meningioma/enh_193_mask.png,fb590e3ab4169a161e2c0f41618f5983fc13699321fa7b32559892b9b3f9cfd1,f9d706cb82e1cd30cf7d3a24818e39cb9d39dc51ad77d65de858f788a634230b
Meningioma__enh_198,198,Meningioma,Meningioma__enh_198,test,Meningioma/enh_198.png,Meningioma/enh_198_mask.png,cf684a3d8cd37fe40589711b629ac5cc1d27601844fbdd1bef820921cabb730f,3354f00c5ab658bbe10639e5d3757eaeb6cca0b0317f8b1530b9d96f1aca039e
Meningioma__enh_212,212,Meningioma,Meningioma__enh_212,test,Meningioma/enh_212.png,Meningioma/enh_212_mask.png,da5d9c39a6aac9eb1affde6d891059006d86457a63dfc32f0c6d7e10f4655633,dac94e2b5c2c0fb39d5cc4f80d36e5b3d502aefcb69cb0120749bd1d8073583c
Meningioma__enh_234,234,Meningioma,Meningioma__enh_234,test,Meningioma/enh_234.png,Meningioma/enh_234_mask.png,5107e8596b9121978727a08553fd729034756183689d4436542e2bca79fc837f,793874ab6898a2e287009ba6e6aabf018b2394286d0a089843628bf1f51929be
Meningioma__enh_237,237,Meningioma,Meningioma__enh_237,test,Meningioma/enh_237.png,Meningioma/enh_237_mask.png,1a42355702b2ce5a524967151bdbf83e34ad6f1d7c03e0990b3f94c5c01e9893,25495e9104ab86fc7884cc92045ea4a63c2f2e05de770ebbe28b8504a644d2cc
Meningioma__enh_239,239,Meningioma,Meningioma__enh_239,test,Meningioma/enh_239.png,Meningioma/enh_239_mask.png,cf975faa9a70b783d0482a547104f8416b59aa713383e9e5320ba76ee9faf7f2,594fa63cc157ed594a4060b9f9b586ad7fdf712e6972bb68f1a42365e5df1f4d
Meningioma__enh_243,243,Meningioma,Meningioma__enh_243,test,Meningioma/enh_243.png,Meningioma/enh_243_mask.png,647eec4c6bd419e8cae22a3b30900e132e625b231c768392870d86c2e7e49541,8de29b1d6209bb1bd78d1166da0a27fb381fca07331e2189fe9804a701e49725
Meningioma__enh_245,245,Meningioma,Meningioma__enh_245,test,Meningioma/enh_245.png,Meningioma/enh_245_mask.png,d816ad6e2170b8461e8e0942a74e954e415773c643c56a15f1103dbf3bf7ffe1,140df3129f7a830f5d6f455dfd9044ba850019094ed14687c2edb43f2aedf2ef
Meningioma__enh_256,256,Meningioma,Meningioma__enh_256,test,Meningioma/enh_256.png,Meningioma/enh_256_mask.png,a4d8928d3fa382903cc00aec90750603fcdc03ed45b6957982267c3d1879e8ca,a271826bb92c78e918015c12140092e167fe3ca305ceb5be7ead7c56d8609e21
Meningioma__enh_260,260,Meningioma,Meningioma__enh_260,test,Meningioma/enh_260.png,Meningioma/enh_260_mask.png,4a22e9e2a0b5531b5ae9d5b4aaa23276562c55d21be0ed4c508f518180c06558,85a33e1358491561c13ec65d3b2bf23a71ae55d14c5694476ce97fb1b9015d6b
Meningioma__enh_269,269,Meningioma,Meningioma__enh_269,test,Meningioma/enh_269.png,Meningioma/enh_269_mask.png,a80331bb73f67fa2c3d4c154c40975e35ec5a1d2c0040dce333f693149c3e717,f6708f164a53f03c7549c62cd0f2ea304e80fa64b49d6401701c7d68e0c256b1
Meningioma__enh_273,273,Meningioma,Meningioma__enh_273,test,Meningioma/enh_273.png,Meningioma/enh_273_mask.png,283e8ba4f3a9938e00f61faf12754a156e757bab18a578b84903c02b4ed7e7e3,1930a3cb741e76c311bb7f2d7f1f760a42f9eb709ea3648208d9f2074b726b21
Meningioma__enh_281,281,Meningioma,Meningioma__enh_281,test,Meningioma/enh_281.png,Meningioma/enh_281_mask.png,1e80dc5231894b58703b49ebd52737d22eb2d59460a22beda850dc0e6bc4c66e,74d9a00f4383a764cb649dbde8a59e13eafe8d36a87038ad9ba2776be87a3374
Meningioma__enh_284,284,Meningioma,Meningioma__enh_284,test,Meningioma/enh_284.png,Meningioma/enh_284_mask.png,f2ca05da4f97f25e7df0168a52ec1c444ebecd92b3b6567f5e3c7ce9056d565a,f6c6bc912bd2c16058f3e17e6e38033e45244545060344a7aea1590201b358e5
Meningioma__enh_289,289,Meningioma,Meningioma__enh_289,test,Meningioma/enh_289.png,Meningioma/enh_289_mask.png,325f6c521ab24f40591a315f9e61113e55c4b174c08e55844c2a2c5e3349e47f,fa44f27ff3ecc0d12160d6a0c4bac37a0b18fcb48f294e90293d3f98244a82e9
Meningioma__enh_294,294,Meningioma,Meningioma__enh_294,test,Meningioma/enh_294.png,Meningioma/enh_294_mask.png,1a0ed50603348a456e31971272c5f3e0486a2197a13d821483c0e4ca973fadbf,38da04bd526a8562e2ca97f3424885facea154f487bc67a3a45be57ae2605091
Meningioma__enh_300,300,Meningioma,Meningioma__enh_300,test,Meningioma/enh_300.png,Meningioma/enh_300_mask.png,f2b29dde44db53c78dca02b363877f66a23bd19808d58765de29169844c18f86,38c74ac34d25d64421a9a9ac7fb40e74867072f54dd13c6824908bdb3f462ead
Meningioma__enh_305,305,Meningioma,Meningioma__enh_305,test,Meningioma/enh_305.png,Meningioma/enh_305_mask.png,e522621d5a739379b519e07a9b52554b2dc68f106ef38e7819abb779ece1d80a,094906000ef0af9559a1d768251af33b3145514428e853062c615646ee563a54
Meningioma__enh_338,338,Meningioma,Meningioma__enh_338,test,Meningioma/enh_338.png,Meningioma/enh_338_mask.png,9e74ab1477d8fc7c57656b62d8f2ad7d2288fa68ec267cd04a9b54f532959452,1fa79cb1da73429c078d7c3d9ab88fd59df1585fe1954bcbe3376dfff7f34927
Meningioma__enh_346,346,Meningioma,Meningioma__enh_346,test,Meningioma/enh_346.png,Meningioma/enh_346_mask.png,70b1920498cbace84738f1406508408ec12ab788792c17d507ff85ad296256cf,8155e6fb6a61f53aece43915d84e1bcd3441669f9dec4ff7580fb919f7fc381e
Meningioma__enh_349,349,Meningioma,Meningioma__enh_349,test,Meningioma/enh_349.png,Meningioma/enh_349_mask.png,da4de0e935256b5da9268833d337233f3563409faaf4c43147b009e96a138a02,ea782692327d867228d110790db8d0798991b8311480b1a7e997c8edfa9c698c
Meningioma__enh_365,365,Meningioma,Meningioma__enh_365,test,Meningioma/enh_365.png,Meningioma/enh_365_mask.png,c61eaa9bea8ee70ba52ee05bb018806a20634dfe6502d7e42064bf4084ee4016,018f2b8a5bb375462f288e94931f742283af77528ec0307e32fe10aa6f4e8872
Meningioma__enh_369,369,Meningioma,Meningioma__enh_369,test,Meningioma/enh_369.png,Meningioma/enh_369_mask.png,b0972634cc81ace6949265b634fc130d352515cbc54a3f5b4aca121fbbdcceef,954bf723c86819aa769ea42dc1b8cf1a91c89853299227dbe69a49219d86a58a
Meningioma__enh_371,371,Meningioma,Meningioma__enh_371,test,Meningioma/enh_371.png,Meningioma/enh_371_mask.png,f09033ac9aa49d4c29c36039d65f6f71c32950adca7c55ffedc562edda8dedd8,afb08f909be7417dae0ca54ddf90652dbbeaaaecfdb266e0524c7737e75bac62
Meningioma__enh_373,373,Meningioma,Meningioma__enh_373,test,Meningioma/enh_373.png,Meningioma/enh_373_mask.png,8e6698bc6bb9d5d5e38bb0928bd8e322adb1b38264bb9d41af2a4d826502ff0d,8a44ede47780ab4ebcd22238f9ca150894fc2e682fc2c057a6f6c1c4399d9fc7
Meningioma__enh_378,378,Meningioma,Meningioma__enh_378,test,Meningioma/enh_378.png,Meningioma/enh_378_mask.png,989e584cad2fe441516edcaee8ded535fe2a1135c4f1129484ea9b0401951e3e,a17ac640a2cc1456282e2a301fc8f6da53c44ee4109d8a981d6ad5fe27227959
Meningioma__enh_381,381,Meningioma,Meningioma__enh_381,test,Meningioma/enh_381.png,Meningioma/enh_381_mask.png,92cf6389431901d4004c9b07ca58387ea9a1f407f2b711b562693b83f4faf436,2cef3057066e18f2ab8da177d5ba6c77c16f59da2b548b98f33b72c1e2062a7a
Meningioma__enh_386,386,Meningioma,Meningioma__enh_386,test,Meningioma/enh_386.png,Meningioma/enh_386_mask.png,93385744fc682f2f701c0a92cd3e5c8b674c5ac4b36de54c3325d817e843c4da,c8cfb3a61fd3c641f8aefc6fbc6d0821bf98068ff17e8073f18314cf2b6a29ff
Meningioma__enh_391,391,Meningioma,Meningioma__enh_391,test,Meningioma/enh_391.png,Meningioma/enh_391_mask.png,c7dfbbbe926db9700ecd7a48402cdddb54ea2b0005633680aa424fcc35388904,75c0036bb9ef687f086c8c99dc3a31d7f9efa07f26bcaaee909bdef7d4d1b6d6
Meningioma__enh_393,393,Meningioma,Meningioma__enh_393,test,Meningioma/enh_393.png,Meningioma/enh_393_mask.png,00ac2d2c425da2cf78fd36db8561d3d7c15917fbb839af5793542b376b3a3dfb,bc19b90fbd9288dfef77e84f773da628a9e9899e15077aeebc929822523ea445
Meningioma__enh_403,403,Meningioma,Meningioma__enh_403,test,Meningioma/enh_403.png,Meningioma/enh_403_mask.png,af2e89beeb6a621eca9c1dc18712334a7e01d4851b4ab555df345c2823c786a2,26728da62db4a95d0ae1299db04b1e43a7d1e91b1dbdb768a3afc0b67c37b953
Meningioma__enh_409,409,Meningioma,Meningioma__enh_409,test,Meningioma/enh_409.png,Meningioma/enh_409_mask.png,72b58cae07580eff1c24bd2ccbbc6b32af8b7e87161869a8488b6b20bfd824d1,dc53a695f13eabb3f95eda285313c43a1320e18302be7147810ea94363fbb9cf
Meningioma__enh_414,414,Meningioma,Meningioma__enh_414,test,Meningioma/enh_414.png,Meningioma/enh_414_mask.png,94db8a884a65db692ec836905598ccfa9e3e37bab173cc23f2034e92f054cc4d,1359e8de2297db4167fb309e1b72b28a6177141592ceb05bbd8d946ef28db238
Meningioma__enh_416,416,Meningioma,Meningioma__enh_416,test,Meningioma/enh_416.png,Meningioma/enh_416_mask.png,52d390af9833ffd26e0ffd1d94ed789b5c2706f7cd29e0a7a6cfc0a325c86d84,a84982192364762bb63c2cd48f204a9c64e1960327353e8cf46c7c1f747352fe
Meningioma__enh_423,423,Meningioma,Meningioma__enh_423,test,Meningioma/enh_423.png,Meningioma/enh_423_mask.png,9464718e4d0c725ff25e7259476951295209067ac2d16971c68c0bf5b8f36276,a65b23f7b11ee9c74ea58c64b3a75054e9e6f3f73914468d1136d22f0deda372
Meningioma__enh_429,429,Meningioma,Meningioma__enh_429,test,Meningioma/enh_429.png,Meningioma/enh_429_mask.png,09ab48fa074293b33b4963b36cb0709e47a0b7ed5dbcb363345fd45f33579c3e,c5dfc632b4c60696f33073a788371a5d5f22008a1f0c35e4c906c70c4c279ff6
Meningioma__enh_433,433,Meningioma,Meningioma__enh_433,test,Meningioma/enh_433.png,Meningioma/enh_433_mask.png,5a2d40593975ebee79749e69bc7451790e84bdaf7ca46dd28ca4286594189717,1bd03dca04f613cb5b1994d16850e5361d1845071741d051c37505d794c645fe
Meningioma__enh_437,437,Meningioma,Meningioma__enh_437,test,Meningioma/enh_437.png,Meningioma/enh_437_mask.png,f7d6394777b1fd5403a57048618fbf3967938b3a9b876bf89f962ec0cb159e4f,bde82ff5b1ce0beab35508b248649b65f8f18d6a5eb72c40d7dfa38ff7fbe695
Meningioma__enh_447,447,Meningioma,Meningioma__enh_447,test,Meningioma/enh_447.png,Meningioma/enh_447_mask.png,8fcfc6e6cee1421caeea22b88a8da5ebee75b828db02336288916c1ca5d09277,90e6cd1408aed648fa27379571be5d32401d7b0350560132c29801e36cbfb936
Meningioma__enh_448,448,Meningioma,Meningioma__enh_448,test,Meningioma/enh_448.png,Meningioma/enh_448_mask.png,3eb805004ff5e3e9646d5b914e613d1b1128012d41679478f683629c54fce2e1,5f969c3ac249ebdd350d25fd799c2c766b962bb176476bbd574474e03be31a78
Meningioma__enh_449,449,Meningioma,Meningioma__enh_449,test,Meningioma/enh_449.png,Meningioma/enh_449_mask.png,4cc814ba3909654e6e184ea88ca848e798deaaed01ddefcbf31c780826e97ca2,bad837f189ceb6f1d77c921726824eb4838f9d9c24defc149452efe124672f7a
Meningioma__enh_452,452,Meningioma,Meningioma__enh_452,test,Meningioma/enh_452.png,Meningioma/enh_452_mask.png,44f1a5a4d334ddacbe86c9050a8e7f24109113323907aa11bf948c93bcc9126a,58e98d7ad3fd210fda2cd6f16688c60b4c32a9a7ccbc761b138684a3e60fdbb0
Meningioma__enh_453,453,Meningioma,Meningioma__enh_453,test,Meningioma/enh_453.png,Meningioma/enh_453_mask.png,e93d61dc54328d083d89e99c79d79bda302c02707dcf68bec44b4bf2019ba241,441158c09389a5d0448db082131b3b719471a5d409849e63d399df5844aefeec
Meningioma__enh_458,458,Meningioma,Meningioma__enh_458,test,Meningioma/enh_458.png,Meningioma/enh_458_mask.png,02bb546c2d2dc3e4ff54ab6a254b4167f2c66d47e6aced802dbf67d6c0f20758,ebeee76b3f0fb02a3a91efeb00ff5cc18823fa63d578e8f81e7f80994b583ad7
Meningioma__enh_470,470,Meningioma,Meningioma__enh_470,test,Meningioma/enh_470.png,Meningioma/enh_470_mask.png,8be1c9cdd90331f3e77304b5f8b64b07628c8bc5a32ad968b60ae02089164347,f5e929cbec824de8066c33daf419d74d066902929203510d9e98457bcb9684a9
Meningioma__enh_488,488,Meningioma,Meningioma__enh_488,test,Meningioma/enh_488.png,Meningioma/enh_488_mask.png,13b287d162ac2fbb130f57b001d09533449da9725f03a2238a154f37a623ee57,280c1d2406bafd3e3a28fd3caf69470ecff0c83a802d516bdce2f6cbd11b48af
Meningioma__enh_491,491,Meningioma,Meningioma__enh_491,test,Meningioma/enh_491.png,Meningioma/enh_491_mask.png,39a30feca573f40a6213320d7919fbf00c08d68277e03853a94123d67524e27c,7e87cb4a49e53e2c4f739f370807a41ea0b27120b48e38cf2b872c55760c2a21
Meningioma__enh_492,492,Meningioma,Meningioma__enh_492,test,Meningioma/enh_492.png,Meningioma/enh_492_mask.png,ac870d98d264243f3af0ce09f1a526ecbc6017d99626af3c33c6188ea6e40493,a1616a11b76e884861a36e7e819a55a81372c25718b8ac2e5aeca53eafbc9af7
Meningioma__enh_494,494,Meningioma,Meningioma__enh_494,test,Meningioma/enh_494.png,Meningioma/enh_494_mask.png,b17d67df33ef0648721964814007e3fed66f5dc4c69127e12f8ccc25ae44190a,397f9b573f79d19fc5f1159f537eeae55cfe311574b786d583f692eee05db202
Meningioma__enh_507,507,Meningioma,Meningioma__enh_507,test,Meningioma/enh_507.png,Meningioma/enh_507_mask.png,4ea59ea915629ab3adf814a282f8c287cb5750bd6049d12fd9bd60509d93f7ca,0d410d65f50c288e7a3167e998d1499c08c2831713b6e04206d8f44ef3dda0b2
Meningioma__enh_510,510,Meningioma,Meningioma__enh_510,test,Meningioma/enh_510.png,Meningioma/enh_510_mask.png,4e2969c3242baf04c5e441e0716e736588e802436799f486cd5c260a60003788,23157ad7bea450ee10db2cad5f0689469abc9846cf978f685f28c1e0e77861d4
Meningioma__enh_517,517,Meningioma,Meningioma__enh_517,test,Meningioma/enh_517.png,Meningioma/enh_517_mask.png,4df71b01cf36bf7c2f1bcf336f1072906dcc624dcdba0d299eac5c4ed1a2d5e6,1292872da150538a8af689d4d544226335f2bbcda18cccb2dec5f6ea612f9ed8
Meningioma__enh_527,527,Meningioma,Meningioma__enh_527,test,Meningioma/enh_527.png,Meningioma/enh_527_mask.png,7d4dc2832dec08dce37a9b644248ac89178f965f523be53252a5cd9256915030,3907d83bc3b6ad8acc1bf142eb63ff83759aff17276e35b4e47b31cad70afdeb
Meningioma__enh_548,548,Meningioma,Meningioma__enh_548,test,Meningioma/enh_548.png,Meningioma/enh_548_mask.png,8581fad707895cdea45325c123e3bf5c1cfb03581c5c326b8c25ed1b955473ff,b83492db55d1c9c1c7d8f88b41e8ab5665b1e9be965c96773620546423e36d99
Meningioma__enh_551,551,Meningioma,Meningioma__enh_551,test,Meningioma/enh_551.png,Meningioma/enh_551_mask.png,8d6f893df80faea3858b77feaef4f5ce0707aaa5d7c3bfc3b14075c5d71637ca,57c2e79ff74a52714692d9437a3903896b125a117ac47eb7312f8a0d73ab9d2e
Meningioma__enh_558,558,Meningioma,Meningioma__enh_558,test,Meningioma/enh_558.png,Meningioma/enh_558_mask.png,84ac993e2c2a62af789fd93a4cf481769a0219e86c9cc2e5a0a04099cdbf9f55,dc9fb4814644f71a88b34421eb50760b1c5beda860bb5027e6c64e31beb68aea
Meningioma__enh_575,575,Meningioma,Meningioma__enh_575,test,Meningioma/enh_575.png,Meningioma/enh_575_mask.png,6aeee42c5e704b8817835ee2d5184f32403dd140623adc6612cf84ed07aff5bf,0c5bbf301f9b0a5503880fd88b1215c658bf916ad8d4223bc6e2e90013ba0548
Meningioma__enh_580,580,Meningioma,Meningioma__enh_580,test,Meningioma/enh_580.png,Meningioma/enh_580_mask.png,d5a4d41c9529d52f56342afb3793ebac6d9e53a3fad5f56e710763496f15aa06,33916d7820ad16149831b1e8f6e1b4e69d4f7be80617fe62bc8d33974ffb1f40
Meningioma__enh_599,599,Meningioma,Meningioma__enh_599,test,Meningioma/enh_599.png,Meningioma/enh_599_mask.png,83fc5e11eb3c197ccfc27dc245b0043740788094f62cfeafd4a05ba055f28f97,ddb17141b77933978541a407b21cb99f91de32d73e7a46f749cf9b3a805d9bd0
Meningioma__enh_600,600,Meningioma,Meningioma__enh_600,test,Meningioma/enh_600.png,Meningioma/enh_600_mask.png,7ec27d829091492d98d5cd072650910cf3c4bbd388666e6d29438643f39104ad,e6acd77e50bce6268fb08b68c5ba6cd3db81c8c98e51cc8389b1afe6c0713f4b
Meningioma__enh_606,606,Meningioma,Meningioma__enh_606,test,Meningioma/enh_606.png,Meningioma/enh_606_mask.png,2767f63e898b952be61ab9762c56701b68b8a19b38f22198e4bf439155b97656,ce81e493f4d6d11d76c0367b8a1ab617fdc63d824b44dcaf0b4bc788c5caa4ad
Meningioma__enh_617,617,Meningioma,Meningioma__enh_617,test,Meningioma/enh_617.png,Meningioma/enh_617_mask.png,3b6c91ffa09688850f544f35e3a30af6eb4d9553aa8e1d3bb152d8f77c8101de,711fdc436743fe6a45f1d176252b8acd30b4fdd3d6c9c13570fa48bba8a0c285
Meningioma__enh_618,618,Meningioma,Meningioma__enh_618,test,Meningioma/enh_618.png,Meningioma/enh_618_mask.png,e5477785004a538b9c46d09a8585b2d062bdd13ed28a8f430fda5dc33ddc8c34,27f2757623c9da8bb246aafa2113c001ebb5451b4c83aef9845929426a667db7
Meningioma__enh_623,623,Meningioma,Meningioma__enh_623,test,Meningioma/enh_623.png,Meningioma/enh_623_mask.png,3470d09c387b7e1c7c2cb76d550a2a27656756c973cc0bc9869ae83a6c064f69,bad6f66d9474ef888a424c71ecbff06cb7b43b5d27ae77cbff3005aa80a629fd
Meningioma__enh_632,632,Meningioma,Meningioma__enh_632,test,Meningioma/enh_632.png,Meningioma/enh_632_mask.png,4b5fe3c57ab7c509cdd3ff9f2a40541766cd5941833ae2e7af3983058ae62807,f4ad26f5d61fb8afdab7a4e62126d30d8c1c04d31290fb2d904dcf60139f1ca6
Meningioma__enh_635,635,Meningioma,Meningioma__enh_635,test,Meningioma/enh_635.png,Meningioma/enh_635_mask.png,226de38850c2c5cc5084cc0df472d2b6857bfc814935535c8ccade281ddfe9ec,90556421420f4e9a395352745725722061ee650772d5c557913866cde05bdb61
Meningioma__enh_643,643,Meningioma,Meningioma__enh_643,test,Meningioma/enh_643.png,Meningioma/enh_643_mask.png,7b22ece02a4ad9d5745690aba8f74e9be44878f3c99002e73b64df834f6af46a,e2ad158bc43cdb8d4f205a03ec36f61ce5093e03e86ffc4f664f772abd587481
Meningioma__enh_648,648,Meningioma,Meningioma__enh_648,test,Meningioma/enh_648.png,Meningioma/enh_648_mask.png,b298fcf81573ceecaf409403f0c41a88c2cbdcd60b1e83041e300a75c28b2afa,97cb2a6f5af44cce6003f7174c12c4500c5baab6a0dfce776dd3b61a404144b1
Meningioma__enh_651,651,Meningioma,Meningioma__enh_651,test,Meningioma/enh_651.png,Meningioma/enh_651_mask.png,226db273738b6093b8ec89fcd952fdaae900f4fa771ff996d166dcc0607dbd64,2d282921132f213e8f3cc27a74a02d0f40f5c06b75e05737d8ea542fce9ad48d
Meningioma__enh_654,654,Meningioma,Meningioma__enh_654,test,Meningioma/enh_654.png,Meningioma/enh_654_mask.png,d564140238d451e9723caab3fdb77e12a48de66bab408e436d06731e83208a9f,306e102891a197b3bc878e6865be4cfe8878cde116c17412f19a27aeabd49128
Meningioma__enh_661,661,Meningioma,Meningioma__enh_661,test,Meningioma/enh_661.png,Meningioma/enh_661_mask.png,7dc6373055b919e369ff4812d79d3883cb259709134fccc479a5e9cfc410f89d,0f273194ff9a39803057301cb1c1323b0e37507d630c301abfdb44a4868d53ce
Meningioma__enh_672,672,Meningioma,Meningioma__enh_672,test,Meningioma/enh_672.png,Meningioma/enh_672_mask.png,eae343c58934dfdc9b428ab613b379e5ea47ccf16906707e7af6afa72b068555,2bc628741bb53cfef6773dc9f4781dab92f66b6a9046a6f608085645638031f3
Meningioma__enh_675,675,Meningioma,Meningioma__enh_675,test,Meningioma/enh_675.png,Meningioma/enh_675_mask.png,7a4d254bba2a51718f30d0f23c065480fd9bf6dc792bb5506e9b2c1d7e11a79e,0884060d22dc2439cd02a8b14ed8921e04042d9b245804fe972431512e31106e
Meningioma__enh_678,678,Meningioma,Meningioma__enh_678,test,Meningioma/enh_678.png,Meningioma/enh_678_mask.png,d9c2aeeb4642ec6f00e451e5431986614eb1041ae8778beec3545705072e476c,1ae9797723782d5cbd5e253eda4e4a0da5eef05ac405b472b69b017f6f1d4996
Meningioma__enh_679,679,Meningioma,Meningioma__enh_679,test,Meningioma/enh_679.png,Meningioma/enh_679_mask.png,d6078504eaca570bc250b22dc7ca1a70c9a2ccbbe69ff6a2fa997814d3aa2d54,9e0c71d4ba7804f2adf8a0a37ebca3979b7bdf718e5f46a18ace3f1120f279f1
Meningioma__enh_683,683,Meningioma,Meningioma__enh_683,test,Meningioma/enh_683.png,Meningioma/enh_683_mask.png,7018ebc31f33051248392df9aed650b87c366a9e53e4bba9ddd729bd6a800050,a00beeeace5f0a00e5a4449657c4fa709930d582fbd3001279190fc66ba3850a
Meningioma__enh_689,689,Meningioma,Meningioma__enh_689,test,Meningioma/enh_689.png,Meningioma/enh_689_mask.png,178f769dfff31411d04fe4a7fb426ed4b93b1d874cb90af996c6819394a383fe,cb55bc5bad87f2c755181d86f6fd796a3910fe6bd3e38fa4da6a65eeca7c5008
Meningioma__enh_703,703,Meningioma,Meningioma__enh_703,test,Meningioma/enh_703.png,Meningioma/enh_703_mask.png,b7bfa826384edb179eaad54a7410d43f77bbe7f727d8fcc64d2ce0ed073afc4d,ffa6b17ac0d5e0305569207f5922058c4b03b3ffe033868fffc9bf6e9f02abd0
Pituitary tumor__enh_59,59,Pituitary tumor,Pituitary tumor__enh_59,test,Pituitary tumor/enh_59.png,Pituitary tumor/enh_59_mask.png,1939568a4aaecd19f44882ca8f0349ff6e7db9ec00db9c65a98c91852d6b4488,94ed7efaf64b3352aa2767d4f5724d85cdaed5a0b711f58997c37df61c3b28c5
Pituitary tumor__enh_709,709,Pituitary tumor,Pituitary tumor__enh_709,test,Pituitary tumor/enh_709.png,Pituitary tumor/enh_709_mask.png,a014e4b95d989badbe461fc4c0f8e9ce38b23f47a17f8fb85fff1b6178977d8f,789f2dac015a5b105db3809906f998a0647f6e3964bdca1c0dd2fc21f42549e3
Pituitary tumor__enh_710,710,Pituitary tumor,Pituitary tumor__enh_710,test,Pituitary tumor/enh_710.png,Pituitary tumor/enh_710_mask.png,320c891a8b03f4d4d1f62d360e9d9fe13e2234a01c036d31b93bfc9d4cb29e8a,ff2495a62b7f5141bf145735ab13893a53d6ea6c28dcfd2f26ddfa76acd2fa06
Pituitary tumor__enh_928,928,Pituitary tumor,Pituitary tumor__enh_928,test,Pituitary tumor/enh_928.png,Pituitary tumor/enh_928_mask.png,e5feeb05d3879b7f3bb9cdba1912fefd2afb6acb335f6ce05f2ff205e6a4bf82,5d674c3a4b4a37e8f77657dc4d188003f2d2073d14504858c9fb9f13a7b22d7f
Pituitary tumor__enh_939,939,Pituitary tumor,Pituitary tumor__enh_939,test,Pituitary tumor/enh_939.png,Pituitary tumor/enh_939_mask.png,d46a63896f5ab88b1ec956a9685e0c0a644d9001aef32071916d40c7b93d963d,ca9f1ce5e8854ddb1ecb40e93835c7d6e045bf37baaf3928e082acd4c5684e78
Pituitary tumor__enh_949,949,Pituitary tumor,Pituitary tumor__enh_949,test,Pituitary tumor/enh_949.png,Pituitary tumor/enh_949_mask.png,ec573bdd643553cc4625bf8b05531ce58d73f93f94b3c219c4ff0330c4489e26,e911f464c4f2274a467c6cde30bc5b2ca3ecdfe03cd8c0516bb044b814d39607
Pituitary tumor__enh_952,952,Pituitary tumor,Pituitary tumor__enh_952,test,Pituitary tumor/enh_952.png,Pituitary tumor/enh_952_mask.png,85185a40af22ee392e2d7e686cf3cab22fe33bfef8dbdf39a848cac28cd2fd08,9d9dd1197b81a6668fb3a492267a15c1de15f55646c60c76c00d2a0d6c221bac
Pituitary tumor__enh_957,957,Pituitary tumor,Pituitary tumor__enh_957,test,Pituitary tumor/enh_957.png,Pituitary tumor/enh_957_mask.png,3e2ff0ded008257a156970e6dff2a9b14a2ca15b8f5263f467c2abfabfe6a8ee,8583a9935866f7c06416f2f29c0b7a539bb41153f2584d49eb4dd2e249d488e0
Pituitary tumor__enh_962,962,Pituitary tumor,Pituitary tumor__enh_962,test,Pituitary tumor/enh_962.png,Pituitary tumor/enh_962_mask.png,91aab31fe1e77d2c572eea489e96186134baffb2409310f3479a8cb6b2860b3b,57ae085e89b222734c72fe601f43fa89c410559022db9b64827a7b7c1ca05db9
Pituitary tumor__enh_969,969,Pituitary tumor,Pituitary tumor__enh_969,test,Pituitary tumor/enh_969.png,Pituitary tumor/enh_969_mask.png,831d156d1687b06a85f762b0433e2217c9edd0e3e01c831fa2c0bf05d20337f1,4d1b671505885d7dbc67d0c4db784bccd217d25cec973a09fe481dbb341b72a6
Pituitary tumor__enh_977,977,Pituitary tumor,Pituitary tumor__enh_977,test,Pituitary tumor/enh_977.png,Pituitary tumor/enh_977_mask.png,fcce440cdc72e0307c48083ebf51baf6655c17a0465096e5ca80fe1a6ddb8778,031f74d0f02facf60756489daab2d8fedca024563da67435007a21775a3c4fa9
Pituitary tumor__enh_984,984,Pituitary tumor,Pituitary tumor__enh_984,test,Pituitary tumor/enh_984.png,Pituitary tumor/enh_984_mask.png,04c0f86aa58468a91be21ba49895c1a4cf9d74a2b838346f7daecfb03553f7fb,e2eab191e6c25999660c1e61c035e44abad21191f1e6e5b5b8ce874a0ab047dd
Pituitary tumor__enh_986,986,Pituitary tumor,Pituitary tumor__enh_986,test,Pituitary tumor/enh_986.png,Pituitary tumor/enh_986_mask.png,376440e2831a4b1eb87b003dced68712a110a83fd378d3205d615506c4893de6,7b75a7669ca6833eb16349be52d7836227d323d48aee54043a81381cae5acf59
Pituitary tumor__enh_988,988,Pituitary tumor,Pituitary tumor__enh_988,test,Pituitary tumor/enh_988.png,Pituitary tumor/enh_988_mask.png,42b62d3193fd8640f2cb7b6dbc44a960ebf3ae9cb3454c1c7de5fdf265f118be,ef194cd68e093a5dc1035f3ab02f55ee3ee27ff781951d60164e8e21fc1e4be3
Pituitary tumor__enh_994,994,Pituitary tumor,Pituitary tumor__enh_994,test,Pituitary tumor/enh_994.png,Pituitary tumor/enh_994_mask.png,2bb5e620a46a127ebede0aef99763c209441c4cbb8f0223c07be7c4356e06e96,98026ac3c0840a72821765fdc5184f5fce209495c880e652d95651ef6ff7cc31
Pituitary tumor__enh_998,998,Pituitary tumor,Pituitary tumor__enh_998,test,Pituitary tumor/enh_998.png,Pituitary tumor/enh_998_mask.png,5e364ffab5f07587e91d7a4ba118690acc2de9d94b429ac1125ae62c35a2b864,7802e71454ec4508ec02bb08e57729383620b69433c14dbe7f855281d2069429
Pituitary tumor__enh_1001,1001,Pituitary tumor,Pituitary tumor__enh_1001,test,Pituitary tumor/enh_1001.png,Pituitary tumor/enh_1001_mask.png,76b855cfb4644a806dfb7f185f30b129f593a2cda8ebda58c9684997a7973074,f2e799c327a4f5439abbcd4a914ec3751015ee69687b8771cd6d8cb67e24831d
Pituitary tumor__enh_1003,1003,Pituitary tumor,Pituitary tumor__enh_1003,test,Pituitary tumor/enh_1003.png,Pituitary tumor/enh_1003_mask.png,ac76301b43c7a076830f0908e183ab99b7cbd57cad7c75c5a1145a9e347094de,17748bcfe1003a10f97bb9c13e9c90ebd6c07e385aa2fc446adac32b3ffeb506
Pituitary tumor__enh_1023,1023,Pituitary tumor,Pituitary tumor__enh_1023,test,Pituitary tumor/enh_1023.png,Pituitary tumor/enh_1023_mask.png,8a34d927575772b3f7a9af588009f1fbd9ca8d1b0bc37ec5e5e2cd33f5b6dc7f,2e2625c90968a33155f38059740ea7bc438259889df2aae6b041f4402fcdaece
Pituitary tumor__enh_1024,1024,Pituitary tumor,Pituitary tumor__enh_1024,test,Pituitary tumor/enh_1024.png,Pituitary tumor/enh_1024_mask.png,2ba3ee651742d3670268fa10001aaaf82ad87dafadfeea0336022e787023a281,fe02af58ea62e422cdcb46ae07ba55253f2f108a65a8e7602d9fb7bfdcbdd5bf
Pituitary tumor__enh_1025,1025,Pituitary tumor,Pituitary tumor__enh_1025,test,Pituitary tumor/enh_1025.png,Pituitary tumor/enh_1025_mask.png,76d8105c898370ff81ee249a7e7c206c6e450f5ef408ab4c0bb5f2a4a5babd00,11dfced99cee7e9d1c48e12c8ad2b8ae4c43482abc37d5b072afbb99b0a939e5
Pituitary tumor__enh_1030,1030,Pituitary tumor,Pituitary tumor__enh_1030,test,Pituitary tumor/enh_1030.png,Pituitary tumor/enh_1030_mask.png,56099d91665fba60154952e28c15c0c04a0e9a86b5518d9cdab8186e4bbaf217,d266b67f62ccfe73333bfe8e489411d2c1e64c160c7e755b122de616098a42b3
Pituitary tumor__enh_1052,1052,Pituitary tumor,Pituitary tumor__enh_1052,test,Pituitary tumor/enh_1052.png,Pituitary tumor/enh_1052_mask.png,ce82e53d2637f5cc7be00dee06726dd01bfd03790128933e058661256cf11f0f,6d5f17556da18243b032850334a4faaed3ddf66bd9bd73a8e95e22e6a4f9a9f8
Pituitary tumor__enh_1059,1059,Pituitary tumor,Pituitary tumor__enh_1059,test,Pituitary tumor/enh_1059.png,Pituitary tumor/enh_1059_mask.png,26e155565d76a2f861ad18ce94427e2832272f48fb220a30d87fd41c17c62747,f5d30c36b596e821d98494c122fb7ca4592cbf949d289ee1dc3a654fde431548
Pituitary tumor__enh_1078,1078,Pituitary tumor,Pituitary tumor__enh_1078,test,Pituitary tumor/enh_1078.png,Pituitary tumor/enh_1078_mask.png,523ef62a7de292227a2d67340d8aee91b9fdeb279bb05583a373dfc7b1f0414e,c136394129d496661a69c8fae3df291bbdc5ec984c58233dd87e6d7946b997ff
Pituitary tumor__enh_1079,1079,Pituitary tumor,Pituitary tumor__enh_1079,test,Pituitary tumor/enh_1079.png,Pituitary tumor/enh_1079_mask.png,2e6ed0f2eedad9d5540370eaf0ba54707fd5692b10abec0cf2abef80d65800ef,c946b573effdbda2eda5d9e9fd22b3425eebe53a31f778d70e4e3c4bcdee5ae4
Pituitary tumor__enh_1080,1080,Pituitary tumor,Pituitary tumor__enh_1080,test,Pituitary tumor/enh_1080.png,Pituitary tumor/enh_1080_mask.png,02d772ba4ee9471cd91dcff6d587826dc61e844c8a32ba4bb640d95dbd8af84d,0033c2b2c1abb7ef740efdbc5469d4542ba543b7760a1be08ef1960e9dfe44bf
Pituitary tumor__enh_1101,1101,Pituitary tumor,Pituitary tumor__enh_1101,test,Pituitary tumor/enh_1101.png,Pituitary tumor/enh_1101_mask.png,0cf90aae72fa6371da597794e756f7ad08955bdf5b81f67d6ccbc222c68bf29a,1d445b074307c04b8b4370f0fe8511f15a022633861075dfe5bea5530ec72612
Pituitary tumor__enh_1120,1120,Pituitary tumor,Pituitary tumor__enh_1120,test,Pituitary tumor/enh_1120.png,Pituitary tumor/enh_1120_mask.png,c80f068b3564bff06f3651b59b0e685a2ecf7b96c7048bcb1e657b2cf3505394,4e4d5a07cb19cf37b0f01cdaa6fd0ad6d6d5b56e84ff6e808ca396d244aeb4f3
Pituitary tumor__enh_1128,1128,Pituitary tumor,Pituitary tumor__enh_1128,test,Pituitary tumor/enh_1128.png,Pituitary tumor/enh_1128_mask.png,a720f05f95f3728b109f022468a143d7afa05a25ab11d044393aadd65e6a36d6,f9f9dbcc56b512368eb0f37996501188c5842313683c7f5bc180d46c837264f2
Pituitary tumor__enh_1151,1151,Pituitary tumor,Pituitary tumor__enh_1151,test,Pituitary tumor/enh_1151.png,Pituitary tumor/enh_1151_mask.png,8ef154ce8602a2db7be849aaaa2030a3255a6fff9bfb1eb63c0456af87706351,f1a801b7ee55e1802a112d2d247eefc9c824acbe6ce95b1e4a6baa72ea332ce9
Pituitary tumor__enh_1153,1153,Pituitary tumor,Pituitary tumor__enh_1153,test,Pituitary tumor/enh_1153.png,Pituitary tumor/enh_1153_mask.png,6469927067458f6f3c5c09f65ee0b68e2959bb32be01fba11faf9e7b80b49a6d,4ef76c1dab5135933bf73579d27026b8370428b94f48fea09b9ed5e2162beffa
Pituitary tumor__enh_1167,1167,Pituitary tumor,Pituitary tumor__enh_1167,test,Pituitary tumor/enh_1167.png,Pituitary tumor/enh_1167_mask.png,40b7356310a4ed4219f45a77b334b5dd89eb1efcfaf16bb9943b81e053649b6e,8b87a5f14357500f143b955bfca2b3e62e2396fcd633ce80dc1b04ee8021e228
Pituitary tumor__enh_1172,1172,Pituitary tumor,Pituitary tumor__enh_1172,test,Pituitary tumor/enh_1172.png,Pituitary tumor/enh_1172_mask.png,1158b738428ef0ffbd2b76037867816daf57d69aaf44b04f845d8ab26a2b7961,2547ba58725c626ebbce159ca349150921361d6d893cf0b44e79ef1e03803ae2
Pituitary tumor__enh_1179,1179,Pituitary tumor,Pituitary tumor__enh_1179,test,Pituitary tumor/enh_1179.png,Pituitary tumor/enh_1179_mask.png,52b0a617857e4f29bda659d1a4d2ec9512f9e7ef480314209905a1089b3324e7,b3b7bd4591ce30a7f6f9fb523b0d98b3cc23e2dcb42aeb86690606c625f4a46b
Pituitary tumor__enh_1181,1181,Pituitary tumor,Pituitary tumor__enh_1181,test,Pituitary tumor/enh_1181.png,Pituitary tumor/enh_1181_mask.png,33781052aa6a6fa035d4a2313a96d2567bff362d3c0ee23b1a1d0ddaaf55e864,69c9a8cca928d9f818e301f9a94512a56cf48243f45db0425f2e32fbd4870daf
Pituitary tumor__enh_1190,1190,Pituitary tumor,Pituitary tumor__enh_1190,test,Pituitary tumor/enh_1190.png,Pituitary tumor/enh_1190_mask.png,75afa36d38ec7362c8d34502b1c1114fbc6189a8b1ad63438df959b8bbb993c8,fe5d3f4d8644516ebfbddd9c780a1b0207e7631db8fc4617dddf69ebd34d543a
Pituitary tumor__enh_1202,1202,Pituitary tumor,Pituitary tumor__enh_1202,test,Pituitary tumor/enh_1202.png,Pituitary tumor/enh_1202_mask.png,dc56d3518f8ee464f1c2b20b64f4b0aa49e4fae43469696634e8e26870ddf208,4db288483c679ad51a80d6ef8ac2ee23121d2d1c2f6417ea6becb52009d155be
Pituitary tumor__enh_1223,1223,Pituitary tumor,Pituitary tumor__enh_1223,test,Pituitary tumor/enh_1223.png,Pituitary tumor/enh_1223_mask.png,a8a7f827ffc92598d519af6d138835edec9592f3c71f0c7e91fbb22a44d24a02,cb56edb37b67f4147e0626344e7d6f92350cd8bc961216dbcc27abbbdf843372
Pituitary tumor__enh_1228,1228,Pituitary tumor,Pituitary tumor__enh_1228,test,Pituitary tumor/enh_1228.png,Pituitary tumor/enh_1228_mask.png,890c90cafeb1b5212cf86ecef05890b6dfce25a7c2f530f8dc51fab2f20b46da,465f9d9bf5cba3736fe96fc64cd82a768b139aab2b715512b9c6fb55997e0d79
Pituitary tumor__enh_1229,1229,Pituitary tumor,Pituitary tumor__enh_1229,test,Pituitary tumor/enh_1229.png,Pituitary tumor/enh_1229_mask.png,7dafdf162148cafec651434c9ec706b10bb5f7d9effd5c26a501d536a32cc8d8,a36087069c80c0fcea22b6eddc4adfe8cb0761580adc97a7f85e9b9517a8b215
Pituitary tumor__enh_1239,1239,Pituitary tumor,Pituitary tumor__enh_1239,test,Pituitary tumor/enh_1239.png,Pituitary tumor/enh_1239_mask.png,9f0bc686fafaf18f2bff97c0a37bed7220003fd8cba7e50be542e35565b00fc1,8c9e9d0adb3596f9f4c9ac99816e9f6775ea280892d0f5efc70959e123cc2479
Pituitary tumor__enh_1244,1244,Pituitary tumor,Pituitary tumor__enh_1244,test,Pituitary tumor/enh_1244.png,Pituitary tumor/enh_1244_mask.png,c751d9a5ed5eaf09b4ee49f322cb9f67fcaca72fa9dd4ccd206ad343178cf82e,fa414173fe24e7cafb6aa73d6d1d4f70575a03549688b2333f11c57727dba2cb
Pituitary tumor__enh_1250,1250,Pituitary tumor,Pituitary tumor__enh_1250,test,Pituitary tumor/enh_1250.png,Pituitary tumor/enh_1250_mask.png,cf44b05b08f0f41ca186f96077fb68ec86f6d3b6425f68ff94a07f67cd7aab5d,ae7feb985f407d5c74544307d5d4dce91b0584558a50ee8d9ce3e6ed82f98cee
Pituitary tumor__enh_1255,1255,Pituitary tumor,Pituitary tumor__enh_1255,test,Pituitary tumor/enh_1255.png,Pituitary tumor/enh_1255_mask.png,1722a81447edef5ebab012042118a8df9029a150dec3820978bccc5e9d31df59,5e2df51e920b028f2f6dc3dfcbd644da0e18ab91122b5d75d55b80447d99b50a
Pituitary tumor__enh_1262,1262,Pituitary tumor,Pituitary tumor__enh_1262,test,Pituitary tumor/enh_1262.png,Pituitary tumor/enh_1262_mask.png,e519a07166f292681da38aaa2819795e17ced6036d6b2283e069bd6290f20136,135ae5fd48efb32f98d2a7a625ba0cc480c7ae99fc52ef6d116a3d8f0a6ee85e
Pituitary tumor__enh_1266,1266,Pituitary tumor,Pituitary tumor__enh_1266,test,Pituitary tumor/enh_1266.png,Pituitary tumor/enh_1266_mask.png,88cabd1e9018ae400bb96fa9deaa819921cf2ad3f3a67c3f2b0f1e9ad185ad09,d35b56cf8611e0fcb8b4651158093298dbe3ba5fa009f1b0aba218e4e2a0bb6f
Pituitary tumor__enh_1276,1276,Pituitary tumor,Pituitary tumor__enh_1276,test,Pituitary tumor/enh_1276.png,Pituitary tumor/enh_1276_mask.png,2c9a82d4cd49161752ca04fcc37d72193bb572b2d934224cd9b1f5fe0a5e54b6,26f9794df90d4da3c9961275fd30252d77183108d34018b0a14050f68e9ad134
Pituitary tumor__enh_1287,1287,Pituitary tumor,Pituitary tumor__enh_1287,test,Pituitary tumor/enh_1287.png,Pituitary tumor/enh_1287_mask.png,a717fe5950fd9d37898f6c8d8174001bf13599e0a704bc5d9de69b91dc1dcfa7,204dbb9fd2f50c3dfd9848e61adcd1c1524c88bee98e25dc8ac68a76651d44a5
Pituitary tumor__enh_1289,1289,Pituitary tumor,Pituitary tumor__enh_1289,test,Pituitary tumor/enh_1289.png,Pituitary tumor/enh_1289_mask.png,7d7f9032de3faf0ade66fa61855f9b0242413b7c88356c4c8e8755c8df2e8ebc,8ce48a48b584cef921af7d404f84fd26520be92a5c6193a03777989f5a9f1d22
Pituitary tumor__enh_1292,1292,Pituitary tumor,Pituitary tumor__enh_1292,test,Pituitary tumor/enh_1292.png,Pituitary tumor/enh_1292_mask.png,e1587821003e01c78210b288b5b190a8d2acdfc4af9a75d063c2d31350b6e556,46d145bfbd881fc21e5bd11e72e95319d2ae3eab9a4cc719bb61f54b468c64bb
Pituitary tumor__enh_1293,1293,Pituitary tumor,Pituitary tumor__enh_1293,test,Pituitary tumor/enh_1293.png,Pituitary tumor/enh_1293_mask.png,acc0c75c09b66136a05e7657d090ffd543b50f24f0d6d624bb61b0b5a3502e44,161df1ed97dabc73d390957e1dec3f06ab11fd35f08b5c662ca56f79cd088018
Pituitary tumor__enh_1297,1297,Pituitary tumor,Pituitary tumor__enh_1297,test,Pituitary tumor/enh_1297.png,Pituitary tumor/enh_1297_mask.png,5033e0e31652b8b519a7ade33d9d3030899de2525cf0e2ab1cca756c6ec84f82,dc6c5ea09f11b7a4210a20175075b8e867765ad4713a265be5bbd809ec2145f4
Pituitary tumor__enh_1298,1298,Pituitary tumor,Pituitary tumor__enh_1298,test,Pituitary tumor/enh_1298.png,Pituitary tumor/enh_1298_mask.png,32cfb001ab3dfabd407bf759857ef8f3d303d2911007a15c3fc637f90dcc31e1,93007552d74144380730bcc6a650b5b6897c2ceae0312f5b68603b024717cb3c
Pituitary tumor__enh_1311,1311,Pituitary tumor,Pituitary tumor__enh_1311,test,Pituitary tumor/enh_1311.png,Pituitary tumor/enh_1311_mask.png,7c386c35b91d1dd65c609550f16814965278d3f54004cbd61c64a0a18a7e21a1,6a63113f5197af768d2d08bc92087c0c45edeeaf99f99183d28ed36b3de83e30
Pituitary tumor__enh_1313,1313,Pituitary tumor,Pituitary tumor__enh_1313,test,Pituitary tumor/enh_1313.png,Pituitary tumor/enh_1313_mask.png,dfdb15587a65c7d00fd808a3b7d3cda21b2c822e1cc91e08856eb12eeb376193,1a01d8f7e73c0d85a4b7e79df7c6c72b57a59f5f5422d549b99b9d3a1894acb2
Pituitary tumor__enh_1318,1318,Pituitary tumor,Pituitary tumor__enh_1318,test,Pituitary tumor/enh_1318.png,Pituitary tumor/enh_1318_mask.png,31f76f7ac9d2c9715c53ac21653a5cd203b8e191954da904eb1c420234a352ee,44819dab0d3b4ff459e2a78e7814ce218b9d3bbc0681ca5a0d1fee45e1714905
Pituitary tumor__enh_1338,1338,Pituitary tumor,Pituitary tumor__enh_1338,test,Pituitary tumor/enh_1338.png,Pituitary tumor/enh_1338_mask.png,16a9ab3255c8e44df50def7398cb2407e18db0e4045b39ec71ac55b3a851e965,3126b80d14fb609a4e4d82b5f6f5dfda4c3c14d3e102a1bdb6076778025b37ab
Pituitary tumor__enh_1346,1346,Pituitary tumor,Pituitary tumor__enh_1346,test,Pituitary tumor/enh_1346.png,Pituitary tumor/enh_1346_mask.png,dc9632642590f34aa4ed108983c1f5f8a711453a095fe27341fe1e4ad7bb2416,96e777a5a3b191110531ca933b540d7f0c9a42fc19b5130def643f36265d9fff
Pituitary tumor__enh_1350,1350,Pituitary tumor,Pituitary tumor__enh_1350,test,Pituitary tumor/enh_1350.png,Pituitary tumor/enh_1350_mask.png,8d055fafc8c40c207f995f583b0d67e0e17c9ebb8c8fd2df6095d38caf42acf0,40b011b7ac8dce0c7c380a971fa9211c2e58ccc6d7651906e22aa665547a8d3a
Pituitary tumor__enh_1357,1357,Pituitary tumor,Pituitary tumor__enh_1357,test,Pituitary tumor/enh_1357.png,Pituitary tumor/enh_1357_mask.png,ccd2100d37e87b6d755ea4752a5332a5566678df7136de84fd45c7356924ac52,e391f483e0658c2e4cad68d6e10b6108dbbb72749796de8b3ddd6b4f114b7b36
Pituitary tumor__enh_1360,1360,Pituitary tumor,Pituitary tumor__enh_1360,test,Pituitary tumor/enh_1360.png,Pituitary tumor/enh_1360_mask.png,7ef1312ff767a7bde41703d12af2c60b56c73c79d6d7f8c786e62b117758c6c0,bcc3dc57e7a57938c1dae34126828671f32c1ba297f33789fbc2e648166f963d
Pituitary tumor__enh_1362,1362,Pituitary tumor,Pituitary tumor__enh_1362,test,Pituitary tumor/enh_1362.png,Pituitary tumor/enh_1362_mask.png,a6420643e5b7e5b95163a9343af552d2bfe7b5df936e2f19398e45a4c05a1bb6,47c779722cad26aee4c5c92149505d3ab09e2f5e3d71c1e1cdb618794a47ffb9
Pituitary tumor__enh_1376,1376,Pituitary tumor,Pituitary tumor__enh_1376,test,Pituitary tumor/enh_1376.png,Pituitary tumor/enh_1376_mask.png,aac4ad375788442b9de2657d1586833ccbc982bf8e04c2477843a2658587c952,5f428b5760be2deaf0a443c58dafd2b243cdecfd9142b439afd029e181093443
Pituitary tumor__enh_1380,1380,Pituitary tumor,Pituitary tumor__enh_1380,test,Pituitary tumor/enh_1380.png,Pituitary tumor/enh_1380_mask.png,d17e34e4d6cdc2039ec270ed654e97b50f342a77d7fa5e32549b8b4b1eeee831,686e85a953ea06298125fc7c8cffd9025fde4711d89c2412918401df767df63e
Pituitary tumor__enh_1386,1386,Pituitary tumor,Pituitary tumor__enh_1386,test,Pituitary tumor/enh_1386.png,Pituitary tumor/enh_1386_mask.png,23100d5882ac99aa01e88561983f4d764e5c29f1c335c86ff1e0b216374d087e,df8cbb5f23b801c4a53911430cd78cbbc2d83f76f100a66380c4143018d65c9b
Pituitary tumor__enh_1387,1387,Pituitary tumor,Pituitary tumor__enh_1387,test,Pituitary tumor/enh_1387.png,Pituitary tumor/enh_1387_mask.png,4152a42b440713ea75d9117697de7c28f26d285e2e4da7481a24f1f1fccedd7c,62735728c13bc212a1d733a1d8c423622b0a70d98c7eb7003eab63747507891d
Pituitary tumor__enh_1389,1389,Pituitary tumor,Pituitary tumor__enh_1389,test,Pituitary tumor/enh_1389.png,Pituitary tumor/enh_1389_mask.png,b4d5200e3893aa4a2acb0866ebc04d82365adc44ed7e1bd2086cc04f2543173b,a7e54396ee59c3f51fbf122791af926116627745e254af83411821218fb49f74
Pituitary tumor__enh_1397,1397,Pituitary tumor,Pituitary tumor__enh_1397,test,Pituitary tumor/enh_1397.png,Pituitary tumor/enh_1397_mask.png,8666d189641ab0949fd90212351c10dec22c2791f2f5697ef9244bed404b044c,fb306321ab5fc572a717be45d57f253f703bad95557e5f96b0b4fb635b1bcefe
Pituitary tumor__enh_1418,1418,Pituitary tumor,Pituitary tumor__enh_1418,test,Pituitary tumor/enh_1418.png,Pituitary tumor/enh_1418_mask.png,aea45372f05309e6a66fee56601b3734308ecd370b03982bd4aec4cc4f9b6c4d,96c90996666b2acbf926142da0d15e3f462080a1b7dd5856321d12a4b8def702
Pituitary tumor__enh_1421,1421,Pituitary tumor,Pituitary tumor__enh_1421,test,Pituitary tumor/enh_1421.png,Pituitary tumor/enh_1421_mask.png,abd47e64d4866634484e0fb070ed121d27fdddf61868bdd011245e8066a35205,462affe308fdce50dc13fc7d301489dc0e6158ba168c305a810ad3793d8d214f
Pituitary tumor__enh_1423,1423,Pituitary tumor,Pituitary tumor__enh_1423,test,Pituitary tumor/enh_1423.png,Pituitary tumor/enh_1423_mask.png,f2c7c975e9469566f587d461e1f6e70325e4dd1213e9acc9728e35447e64a2c2,c18d6ca0e8e75d8a71959540a8dfb9082b07e4b7720ba38bd59a0480869d7e84
Pituitary tumor__enh_1425,1425,Pituitary tumor,Pituitary tumor__enh_1425,test,Pituitary tumor/enh_1425.png,Pituitary tumor/enh_1425_mask.png,a0c0e7bb37d948bbd81bc5968afe24257521a9d71868a4c5c6642faf27489c99,3eb88b53851df0eb530c005a16a323de25892b1caf0d0937e2432fa23cc0464f
Pituitary tumor__enh_1426,1426,Pituitary tumor,Pituitary tumor__enh_1426,test,Pituitary tumor/enh_1426.png,Pituitary tumor/enh_1426_mask.png,ca80fce628848ce6d9944d7fef80a2dea40da92f26b33d54087ecea0d0cde0f0,ecefb97ab6bd7b8cbde3c1d29e32720d7d03fef1d1c96cbfd1fb26bec9bfb388
Pituitary tumor__enh_1431,1431,Pituitary tumor,Pituitary tumor__enh_1431,test,Pituitary tumor/enh_1431.png,Pituitary tumor/enh_1431_mask.png,2e6e254a10e926a99778c7f701b36155894060d13ec793a24a7d0376af3af7a4,a94c374f4af15b0ef6c7a2014f02563fafeccf7babc18591abb16dc43aefe681
Pituitary tumor__enh_1433,1433,Pituitary tumor,Pituitary tumor__enh_1433,test,Pituitary tumor/enh_1433.png,Pituitary tumor/enh_1433_mask.png,8d4ea2007eb1162d72b009ee74c34b672a4ab88946c71f91013fd583ab44a517,5e797d9985d3837e7a6200f4534db1323de80f4d146225f77f872edb27570af6
Pituitary tumor__enh_1450,1450,Pituitary tumor,Pituitary tumor__enh_1450,test,Pituitary tumor/enh_1450.png,Pituitary tumor/enh_1450_mask.png,0555b137b7dc5d328432a678f3cdf01b47ea6df256091151e2f786bba017992b,ef7ec027801a322fcd23bcdc8a8485525c919ed42c4d372e79bd436a011bd96c
Pituitary tumor__enh_1459,1459,Pituitary tumor,Pituitary tumor__enh_1459,test,Pituitary tumor/enh_1459.png,Pituitary tumor/enh_1459_mask.png,81d075a0e5b829fe15d8425cf8b5536b5f511b8cac7ccfdd1c2e63545085809e,145d241d5ea0336eb35103821d98b32b85672b2c5e7a90a957010f8e36e69bcb
Pituitary tumor__enh_1460,1460,Pituitary tumor,Pituitary tumor__enh_1460,test,Pituitary tumor/enh_1460.png,Pituitary tumor/enh_1460_mask.png,437bb36ed2931cb383b657969ea46e3e2a188cfbcd3f6ab1bcb7f95d81bc42a2,4d5c9fafa93cd20c388cd4b694fd62d851868a13ec5d7b4231f574048d8d6c33
Pituitary tumor__enh_1464,1464,Pituitary tumor,Pituitary tumor__enh_1464,test,Pituitary tumor/enh_1464.png,Pituitary tumor/enh_1464_mask.png,ceea971fed31b5d5ac80149fb2fe8e0aff7012fb22e49896986e9043b47797b3,fe3e9f62ec5b4469ca0a0c535ae5700cb3ab3ae9df55faf2d7d83f5956e806ce
Pituitary tumor__enh_1472,1472,Pituitary tumor,Pituitary tumor__enh_1472,test,Pituitary tumor/enh_1472.png,Pituitary tumor/enh_1472_mask.png,23d0d179914b2b5b7e7174bc174958261667d3bcb7d06bcd7f3c5b37666982ae,7061a7ec3ff75813001e26706b906b13ec6477c803be44f1f7d2e0f70cc36856
Pituitary tumor__enh_1488,1488,Pituitary tumor,Pituitary tumor__enh_1488,test,Pituitary tumor/enh_1488.png,Pituitary tumor/enh_1488_mask.png,17cf43b504d8737f5a3e115297f760c92b25cc40a1baf26f920eb5eb99dcd112,894108e8b3055d7c5f6fb9e98184e366c2f82242ed1065f2fcec7740971b6799
Pituitary tumor__enh_1492,1492,Pituitary tumor,Pituitary tumor__enh_1492,test,Pituitary tumor/enh_1492.png,Pituitary tumor/enh_1492_mask.png,b2b7c9784e1cda945a9cde6733f2c9801f882f3bdbed9d87efafe6d1054348a5,05b680cc7a269bfa89e360639533a7b7e41766ccb0c3f0ad5414f7614b03eb5f
Pituitary tumor__enh_1508,1508,Pituitary tumor,Pituitary tumor__enh_1508,test,Pituitary tumor/enh_1508.png,Pituitary tumor/enh_1508_mask.png,948993403649a3e7657636166b3c89968b181d4cfe8ce0b7f96df3f5299ee7e2,1c47a30b2516e87974966e7c291b09767cc5eb5830ada6d9b4e016af7a1b6d44
Pituitary tumor__enh_1517,1517,Pituitary tumor,Pituitary tumor__enh_1517,test,Pituitary tumor/enh_1517.png,Pituitary tumor/enh_1517_mask.png,ee3bf5844a1a9c51c0981bc2678b1a94c6fb7631ce532764da6d1c3353a41ba2,37007e389a5d97c74f70cc2360992b5073b07f53cc459f986f99f1793b3de92c
Pituitary tumor__enh_1522,1522,Pituitary tumor,Pituitary tumor__enh_1522,test,Pituitary tumor/enh_1522.png,Pituitary tumor/enh_1522_mask.png,34571d1136f7a4171a37d02b4e8f7190464844f1498130daba6915b0fb69a4a0,51c05ff023ea39bfa690829897e2898d3224b17a7b59ffb3f25e0aa7d24158af
Pituitary tumor__enh_1527,1527,Pituitary tumor,Pituitary tumor__enh_1527,test,Pituitary tumor/enh_1527.png,Pituitary tumor/enh_1527_mask.png,dd4eb6d020c210f4bf0b9f3696b68264e8467174e0f2728aacfa31b03ddca839,6236c34bfd228991096c23b118dd75113d45c27e712e0b52c3fd8cd5945bd050
Pituitary tumor__enh_1529,1529,Pituitary tumor,Pituitary tumor__enh_1529,test,Pituitary tumor/enh_1529.png,Pituitary tumor/enh_1529_mask.png,10a20ab01d26491c1458d84b4c08f57f3e70b34287f6a552b9b168688902c2ad,b04d8e7a5ef8ed59cd60dbd44bcb61779f5fef1c5b3675b0ae25a9b9408708c4
Pituitary tumor__enh_1541,1541,Pituitary tumor,Pituitary tumor__enh_1541,test,Pituitary tumor/enh_1541.png,Pituitary tumor/enh_1541_mask.png,289697f7f522895919a8dc5a539cb5c34c7c4bcbcd79daddb5d3b27c3fed0944,15b16e86a31ba861678afc68cdf390f54d8574b5623d1cd2616814923bdfd2f3
Pituitary tumor__enh_1546,1546,Pituitary tumor,Pituitary tumor__enh_1546,test,Pituitary tumor/enh_1546.png,Pituitary tumor/enh_1546_mask.png,69e21ca96369c4ace931f2152eb31f703a65656381e1bde7dcb3b8b77e0bbc4e,9efb855dadf017993b2b76f48b84048b9024b8faa3ae2e30c708b86406ae64d2
Pituitary tumor__enh_1551,1551,Pituitary tumor,Pituitary tumor__enh_1551,test,Pituitary tumor/enh_1551.png,Pituitary tumor/enh_1551_mask.png,cd1aa40aa3e560bf5aaab04bba6fd9bfaa931306d5e774cf3496c4742a333cea,0ba67c42ef5165e38145a02a0ee6ceca1cc37a3b8cbb257ab378f65b5cf32edf
Pituitary tumor__enh_1552,1552,Pituitary tumor,Pituitary tumor__enh_1552,test,Pituitary tumor/enh_1552.png,Pituitary tumor/enh_1552_mask.png,95f8fc58959dd78b2aaa439603771ce956911f35d149c5652009886ecca04e2b,60b31839b9970430ad92355bbc8530fee3f864ddcd9cf59aa1e53946c650ce40
Pituitary tumor__enh_1554,1554,Pituitary tumor,Pituitary tumor__enh_1554,test,Pituitary tumor/enh_1554.png,Pituitary tumor/enh_1554_mask.png,c607a6de0927066c8bd3d8193cfc94a8fba7f6ff103a345d5afad3de1d966c6d,2c5d573a616197190665f8131ba1829758b0fd77a1c71e12ffcf8f61d6978694
Pituitary tumor__enh_1558,1558,Pituitary tumor,Pituitary tumor__enh_1558,test,Pituitary tumor/enh_1558.png,Pituitary tumor/enh_1558_mask.png,487a018aba618ad7dfb53cd6199aee383b56dafcff44530634d95dd5262a8641,1c4b87308f236ac48da235941701c60c00c616dbf87be63bf6e8f8e62b9d07ab
Pituitary tumor__enh_1577,1577,Pituitary tumor,Pituitary tumor__enh_1577,test,Pituitary tumor/enh_1577.png,Pituitary tumor/enh_1577_mask.png,9c7aa339dc1a02bac7504fe97a0ddfab5cb6110b28cbf646559f0d4a21938938,1cbd13814785b94bfa031bbadf129e1607754ad8e913960bb685775e2bdb237b
Pituitary tumor__enh_1578,1578,Pituitary tumor,Pituitary tumor__enh_1578,test,Pituitary tumor/enh_1578.png,Pituitary tumor/enh_1578_mask.png,2cb8c1ec0bf0a50df791ff1345022e6b5150c931ba7eb0845c827444cc95652a,f0a362b22d2b747e12007d8dda486a785c743d6e97cef726f080d8e23e482a86
Pituitary tumor__enh_1584,1584,Pituitary tumor,Pituitary tumor__enh_1584,test,Pituitary tumor/enh_1584.png,Pituitary tumor/enh_1584_mask.png,9e7c5d7965d88f709c653137e6e7a2fd57abdc1418ef974f394532a4a14d63cb,929ffa51ae099c8091cc9b8c9fe8c4860356fc601c491b0d497643b0fb744705
Pituitary tumor__enh_1593,1593,Pituitary tumor,Pituitary tumor__enh_1593,test,Pituitary tumor/enh_1593.png,Pituitary tumor/enh_1593_mask.png,f7dc2ff54ec5c3d09b473e48a8b19ae1bbbe3d9e78172d71565ffb6cac264be9,4499936474e3e0b03c301b8fd3dcc57d983d5e955548e633a57e77ac9d5494e8
Pituitary tumor__enh_1618,1618,Pituitary tumor,Pituitary tumor__enh_1618,test,Pituitary tumor/enh_1618.png,Pituitary tumor/enh_1618_mask.png,176ec4b5f901e655a9bd61fda0ea5e374760e852245c7a8ba0a43cbbaca67c5c,24c3be93e6273a1e9a5019e46708820e4e0f67af239326b7708dc754d52112db
Pituitary tumor__enh_1624,1624,Pituitary tumor,Pituitary tumor__enh_1624,test,Pituitary tumor/enh_1624.png,Pituitary tumor/enh_1624_mask.png,32f682592a112bf34bdbfe56c7bef36dd2fd64eaf3ab1c6137a9c8c01c2499df,e1fb97de9373f52ff2ef499696c9bc4be1c07f1887d53f91d402eca6f9d46c55
Pituitary tumor__enh_1625,1625,Pituitary tumor,Pituitary tumor__enh_1625,test,Pituitary tumor/enh_1625.png,Pituitary tumor/enh_1625_mask.png,08e279d7338beefa77fa51522d90844d144974c4c2c6a8dab0b2c603b5cc8434,3e73e9cb880f90db41d3e2e8148860decebbd61d6ad0d0979b8308cf4cb53c15
Pituitary tumor__enh_1635,1635,Pituitary tumor,Pituitary tumor__enh_1635,test,Pituitary tumor/enh_1635.png,Pituitary tumor/enh_1635_mask.png,ec176547174222bab02811841e3002ad3d9464206b28f48d224a847ffff17f66,58861629a0405fec2a345f2daa73a5f69e7fb98cba4895ac92c8539651c11be7
Pituitary tumor__enh_1642,1642,Pituitary tumor,Pituitary tumor__enh_1642,test,Pituitary tumor/enh_1642.png,Pituitary tumor/enh_1642_mask.png,7a5a6c82a73ae58906ee15d6cc52f040d361ea280158c6c75c00a73cbe28e8a8,b688ff391f6e9103984960fed38bf8d38ae8127bf0b1f3c72399ef9d62bf4908
Pituitary tumor__enh_1646,1646,Pituitary tumor,Pituitary tumor__enh_1646,test,Pituitary tumor/enh_1646.png,Pituitary tumor/enh_1646_mask.png,fac55b5204478df9e1cc3676633fd8f1ccf3848f863464f28e2ad81770a51694,67876a906501b469a42213b3ca184eecbe93ef940dd938fd47169016a78639c9
Pituitary tumor__enh_1650,1650,Pituitary tumor,Pituitary tumor__enh_1650,test,Pituitary tumor/enh_1650.png,Pituitary tumor/enh_1650_mask.png,da3793172b95b985dbeb63e3c07127d3bc440aacd17053f39cb5e2449d56d1ac,f3ef826a99bf4d1ae93df98e9aac8d1b98cab74eba35cc8bbe2e26d89b3eda26
Pituitary tumor__enh_1656,1656,Pituitary tumor,Pituitary tumor__enh_1656,test,Pituitary tumor/enh_1656.png,Pituitary tumor/enh_1656_mask.png,7316438405f1bd624d65bcc3ef0758c3feb25904e9a4aec1dc4eba72b540ad54,9e692abf52375a0ff3e205b297bc0d53e4ebff0526621750e8f627a07d8b34e6
Pituitary tumor__enh_1662,1662,Pituitary tumor,Pituitary tumor__enh_1662,test,Pituitary tumor/enh_1662.png,Pituitary tumor/enh_1662_mask.png,b525ab1428089c7d668142db24ee02b70e216ef9f25810b2f5af0fe47ed7439a,85da54679dc5253aa95f8bc02877d3db8101528ed1ae16686cf3c15509c9ee2e
Pituitary tumor__enh_1680,1680,Pituitary tumor,Pituitary tumor__enh_1680,test,Pituitary tumor/enh_1680.png,Pituitary tumor/enh_1680_mask.png,a196be9458d946c8c756e9a0caeef74b520741e8dbdb53c7747a65c61dc72dbc,e620d585ea3c2adb8dd3cffd0e694af625e1ef7ecb93ba086670cb70cef29fa5
Pituitary tumor__enh_1681,1681,Pituitary tumor,Pituitary tumor__enh_1681,test,Pituitary tumor/enh_1681.png,Pituitary tumor/enh_1681_mask.png,29bc22c917ebf07827cc2e3b5038ebd3469cd8957ababd7e2cc8268ca5e1e724,1b74236c076fca81c321e722e9f0a2983ba20f55b1e53d294ecf12358ccbed5e
Pituitary tumor__enh_1682,1682,Pituitary tumor,Pituitary tumor__enh_1682,test,Pituitary tumor/enh_1682.png,Pituitary tumor/enh_1682_mask.png,b5538bf005596303b4d0c4ab33a2100dc236baf936098c660206ee6962545c7d,f260d39974e8f732b9f36500e3502fd0508b4459f2f07f6ffae774bfde8a7d3c
Pituitary tumor__enh_1685,1685,Pituitary tumor,Pituitary tumor__enh_1685,test,Pituitary tumor/enh_1685.png,Pituitary tumor/enh_1685_mask.png,31d4836d5cd623607326b5c77dc00820cb179ed518c666cdd7a4b0b1ce804596,6ec4c4c42ac166b9da1395aa0f80efce254beea585df592cf67b48146024b39f
Pituitary tumor__enh_1698,1698,Pituitary tumor,Pituitary tumor__enh_1698,test,Pituitary tumor/enh_1698.png,Pituitary tumor/enh_1698_mask.png,cb4e35322592529c5d5270e673d58188efe5a9484ba3297237823fb4b3fd4f4c,9e8df329c03d107d285ca92a11f5a59d4b0824e36da02653bfde6620211d9cce
Pituitary tumor__enh_1701,1701,Pituitary tumor,Pituitary tumor__enh_1701,test,Pituitary tumor/enh_1701.png,Pituitary tumor/enh_1701_mask.png,75d3bf042107286e4fb9f14e2411f0f061ee27bbb993b9940df2acfa8cdc2fca,a4e14eda37559d963a60f3bb6b2fa09ce81e4fa34511d7576c49df39eba9cc1c
Pituitary tumor__enh_1710,1710,Pituitary tumor,Pituitary tumor__enh_1710,test,Pituitary tumor/enh_1710.png,Pituitary tumor/enh_1710_mask.png,634f686020008c2c814e83463292c742031d295e0100e871a76eb5a5758b6bec,b61fe396b840b3437d330fba9fcce16cf9c5609dd4b5f3678da29920ae114847
Pituitary tumor__enh_1714,1714,Pituitary tumor,Pituitary tumor__enh_1714,test,Pituitary tumor/enh_1714.png,Pituitary tumor/enh_1714_mask.png,4c23fe6d3adc5c09a8f0c6108aae18335a83efa6ba38fd96ad3ba4cdf8b7e358,64228db7cc5f82b7a54e239cca1bf8f01b339cdd0f1d64fa7c3a0b2abca91ed8
Pituitary tumor__enh_1722,1722,Pituitary tumor,Pituitary tumor__enh_1722,test,Pituitary tumor/enh_1722.png,Pituitary tumor/enh_1722_mask.png,59e1a920631db9c05c0b866ebac4ad2d5890169e36f49177586124088eca881c,e1bdff38d00f9e3e9d353f5f7e24c9625fe48780901c72e60b39be93288dd270
Pituitary tumor__enh_1726,1726,Pituitary tumor,Pituitary tumor__enh_1726,test,Pituitary tumor/enh_1726.png,Pituitary tumor/enh_1726_mask.png,2e9e022e64b2b99f6156b64ffaf2e91a9de5e667dc60152463dcb340d556dbaf,303585f89a413981d89fc7b0e96729e1077846a5198b33ac01662f235c306665
Pituitary tumor__enh_1728,1728,Pituitary tumor,Pituitary tumor__enh_1728,test,Pituitary tumor/enh_1728.png,Pituitary tumor/enh_1728_mask.png,1a5c78d8a1869aee2605ad0d5b9701cb18c12c87c399fbc47c6447070a40c5ba,920e2515efe1fb6c85ec62850b31c78ca5bdd0ee292294ffae3d809114573f26
Pituitary tumor__enh_1730,1730,Pituitary tumor,Pituitary tumor__enh_1730,test,Pituitary tumor/enh_1730.png,Pituitary tumor/enh_1730_mask.png,3d2ee00209bd9d433d89657d2c58678168ce8499c0a4c5fda293dd7c724c6ace,bb72ee256d4fff064840297aa0d6312bcd11ecfe3ef8ca32aeb7961958fe5091
Pituitary tumor__enh_1732,1732,Pituitary tumor,Pituitary tumor__enh_1732,test,Pituitary tumor/enh_1732.png,Pituitary tumor/enh_1732_mask.png,128ecb49ec7f47fd24306c298e310c09216e550d06339f47c8c3ac262cc8a0aa,2c1bcf930dc5667784a5d8700325e19d3dbcd7497aba28751cbc0a80949e2440
Pituitary tumor__enh_1748,1748,Pituitary tumor,Pituitary tumor__enh_1748,test,Pituitary tumor/enh_1748.png,Pituitary tumor/enh_1748_mask.png,6f23bc38e2b112193f5c500b088119833fdb7c12ea91b98fc63ce5b358dc2703,50eb059b86b15c3ee5ba52ce738ea2cf07af310330b36381a69f6bd787839bd8
Pituitary tumor__enh_1760,1760,Pituitary tumor,Pituitary tumor__enh_1760,test,Pituitary tumor/enh_1760.png,Pituitary tumor/enh_1760_mask.png,b7050b41fa84f477b9d6d6ed1c73ec08be62c1d74745a1c61f1a2a9ab4dbd881,dc4fb2b2c7e9bb644f42d345d1a48cd0ef62754edd95710f4c7a312e5905efdd
Pituitary tumor__enh_1764,1764,Pituitary tumor,Pituitary tumor__enh_1764,test,Pituitary tumor/enh_1764.png,Pituitary tumor/enh_1764_mask.png,7371169fe77151a08e1e8e031a68392d26a1dcba67517c1505355a80dcfb1756,3347a33d984c2a994417224de7bce9eb68c35dfa432c8e78c8a4ce69746aac31
Pituitary tumor__enh_1766,1766,Pituitary tumor,Pituitary tumor__enh_1766,test,Pituitary tumor/enh_1766.png,Pituitary tumor/enh_1766_mask.png,9f1602cb4642ad35ed3cf709b85e3da3a5996b20298ac1168becdc34b1dd34c6,353fbf7995f2d6e36aa6e49b600589b850967bb994ddd4b64a16d0b219ab9641
Pituitary tumor__enh_1777,1777,Pituitary tumor,Pituitary tumor__enh_1777,test,Pituitary tumor/enh_1777.png,Pituitary tumor/enh_1777_mask.png,89a92b023c2edd0419b2e6ba0535f16437257fbe24a76244c7a7457f2bb205a1,1147463e746d102ace7021db230184810be488ef55e60f2bd82e481308902d45
Pituitary tumor__enh_1779,1779,Pituitary tumor,Pituitary tumor__enh_1779,test,Pituitary tumor/enh_1779.png,Pituitary tumor/enh_1779_mask.png,8ad930257b803546dd2dbee8220c0257e2cf486948aec0ba59f123c18065e67b,9103b675a3b886b258d4e9740282f8c27d038a73b1a94d998e4831528e15934a
Pituitary tumor__enh_1785,1785,Pituitary tumor,Pituitary tumor__enh_1785,test,Pituitary tumor/enh_1785.png,Pituitary tumor/enh_1785_mask.png,03eb1f1d29c7cde15ba277504527db829c3abdfb3ccad78c9cbb101cf2726ada,9b7d16562435154aeb92734c80f0e97f4765b20c324836f25bf119bbc6b327dc
Pituitary tumor__enh_1791,1791,Pituitary tumor,Pituitary tumor__enh_1791,test,Pituitary tumor/enh_1791.png,Pituitary tumor/enh_1791_mask.png,af8a5244d26738bc16aa85824b8191cfc25e7df204ff09dbb383c80952387a09,7dc8e9f499d54619fe6c64172406b4b5d35009f708b45937dc1b2f83d4384c56
Pituitary tumor__enh_1793,1793,Pituitary tumor,Pituitary tumor__enh_1793,test,Pituitary tumor/enh_1793.png,Pituitary tumor/enh_1793_mask.png,3cf41a0d516e8290bd5f285f2be002c0c16efc773814ef03223d3922dc7a3f09,55a111cc775a2dcab8c9acac68e3b954c3a350a1282757badd8876d737e147bc
Pituitary tumor__enh_1796,1796,Pituitary tumor,Pituitary tumor__enh_1796,test,Pituitary tumor/enh_1796.png,Pituitary tumor/enh_1796_mask.png,96282d6a13fd1d8d345eb42e35bf7d0307b09fb8ac823cc7ae53fe7a8a2bb20d,60614be9310a678f03a6d7ec540cb6aaa637ac211bcaaf96fe5e38e3efcb1b05
Pituitary tumor__enh_1797,1797,Pituitary tumor,Pituitary tumor__enh_1797,test,Pituitary tumor/enh_1797.png,Pituitary tumor/enh_1797_mask.png,e1af6d4c3ac2abca842e80ddf6e053e0d0671a2638e56f0d905a40c803cf4058,0296a7eed293c44e53f2833541f1f06ca7ef9d3efc9bcaaeceedc2537db4a46a
Pituitary tumor__enh_1805,1805,Pituitary tumor,Pituitary tumor__enh_1805,test,Pituitary tumor/enh_1805.png,Pituitary tumor/enh_1805_mask.png,cc2f86b135cd31d8ca8c55ab57e64023ae83e813adc024175ca78fe6bad98380,2dabb2525b9c4ce50ed0bc695286542f6463a7b88685bce3f2eb817432cbed87
Pituitary tumor__enh_1810,1810,Pituitary tumor,Pituitary tumor__enh_1810,test,Pituitary tumor/enh_1810.png,Pituitary tumor/enh_1810_mask.png,6d332aa39eec792c095a4f1f0ba573704c58f8df206bae0448c76c9fcebcf849,a22f028d35879c812c9ea26eb1b5c1f5b2b0950cb5f86831d24648454ec0076d
Pituitary tumor__enh_1811,1811,Pituitary tumor,Pituitary tumor__enh_1811,test,Pituitary tumor/enh_1811.png,Pituitary tumor/enh_1811_mask.png,037518fb7859595345f2c3ee1eea6c18d1ff05fe6dedccfd33064d6587d14727,6883c868ad3ec16f5a355d0c47cdf6c0c05a1fd0fa871ea84a4172845839ddcf
Pituitary tumor__enh_1815,1815,Pituitary tumor,Pituitary tumor__enh_1815,test,Pituitary tumor/enh_1815.png,Pituitary tumor/enh_1815_mask.png,18f1484d151fdea69410b52c797f0f2b145fc8b23bf14c12f05408517b107356,268245bfe2da4d21ffc84c5019082f1e2cc3fc323262fe2e939257b3c3721b82
Pituitary tumor__enh_1823,1823,Pituitary tumor,Pituitary tumor__enh_1823,test,Pituitary tumor/enh_1823.png,Pituitary tumor/enh_1823_mask.png,fd5aba23b9278a7cde73aea2cbb56dd945b2daf258593c354d58a660daf44614,5bc2c1bbb151fd60908f7586765b47dd039802e90b346f130f8ebe7bed8f09a2
Pituitary tumor__enh_1829,1829,Pituitary tumor,Pituitary tumor__enh_1829,test,Pituitary tumor/enh_1829.png,Pituitary tumor/enh_1829_mask.png,df34812f16d77b7848ed66dda6df187508101ab602de73f8c543cc0238d436b8,5e406e74e6fcd9ceedb6d31b293c477270a7a5545ad00aca5b8dbf685e210ed0
Pituitary tumor__enh_1831,1831,Pituitary tumor,Pituitary tumor__enh_1831,test,Pituitary tumor/enh_1831.png,Pituitary tumor/enh_1831_mask.png,ccd54c3a6089df7ea10ed5b73e97e37fa02d7668c8d84c586d01d84fe550ae4f,6567763f3b34e1878da2a3f17e82f14a4d8edfaa17d7715d79c20128530ed133
Pituitary tumor__enh_1838,1838,Pituitary tumor,Pituitary tumor__enh_1838,test,Pituitary tumor/enh_1838.png,Pituitary tumor/enh_1838_mask.png,ff96dc5100778e45f19f5ff792c5f940f23734c481cbd7916fac7f4e5ccff34c,660e84083c8a66063c8ada01cff25babcc1e95d28e436c4032df65c7a6e09dae
Pituitary tumor__enh_1840,1840,Pituitary tumor,Pituitary tumor__enh_1840,test,Pituitary tumor/enh_1840.png,Pituitary tumor/enh_1840_mask.png,daf55fd4254debf0158c4330109ae89c730bb59452bf5f8aef71be49e82d9414,f1ec13f42b0470dc94c1e4bf8fa82229cc964052d2b2782600d4d64b15b3ddee
